time,i,j,x,y,u,v,omega_z,exact_u,exact_v,velocity_error
0,0,0,0,0,-1.6401269453101291e-16,1.5964899284110082e-16,-1.8089067473979913e-17,0,-0,2.288841735081332e-16
0,0,1,0,0.19634954084936207,-1.4767878128040136e-16,-0.19509032201612816,-3.2689366372640429e-16,0,-0.19509032201612825,1.6953574915120018e-16
0,0,2,0,0.39269908169872414,-1.1827964389419136e-16,-0.38268343236508967,-2.57729994642296e-16,0,-0.38268343236508978,1.6222214954751102e-16
0,0,3,0,0.58904862254808621,-1.0740436780522193e-16,-0.55557023301960207,2.8120159445156417e-17,0,-0.55557023301960218,1.544721653493525e-16
0,0,4,0,0.78539816339744828,-1.2765736072857376e-16,-0.70710678118654746,-3.3240038078799549e-16,0,-0.70710678118654746,1.2765736072857376e-16
0,0,5,0,0.98174770424681035,-1.0391933526105088e-16,-0.83146961230254512,-7.7049418586641753e-16,0,-0.83146961230254524,1.520696547151239e-16
0,0,6,0,1.1780972450961724,-4.3285664318587867e-17,-0.92387953251128685,-6.8602124202697112e-16,0,-0.92387953251128674,1.1916207609629742e-16
0,0,7,0,1.3744467859455345,-8.8164857629356699e-18,-0.98078528040323054,-3.654617270534615e-16,0,-0.98078528040323043,1.1137181899065111e-16
0,0,8,0,1.5707963267948966,4.0576942161243896e-18,-1,-3.0060624976426613e-16,0,-1,4.0576942161243896e-18
0,0,9,0,1.7671458676442586,2.9794811858776461e-17,-0.98078528040323054,-3.5451490956436549e-16,-0,-0.98078528040323043,1.1495078276279026e-16
0,0,10,0,1.9634954084936207,6.1555841028357023e-17,-0.92387953251128696,-2.7334468566038422e-16,-0,-0.92387953251128674,2.3041902729814132e-16
0,0,11,0,2.1598449493429825,8.5824992125581145e-17,-0.83146961230254546,-7.9399515347238039e-17,-0,-0.83146961230254546,8.5824992125581145e-17
0,0,12,0,2.3561944901923448,1.0355797037629587e-16,-0.70710678118654768,5.2958713310907262e-17,-0,-0.70710678118654757,1.5182293921715547e-16
0,0,13,0,2.5525440310417071,1.0973777691411529e-16,-0.55557023301960229,-1.3208287146976875e-16,-0,-0.55557023301960218,1.5610359165032189e-16
0,0,14,0,2.748893571891069,1.1027820838857703e-16,-0.38268343236508995,-3.3027112004731039e-16,-0,-0.38268343236508989,1.2346161815080021e-16
0,0,15,0,2.9452431127404308,1.4334996975099278e-16,-0.19509032201612844,-3.5359413461672102e-16,-0,-0.19509032201612861,2.1973303126017886e-16
0,0,16,0,3.1415926535897931,1.6441473132932973e-16,-1.3834374940456484e-16,3.5982813047785869e-17,-0,-1.2246467991473532e-16,1.6517974671841131e-16
0,0,17,0,3.3379421944391554,1.5914651176533825e-16,0.19509032201612816,2.8551190056113937e-16,-0,0.19509032201612836,2.5114903765904572e-16
0,0,18,0,3.5342917352885173,1.3987027354904936e-16,0.38268343236508967,3.6259694819104503e-16,-0,0.38268343236508967,1.3987027354904936e-16
0,0,19,0,3.7306412761378791,1.1027338129617073e-16,0.55557023301960207,2.4095585295310951e-16,-0,0.55557023301960196,1.5648057472596708e-16
0,0,20,0,3.9269908169872414,1.1160751640492455e-16,0.70710678118654746,4.3041090782203759e-16,-0,0.70710678118654746,1.1160751640492455e-16
0,0,21,0,4.1233403578366037,9.8670023034919781e-17,0.83146961230254512,7.3729581050525036e-16,-0,0.83146961230254524,1.4853189923309373e-16
0,0,22,0,4.3196898986859651,4.5223092772789009e-17,0.92387953251128674,7.8593566535497439e-16,-0,0.92387953251128652,2.266030332900456e-16
0,0,23,0,4.5160394395353274,1.8162318603740335e-18,0.98078528040323054,4.5553135069834827e-16,-0,0.98078528040323032,2.2205203280871776e-16
0,0,24,0,4.7123889803846897,-8.4081209027296306e-18,1,2.7006552170960978e-16,-0,1,8.4081209027296306e-18
0,0,25,0,4.908738521234052,-2.9420896413647516e-17,0.98078528040323054,3.8659696295581691e-16,0,0.98078528040323043,1.1485443304400962e-16
0,0,26,0,5.1050880620834143,-6.8023676088509028e-17,0.92387953251128685,3.2301297842306321e-16,0,0.92387953251128663,2.3223054726910419e-16
0,0,27,0,5.3014376029327757,-8.939553372795109e-17,0.83146961230254546,2.9394950776621473e-17,0,0.83146961230254546,8.939553372795109e-17
0,0,28,0,5.497787143782138,-9.8844708308568312e-17,0.70710678118654768,-6.097861820629867e-17,0,0.70710678118654768,9.8844708308568312e-17
0,0,29,0,5.6941366846315002,-1.1036643021603416e-16,0.55557023301960229,1.7200195578495614e-16,0,0.55557023301960218,1.5654616112415228e-16
0,0,30,0,5.8904862254808616,-1.147639647244879e-16,0.38268343236508995,3.0491063185103188e-16,0,0.38268343236509039,4.5867853002351926e-16
0,0,31,0,6.0868357663302239,-1.4432237357023967e-16,0.19509032201612844,3.5346488506493118e-16,0,0.19509032201612872,3.1283565220165884e-16
0,1,0,0.19634954084936207,0,0.19509032201612816,1.429828452830264e-16,-4.7256147421785078e-16,0.19509032201612825,-0,1.654613001430362e-16
0,1,1,0.19634954084936207,0.19634954084936207,0.19134171618254478,-0.19134171618254481,0.076120467488713373,0.19134171618254486,-0.19134171618254486,1.0007415106216802e-16
0,1,2,0.19634954084936207,0.39269908169872414,0.18023995550173683,-0.37533027751786519,0.14931566810068522,0.18023995550173696,-0.37533027751786524,1.4946834900704541e-16
0,1,3,0.19634954084936207,0.58904862254808621,0.16221167441072881,-0.54489510677581843,0.21677275132473886,0.16221167441072887,-0.54489510677581854,1.2412670766236366e-16
0,1,4,0.19634954084936207,0.78539816339744828,0.13794968964147147,-0.69351992266107365,0.27589937928294284,0.1379496896414715,-0.69351992266107365,2.7755575615628914e-17
0,1,5,0.19634954084936207,0.98174770424681035,0.10838637566236956,-0.8154931568489171,0.32442334882145807,0.10838637566236961,-0.8154931568489171,5.5511151231257827e-17
0,1,6,0.19634954084936207,1.1780972450961724,0.074657834050342584,-0.90612744635288789,0.36047991100347426,0.074657834050342611,-0.90612744635288778,1.1443916996305594e-16
0,1,7,0.19634954084936207,1.3744467859455345,0.038060233744356631,-0.96193976625564348,0.38268343236509,0.038060233744356631,-0.96193976625564337,1.1102230246251565e-16
0,1,8,0.19634954084936207,1.5707963267948966,1.1873783485159129e-17,-0.98078528040323054,0.39018064403225672,1.1945836920083893e-17,-0.98078528040323043,1.1102232584384005e-16
0,1,9,0.19634954084936207,1.7671458676442586,-0.038060233744356603,-0.96193976625564348,0.38268343236508978,-0.038060233744356603,-0.96193976625564337,1.1102230246251565e-16
0,1,10,0.19634954084936207,1.9634954084936207,-0.074657834050342542,-0.906127446352888,0.36047991100347371,-0.074657834050342584,-0.90612744635288778,2.2591401799415137e-16
0,1,11,0.19634954084936207,2.1598449493429825,-0.10838637566236949,-0.81549315684891732,0.32442334882145796,-0.10838637566236956,-0.81549315684891732,6.9388939039072284e-17
0,1,12,0.19634954084936207,2.3561944901923448,-0.13794968964147139,-0.69351992266107387,0.2758993792829435,-0.13794968964147147,-0.69351992266107376,1.3877787807814457e-16
0,1,13,0.19634954084936207,2.5525440310417071,-0.16221167441072878,-0.54489510677581865,0.21677275132473936,-0.16221167441072887,-0.54489510677581854,1.3877787807814457e-16
0,1,14,0.19634954084936207,2.748893571891069,-0.18023995550173688,-0.37533027751786535,0.14931566810068522,-0.18023995550173696,-0.37533027751786535,8.3266726846886741e-17
0,1,15,0.19634954084936207,2.9452431127404308,-0.19134171618254478,-0.19134171618254506,0.076120467488713456,-0.19134171618254486,-0.19134171618254522,1.8619006149354548e-16
0,1,16,0.19634954084936207,3.1415926535897931,-0.19509032201612814,-1.2628168563985351e-16,1.965595805971153e-16,-0.19509032201612825,-1.2011155542966555e-16,1.1119362459641733e-16
0,1,17,0.19634954084936207,3.3379421944391554,-0.19134171618254475,0.19134171618254481,-0.0761204674887134,-0.19134171618254486,0.19134171618254497,2.0014830212433605e-16
0,1,18,0.19634954084936207,3.5342917352885173,-0.18023995550173683,0.37533027751786519,-0.14931566810068506,-0.18023995550173696,0.37533027751786513,1.4946834900704541e-16
0,1,19,0.19634954084936207,3.7306412761378791,-0.16221167441072878,0.54489510677581843,-0.21677275132473869,-0.1622116744107289,0.54489510677581843,1.1102230246251565e-16
0,1,20,0.19634954084936207,3.9269908169872414,-0.1379496896414715,0.69351992266107365,-0.27589937928294284,-0.13794968964147153,0.69351992266107365,2.7755575615628914e-17
0,1,21,0.19634954084936207,4.1233403578366037,-0.10838637566236957,0.8154931568489171,-0.32442334882145801,-0.1083863756623696,0.8154931568489171,2.7755575615628914e-17
0,1,22,0.19634954084936207,4.3196898986859651,-0.074657834050342625,0.90612744635288778,-0.36047991100347415,-0.074657834050342708,0.90612744635288756,2.3714374201337736e-16
0,1,23,0.19634954084936207,4.5160394395353274,-0.038060233744356686,0.96193976625564348,-0.38268343236509017,-0.038060233744356693,0.96193976625564326,2.2215299868541707e-16
0,1,24,0.19634954084936207,4.7123889803846897,-2.5197433290486962e-17,0.98078528040323054,-0.39018064403225716,-3.583751076025168e-17,0.98078528040323043,1.1153099521048355e-16
0,1,25,0.19634954084936207,4.908738521234052,0.038060233744356645,0.96193976625564348,-0.38268343236509006,0.038060233744356624,0.96193976625564337,1.1295700899707568e-16
0,1,26,0.19634954084936207,5.1050880620834143,0.074657834050342584,0.90612744635288789,-0.36047991100347349,0.074657834050342639,0.90612744635288767,2.2887833992611187e-16
0,1,27,0.19634954084936207,5.3014376029327757,0.10838637566236949,0.81549315684891732,-0.32442334882145768,0.10838637566236953,0.81549315684891732,4.163336342344337e-17
0,1,28,0.19634954084936207,5.497787143782138,0.13794968964147139,0.69351992266107387,-0.27589937928294356,0.13794968964147145,0.69351992266107387,5.5511151231257827e-17
0,1,29,0.19634954084936207,5.6941366846315002,0.16221167441072878,0.54489510677581865,-0.21677275132473928,0.16221167441072887,0.54489510677581854,1.3877787807814457e-16
0,1,30,0.19634954084936207,5.8904862254808616,0.18023995550173685,0.37533027751786535,-0.14931566810068506,0.18023995550173691,0.37533027751786585,5.0267485386043072e-16
0,1,31,0.19634954084936207,6.0868357663302239,0.19134171618254472,0.19134171618254506,-0.076120467488713581,0.19134171618254484,0.19134171618254533,2.9893669801409083e-16
0,2,0,0.39269908169872414,0,0.38268343236508967,1.1533672317506601e-16,-2.8193448539739244e-16,0.38268343236508978,-0,1.6008907319626821e-16
0,2,1,0.39269908169872414,0.19634954084936207,0.37533027751786519,-0.18023995550173688,0.14931566810068558,0.37533027751786524,-0.18023995550173696,1.0007415106216802e-16
0,2,2,0.39269908169872414,0.39269908169872414,0.35355339059327368,-0.35355339059327373,0.29289321881345243,0.35355339059327379,-0.35355339059327379,1.2412670766236366e-16
0,2,3,0.39269908169872414,0.58904862254808621,0.31818964514320847,-0.51327996715933655,0.42521504738362753,0.31818964514320847,-0.51327996715933666,1.1102230246251565e-16
0,2,4,0.39269908169872414,0.78539816339744828,0.27059805007309851,-0.65328148243818818,0.54119610014619657,0.27059805007309851,-0.65328148243818818,0
0,2,5,0.39269908169872414,0.98174770424681035,0.21260752369181407,-0.7681777567114163,0.63637929028641738,0.21260752369181415,-0.7681777567114163,8.3266726846886741e-17
0,2,6,0.39269908169872414,1.1780972450961724,0.14644660940672624,-0.85355339059327384,0.70710678118654746,0.14644660940672627,-0.85355339059327373,1.1443916996305594e-16
0,2,7,0.39269908169872414,1.3744467859455345,0.074657834050342625,-0.90612744635288789,0.75066055503573015,0.074657834050342639,-0.90612744635288778,1.1188630228279524e-16
0,2,8,0.39269908169872414,1.5707963267948966,3.9522846251757149e-17,-0.92387953251128685,0.76536686473017923,2.3432602026631493e-17,-0.92387953251128674,1.1218220716005948e-16
0,2,9,0.39269908169872414,1.7671458676442586,-0.074657834050342556,-0.90612744635288789,0.75066055503573026,-0.074657834050342584,-0.90612744635288778,1.1443916996305594e-16
0,2,10,0.39269908169872414,1.9634954084936207,-0.14644660940672616,-0.85355339059327395,0.70710678118654691,-0.14644660940672621,-0.85355339059327373,2.2887833992611187e-16
0,2,11,0.39269908169872414,2.1598449493429825,-0.21260752369181399,-0.76817775671141653,0.63637929028641704,-0.21260752369181402,-0.76817775671141653,2.7755575615628914e-17
0,2,12,0.39269908169872414,2.3561944901923448,-0.27059805007309834,-0.6532814824381884,0.54119610014619723,-0.27059805007309845,-0.65328148243818829,1.5700924586837752e-16
0,2,13,0.39269908169872414,2.5525440310417071,-0.31818964514320836,-0.51327996715933677,0.4252150473836282,-0.31818964514320852,-0.51327996715933666,2.0014830212433605e-16
0,2,14,0.39269908169872414,2.748893571891069,-0.35355339059327368,-0.35355339059327384,0.29289321881345243,-0.35355339059327379,-0.35355339059327384,1.1102230246251565e-16
0,2,15,0.39269908169872414,2.9452431127404308,-0.37533027751786519,-0.1802399555017371,0.14931566810068544,-0.37533027751786524,-0.1802399555017373,2.0206364052201326e-16
0,2,16,0.39269908169872414,3.1415926535897931,-0.38268343236508962,-1.1517395578178052e-16,-4.0951817329224086e-17,-0.38268343236508978,-1.1314261122877003e-16,1.6654584221729836e-16
0,2,17,0.39269908169872414,3.3379421944391554,-0.37533027751786513,0.18023995550173688,-0.14931566810068544,-0.37533027751786524,0.18023995550173705,2.0014830212433605e-16
0,2,18,0.39269908169872414,3.5342917352885173,-0.35355339059327368,0.35355339059327373,-0.29289321881345187,-0.35355339059327379,0.35355339059327368,1.2412670766236366e-16
0,2,19,0.39269908169872414,3.7306412761378791,-0.31818964514320847,0.51327996715933655,-0.42521504738362753,-0.31818964514320858,0.51327996715933655,1.1102230246251565e-16
0,2,20,0.39269908169872414,3.9269908169872414,-0.27059805007309851,0.65328148243818818,-0.54119610014619723,-0.27059805007309856,0.65328148243818818,5.5511151231257827e-17
0,2,21,0.39269908169872414,4.1233403578366037,-0.21260752369181404,0.76817775671141619,-0.63637929028641693,-0.2126075236918141,0.7681777567114163,1.2412670766236366e-16
0,2,22,0.39269908169872414,4.3196898986859651,-0.14644660940672632,0.85355339059327373,-0.7071067811865468,-0.14644660940672646,0.85355339059327351,2.6184557666721351e-16
0,2,23,0.39269908169872414,4.5160394395353274,-0.074657834050342764,0.90612744635288789,-0.75066055503573048,-0.074657834050342764,0.90612744635288767,2.2204460492503131e-16
0,2,24,0.39269908169872414,4.7123889803846897,-5.1999296384830822e-17,0.92387953251128685,-0.76536686473018012,-7.0297806079894476e-17,0.92387953251128674,1.125201630870603e-16
0,2,25,0.39269908169872414,4.908738521234052,0.074657834050342653,0.90612744635288789,-0.75066055503573048,0.074657834050342625,0.90612744635288778,1.1443916996305594e-16
0,2,26,0.39269908169872414,5.1050880620834143,0.14644660940672621,0.85355339059327384,-0.70710678118654668,0.14644660940672632,0.85355339059327362,2.4825341532472731e-16
0,2,27,0.39269908169872414,5.3014376029327757,0.21260752369181396,0.76817775671141653,-0.6363792902864166,0.21260752369181396,0.76817775671141653,0
0,2,28,0.39269908169872414,5.497787143782138,0.27059805007309834,0.6532814824381884,-0.54119610014619723,0.27059805007309845,0.6532814824381884,1.1102230246251565e-16
0,2,29,0.39269908169872414,5.6941366846315002,0.31818964514320836,0.51327996715933677,-0.42521504738362814,0.31818964514320847,0.51327996715933666,1.5700924586837752e-16
0,2,30,0.39269908169872414,5.8904862254808616,0.35355339059327362,0.35355339059327384,-0.29289321881345259,0.35355339059327368,0.35355339059327434,5.0267485386043072e-16
0,2,31,0.39269908169872414,6.0868357663302239,0.37533027751786513,0.1802399555017371,-0.14931566810068569,0.37533027751786519,0.18023995550173738,2.8305244335018379e-16
0,3,0,0.58904862254808621,0,0.55557023301960207,1.3796165026681472e-16,-2.5624584339758441e-16,0.55557023301960218,-0,1.7708576619373226e-16
0,3,1,0.58904862254808621,0.19634954084936207,0.54489510677581854,-0.16221167441072873,0.21677275132473944,0.54489510677581854,-0.16221167441072887,1.3877787807814457e-16
0,3,2,0.58904862254808621,0.39269908169872414,0.51327996715933666,-0.31818964514320841,0.42521504738362809,0.51327996715933666,-0.31818964514320847,5.5511151231257827e-17
0,3,3,0.58904862254808621,0.58904862254808621,0.46193976625564337,-0.46193976625564331,0.61731656763490961,0.46193976625564331,-0.46193976625564331,5.5511151231257827e-17
0,3,4,0.58904862254808621,0.78539816339744828,0.39284747919355101,-0.58793780120967931,0.78569495838710146,0.39284747919355106,-0.58793780120967931,5.5511151231257827e-17
0,3,5,0.58904862254808621,0.98174770424681035,0.30865828381745503,-0.69134171618254481,0.92387953251128663,0.30865828381745514,-0.69134171618254492,1.5700924586837752e-16
0,3,6,0.58904862254808621,1.1780972450961724,0.21260752369181407,-0.76817775671141642,1.0265599343186727,0.21260752369181413,-0.7681777567114163,1.2412670766236366e-16
0,3,7,0.58904862254808621,1.3744467859455345,0.10838637566236965,-0.8154931568489171,1.0897902135516362,0.10838637566236964,-0.8154931568489171,1.3877787807814457e-17
0,3,8,0.58904862254808621,1.5707963267948966,6.899925043731489e-17,-0.83146961230254535,1.1111404660392032,3.4018865378450248e-17,-0.83146961230254524,1.1640265883107976e-16
0,3,9,0.58904862254808621,1.7671458676442586,-0.10838637566236953,-0.81549315684891721,1.0897902135516369,-0.10838637566236957,-0.8154931568489171,1.1857187100668868e-16
0,3,10,0.58904862254808621,1.9634954084936207,-0.21260752369181396,-0.76817775671141653,1.0265599343186727,-0.21260752369181407,-0.7681777567114163,2.4825341532472731e-16
0,3,11,0.58904862254808621,2.1598449493429825,-0.30865828381745486,-0.69134171618254514,0.92387953251128685,-0.30865828381745491,-0.69134171618254503,1.2412670766236366e-16
0,3,12,0.58904862254808621,2.3561944901923448,-0.39284747919355095,-0.58793780120967964,0.78569495838710235,-0.39284747919355101,-0.58793780120967942,2.2887833992611187e-16
0,3,13,0.58904862254808621,2.5525440310417071,-0.4619397662556432,-0.46193976625564342,0.61731656763490972,-0.46193976625564342,-0.46193976625564331,2.4825341532472731e-16
0,3,14,0.58904862254808621,2.748893571891069,-0.51327996715933655,-0.31818964514320852,0.42521504738362748,-0.51327996715933666,-0.31818964514320858,1.2412670766236366e-16
0,3,15,0.58904862254808621,2.9452431127404308,-0.54489510677581843,-0.16221167441072901,0.21677275132473911,-0.54489510677581854,-0.16221167441072917,2.0014830212433605e-16
0,3,16,0.58904862254808621,3.1415926535897931,-0.55557023301960196,-1.3100096970078262e-16,7.2019732978425277e-17,-0.55557023301960218,-1.0182565992946028e-16,2.2395313187487659e-16
0,3,17,0.58904862254808621,3.3379421944391554,-0.54489510677581843,0.16221167441072873,-0.21677275132473903,-0.54489510677581854,0.16221167441072895,2.4825341532472731e-16
0,3,18,0.58904862254808621,3.5342917352885173,-0.51327996715933655,0.31818964514320852,-0.42521504738362736,-0.51327996715933677,0.31818964514320841,2.4825341532472731e-16
0,3,19,0.58904862254808621,3.7306412761378791,-0.46193976625564337,0.46193976625564337,-0.61731656763490972,-0.46193976625564348,0.46193976625564315,2.4825341532472731e-16
0,3,20,0.58904862254808621,3.9269908169872414,-0.39284747919355101,0.58793780120967931,-0.78569495838710235,-0.39284747919355112,0.58793780120967931,1.1102230246251565e-16
0,3,21,0.58904862254808621,4.1233403578366037,-0.30865828381745503,0.69134171618254481,-0.92387953251128574,-0.30865828381745508,0.69134171618254492,1.2412670766236366e-16
0,3,22,0.58904862254808621,4.3196898986859651,-0.21260752369181424,0.76817775671141619,-1.0265599343186715,-0.2126075236918144,0.76817775671141608,2.0014830212433605e-16
0,3,23,0.58904862254808621,4.5160394395353274,-0.10838637566236986,0.8154931568489171,-1.0897902135516366,-0.10838637566236983,0.81549315684891699,1.1443916996305594e-16
0,3,24,0.58904862254808621,4.7123889803846897,-8.7653451056316639e-17,0.83146961230254524,-1.1111404660392046,-1.0205659613535074e-16,0.83146961230254524,1.4403145079034099e-17
0,3,25,0.58904862254808621,4.908738521234052,0.10838637566236967,0.81549315684891721,-1.0897902135516369,0.10838637566236962,0.8154931568489171,1.1857187100668868e-16
0,3,26,0.58904862254808621,5.1050880620834143,0.21260752369181407,0.76817775671141642,-1.0265599343186722,0.21260752369181421,0.76817775671141619,2.6184557666721351e-16
0,3,27,0.58904862254808621,5.3014376029327757,0.30865828381745486,0.69134171618254514,-0.92387953251128641,0.30865828381745486,0.69134171618254503,1.1102230246251565e-16
0,3,28,0.58904862254808621,5.497787143782138,0.39284747919355095,0.58793780120967953,-0.78569495838710235,0.39284747919355095,0.58793780120967953,0
0,3,29,0.58904862254808621,5.6941366846315002,0.4619397662556432,0.46193976625564348,-0.61731656763490994,0.46193976625564331,0.46193976625564331,2.0014830212433605e-16
0,3,30,0.58904862254808621,5.8904862254808616,0.51327996715933655,0.31818964514320852,-0.42521504738362798,0.51327996715933655,0.31818964514320902,4.9960036108132044e-16
0,3,31,0.58904862254808621,6.0868357663302239,0.54489510677581843,0.16221167441072901,-0.21677275132473942,0.54489510677581854,0.16221167441072926,2.7336071744532853e-16
0,4,0,0.78539816339744828,0,0.70710678118654746,1.344749321169988e-16,-8.7158611880683145e-16,0.70710678118654746,-0,1.344749321169988e-16
0,4,1,0.78539816339744828,0.19634954084936207,0.69351992266107376,-0.13794968964147139,0.27589937928294328,0.69351992266107365,-0.1379496896414715,1.5700924586837752e-16
0,4,2,0.78539816339744828,0.39269908169872414,0.65328148243818829,-0.27059805007309851,0.54119610014619712,0.65328148243818818,-0.27059805007309851,1.1102230246251565e-16
0,4,3,0.78539816339744828,0.58904862254808621,0.58793780120967942,-0.39284747919355106,0.78569495838710146,0.58793780120967931,-0.39284747919355106,1.1102230246251565e-16
0,4,4,0.78539816339744828,0.78539816339744828,0.5,-0.50000000000000011,0.99999999999999967,0.5,-0.5,1.1102230246251565e-16
0,4,5,0.78539816339744828,0.98174770424681035,0.39284747919355101,-0.58793780120967942,1.1758756024193591,0.39284747919355112,-0.58793780120967942,1.1102230246251565e-16
0,4,6,0.78539816339744828,1.1780972450961724,0.27059805007309851,-0.6532814824381884,1.3065629648763764,0.27059805007309851,-0.65328148243818829,1.1102230246251565e-16
0,4,7,0.78539816339744828,1.3744467859455345,0.13794968964147158,-0.69351992266107387,1.3870398453221469,0.13794968964147153,-0.69351992266107376,1.2412670766236366e-16
0,4,8,0.78539816339744828,1.5707963267948966,8.5824638111059186e-17,-0.70710678118654768,1.4142135623730949,4.3297802811774658e-17,-0.70710678118654757,1.1888853336066849e-16
0,4,9,0.78539816339744828,1.7671458676442586,-0.13794968964147145,-0.69351992266107387,1.3870398453221473,-0.13794968964147145,-0.69351992266107376,1.1102230246251565e-16
0,4,10,0.78539816339744828,1.9634954084936207,-0.27059805007309834,-0.65328148243818851,1.3065629648763759,-0.27059805007309845,-0.65328148243818829,2.4825341532472731e-16
0,4,11,0.78539816339744828,2.1598449493429825,-0.3928474791935509,-0.58793780120967953,1.1758756024193593,-0.39284747919355084,-0.58793780120967953,5.5511151231257827e-17
0,4,12,0.78539816339744828,2.3561944901923448,-0.49999999999999994,-0.50000000000000022,1.0000000000000009,-0.49999999999999989,-0.50000000000000011,1.2412670766236366e-16
0,4,13,0.78539816339744828,2.5525440310417071,-0.58793780120967931,-0.39284747919355123,0.7856949583871019,-0.58793780120967942,-0.39284747919355106,2.0014830212433605e-16
0,4,14,0.78539816339744828,2.748893571891069,-0.65328148243818818,-0.27059805007309867,0.54119610014619612,-0.65328148243818818,-0.27059805007309862,5.5511151231257827e-17
0,4,15,0.78539816339744828,2.9452431127404308,-0.69351992266107365,-0.13794968964147164,0.27589937928294311,-0.69351992266107365,-0.13794968964147175,1.1102230246251565e-16
0,4,16,0.78539816339744828,3.1415926535897931,-0.70710678118654735,-1.1015083549660962e-16,5.4069188457182757e-16,-0.70710678118654746,-8.6595605623549341e-17,1.1349361435098901e-16
0,4,17,0.78539816339744828,3.3379421944391554,-0.69351992266107365,0.13794968964147145,-0.27589937928294289,-0.69351992266107365,0.13794968964147158,1.3877787807814457e-16
0,4,18,0.78539816339744828,3.5342917352885173,-0.65328148243818818,0.27059805007309851,-0.54119610014619646,-0.65328148243818829,0.27059805007309845,1.2412670766236366e-16
0,4,19,0.78539816339744828,3.7306412761378791,-0.58793780120967942,0.39284747919355106,-0.7856949583871019,-0.58793780120967942,0.39284747919355095,1.1102230246251565e-16
0,4,20,0.78539816339744828,3.9269908169872414,-0.5,0.50000000000000011,-1.0000000000000004,-0.50000000000000011,0.5,1.5700924586837752e-16
0,4,21,0.78539816339744828,4.1233403578366037,-0.39284747919355101,0.58793780120967942,-1.1758756024193582,-0.39284747919355101,0.58793780120967942,0
0,4,22,0.78539816339744828,4.3196898986859651,-0.27059805007309867,0.65328148243818829,-1.306562964876375,-0.27059805007309889,0.65328148243818818,2.4825341532472731e-16
0,4,23,0.78539816339744828,4.5160394395353274,-0.13794968964147183,0.69351992266107387,-1.3870398453221475,-0.13794968964147178,0.69351992266107365,2.2887833992611187e-16
0,4,24,0.78539816339744828,4.7123889803846897,-1.1737436720927579e-16,0.70710678118654768,-1.414213562373096,-1.2989340843532398e-16,0.70710678118654757,1.117259058468438e-16
0,4,25,0.78539816339744828,4.908738521234052,0.13794968964147164,0.69351992266107387,-1.3870398453221477,0.13794968964147153,0.69351992266107376,1.5700924586837752e-16
0,4,26,0.78539816339744828,5.1050880620834143,0.27059805007309851,0.6532814824381884,-1.3065629648763752,0.27059805007309862,0.65328148243818818,2.4825341532472731e-16
0,4,27,0.78539816339744828,5.3014376029327757,0.3928474791935509,0.58793780120967953,-1.1758756024193584,0.39284747919355079,0.58793780120967953,1.1102230246251565e-16
0,4,28,0.78539816339744828,5.497787143782138,0.49999999999999994,0.50000000000000022,-1.0000000000000009,0.49999999999999983,0.50000000000000011,1.5700924586837752e-16
0,4,29,0.78539816339744828,5.6941366846315002,0.58793780120967931,0.39284747919355123,-0.78569495838710235,0.58793780120967931,0.39284747919355106,1.6653345369377348e-16
0,4,30,0.78539816339744828,5.8904862254808616,0.65328148243818807,0.27059805007309867,-0.54119610014619646,0.65328148243818807,0.27059805007309895,2.7755575615628914e-16
0,4,31,0.78539816339744828,6.0868357663302239,0.69351992266107354,0.13794968964147164,-0.27589937928294356,0.69351992266107354,0.13794968964147183,1.9428902930940239e-16
0,5,0,0.98174770424681035,0,0.83146961230254512,7.8013251201352036e-17,-9.6906804052762345e-16,0.83146961230254524,-0,1.3569089507805439e-16
0,5,1,0.98174770424681035,0.19634954084936207,0.8154931568489171,-0.10838637566236954,0.32442334882145807,0.8154931568489171,-0.10838637566236961,6.9388939039072284e-17
0,5,2,0.98174770424681035,0.39269908169872414,0.7681777567114163,-0.21260752369181407,0.63637929028641671,0.7681777567114163,-0.21260752369181415,8.3266726846886741e-17
0,5,3,0.98174770424681035,0.58904862254808621,0.69134171618254492,-0.30865828381745514,0.92387953251128618,0.69134171618254492,-0.30865828381745514,0
0,5,4,0.98174770424681035,0.78539816339744828,0.58793780120967953,-0.39284747919355112,1.1758756024193588,0.58793780120967942,-0.39284747919355112,1.1102230246251565e-16
0,5,5,0.98174770424681035,0.98174770424681035,0.46193976625564326,-0.46193976625564331,1.3826834323650905,0.46193976625564342,-0.46193976625564342,2.0014830212433605e-16
0,5,6,0.98174770424681035,1.1780972450961724,0.31818964514320847,-0.51327996715933666,1.5363555134228324,0.31818964514320852,-0.51327996715933677,1.2412670766236366e-16
0,5,7,0.98174770424681035,1.3744467859455345,0.16221167441072901,-0.54489510677581854,1.6309863136978342,0.16221167441072892,-0.54489510677581865,1.3877787807814457e-16
0,5,8,0.98174770424681035,1.5707963267948966,9.1095491417200464e-17,-0.55557023301960218,1.6629392246050907,5.091282996473014e-17,-0.55557023301960229,1.1807030924615279e-16
0,5,9,0.98174770424681035,1.7671458676442586,-0.16221167441072884,-0.54489510677581854,1.6309863136978342,-0.16221167441072881,-0.54489510677581865,1.1443916996305594e-16
0,5,10,0.98174770424681035,1.9634954084936207,-0.31818964514320836,-0.51327996715933677,1.5363555134228317,-0.31818964514320847,-0.51327996715933677,1.1102230246251565e-16
0,5,11,0.98174770424681035,2.1598449493429825,-0.46193976625564309,-0.46193976625564348,1.3826834323650905,-0.46193976625564315,-0.46193976625564354,7.8504622934188758e-17
0,5,12,0.98174770424681035,2.3561944901923448,-0.5879378012096792,-0.39284747919355123,1.1758756024193602,-0.58793780120967931,-0.39284747919355117,1.2412670766236366e-16
0,5,13,0.98174770424681035,2.5525440310417071,-0.69134171618254492,-0.30865828381745519,0.92387953251128674,-0.69134171618254503,-0.30865828381745514,1.2412670766236366e-16
0,5,14,0.98174770424681035,2.748893571891069,-0.7681777567114163,-0.21260752369181421,0.6363792902864166,-0.7681777567114163,-0.21260752369181421,0
0,5,15,0.98174770424681035,2.9452431127404308,-0.81549315684891699,-0.10838637566236971,0.32442334882145818,-0.8154931568489171,-0.10838637566236982,1.5700924586837752e-16
0,5,16,0.98174770424681035,3.1415926535897931,-0.83146961230254501,-6.1640477686098379e-17,3.5059060963624305e-16,-0.83146961230254524,-6.8037730756900508e-17,2.2213674037215257e-16
0,5,17,0.98174770424681035,3.3379421944391554,-0.81549315684891699,0.10838637566236954,-0.32442334882145779,-0.8154931568489171,0.10838637566236968,1.7772239894833365e-16
0,5,18,0.98174770424681035,3.5342917352885173,-0.76817775671141619,0.21260752369181404,-0.63637929028641615,-0.76817775671141642,0.21260752369181407,2.2377260456559048e-16
0,5,19,0.98174770424681035,3.7306412761378791,-0.69134171618254492,0.30865828381745514,-0.92387953251128629,-0.69134171618254503,0.30865828381745503,1.5700924586837752e-16
0,5,20,0.98174770424681035,3.9269908169872414,-0.58793780120967942,0.39284747919355112,-1.1758756024193593,-0.58793780120967953,0.39284747919355112,1.1102230246251565e-16
0,5,21,0.98174770424681035,4.1233403578366037,-0.46193976625564326,0.46193976625564331,-1.3826834323650898,-0.46193976625564331,0.46193976625564342,1.2412670766236366e-16
0,5,22,0.98174770424681035,4.3196898986859651,-0.31818964514320869,0.51327996715933666,-1.5363555134228313,-0.31818964514320897,0.51327996715933666,2.7755575615628914e-16
0,5,23,0.98174770424681035,4.5160394395353274,-0.16221167441072931,0.54489510677581854,-1.6309863136978346,-0.1622116744107292,0.54489510677581865,1.5700924586837752e-16
0,5,24,0.98174770424681035,4.7123889803846897,-1.2605513717381929e-16,0.55557023301960218,-1.6629392246050925,-1.527384898941904e-16,0.55557023301960229,1.1418385593628393e-16
0,5,25,0.98174770424681035,4.908738521234052,0.16221167441072903,0.54489510677581854,-1.6309863136978346,0.1622116744107289,0.54489510677581865,1.7772239894833365e-16
0,5,26,0.98174770424681035,5.1050880620834143,0.31818964514320852,0.51327996715933666,-1.5363555134228308,0.31818964514320869,0.51327996715933677,2.0014830212433605e-16
0,5,27,0.98174770424681035,5.3014376029327757,0.46193976625564309,0.46193976625564348,-1.3826834323650896,0.46193976625564304,0.46193976625564354,7.8504622934188758e-17
0,5,28,0.98174770424681035,5.497787143782138,0.5879378012096792,0.39284747919355123,-1.1758756024193597,0.5879378012096792,0.39284747919355123,0
0,5,29,0.98174770424681035,5.6941366846315002,0.69134171618254492,0.30865828381745514,-0.92387953251128685,0.69134171618254492,0.30865828381745514,0
0,5,30,0.98174770424681035,5.8904862254808616,0.76817775671141619,0.21260752369181421,-0.63637929028641671,0.76817775671141608,0.21260752369181449,2.9893669801409083e-16
0,5,31,0.98174770424681035,6.0868357663302239,0.81549315684891688,0.10838637566236971,-0.32442334882145873,0.81549315684891699,0.10838637566236987,2.0014830212433605e-16
0,6,0,1.1780972450961724,0,0.92387953251128663,4.382731956647615e-17,-6.29225861617022e-16,0.92387953251128674,-0,1.1935989939866878e-16
0,6,1,1.1780972450961724,0.19634954084936207,0.90612744635288789,-0.074657834050342584,0.36047991100347415,0.90612744635288778,-0.074657834050342611,1.1443916996305594e-16
0,6,2,1.1780972450961724,0.39269908169872414,0.85355339059327384,-0.14644660940672624,0.70710678118654735,0.85355339059327373,-0.14644660940672627,1.1443916996305594e-16
0,6,3,1.1780972450961724,0.58904862254808621,0.76817775671141653,-0.21260752369181413,1.0265599343186727,0.7681777567114163,-0.21260752369181413,2.2204460492503131e-16
0,6,4,1.1780972450961724,0.78539816339744828,0.6532814824381884,-0.27059805007309851,1.3065629648763766,0.65328148243818829,-0.27059805007309851,1.1102230246251565e-16
0,6,5,1.1780972450961724,0.98174770424681035,0.51327996715933655,-0.31818964514320852,1.5363555134228328,0.51327996715933677,-0.31818964514320852,2.2204460492503131e-16
0,6,6,1.1780972450961724,1.1780972450961724,0.35355339059327379,-0.35355339059327384,1.7071067811865466,0.35355339059327384,-0.35355339059327384,5.5511151231257827e-17
0,6,7,1.1780972450961724,1.3744467859455345,0.1802399555017371,-0.37533027751786535,1.8122548927057751,0.18023995550173702,-0.3753302775178653,1.0007415106216802e-16
0,6,8,1.1780972450961724,1.5707963267948966,9.7947726921819249e-17,-0.38268343236508978,1.8477590650225733,5.6571305614385013e-17,-0.38268343236508984,6.9235078906793158e-17
0,6,9,1.1780972450961724,1.7671458676442586,-0.18023995550173694,-0.3753302775178653,1.8122548927057756,-0.18023995550173691,-0.3753302775178653,2.7755575615628914e-17
0,6,10,1.1780972450961724,1.9634954084936207,-0.35355339059327362,-0.3535533905932739,1.7071067811865464,-0.35355339059327373,-0.35355339059327384,1.2412670766236366e-16
0,6,11,1.1780972450961724,2.1598449493429825,-0.51327996715933655,-0.31818964514320863,1.5363555134228333,-0.51327996715933655,-0.31818964514320863,0
0,6,12,1.1780972450961724,2.3561944901923448,-0.65328148243818818,-0.27059805007309856,1.3065629648763775,-0.65328148243818818,-0.27059805007309856,0
0,6,13,1.1780972450961724,2.5525440310417071,-0.7681777567114163,-0.21260752369181418,1.0265599343186733,-0.76817775671141642,-0.21260752369181413,1.2412670766236366e-16
0,6,14,1.1780972450961724,2.748893571891069,-0.85355339059327373,-0.14644660940672635,0.70710678118654702,-0.85355339059327373,-0.1464466094067263,5.5511151231257827e-17
0,6,15,1.1780972450961724,2.9452431127404308,-0.90612744635288767,-0.074657834050342667,0.36047991100347421,-0.90612744635288778,-0.07465783405034275,1.3877787807814457e-16
0,6,16,1.1780972450961724,3.1415926535897931,-0.92387953251128652,-4.1704123990201787e-17,-4.6548141045986668e-17,-0.92387953251128674,-4.6865204053262992e-17,2.2210457744884628e-16
0,6,17,1.1780972450961724,3.3379421944391554,-0.90612744635288778,0.074657834050342556,-0.36047991100347382,-0.90612744635288778,0.074657834050342653,9.7144514654701197e-17
0,6,18,1.1780972450961724,3.5342917352885173,-0.85355339059327373,0.14644660940672621,-0.70710678118654613,-0.85355339059327384,0.14644660940672621,1.1102230246251565e-16
0,6,19,1.1780972450961724,3.7306412761378791,-0.76817775671141653,0.21260752369181413,-1.0265599343186731,-0.76817775671141653,0.21260752369181404,8.3266726846886741e-17
0,6,20,1.1780972450961724,3.9269908169872414,-0.65328148243818829,0.27059805007309851,-1.3065629648763777,-0.6532814824381884,0.27059805007309851,1.1102230246251565e-16
0,6,21,1.1780972450961724,4.1233403578366037,-0.51327996715933655,0.31818964514320852,-1.5363555134228319,-0.51327996715933666,0.31818964514320852,1.1102230246251565e-16
0,6,22,1.1780972450961724,4.3196898986859651,-0.35355339059327401,0.35355339059327379,-1.707106781186545,-0.35355339059327429,0.35355339059327373,2.8305244335018379e-16
0,6,23,1.1780972450961724,4.5160394395353274,-0.18023995550173744,0.37533027751786535,-1.812254892705776,-0.18023995550173735,0.37533027751786524,1.3877787807814457e-16
0,6,24,1.1780972450961724,4.7123889803846897,-1.3360945454231177e-16,0.38268343236508984,-1.8477590650225755,-1.6971391684315505e-16,0.38268343236508984,3.6104462300843284e-17
0,6,25,1.1780972450961724,4.908738521234052,0.18023995550173716,0.3753302775178653,-1.812254892705776,0.18023995550173702,0.3753302775178653,1.3877787807814457e-16
0,6,26,1.1780972450961724,5.1050880620834143,0.35355339059327384,0.3535533905932739,-1.7071067811865455,0.35355339059327395,0.35355339059327379,1.5700924586837752e-16
0,6,27,1.1780972450961724,5.3014376029327757,0.51327996715933655,0.31818964514320863,-1.5363555134228322,0.51327996715933644,0.31818964514320863,1.1102230246251565e-16
0,6,28,1.1780972450961724,5.497787143782138,0.65328148243818807,0.27059805007309856,-1.3065629648763772,0.65328148243818807,0.27059805007309862,5.5511151231257827e-17
0,6,29,1.1780972450961724,5.6941366846315002,0.7681777567114163,0.21260752369181421,-1.0265599343186735,0.7681777567114163,0.21260752369181413,8.3266726846886741e-17
0,6,30,1.1780972450961724,5.8904862254808616,0.85355339059327362,0.14644660940672635,-0.70710678118654735,0.85355339059327351,0.14644660940672649,1.7772239894833365e-16
0,6,31,1.1780972450961724,6.0868357663302239,0.90612744635288756,0.074657834050342681,-0.36047991100347482,0.90612744635288767,0.074657834050342792,1.5700924586837752e-16
0,7,0,1.3744467859455345,0,0.98078528040323032,2.6571908495330365e-17,-6.500564388131283e-16,0.98078528040323043,-0,1.1415786422828048e-16
0,7,1,1.3744467859455345,0.19634954084936207,0.96193976625564348,-0.038060233744356617,0.38268343236509017,0.96193976625564337,-0.038060233744356631,1.1188630228279524e-16
0,7,2,1.3744467859455345,0.39269908169872414,0.90612744635288789,-0.074657834050342611,0.75066055503573026,0.90612744635288778,-0.074657834050342639,1.1443916996305594e-16
0,7,3,1.3744467859455345,0.58904862254808621,0.81549315684891732,-0.10838637566236962,1.0897902135516364,0.8154931568489171,-0.10838637566236964,2.2247786310271853e-16
0,7,4,1.3744467859455345,0.78539816339744828,0.69351992266107376,-0.13794968964147156,1.3870398453221477,0.69351992266107376,-0.13794968964147153,2.7755575615628914e-17
0,7,5,1.3744467859455345,0.98174770424681035,0.54489510677581854,-0.16221167441072895,1.6309863136978346,0.54489510677581865,-0.16221167441072892,1.1443916996305594e-16
0,7,6,1.3744467859455345,1.1780972450961724,0.3753302775178653,-0.1802399555017371,1.8122548927057749,0.3753302775178653,-0.18023995550173702,8.3266726846886741e-17
0,7,7,1.3744467859455345,1.3744467859455345,0.19134171618254503,-0.19134171618254495,1.9238795325112861,0.19134171618254495,-0.19134171618254495,8.3266726846886741e-17
0,7,8,1.3744467859455345,1.5707963267948966,1.0911704258505051e-16,-0.19509032201612833,1.9615705608064606,6.0055777714832775e-17,-0.19509032201612833,4.9061264870217734e-17
0,7,9,1.3744467859455345,1.7671458676442586,-0.19134171618254484,-0.19134171618254497,1.9238795325112863,-0.19134171618254481,-0.19134171618254495,3.9252311467094379e-17
0,7,10,1.3744467859455345,1.9634954084936207,-0.37533027751786502,-0.1802399555017371,1.8122548927057747,-0.37533027751786519,-0.18023995550173702,1.8619006149354548e-16
0,7,11,1.3744467859455345,2.1598449493429825,-0.54489510677581843,-0.16221167441072898,1.6309863136978353,-0.54489510677581843,-0.16221167441072898,0
0,7,12,1.3744467859455345,2.3561944901923448,-0.69351992266107365,-0.13794968964147161,1.3870398453221484,-0.69351992266107365,-0.13794968964147156,5.5511151231257827e-17
0,7,13,1.3744467859455345,2.5525440310417071,-0.8154931568489171,-0.10838637566236968,1.0897902135516366,-0.81549315684891721,-0.10838637566236964,1.1857187100668868e-16
0,7,14,1.3744467859455345,2.748893571891069,-0.90612744635288778,-0.074657834050342667,0.75066055503572993,-0.90612744635288778,-0.074657834050342653,1.3877787807814457e-17
0,7,15,1.3744467859455345,2.9452431127404308,-0.96193976625564337,-0.038060233744356665,0.38268343236509011,-0.96193976625564337,-0.0380602337443567,3.4694469519536142e-17
0,7,16,1.3744467859455345,3.1415926535897931,-0.98078528040323032,-2.3351541368734228e-17,-5.2796221419403792e-17,-0.98078528040323043,-2.3891673840167796e-17,1.1102361634879765e-16
0,7,17,1.3744467859455345,3.3379421944391554,-0.96193976625564326,0.038060233744356617,-0.38268343236508962,-0.96193976625564337,0.038060233744356652,1.1631705747361534e-16
0,7,18,1.3744467859455345,3.5342917352885173,-0.90612744635288778,0.074657834050342611,-0.75066055503572904,-0.90612744635288789,0.074657834050342611,1.1102230246251565e-16
0,7,19,1.3744467859455345,3.7306412761378791,-0.81549315684891732,0.10838637566236961,-1.0897902135516366,-0.81549315684891732,0.1083863756623696,1.3877787807814457e-17
0,7,20,1.3744467859455345,3.9269908169872414,-0.69351992266107376,0.13794968964147156,-1.3870398453221486,-0.69351992266107387,0.13794968964147153,1.1443916996305594e-16
0,7,21,1.3744467859455345,4.1233403578366037,-0.54489510677581854,0.16221167441072895,-1.6309863136978335,-0.54489510677581854,0.16221167441072892,2.7755575615628914e-17
0,7,22,1.3744467859455345,4.3196898986859651,-0.37533027751786552,0.18023995550173708,-1.8122548927057727,-0.3753302775178658,0.18023995550173699,2.8977671675840951e-16
0,7,23,1.3744467859455345,4.5160394395353274,-0.19134171618254539,0.19134171618254495,-1.9238795325112867,-0.19134171618254528,0.19134171618254492,1.1443916996305594e-16
0,7,24,1.3744467859455345,4.7123889803846897,-1.5425819975570279e-16,0.19509032201612833,-1.9615705608064626,-1.8016733314449831e-16,0.19509032201612833,2.5909133388795525e-17
0,7,25,1.3744467859455345,4.908738521234052,0.19134171618254509,0.19134171618254497,-1.9238795325112872,0.19134171618254492,0.19134171618254495,1.6883057536160649e-16
0,7,26,1.3744467859455345,5.1050880620834143,0.37533027751786524,0.1802399555017371,-1.8122548927057738,0.37533027751786546,0.18023995550173702,2.3714374201337736e-16
0,7,27,1.3744467859455345,5.3014376029327757,0.54489510677581843,0.16221167441072898,-1.630986313697834,0.54489510677581832,0.16221167441072898,1.1102230246251565e-16
0,7,28,1.3744467859455345,5.497787143782138,0.69351992266107365,0.13794968964147161,-1.3870398453221484,0.69351992266107354,0.13794968964147158,1.1443916996305594e-16
0,7,29,1.3744467859455345,5.6941366846315002,0.8154931568489171,0.10838637566236968,-1.0897902135516371,0.8154931568489171,0.10838637566236964,4.163336342344337e-17
0,7,30,1.3744467859455345,5.8904862254808616,0.90612744635288767,0.074657834050342667,-0.75066055503573015,0.90612744635288756,0.07465783405034275,1.3877787807814457e-16
0,7,31,1.3744467859455345,6.0868357663302239,0.96193976625564315,0.038060233744356665,-0.38268343236509061,0.96193976625564326,0.038060233744356721,1.2412670766236366e-16
0,8,0,1.5707963267948966,0,0.99999999999999989,-2.7264180892346199e-18,-6.1504278195142073e-16,1,-0,1.1105577427435106e-16
0,8,1,1.5707963267948966,0.19634954084936207,0.98078528040323054,-1.2520822337450626e-17,0.39018064403225688,0.98078528040323043,-1.1945836920083893e-17,1.1102379137963402e-16
0,8,2,1.5707963267948966,0.39269908169872414,0.92387953251128685,-2.4744531599256826e-17,0.76536686473017912,0.92387953251128674,-2.3432602026631493e-17,1.1103005360388619e-16
0,8,3,1.5707963267948966,0.58904862254808621,0.83146961230254546,-4.1866497610625865e-17,1.1111404660392039,0.83146961230254524,-3.4018865378450248e-17,2.2218323948481062e-16
0,8,4,1.5707963267948966,0.78539816339744828,0.70710678118654768,-5.4468449084386424e-17,1.4142135623730956,0.70710678118654757,-4.3297802811774658e-17,1.1158286150760843e-16
0,8,5,1.5707963267948966,0.98174770424681035,0.55557023301960218,-6.1535135487860043e-17,1.6629392246050914,0.55557023301960229,-5.091282996473014e-17,1.1152930116657696e-16
0,8,6,1.5707963267948966,1.1780972450961724,0.38268343236508978,-7.1158643597070394e-17,1.8477590650225733,0.38268343236508984,-5.6571305614385013e-17,5.7395804205888372e-17
0,8,7,1.5707963267948966,1.3744467859455345,0.19509032201612841,-8.1736728336713598e-17,1.9615705608064606,0.19509032201612833,-6.0055777714832775e-17,8.6043078859734461e-17
0,8,8,1.5707963267948966,1.5707963267948966,1.1173254911113688e-16,-8.4092427915820856e-17,1.9999999999999996,6.123233995736766e-17,-6.123233995736766e-17,5.5433336053701953e-17
0,8,9,1.5707963267948966,1.7671458676442586,-0.19509032201612822,-7.7670583033303357e-17,1.9615705608064606,-0.19509032201612819,-6.0055777714832775e-17,3.2873292262298796e-17
0,8,10,1.5707963267948966,1.9634954084936207,-0.38268343236508962,-6.9705585978628874e-17,1.8477590650225728,-0.38268343236508973,-5.6571305614385013e-17,1.1179651588830875e-16
0,8,11,1.5707963267948966,2.1598449493429825,-0.55557023301960196,-6.3544911937068657e-17,1.6629392246050916,-0.55557023301960196,-5.0912829964730152e-17,1.2632081972338505e-17
0,8,12,1.5707963267948966,2.3561944901923448,-0.70710678118654746,-5.6567002577590187e-17,1.414213562373096,-0.70710678118654746,-4.329780281177467e-17,1.3269199765815516e-17
0,8,13,1.5707963267948966,2.5525440310417071,-0.83146961230254524,-4.568889376779466e-17,1.1111404660392041,-0.83146961230254535,-3.4018865378450248e-17,1.1163396081249834e-16
0,8,14,1.5707963267948966,2.748893571891069,-0.92387953251128674,-3.0229455347975173e-17,0.76536686473017934,-0.92387953251128674,-2.3432602026631499e-17,6.796853321343674e-18
0,8,15,1.5707963267948966,2.9452431127404308,-0.98078528040323032,-1.2385713832985822e-17,0.390180644032257,-0.98078528040323043,-1.1945836920083915e-17,1.1102317386823713e-16
0,8,16,1.5707963267948966,3.1415926535897931,-0.99999999999999978,3.4147036139268003e-18,-1.6266217633191376e-16,-1,-7.498798913309288e-33,2.2207085981074647e-16
0,8,17,1.5707963267948966,3.3379421944391554,-0.98078528040323043,1.5998209669342169e-17,-0.3901806440322565,-0.98078528040323043,1.1945836920083901e-17,4.0523727492582681e-18
0,8,18,1.5707963267948966,3.5342917352885173,-0.92387953251128674,3.0200469493083194e-17,-0.76536686473017812,-0.92387953251128685,2.3432602026631484e-17,1.1122839419016065e-16
0,8,19,1.5707963267948966,3.7306412761378791,-0.83146961230254546,4.6620382686480196e-17,-1.1111404660392037,-0.83146961230254546,3.4018865378450236e-17,1.2601517308029961e-17
0,8,20,1.5707963267948966,3.9269908169872414,-0.70710678118654768,5.6878560238349293e-17,-1.4142135623730963,-0.70710678118654768,4.3297802811774658e-17,1.3580757426574635e-17
0,8,21,1.5707963267948966,4.1233403578366037,-0.55557023301960218,5.9802995274382755e-17,-1.6629392246050902,-0.55557023301960218,5.091282996473014e-17,8.890165309652615e-18
0,8,22,1.5707963267948966,4.3196898986859651,-0.38268343236509,6.6483046743627139e-17,-1.8477590650225715,-0.38268343236509034,5.6571305614385001e-17,3.3321435654682992e-16
0,8,23,1.5707963267948966,4.5160394395353274,-0.19509032201612878,7.8447622394855042e-17,-1.9615705608064613,-0.19509032201612866,6.0055777714832763e-17,1.1253537930274361e-16
0,8,24,1.5707963267948966,4.7123889803846897,-1.638067816801113e-16,8.3211864324314143e-17,-2.0000000000000013,-1.8369701987210297e-16,6.123233995736766e-17,2.9643229694676629e-17
0,8,25,1.5707963267948966,4.908738521234052,0.19509032201612847,7.7282353645914725e-17,-1.9615705608064615,0.1950903220161283,6.0055777714832775e-17,1.6742205982929946e-16
0,8,26,1.5707963267948966,5.1050880620834143,0.38268343236508984,6.8697678397712924e-17,-1.8477590650225719,0.38268343236509,5.6571305614385013e-17,1.6697436963814665e-16
0,8,27,1.5707963267948966,5.3014376029327757,0.55557023301960196,6.0115434325064155e-17,-1.6629392246050905,0.55557023301960184,5.0912829964730152e-17,1.1140305009779197e-16
0,8,28,1.5707963267948966,5.497787143782138,0.70710678118654746,5.0766794287816628e-17,-1.4142135623730963,0.70710678118654735,4.3297802811774677e-17,1.1127325589622826e-16
0,8,29,1.5707963267948966,5.6941366846315002,0.83146961230254524,4.2251165920490898e-17,-1.1111404660392046,0.83146961230254524,3.4018865378450248e-17,8.2323005420406497e-18
0,8,30,1.5707963267948966,5.8904862254808616,0.92387953251128663,3.087087499466036e-17,-0.76536686473017945,0.92387953251128652,2.343260202663153e-17,1.1127119819982714e-16
0,8,31,1.5707963267948966,6.0868357663302239,0.98078528040323021,1.3262600330799882e-17,-0.39018064403225744,0.98078528040323032,1.1945836920083923e-17,1.1103011082565896e-16
0,9,0,1.7671458676442586,0,0.98078528040323043,-2.2648334269851476e-17,-5.1712198950296127e-16,0.98078528040323043,0,2.2648334269851476e-17
0,9,1,1.7671458676442586,0.19634954084936207,0.96193976625564348,0.038060233744356568,0.38268343236508995,0.96193976625564337,0.038060233744356603,1.1631705747361534e-16
0,9,2,1.7671458676442586,0.39269908169872414,0.90612744635288789,0.074657834050342542,0.75066055503573004,0.90612744635288778,0.074657834050342584,1.1857187100668868e-16
0,9,3,1.7671458676442586,0.58904862254808621,0.81549315684891732,0.10838637566236956,1.0897902135516364,0.8154931568489171,0.10838637566236957,2.2247786310271853e-16
0,9,4,1.7671458676442586,0.78539816339744828,0.69351992266107387,0.13794968964147147,1.3870398453221475,0.69351992266107376,0.13794968964147145,1.1443916996305594e-16
0,9,5,1.7671458676442586,0.98174770424681035,0.54489510677581854,0.16221167441072881,1.6309863136978342,0.54489510677581865,0.16221167441072881,1.1102230246251565e-16
0,9,6,1.7671458676442586,1.1780972450961724,0.3753302775178653,0.18023995550173691,1.8122548927057747,0.3753302775178653,0.18023995550173691,0
0,9,7,1.7671458676442586,1.3744467859455345,0.19134171618254503,0.19134171618254478,1.9238795325112859,0.19134171618254495,0.19134171618254481,8.7770836714417531e-17
0,9,8,1.7671458676442586,1.5707963267948966,1.0725913337735511e-16,0.19509032201612816,1.9615705608064602,6.0055777714832775e-17,0.19509032201612819,5.4758823613710637e-17
0,9,9,1.7671458676442586,1.7671458676442586,-0.19134171618254484,0.19134171618254475,1.9238795325112861,-0.19134171618254481,0.19134171618254481,6.2063353831181828e-17
0,9,10,1.7671458676442586,1.9634954084936207,-0.37533027751786507,0.18023995550173691,1.8122548927057744,-0.37533027751786519,0.18023995550173691,1.1102230246251565e-16
0,9,11,1.7671458676442586,2.1598449493429825,-0.54489510677581843,0.16221167441072881,1.6309863136978349,-0.54489510677581843,0.16221167441072887,5.5511151231257827e-17
0,9,12,1.7671458676442586,2.3561944901923448,-0.69351992266107365,0.1379496896414715,1.3870398453221482,-0.69351992266107365,0.13794968964147147,2.7755575615628914e-17
0,9,13,1.7671458676442586,2.5525440310417071,-0.8154931568489171,0.10838637566236958,1.0897902135516366,-0.81549315684891721,0.10838637566236957,1.1188630228279524e-16
0,9,14,1.7671458676442586,2.748893571891069,-0.90612744635288778,0.074657834050342611,0.75066055503572993,-0.90612744635288778,0.074657834050342597,1.3877787807814457e-17
0,9,15,1.7671458676442586,2.9452431127404308,-0.96193976625564337,0.038060233744356624,0.38268343236508989,-0.96193976625564337,0.038060233744356672,4.8572257327350599e-17
0,9,16,1.7671458676442586,3.1415926535897931,-0.98078528040323032,1.8639279629518871e-17,-1.5744545657781049e-16,-0.98078528040323043,2.389167384016778e-17,1.1114647672788539e-16
0,9,17,1.7671458676442586,3.3379421944391554,-0.96193976625564337,-0.038060233744356575,-0.38268343236508945,-0.96193976625564337,-0.038060233744356624,4.8572257327350599e-17
0,9,18,1.7671458676442586,3.5342917352885173,-0.90612744635288778,-0.074657834050342542,-0.75066055503572882,-0.90612744635288789,-0.074657834050342556,1.1188630228279524e-16
0,9,19,1.7671458676442586,3.7306412761378791,-0.81549315684891732,-0.10838637566236954,-1.0897902135516369,-0.81549315684891732,-0.10838637566236953,1.3877787807814457e-17
0,9,20,1.7671458676442586,3.9269908169872414,-0.69351992266107387,-0.13794968964147147,-1.3870398453221484,-0.69351992266107387,-0.13794968964147145,2.7755575615628914e-17
0,9,21,1.7671458676442586,4.1233403578366037,-0.54489510677581854,-0.16221167441072881,-1.6309863136978331,-0.54489510677581854,-0.16221167441072881,0
0,9,22,1.7671458676442586,4.3196898986859651,-0.37533027751786552,-0.18023995550173688,-1.8122548927057724,-0.3753302775178658,-0.18023995550173685,2.7894008272968645e-16
0,9,23,1.7671458676442586,4.5160394395353274,-0.19134171618254539,-0.19134171618254481,-1.9238795325112865,-0.19134171618254528,-0.19134171618254478,1.1443916996305594e-16
0,9,24,1.7671458676442586,4.7123889803846897,-1.5726011771909383e-16,-0.19509032201612816,-1.9615705608064622,-1.8016733314449831e-16,-0.19509032201612819,3.5987671448716756e-17
0,9,25,1.7671458676442586,4.908738521234052,0.19134171618254509,-0.19134171618254475,-1.923879532511287,0.19134171618254492,-0.19134171618254481,1.7554167342883506e-16
0,9,26,1.7671458676442586,5.1050880620834143,0.3753302775178653,-0.18023995550173691,-1.8122548927057736,0.37533027751786546,-0.18023995550173688,1.6883057536160649e-16
0,9,27,1.7671458676442586,5.3014376029327757,0.54489510677581843,-0.16221167441072881,-1.6309863136978335,0.54489510677581832,-0.16221167441072887,1.2412670766236366e-16
0,9,28,1.7671458676442586,5.497787143782138,0.69351992266107365,-0.1379496896414715,-1.3870398453221482,0.69351992266107354,-0.13794968964147147,1.1443916996305594e-16
0,9,29,1.7671458676442586,5.6941366846315002,0.8154931568489171,-0.1083863756623696,-1.0897902135516371,0.8154931568489171,-0.10838637566236957,2.7755575615628914e-17
0,9,30,1.7671458676442586,5.8904862254808616,0.90612744635288767,-0.074657834050342597,-0.75066055503573015,0.90612744635288756,-0.074657834050342695,1.4752290795525882e-16
0,9,31,1.7671458676442586,6.0868357663302239,0.96193976625564326,-0.038060233744356617,-0.3826834323650905,0.96193976625564326,-0.038060233744356693,7.6327832942979512e-17
0,10,0,1.9634954084936207,0,0.92387953251128674,-6.0213658836053708e-17,-6.7434265799748945e-16,0.92387953251128674,0,6.0213658836053708e-17
0,10,1,1.9634954084936207,0.19634954084936207,0.90612744635288789,0.0746578340503425,0.36047991100347432,0.90612744635288778,0.074657834050342584,1.3877787807814457e-16
0,10,2,1.9634954084936207,0.39269908169872414,0.85355339059327395,0.14644660940672613,0.70710678118654724,0.85355339059327373,0.14644660940672621,2.3714374201337736e-16
0,10,3,1.9634954084936207,0.58904862254808621,0.76817775671141653,0.21260752369181402,1.0265599343186722,0.7681777567114163,0.21260752369181407,2.2887833992611187e-16
0,10,4,1.9634954084936207,0.78539816339744828,0.6532814824381884,0.27059805007309834,1.3065629648763759,0.65328148243818829,0.27059805007309845,1.5700924586837752e-16
0,10,5,1.9634954084936207,0.98174770424681035,0.51327996715933666,0.31818964514320836,1.5363555134228326,0.51327996715933677,0.31818964514320847,1.5700924586837752e-16
0,10,6,1.9634954084936207,1.1780972450961724,0.3535533905932739,0.35355339059327362,1.7071067811865464,0.35355339059327384,0.35355339059327373,1.2412670766236366e-16
0,10,7,1.9634954084936207,1.3744467859455345,0.18023995550173713,0.37533027751786507,1.8122548927057747,0.18023995550173702,0.37533027751786519,1.5700924586837752e-16
0,10,8,1.9634954084936207,1.5707963267948966,1.0159560114340587e-16,0.38268343236508956,1.8477590650225726,5.6571305614385013e-17,0.38268343236508973,1.7251254559324317e-16
0,10,9,1.9634954084936207,1.7671458676442586,-0.18023995550173694,0.37533027751786507,1.8122548927057753,-0.18023995550173691,0.37533027751786519,1.1443916996305594e-16
0,10,10,1.9634954084936207,1.9634954084936207,-0.35355339059327368,0.35355339059327362,1.7071067811865461,-0.35355339059327373,0.35355339059327373,1.2412670766236366e-16
0,10,11,1.9634954084936207,2.1598449493429825,-0.51327996715933655,0.31818964514320841,1.5363555134228326,-0.51327996715933655,0.31818964514320852,1.1102230246251565e-16
0,10,12,1.9634954084936207,2.3561944901923448,-0.65328148243818818,0.27059805007309845,1.306562964876377,-0.65328148243818818,0.27059805007309851,5.5511151231257827e-17
0,10,13,1.9634954084936207,2.5525440310417071,-0.7681777567114163,0.21260752369181407,1.0265599343186731,-0.76817775671141642,0.21260752369181407,1.1102230246251565e-16
0,10,14,1.9634954084936207,2.748893571891069,-0.85355339059327373,0.14644660940672621,0.70710678118654691,-0.85355339059327373,0.14644660940672627,5.5511151231257827e-17
0,10,15,1.9634954084936207,2.9452431127404308,-0.90612744635288789,0.074657834050342611,0.36047991100347426,-0.90612744635288778,0.074657834050342722,1.5700924586837752e-16
0,10,16,1.9634954084936207,3.1415926535897931,-0.92387953251128663,6.0804176498425485e-17,6.1122986358846066e-17,-0.92387953251128674,4.6865204053262974e-17,1.1189390777386099e-16
0,10,17,1.9634954084936207,3.3379421944391554,-0.90612744635288778,-0.074657834050342486,-0.36047991100347387,-0.90612744635288778,-0.074657834050342625,1.3877787807814457e-16
0,10,18,1.9634954084936207,3.5342917352885173,-0.85355339059327384,-0.14644660940672613,-0.70710678118654613,-0.85355339059327384,-0.14644660940672619,5.5511151231257827e-17
0,10,19,1.9634954084936207,3.7306412761378791,-0.76817775671141653,-0.21260752369181402,-1.0265599343186724,-0.76817775671141653,-0.21260752369181399,2.7755575615628914e-17
0,10,20,1.9634954084936207,3.9269908169872414,-0.6532814824381884,-0.27059805007309834,-1.306562964876377,-0.6532814824381884,-0.27059805007309845,1.1102230246251565e-16
0,10,21,1.9634954084936207,4.1233403578366037,-0.51327996715933666,-0.3181896451432083,-1.5363555134228317,-0.51327996715933666,-0.31818964514320847,1.6653345369377348e-16
0,10,22,1.9634954084936207,4.3196898986859651,-0.35355339059327406,-0.35355339059327356,-1.7071067811865448,-0.35355339059327429,-0.35355339059327362,2.2887833992611187e-16
0,10,23,1.9634954084936207,4.5160394395353274,-0.18023995550173746,-0.37533027751786507,-1.8122548927057753,-0.18023995550173735,-0.37533027751786513,1.2412670766236366e-16
0,10,24,1.9634954084936207,4.7123889803846897,-1.4982897179117842e-16,-0.38268343236508962,-1.8477590650225748,-1.6971391684315505e-16,-0.38268343236508973,1.1278901845391882e-16
0,10,25,1.9634954084936207,4.908738521234052,0.18023995550173716,-0.37533027751786507,-1.8122548927057756,0.18023995550173702,-0.37533027751786519,1.7772239894833365e-16
0,10,26,1.9634954084936207,5.1050880620834143,0.35355339059327384,-0.35355339059327362,-1.7071067811865452,0.35355339059327395,-0.35355339059327368,1.2412670766236366e-16
0,10,27,1.9634954084936207,5.3014376029327757,0.51327996715933655,-0.31818964514320836,-1.5363555134228317,0.51327996715933644,-0.31818964514320852,2.0014830212433605e-16
0,10,28,1.9634954084936207,5.497787143782138,0.65328148243818818,-0.27059805007309845,-1.3065629648763768,0.65328148243818807,-0.27059805007309851,1.2412670766236366e-16
0,10,29,1.9634954084936207,5.6941366846315002,0.7681777567114163,-0.21260752369181404,-1.0265599343186731,0.7681777567114163,-0.21260752369181407,2.7755575615628914e-17
0,10,30,1.9634954084936207,5.8904862254808616,0.85355339059327362,-0.14644660940672621,-0.70710678118654724,0.85355339059327351,-0.14644660940672646,2.7336071744532853e-16
0,10,31,1.9634954084936207,6.0868357663302239,0.90612744635288778,-0.074657834050342597,-0.36047991100347493,0.90612744635288767,-0.074657834050342764,2.0014830212433605e-16
0,11,0,2.1598449493429825,0,0.83146961230254535,-1.1577643524213275e-16,-3.3436901218245827e-16,0.83146961230254546,0,1.6040615512334329e-16
0,11,1,2.1598449493429825,0.19634954084936207,0.81549315684891721,0.10838637566236946,0.32442334882145879,0.81549315684891732,0.10838637566236956,1.4752290795525882e-16
0,11,2,2.1598449493429825,0.39269908169872414,0.76817775671141642,0.21260752369181399,0.63637929028641682,0.76817775671141653,0.21260752369181402,1.1443916996305594e-16
0,11,3,2.1598449493429825,0.58904862254808621,0.69134171618254514,0.30865828381745491,0.92387953251128596,0.69134171618254503,0.30865828381745491,1.1102230246251565e-16
0,11,4,2.1598449493429825,0.78539816339744828,0.58793780120967953,0.39284747919355084,1.1758756024193591,0.58793780120967953,0.39284747919355084,0
0,11,5,2.1598449493429825,0.98174770424681035,0.46193976625564337,0.46193976625564309,1.3826834323650912,0.46193976625564354,0.46193976625564315,1.7554167342883506e-16
0,11,6,2.1598449493429825,1.1780972450961724,0.31818964514320858,0.51327996715933644,1.5363555134228328,0.31818964514320863,0.51327996715933655,1.2412670766236366e-16
0,11,7,2.1598449493429825,1.3744467859455345,0.16221167441072901,0.54489510677581832,1.6309863136978349,0.16221167441072898,0.54489510677581843,1.1443916996305594e-16
0,11,8,2.1598449493429825,1.5707963267948966,8.2377992051169624e-17,0.55557023301960196,1.6629392246050909,5.0912829964730152e-17,0.55557023301960196,3.1465162086439472e-17
0,11,9,2.1598449493429825,1.7671458676442586,-0.16221167441072884,0.54489510677581832,1.6309863136978349,-0.16221167441072887,0.54489510677581843,1.1443916996305594e-16
0,11,10,2.1598449493429825,1.9634954084936207,-0.31818964514320841,0.51327996715933655,1.5363555134228324,-0.31818964514320852,0.51327996715933655,1.1102230246251565e-16
0,11,11,2.1598449493429825,2.1598449493429825,-0.46193976625564326,0.4619397662556432,1.3826834323650907,-0.46193976625564326,0.46193976625564326,5.5511151231257827e-17
0,11,12,2.1598449493429825,2.3561944901923448,-0.58793780120967931,0.39284747919355095,1.1758756024193593,-0.58793780120967942,0.39284747919355095,1.1102230246251565e-16
0,11,13,2.1598449493429825,2.5525440310417071,-0.69134171618254492,0.30865828381745497,0.92387953251128685,-0.69134171618254514,0.30865828381745491,2.2887833992611187e-16
0,11,14,2.1598449493429825,2.748893571891069,-0.7681777567114163,0.21260752369181404,0.63637929028641738,-0.76817775671141653,0.21260752369181407,2.2377260456559048e-16
0,11,15,2.1598449493429825,2.9452431127404308,-0.81549315684891721,0.10838637566236965,0.32442334882145868,-0.81549315684891732,0.10838637566236975,1.4752290795525882e-16
0,11,16,2.1598449493429825,3.1415926535897931,-0.83146961230254524,1.0851087551512458e-16,-3.8867596231042181e-16,-0.83146961230254546,6.8037730756900471e-17,2.2570308376921526e-16
0,11,17,2.1598449493429825,3.3379421944391554,-0.8154931568489171,-0.10838637566236947,-0.32442334882145846,-0.81549315684891732,-0.10838637566236961,2.6184557666721351e-16
0,11,18,2.1598449493429825,3.5342917352885173,-0.7681777567114163,-0.21260752369181396,-0.63637929028641593,-0.76817775671141664,-0.21260752369181396,3.3306690738754696e-16
0,11,19,2.1598449493429825,3.7306412761378791,-0.69134171618254514,-0.30865828381745491,-0.92387953251128585,-0.69134171618254525,-0.3086582838174548,1.5700924586837752e-16
0,11,20,2.1598449493429825,3.9269908169872414,-0.58793780120967964,-0.39284747919355084,-1.1758756024193595,-0.58793780120967964,-0.39284747919355084,0
0,11,21,2.1598449493429825,4.1233403578366037,-0.46193976625564337,-0.46193976625564309,-1.3826834323650901,-0.46193976625564348,-0.46193976625564315,1.2412670766236366e-16
0,11,22,2.1598449493429825,4.3196898986859651,-0.3181896451432088,-0.51327996715933644,-1.5363555134228317,-0.31818964514320902,-0.51327996715933633,2.4825341532472731e-16
0,11,23,2.1598449493429825,4.5160394395353274,-0.16221167441072931,-0.54489510677581832,-1.6309863136978353,-0.16221167441072926,-0.54489510677581832,5.5511151231257827e-17
0,11,24,2.1598449493429825,4.7123889803846897,-1.2739073542849465e-16,-0.55557023301960196,-1.6629392246050927,-1.5273848989419045e-16,-0.55557023301960196,2.53477544656958e-17
0,11,25,2.1598449493429825,4.908738521234052,0.16221167441072903,-0.54489510677581832,-1.6309863136978353,0.16221167441072895,-0.54489510677581843,1.3877787807814457e-16
0,11,26,2.1598449493429825,5.1050880620834143,0.31818964514320858,-0.51327996715933644,-1.5363555134228317,0.31818964514320874,-0.51327996715933644,1.6653345369377348e-16
0,11,27,2.1598449493429825,5.3014376029327757,0.4619397662556432,-0.4619397662556432,-1.3826834323650903,0.4619397662556432,-0.46193976625564326,5.5511151231257827e-17
0,11,28,2.1598449493429825,5.497787143782138,0.58793780120967942,-0.39284747919355095,-1.1758756024193597,0.58793780120967942,-0.39284747919355101,5.5511151231257827e-17
0,11,29,2.1598449493429825,5.6941366846315002,0.69134171618254492,-0.30865828381745503,-0.92387953251128674,0.69134171618254503,-0.30865828381745491,1.5700924586837752e-16
0,11,30,2.1598449493429825,5.8904862254808616,0.76817775671141619,-0.21260752369181404,-0.63637929028641749,0.7681777567114163,-0.21260752369181435,3.2487068343022356e-16
0,11,31,2.1598449493429825,6.0868357663302239,0.8154931568489171,-0.10838637566236965,-0.32442334882145923,0.81549315684891721,-0.10838637566236982,2.0014830212433605e-16
0,12,0,2.3561944901923448,0,0.70710678118654768,-1.1296955553040066e-16,3.040866892750904e-16,0.70710678118654757,0,1.5839214665132419e-16
0,12,1,2.3561944901923448,0.19634954084936207,0.69351992266107387,0.13794968964147142,0.27589937928294411,0.69351992266107376,0.13794968964147147,1.2412670766236366e-16
0,12,2,2.3561944901923448,0.39269908169872414,0.6532814824381884,0.2705980500730984,0.5411961001461969,0.65328148243818829,0.27059805007309845,1.2412670766236366e-16
0,12,3,2.3561944901923448,0.58904862254808621,0.58793780120967964,0.39284747919355095,0.7856949583871019,0.58793780120967942,0.39284747919355101,2.2887833992611187e-16
0,12,4,2.3561944901923448,0.78539816339744828,0.50000000000000022,0.49999999999999994,1.0000000000000013,0.50000000000000011,0.49999999999999989,1.2412670766236366e-16
0,12,5,2.3561944901923448,0.98174770424681035,0.39284747919355112,0.5879378012096792,1.1758756024193602,0.39284747919355117,0.58793780120967931,1.2412670766236366e-16
0,12,6,2.3561944901923448,1.1780972450961724,0.27059805007309856,0.65328148243818829,1.3065629648763768,0.27059805007309856,0.65328148243818818,1.1102230246251565e-16
0,12,7,2.3561944901923448,1.3744467859455345,0.13794968964147164,0.69351992266107365,1.3870398453221484,0.13794968964147156,0.69351992266107365,8.3266726846886741e-17
0,12,8,2.3561944901923448,1.5707963267948966,5.6953794878197091e-17,0.70710678118654746,1.4142135623730963,4.329780281177467e-17,0.70710678118654746,1.3655992066422421e-17
0,12,9,2.3561944901923448,1.7671458676442586,-0.1379496896414715,0.69351992266107365,1.3870398453221477,-0.13794968964147147,0.69351992266107365,2.7755575615628914e-17
0,12,10,2.3561944901923448,1.9634954084936207,-0.27059805007309845,0.65328148243818829,1.306562964876377,-0.27059805007309851,0.65328148243818818,1.2412670766236366e-16
0,12,11,2.3561944901923448,2.1598449493429825,-0.39284747919355101,0.58793780120967931,1.1758756024193602,-0.39284747919355095,0.58793780120967942,1.2412670766236366e-16
0,12,12,2.3561944901923448,2.3561944901923448,-0.50000000000000011,0.5,1.0000000000000009,-0.5,0.5,1.1102230246251565e-16
0,12,13,2.3561944901923448,2.5525440310417071,-0.58793780120967942,0.39284747919355112,0.78569495838710235,-0.58793780120967942,0.39284747919355101,1.1102230246251565e-16
0,12,14,2.3561944901923448,2.748893571891069,-0.6532814824381884,0.27059805007309862,0.54119610014619779,-0.65328148243818829,0.27059805007309856,1.2412670766236366e-16
0,12,15,2.3561944901923448,2.9452431127404308,-0.69351992266107387,0.13794968964147161,0.27589937928294378,-0.69351992266107376,0.13794968964147172,1.5700924586837752e-16
0,12,16,2.3561944901923448,3.1415926535897931,-0.70710678118654757,8.8687108071348542e-17,-8.8965419233608279e-16,-0.70710678118654757,8.6595605623549316e-17,2.0915024477992261e-18
0,12,17,2.3561944901923448,3.3379421944391554,-0.69351992266107376,-0.13794968964147142,-0.27589937928294367,-0.69351992266107376,-0.13794968964147156,1.3877787807814457e-16
0,12,18,2.3561944901923448,3.5342917352885173,-0.6532814824381884,-0.2705980500730984,-0.54119610014619601,-0.6532814824381884,-0.2705980500730984,0
0,12,19,2.3561944901923448,3.7306412761378791,-0.58793780120967964,-0.39284747919355095,-0.78569495838710235,-0.58793780120967953,-0.39284747919355084,1.5700924586837752e-16
0,12,20,2.3561944901923448,3.9269908169872414,-0.50000000000000022,-0.49999999999999994,-1.000000000000002,-0.50000000000000011,-0.49999999999999989,1.2412670766236366e-16
0,12,21,2.3561944901923448,4.1233403578366037,-0.39284747919355112,-0.5879378012096792,-1.1758756024193593,-0.39284747919355106,-0.58793780120967931,1.2412670766236366e-16
0,12,22,2.3561944901923448,4.3196898986859651,-0.27059805007309873,-0.65328148243818807,-1.3065629648763757,-0.27059805007309889,-0.65328148243818807,1.6653345369377348e-16
0,12,23,2.3561944901923448,4.5160394395353274,-0.13794968964147186,-0.69351992266107365,-1.3870398453221491,-0.13794968964147181,-0.69351992266107354,1.2412670766236366e-16
0,12,24,2.3561944901923448,4.7123889803846897,-8.9776706828080072e-17,-0.70710678118654746,-1.4142135623730971,-1.2989340843532401e-16,-0.70710678118654746,4.0116701607243933e-17
0,12,25,2.3561944901923448,4.908738521234052,0.13794968964147167,-0.69351992266107365,-1.3870398453221484,0.13794968964147153,-0.69351992266107365,1.3877787807814457e-16
0,12,26,2.3561944901923448,5.1050880620834143,0.27059805007309862,-0.65328148243818818,-1.3065629648763764,0.27059805007309867,-0.65328148243818807,1.2412670766236366e-16
0,12,27,2.3561944901923448,5.3014376029327757,0.39284747919355101,-0.58793780120967931,-1.1758756024193597,0.39284747919355084,-0.58793780120967942,2.0014830212433605e-16
0,12,28,2.3561944901923448,5.497787143782138,0.50000000000000011,-0.5,-1.0000000000000011,0.49999999999999989,-0.50000000000000011,2.4825341532472731e-16
0,12,29,2.3561944901923448,5.6941366846315002,0.58793780120967942,-0.39284747919355112,-0.78569495838710268,0.58793780120967942,-0.39284747919355101,1.1102230246251565e-16
0,12,30,2.3561944901923448,5.8904862254808616,0.65328148243818829,-0.27059805007309862,-0.54119610014619779,0.65328148243818818,-0.27059805007309889,2.9893669801409083e-16
0,12,31,2.3561944901923448,6.0868357663302239,0.69351992266107376,-0.13794968964147161,-0.27589937928294411,0.69351992266107365,-0.13794968964147181,2.2377260456559048e-16
0,13,0,2.5525440310417071,0,0.55557023301960229,-8.2066549704975389e-17,4.5508878241132137e-17,0.55557023301960218,0,1.3806111047126017e-16
0,13,1,2.5525440310417071,0.19634954084936207,0.54489510677581876,0.16221167441072878,0.2167727513247395,0.54489510677581854,0.16221167441072887,2.3714374201337736e-16
0,13,2,2.5525440310417071,0.39269908169872414,0.51327996715933688,0.31818964514320836,0.42521504738362792,0.51327996715933666,0.31818964514320852,2.7755575615628914e-16
0,13,3,2.5525440310417071,0.58904862254808621,0.46193976625564359,0.46193976625564331,0.6173165676349095,0.46193976625564331,0.46193976625564342,2.9893669801409083e-16
0,13,4,2.5525440310417071,0.78539816339744828,0.39284747919355117,0.5879378012096792,0.78569495838710213,0.39284747919355106,0.58793780120967942,2.4825341532472731e-16
0,13,5,2.5525440310417071,0.98174770424681035,0.30865828381745514,0.6913417161825447,0.92387953251128696,0.30865828381745514,0.69134171618254503,3.3306690738754696e-16
0,13,6,2.5525440310417071,1.1780972450961724,0.21260752369181415,0.76817775671141619,1.0265599343186729,0.21260752369181413,0.76817775671141642,2.2377260456559048e-16
0,13,7,2.5525440310417071,1.3744467859455345,0.10838637566236971,0.8154931568489171,1.0897902135516369,0.10838637566236964,0.81549315684891721,1.3092278833360675e-16
0,13,8,2.5525440310417071,1.5707963267948966,5.3825920797620878e-17,0.83146961230254535,1.1111404660392039,3.4018865378450248e-17,0.83146961230254535,1.980705541917063e-17
0,13,9,2.5525440310417071,1.7671458676442586,-0.1083863756623696,0.81549315684891699,1.0897902135516366,-0.10838637566236957,0.81549315684891721,2.2377260456559048e-16
0,13,10,2.5525440310417071,1.9634954084936207,-0.21260752369181404,0.76817775671141653,1.0265599343186727,-0.21260752369181407,0.76817775671141642,1.1443916996305594e-16
0,13,11,2.5525440310417071,2.1598449493429825,-0.30865828381745497,0.69134171618254514,0.92387953251128718,-0.30865828381745491,0.69134171618254514,5.5511151231257827e-17
0,13,12,2.5525440310417071,2.3561944901923448,-0.39284747919355112,0.58793780120967942,0.78569495838710246,-0.39284747919355101,0.58793780120967942,1.1102230246251565e-16
0,13,13,2.5525440310417071,2.5525440310417071,-0.46193976625564342,0.46193976625564342,0.61731656763490983,-0.46193976625564342,0.46193976625564342,0
0,13,14,2.5525440310417071,2.748893571891069,-0.51327996715933677,0.31818964514320863,0.42521504738362781,-0.51327996715933666,0.31818964514320863,1.1102230246251565e-16
0,13,15,2.5525440310417071,2.9452431127404308,-0.54489510677581865,0.16221167441072898,0.2167727513247393,-0.54489510677581854,0.16221167441072917,2.2377260456559048e-16
0,13,16,2.5525440310417071,3.1415926535897931,-0.55557023301960218,6.5024877157002469e-17,-3.1071427748824887e-16,-0.55557023301960218,1.0182565992946029e-16,3.6800782772457823e-17
0,13,17,2.5525440310417071,3.3379421944391554,-0.54489510677581865,-0.16221167441072878,-0.21677275132473903,-0.54489510677581854,-0.16221167441072898,2.2377260456559048e-16
0,13,18,2.5525440310417071,3.5342917352885173,-0.51327996715933677,-0.31818964514320841,-0.42521504738362725,-0.51327996715933677,-0.31818964514320847,5.5511151231257827e-17
0,13,19,2.5525440310417071,3.7306412761378791,-0.46193976625564359,-0.46193976625564326,-0.61731656763491016,-0.46193976625564348,-0.4619397662556432,1.2412670766236366e-16
0,13,20,2.5525440310417071,3.9269908169872414,-0.39284747919355117,-0.5879378012096792,-0.78569495838710302,-0.39284747919355112,-0.58793780120967942,2.2887833992611187e-16
0,13,21,2.5525440310417071,4.1233403578366037,-0.30865828381745514,-0.6913417161825447,-0.92387953251128596,-0.30865828381745508,-0.69134171618254503,3.3766115072321297e-16
0,13,22,2.5525440310417071,4.3196898986859651,-0.21260752369181429,-0.76817775671141608,-1.026559934318672,-0.2126075236918144,-0.76817775671141619,1.5700924586837752e-16
0,13,23,2.5525440310417071,4.5160394395353274,-0.1083863756623699,-0.8154931568489171,-1.0897902135516375,-0.10838637566236983,-0.8154931568489171,6.9388939039072284e-17
0,13,24,2.5525440310417071,4.7123889803846897,-7.3020801156793624e-17,-0.83146961230254524,-1.1111404660392048,-1.0205659613535074e-16,-0.83146961230254535,1.1475638994894842e-16
0,13,25,2.5525440310417071,4.908738521234052,0.10838637566236972,-0.81549315684891699,-1.0897902135516371,0.10838637566236962,-0.81549315684891721,2.4236514457283391e-16
0,13,26,2.5525440310417071,5.1050880620834143,0.21260752369181415,-0.76817775671141642,-1.0265599343186724,0.21260752369181421,-0.7681777567114163,1.2412670766236366e-16
0,13,27,2.5525440310417071,5.3014376029327757,0.30865828381745497,-0.69134171618254514,-0.92387953251128652,0.30865828381745486,-0.69134171618254514,1.1102230246251565e-16
0,13,28,2.5525440310417071,5.497787143782138,0.39284747919355106,-0.58793780120967942,-0.78569495838710224,0.39284747919355095,-0.58793780120967953,1.5700924586837752e-16
0,13,29,2.5525440310417071,5.6941366846315002,0.46193976625564342,-0.46193976625564348,-0.61731656763491027,0.46193976625564331,-0.46193976625564342,1.2412670766236366e-16
0,13,30,2.5525440310417071,5.8904862254808616,0.51327996715933677,-0.31818964514320863,-0.4252150473836282,0.51327996715933655,-0.31818964514320902,4.4754520913118096e-16
0,13,31,2.5525440310417071,6.0868357663302239,0.54489510677581865,-0.16221167441072898,-0.21677275132473953,0.54489510677581854,-0.16221167441072928,3.2487068343022356e-16
0,14,0,2.748893571891069,0,0.38268343236508989,-1.0914326292239764e-16,-4.6602824437508463e-16,0.38268343236508989,0,1.0914326292239764e-16
0,14,1,2.748893571891069,0.19634954084936207,0.37533027751786541,0.18023995550173685,0.14931566810068536,0.37533027751786535,0.18023995550173696,1.2412670766236366e-16
0,14,2,2.748893571891069,0.39269908169872414,0.3535533905932739,0.35355339059327368,0.29289321881345259,0.35355339059327384,0.35355339059327379,1.2412670766236366e-16
0,14,3,2.748893571891069,0.58904862254808621,0.31818964514320869,0.51327996715933655,0.42521504738362731,0.31818964514320858,0.51327996715933666,1.5700924586837752e-16
0,14,4,2.748893571891069,0.78539816339744828,0.27059805007309867,0.65328148243818818,0.54119610014619624,0.27059805007309862,0.65328148243818818,5.5511151231257827e-17
0,14,5,2.748893571891069,0.98174770424681035,0.21260752369181418,0.76817775671141619,0.63637929028641704,0.21260752369181421,0.7681777567114163,1.1443916996305594e-16
0,14,6,2.748893571891069,1.1780972450961724,0.14644660940672627,0.85355339059327362,0.70710678118654724,0.1464466094067263,0.85355339059327373,1.1443916996305594e-16
0,14,7,2.748893571891069,1.3744467859455345,0.074657834050342667,0.90612744635288767,0.75066055503572959,0.074657834050342653,0.90612744635288778,1.1188630228279524e-16
0,14,8,2.748893571891069,1.5707963267948966,5.8746266266556255e-17,0.92387953251128663,0.7653668647301789,2.3432602026631499e-17,0.92387953251128674,1.1650324684801043e-16
0,14,9,2.748893571891069,1.7671458676442586,-0.074657834050342611,0.90612744635288778,0.75066055503573026,-0.074657834050342597,0.90612744635288778,1.3877787807814457e-17
0,14,10,2.748893571891069,1.9634954084936207,-0.14644660940672621,0.85355339059327384,0.70710678118654691,-0.14644660940672627,0.85355339059327373,1.2412670766236366e-16
0,14,11,2.748893571891069,2.1598449493429825,-0.21260752369181404,0.76817775671141642,0.63637929028641693,-0.21260752369181407,0.76817775671141653,1.1443916996305594e-16
0,14,12,2.748893571891069,2.3561944901923448,-0.27059805007309856,0.6532814824381884,0.54119610014619746,-0.27059805007309856,0.65328148243818829,1.1102230246251565e-16
0,14,13,2.748893571891069,2.5525440310417071,-0.31818964514320858,0.51327996715933677,0.42521504738362809,-0.31818964514320863,0.51327996715933666,1.2412670766236366e-16
0,14,14,2.748893571891069,2.748893571891069,-0.3535533905932739,0.35355339059327379,0.29289321881345187,-0.35355339059327384,0.35355339059327384,7.8504622934188758e-17
0,14,15,2.748893571891069,2.9452431127404308,-0.3753302775178653,0.18023995550173708,0.14931566810068522,-0.37533027751786535,0.1802399555017373,2.2887833992611187e-16
0,14,16,2.748893571891069,3.1415926535897931,-0.38268343236508989,1.0749411353571259e-16,2.3466641940614046e-16,-0.38268343236508989,1.1314261122877003e-16,5.6484976930574387e-18
0,14,17,2.748893571891069,3.3379421944391554,-0.37533027751786535,-0.18023995550173685,-0.14931566810068506,-0.37533027751786535,-0.18023995550173705,1.9428902930940239e-16
0,14,18,2.748893571891069,3.5342917352885173,-0.3535533905932739,-0.35355339059327368,-0.29289321881345198,-0.3535533905932739,-0.35355339059327368,0
0,14,19,2.748893571891069,3.7306412761378791,-0.31818964514320869,-0.51327996715933655,-0.42521504738362764,-0.31818964514320869,-0.51327996715933655,0
0,14,20,2.748893571891069,3.9269908169872414,-0.27059805007309867,-0.65328148243818818,-0.54119610014619701,-0.27059805007309862,-0.65328148243818818,5.5511151231257827e-17
0,14,21,2.748893571891069,4.1233403578366037,-0.21260752369181418,-0.76817775671141619,-0.6363792902864166,-0.21260752369181415,-0.7681777567114163,1.1443916996305594e-16
0,14,22,2.748893571891069,4.3196898986859651,-0.14644660940672638,-0.85355339059327351,-0.70710678118654635,-0.14644660940672649,-0.85355339059327351,1.1102230246251565e-16
0,14,23,2.748893571891069,4.5160394395353274,-0.074657834050342819,-0.90612744635288767,-0.75066055503573004,-0.074657834050342778,-0.90612744635288767,4.163336342344337e-17
0,14,24,2.748893571891069,4.7123889803846897,-7.1895813771870105e-17,-0.92387953251128663,-0.76536686473017979,-7.0297806079894488e-17,-0.92387953251128674,1.1103380238765995e-16
0,14,25,2.748893571891069,4.908738521234052,0.074657834050342708,-0.90612744635288778,-0.75066055503573048,0.074657834050342639,-0.90612744635288778,6.9388939039072284e-17
0,14,26,2.748893571891069,5.1050880620834143,0.1464466094067263,-0.85355339059327373,-0.70710678118654657,0.14644660940672638,-0.85355339059327362,1.3877787807814457e-16
0,14,27,2.748893571891069,5.3014376029327757,0.21260752369181407,-0.76817775671141642,-0.63637929028641638,0.21260752369181404,-0.76817775671141653,1.1443916996305594e-16
0,14,28,2.748893571891069,5.497787143782138,0.27059805007309856,-0.6532814824381884,-0.54119610014619712,0.27059805007309851,-0.6532814824381884,5.5511151231257827e-17
0,14,29,2.748893571891069,5.6941366846315002,0.31818964514320858,-0.51327996715933677,-0.42521504738362831,0.31818964514320858,-0.51327996715933666,1.1102230246251565e-16
0,14,30,2.748893571891069,5.8904862254808616,0.35355339059327384,-0.35355339059327384,-0.29289321881345209,0.35355339059327379,-0.35355339059327434,5.0267485386043072e-16
0,14,31,2.748893571891069,6.0868357663302239,0.3753302775178653,-0.18023995550173708,-0.14931566810068542,0.3753302775178653,-0.18023995550173738,3.0531133177191805e-16
0,15,0,2.9452431127404308,0,0.19509032201612839,-1.4763415711099973e-16,-2.1758700597053071e-16,0.19509032201612861,0,2.6664517794662739e-16
0,15,1,2.9452431127404308,0.19634954084936207,0.19134171618254506,0.19134171618254475,0.07612046748871347,0.19134171618254522,0.19134171618254486,2.0014830212433605e-16
0,15,2,2.9452431127404308,0.39269908169872414,0.18023995550173708,0.37533027751786513,0.14931566810068536,0.1802399555017373,0.37533027751786524,2.4825341532472731e-16
0,15,3,2.9452431127404308,0.58904862254808621,0.16221167441072901,0.54489510677581843,0.21677275132473897,0.16221167441072917,0.54489510677581854,2.0014830212433605e-16
0,15,4,2.9452431127404308,0.78539816339744828,0.1379496896414717,0.69351992266107365,0.27589937928294334,0.13794968964147175,0.69351992266107365,5.5511151231257827e-17
0,15,5,2.9452431127404308,0.98174770424681035,0.10838637566236969,0.81549315684891699,0.32442334882145851,0.10838637566236982,0.8154931568489171,1.6711069443220838e-16
0,15,6,2.9452431127404308,1.1780972450961724,0.074657834050342653,0.90612744635288778,0.36047991100347426,0.07465783405034275,0.90612744635288778,9.7144514654701197e-17
0,15,7,2.9452431127404308,1.3744467859455345,0.038060233744356672,0.96193976625564326,0.38268343236508984,0.0380602337443567,0.96193976625564337,1.1443916996305594e-16
0,15,8,2.9452431127404308,1.5707963267948966,3.3105411249084124e-17,0.98078528040323032,0.39018064403225705,1.1945836920083915e-17,0.98078528040323043,1.1302070266045417e-16
0,15,9,2.9452431127404308,1.7671458676442586,-0.038060233744356665,0.96193976625564326,0.38268343236509034,-0.038060233744356672,0.96193976625564337,1.1123893155135927e-16
0,15,10,2.9452431127404308,1.9634954084936207,-0.074657834050342639,0.90612744635288778,0.36047991100347399,-0.074657834050342722,0.90612744635288778,8.3266726846886741e-17
0,15,11,2.9452431127404308,2.1598449493429825,-0.1083863756623696,0.8154931568489171,0.32442334882145807,-0.10838637566236975,0.81549315684891732,2.6945789820192466e-16
0,15,12,2.9452431127404308,2.3561944901923448,-0.13794968964147153,0.69351992266107387,0.27589937928294372,-0.13794968964147172,0.69351992266107376,2.2377260456559048e-16
0,15,13,2.9452431127404308,2.5525440310417071,-0.16221167441072903,0.54489510677581865,0.21677275132473969,-0.16221167441072917,0.54489510677581854,1.7772239894833365e-16
0,15,14,2.9452431127404308,2.748893571891069,-0.18023995550173713,0.37533027751786535,0.14931566810068519,-0.1802399555017373,0.37533027751786535,1.6653345369377348e-16
0,15,15,2.9452431127404308,2.9452431127404308,-0.191341716182545,0.19134171618254503,0.076120467488713303,-0.19134171618254522,0.19134171618254522,2.9504581591051765e-16
0,15,16,2.9452431127404308,3.1415926535897931,-0.19509032201612836,1.3751281835924894e-16,-3.9298668152614728e-17,-0.19509032201612861,1.2011155542966555e-16,2.504055393750125e-16
0,15,17,2.9452431127404308,3.3379421944391554,-0.19134171618254503,-0.19134171618254472,-0.076120467488713373,-0.19134171618254522,-0.19134171618254497,3.1646225226420963e-16
0,15,18,2.9452431127404308,3.5342917352885173,-0.18023995550173708,-0.37533027751786513,-0.14931566810068511,-0.18023995550173733,-0.37533027751786513,2.4980018054066022e-16
0,15,19,2.9452431127404308,3.7306412761378791,-0.16221167441072901,-0.54489510677581843,-0.21677275132473897,-0.1622116744107292,-0.54489510677581843,1.9428902930940239e-16
0,15,20,2.9452431127404308,3.9269908169872414,-0.1379496896414717,-0.69351992266107365,-0.27589937928294345,-0.13794968964147178,-0.69351992266107365,8.3266726846886741e-17
0,15,21,2.9452431127404308,4.1233403578366037,-0.10838637566236971,-0.81549315684891699,-0.32442334882145829,-0.10838637566236979,-0.8154931568489171,1.3877787807814457e-16
0,15,22,2.9452431127404308,4.3196898986859651,-0.074657834050342708,-0.90612744635288767,-0.3604799110034741,-0.074657834050342847,-0.90612744635288756,1.7772239894833365e-16
0,15,23,2.9452431127404308,4.5160394395353274,-0.038060233744356735,-0.96193976625564326,-0.38268343236509006,-0.038060233744356763,-0.96193976625564326,2.7755575615628914e-17
0,15,24,2.9452431127404308,4.7123889803846897,-4.355292559243275e-17,-0.98078528040323032,-0.39018064403225733,-3.5837510760251742e-17,-0.98078528040323043,1.1129006815574762e-16
0,15,25,2.9452431127404308,4.908738521234052,0.038060233744356707,-0.96193976625564326,-0.3826834323650905,0.038060233744356693,-0.96193976625564337,1.1188630228279524e-16
0,15,26,2.9452431127404308,5.1050880620834143,0.074657834050342681,-0.90612744635288767,-0.36047991100347382,0.074657834050342778,-0.90612744635288767,9.7144514654701197e-17
0,15,27,2.9452431127404308,5.3014376029327757,0.1083863756623696,-0.8154931568489171,-0.32442334882145785,0.10838637566236974,-0.81549315684891732,2.6184557666721351e-16
0,15,28,2.9452431127404308,5.497787143782138,0.13794968964147153,-0.69351992266107387,-0.27589937928294372,0.13794968964147172,-0.69351992266107387,1.9428902930940239e-16
0,15,29,2.9452431127404308,5.6941366846315002,0.16221167441072903,-0.54489510677581865,-0.21677275132473964,0.16221167441072917,-0.54489510677581854,1.7772239894833365e-16
0,15,30,2.9452431127404308,5.8904862254808616,0.1802399555017371,-0.37533027751786535,-0.14931566810068506,0.18023995550173724,-0.37533027751786585,5.1851694305630762e-16
0,15,31,2.9452431127404308,6.0868357663302239,0.19134171618254495,-0.19134171618254503,-0.076120467488713428,0.1913417161825452,-0.19134171618254533,3.9448084808579573e-16
0,16,0,3.1415926535897931,0,1.3814853701793342e-16,-1.5416596737376567e-16,9.3377543731334996e-17,1.2246467991473532e-16,0,1.5496170130042623e-16
0,16,1,3.1415926535897931,0.19634954084936207,1.2874173940267603e-16,0.19509032201612811,-4.169259963671547e-17,1.2011155542966555e-16,0.19509032201612825,1.3904596189490858e-16
0,16,2,3.1415926535897931,0.39269908169872414,1.1959098620512878e-16,0.38268343236508967,-9.1489456839455513e-17,1.1314261122877003e-16,0.38268343236508978,1.1120941139990824e-16
0,16,3,3.1415926535897931,0.58904862254808621,1.0239728783722033e-16,0.55557023301960207,1.5189475816817559e-17,1.0182565992946028e-16,0.55557023301960218,1.1102377404206381e-16
0,16,4,3.1415926535897931,0.78539816339744828,9.8616067535491277e-17,0.70710678118654746,2.2188598735786548e-16,8.6595605623549341e-17,0.70710678118654746,1.2020461911941936e-17
0,16,5,3.1415926535897931,0.98174770424681035,8.2249060423522955e-17,0.83146961230254512,1.3608009238554941e-16,6.8037730756900508e-17,0.83146961230254524,1.1192816238539669e-16
0,16,6,3.1415926535897931,1.1780972450961724,4.9235158630440879e-17,0.92387953251128663,1.1064063352780504e-16,4.6865204053262992e-17,0.92387953251128674,1.1104759488064654e-16
0,16,7,3.1415926535897931,1.3744467859455345,1.6097803691941859e-17,0.98078528040323032,1.7037212284141635e-16,2.3891673840167796e-17,0.98078528040323043,1.1129553475304263e-16
0,16,8,3.1415926535897931,1.5707963267948966,-1.3130474153331888e-17,0.99999999999999989,4.6411703773317755e-17,7.498798913309288e-33,1,1.117960687840571e-16
0,16,9,3.1415926535897931,1.7671458676442586,-3.7323142479452777e-17,0.98078528040323032,-1.2484431830293377e-16,-2.389167384016778e-17,0.98078528040323043,1.1183182013133117e-16
0,16,10,3.1415926535897931,1.9634954084936207,-4.6880005955942837e-17,0.92387953251128674,-1.3858535596933966e-16,-4.6865204053262974e-17,0.92387953251128674,1.4801902679863212e-20
0,16,11,3.1415926535897931,2.1598449493429825,-5.2842464554546301e-17,0.83146961230254524,-1.251661977878132e-16,-6.8037730756900471e-17,0.83146961230254546,2.2256392944786367e-16
0,16,12,3.1415926535897931,2.3561944901923448,-8.2493329618601483e-17,0.70710678118654768,-8.9998456372016681e-17,-8.6595605623549316e-17,0.70710678118654757,1.1109806619603728e-16
0,16,13,3.1415926535897931,2.5525440310417071,-1.2110736605311448e-16,0.55557023301960229,9.6943655853127467e-17,-1.0182565992946029e-16,0.55557023301960218,1.1268423064083667e-16
0,16,14,3.1415926535897931,2.748893571891069,-1.2821574597254373e-16,0.38268343236508984,4.6004058063920021e-17,-1.1314261122877003e-16,0.38268343236508989,5.7521190026141979e-17
0,16,15,3.1415926535897931,2.9452431127404308,-1.3420964819353461e-16,0.19509032201612839,-4.6172687870112462e-17,-1.2011155542966555e-16,0.19509032201612861,2.2249171399378428e-16
0,16,16,3.1415926535897931,3.1415926535897931,-1.3642505901236267e-16,1.3073520913334208e-16,-9.8029008452546665e-17,-1.2246467991473532e-16,1.2246467991473532e-16,1.622633162810679e-17
0,16,17,3.1415926535897931,3.3379421944391554,-1.3341357233605432e-16,-0.19509032201612811,3.480068941351657e-17,-1.2011155542966555e-16,-0.19509032201612836,2.5015410021009908e-16
0,16,18,3.1415926535897931,3.5342917352885173,-1.1992674662735605e-16,-0.38268343236508967,-2.0280441845152437e-17,-1.1314261122877005e-16,-0.38268343236508967,6.784135398586003e-18
0,16,19,3.1415926535897931,3.7306412761378791,-9.7392955351044571e-17,-0.55557023301960207,-2.5487354604202628e-18,-1.018256599294603e-16,-0.55557023301960196,1.1111075786780421e-16
0,16,20,3.1415926535897931,3.9269908169872414,-1.0400438226069363e-16,-0.70710678118654746,-8.4325375683732791e-17,-8.6595605623549353e-17,-0.70710678118654746,1.7408776637144281e-17
0,16,21,3.1415926535897931,4.1233403578366037,-9.2466178310357488e-17,-0.83146961230254512,-1.6214962406137834e-16,-6.8037730756900496e-17,-0.83146961230254524,1.1367805722280052e-16
0,16,22,3.1415926535897931,4.3196898986859651,-5.0783575756108405e-17,-0.92387953251128652,-2.2142175759230002e-16,-4.6865204053263054e-17,-0.92387953251128652,3.9183717028453512e-18
0,16,23,3.1415926535897931,4.5160394395353274,-1.6830876617593623e-17,-0.98078528040323032,-1.7416753902819759e-16,-2.3891673840167839e-17,-0.98078528040323032,7.0607972225742156e-18
0,16,24,3.1415926535897931,4.7123889803846897,9.1620493082439785e-18,-0.99999999999999989,-6.1518013651868513e-17,-2.2496396739927864e-32,-1,1.1139970732279778e-16
0,16,25,3.1415926535897931,4.908738521234052,3.65835393648608e-17,-0.98078528040323032,7.9065086765610057e-17,2.3891673840167793e-17,-0.98078528040323043,1.1174540301316739e-16
0,16,26,3.1415926535897931,5.1050880620834143,4.513127934745234e-17,-0.92387953251128663,1.5009668138914034e-16,4.686520405326301e-17,-0.92387953251128663,1.733924705810671e-18
0,16,27,3.1415926535897931,5.3014376029327757,5.1283526726432314e-17,-0.83146961230254524,8.0258609393919079e-17,6.8037730756900459e-17,-0.83146961230254546,2.2267579556163664e-16
0,16,28,3.1415926535897931,5.497787143782138,9.0721274186601616e-17,-0.70710678118654768,9.630922699847152e-18,8.6595605623549304e-17,-0.70710678118654768,4.125668563052312e-18
0,16,29,3.1415926535897931,5.6941366846315002,1.3011917521780832e-16,-0.55557023301960229,-5.7534479807158097e-17,1.0182565992946028e-16,-0.55557023301960218,1.145708280996969e-16
0,16,30,3.1415926535897931,5.8904862254808616,1.285434616944347e-16,-0.38268343236508984,-1.9079010857064574e-17,1.1314261122877e-16,-0.38268343236509039,5.5532510955027374e-16
0,16,31,3.1415926535897931,6.0868357663302239,1.3540356580002185e-16,-0.19509032201612839,-2.5112897235473416e-17,1.2011155542966553e-16,-0.19509032201612872,3.3341777153875865e-16
0,17,0,3.3379421944391554,0,-0.19509032201612811,-1.7290649785994949e-16,2.3022907577917405e-16,-0.19509032201612836,0,3.0380386304380523e-16
0,17,1,3.3379421944391554,0.19634954084936207,-0.19134171618254478,0.1913417161825447,-0.076120467488713359,-0.19134171618254497,0.19134171618254486,2.5589376332604516e-16
0,17,2,3.3379421944391554,0.39269908169872414,-0.18023995550173685,0.37533027751786513,-0.14931566810068519,-0.18023995550173705,0.37533027751786524,2.2377260456559048e-16
0,17,3,3.3379421944391554,0.58904862254808621,-0.16221167441072884,0.54489510677581843,-0.21677275132473892,-0.16221167441072895,0.54489510677581854,1.5700924586837752e-16
0,17,4,3.3379421944391554,0.78539816339744828,-0.13794968964147147,0.69351992266107365,-0.275899379282943,-0.13794968964147158,0.69351992266107365,1.1102230246251565e-16
0,17,5,3.3379421944391554,0.98174770424681035,-0.10838637566236953,0.81549315684891699,-0.32442334882145796,-0.10838637566236968,0.8154931568489171,1.8875832159447664e-16
0,17,6,3.3379421944391554,1.1780972450961724,-0.07465783405034257,0.90612744635288778,-0.3604799110034736,-0.074657834050342653,0.90612744635288778,8.3266726846886741e-17
0,17,7,3.3379421944391554,1.3744467859455345,-0.038060233744356631,0.96193976625564326,-0.38268343236508917,-0.038060233744356652,0.96193976625564337,1.1295700899707568e-16
0,17,8,3.3379421944391554,1.5707963267948966,-4.07814712490196e-17,0.98078528040323032,-0.3901806440322565,-1.1945836920083901e-17,0.98078528040323043,1.1470590852798475e-16
0,17,9,3.3379421944391554,1.7671458676442586,0.038060233744356596,0.96193976625564326,-0.38268343236508989,0.038060233744356624,0.96193976625564337,1.1443916996305594e-16
0,17,10,3.3379421944391554,1.9634954084936207,0.074657834050342556,0.90612744635288778,-0.36047991100347354,0.074657834050342625,0.90612744635288778,6.9388939039072284e-17
0,17,11,3.3379421944391554,2.1598449493429825,0.10838637566236949,0.8154931568489171,-0.32442334882145762,0.10838637566236961,0.81549315684891732,2.5476231888929306e-16
0,17,12,3.3379421944391554,2.3561944901923448,0.13794968964147136,0.69351992266107387,-0.27589937928294328,0.13794968964147156,0.69351992266107376,2.2377260456559048e-16
0,17,13,3.3379421944391554,2.5525440310417071,0.16221167441072876,0.54489510677581865,-0.21677275132473925,0.16221167441072898,0.54489510677581854,2.4825341532472731e-16
0,17,14,3.3379421944391554,2.748893571891069,0.18023995550173685,0.37533027751786535,-0.14931566810068492,0.18023995550173705,0.37533027751786535,1.9428902930940239e-16
0,17,15,3.3379421944391554,2.9452431127404308,0.19134171618254472,0.19134171618254503,-0.07612046748871297,0.19134171618254497,0.19134171618254522,3.1646225226420963e-16
0,17,16,3.3379421944391554,3.1415926535897931,0.19509032201612808,1.4940944066521803e-16,-2.5008555469021393e-18,0.19509032201612836,1.2011155542966555e-16,2.7909776755603949e-16
0,17,17,3.3379421944391554,3.3379421944391554,0.19134171618254475,-0.19134171618254472,0.07612046748871315,0.19134171618254497,-0.19134171618254497,3.3422138886441676e-16
0,17,18,3.3379421944391554,3.5342917352885173,0.18023995550173685,-0.37533027751786513,0.14931566810068495,0.18023995550173708,-0.37533027751786513,2.2204460492503131e-16
0,17,19,3.3379421944391554,3.7306412761378791,0.16221167441072878,-0.54489510677581843,0.21677275132473903,0.16221167441072901,-0.54489510677581843,2.2204460492503131e-16
0,17,20,3.3379421944391554,3.9269908169872414,0.13794968964147147,-0.69351992266107365,0.27589937928294311,0.13794968964147161,-0.69351992266107365,1.3877787807814457e-16
0,17,21,3.3379421944391554,4.1233403578366037,0.10838637566236954,-0.81549315684891699,0.32442334882145774,0.10838637566236965,-0.8154931568489171,1.5700924586837752e-16
0,17,22,3.3379421944391554,4.3196898986859651,0.074657834050342597,-0.90612744635288767,0.36047991100347354,0.07465783405034275,-0.90612744635288756,1.8875832159447664e-16
0,17,23,3.3379421944391554,4.5160394395353274,0.038060233744356679,-0.96193976625564326,0.3826834323650895,0.038060233744356714,-0.96193976625564326,3.4694469519536142e-17
0,17,24,3.3379421944391554,4.7123889803846897,4.739192092187286e-17,-0.98078528040323032,0.39018064403225677,3.5837510760251698e-17,-0.98078528040323043,1.1162193349992323e-16
0,17,25,3.3379421944391554,4.908738521234052,-0.038060233744356638,-0.96193976625564326,0.38268343236509006,-0.038060233744356645,-0.96193976625564337,1.1123893155135927e-16
0,17,26,3.3379421944391554,5.1050880620834143,-0.074657834050342597,-0.90612744635288767,0.36047991100347337,-0.074657834050342681,-0.90612744635288767,8.3266726846886741e-17
0,17,27,3.3379421944391554,5.3014376029327757,-0.10838637566236949,-0.8154931568489171,0.32442334882145729,-0.1083863756623696,-0.81549315684891732,2.4825341532472731e-16
0,17,28,3.3379421944391554,5.497787143782138,-0.13794968964147136,-0.69351992266107387,0.27589937928294339,-0.13794968964147153,-0.69351992266107387,1.6653345369377348e-16
0,17,29,3.3379421944391554,5.6941366846315002,-0.16221167441072876,-0.54489510677581865,0.21677275132473936,-0.16221167441072895,-0.54489510677581854,2.2377260456559048e-16
0,17,30,3.3379421944391554,5.8904862254808616,-0.18023995550173683,-0.37533027751786535,0.14931566810068483,-0.18023995550173702,-0.37533027751786585,5.3604920268812602e-16
0,17,31,3.3379421944391554,6.0868357663302239,-0.19134171618254467,-0.19134171618254503,0.076120467488713095,-0.19134171618254495,-0.19134171618254533,4.1261629522333659e-16
0,18,0,3.5342917352885173,0,-0.38268343236508967,-1.7854831014641606e-16,6.6124213946249097e-16,-0.38268343236508967,0,1.7854831014641606e-16
0,18,1,3.5342917352885173,0.19634954084936207,-0.37533027751786519,0.18023995550173685,-0.14931566810068503,-0.37533027751786513,0.18023995550173696,1.2412670766236366e-16
0,18,2,3.5342917352885173,0.39269908169872414,-0.35355339059327368,0.35355339059327368,-0.29289321881345204,-0.35355339059327368,0.35355339059327379,1.1102230246251565e-16
0,18,3,3.5342917352885173,0.58904862254808621,-0.31818964514320847,0.51327996715933655,-0.42521504738362687,-0.31818964514320841,0.51327996715933677,2.2887833992611187e-16
0,18,4,3.5342917352885173,0.78539816339744828,-0.27059805007309845,0.65328148243818818,-0.54119610014619557,-0.27059805007309845,0.65328148243818829,1.1102230246251565e-16
0,18,5,3.5342917352885173,0.98174770424681035,-0.21260752369181407,0.76817775671141619,-0.63637929028641638,-0.21260752369181407,0.76817775671141642,2.2204460492503131e-16
0,18,6,3.5342917352885173,1.1780972450961724,-0.14644660940672621,0.85355339059327384,-0.70710678118654657,-0.14644660940672621,0.85355339059327384,0
0,18,7,3.5342917352885173,1.3744467859455345,-0.074657834050342611,0.90612744635288789,-0.75066055503572893,-0.074657834050342611,0.90612744635288789,0
0,18,8,3.5342917352885173,1.5707963267948966,-4.0843931797543445e-17,0.92387953251128685,-0.76536686473017779,-2.3432602026631484e-17,0.92387953251128685,1.7411329770911961e-17
0,18,9,3.5342917352885173,1.7671458676442586,0.074657834050342556,0.90612744635288778,-0.75066055503572915,0.074657834050342556,0.90612744635288789,1.1102230246251565e-16
0,18,10,3.5342917352885173,1.9634954084936207,0.14644660940672616,0.85355339059327384,-0.7071067811865458,0.14644660940672619,0.85355339059327384,2.7755575615628914e-17
0,18,11,3.5342917352885173,2.1598449493429825,0.21260752369181393,0.76817775671141642,-0.6363792902864156,0.21260752369181396,0.76817775671141664,2.2377260456559048e-16
0,18,12,3.5342917352885173,2.3561944901923448,0.27059805007309834,0.6532814824381884,-0.54119610014619635,0.2705980500730984,0.6532814824381884,5.5511151231257827e-17
0,18,13,3.5342917352885173,2.5525440310417071,0.31818964514320836,0.51327996715933677,-0.42521504738362764,0.31818964514320847,0.51327996715933677,1.1102230246251565e-16
0,18,14,3.5342917352885173,2.748893571891069,0.35355339059327368,0.3535533905932739,-0.29289321881345165,0.35355339059327368,0.3535533905932739,0
0,18,15,3.5342917352885173,2.9452431127404308,0.37533027751786507,0.18023995550173713,-0.14931566810068483,0.37533027751786513,0.18023995550173733,2.0206364052201326e-16
0,18,16,3.5342917352885173,3.1415926535897931,0.38268343236508956,1.5713067352049983e-16,-3.4525878187173346e-16,0.38268343236508967,1.1314261122877005e-16,1.1941901552206586e-16
0,18,17,3.5342917352885173,3.3379421944391554,0.37533027751786513,-0.18023995550173685,0.14931566810068478,0.37533027751786513,-0.18023995550173708,2.2204460492503131e-16
0,18,18,3.5342917352885173,3.5342917352885173,0.35355339059327368,-0.35355339059327368,0.29289321881345176,0.35355339059327373,-0.35355339059327373,7.8504622934188758e-17
0,18,19,3.5342917352885173,3.7306412761378791,0.31818964514320847,-0.51327996715933655,0.42521504738362709,0.31818964514320847,-0.51327996715933655,0
0,18,20,3.5342917352885173,3.9269908169872414,0.27059805007309845,-0.65328148243818818,0.5411961001461959,0.27059805007309851,-0.65328148243818829,1.2412670766236366e-16
0,18,21,3.5342917352885173,4.1233403578366037,0.21260752369181407,-0.76817775671141619,0.63637929028641593,0.21260752369181404,-0.76817775671141642,2.2377260456559048e-16
0,18,22,3.5342917352885173,4.3196898986859651,0.14644660940672627,-0.85355339059327373,0.70710678118654613,0.14644660940672641,-0.85355339059327362,1.7772239894833365e-16
0,18,23,3.5342917352885173,4.5160394395353274,0.074657834050342736,-0.90612744635288789,0.75066055503572915,0.074657834050342736,-0.90612744635288778,1.1102230246251565e-16
0,18,24,3.5342917352885173,4.7123889803846897,5.7659407913176874e-17,-0.92387953251128685,0.76536686473017868,7.0297806079894451e-17,-0.92387953251128685,1.2638398166717577e-17
0,18,25,3.5342917352885173,4.908738521234052,-0.074657834050342653,-0.90612744635288778,0.75066055503572937,-0.074657834050342597,-0.90612744635288789,1.2412670766236366e-16
0,18,26,3.5342917352885173,5.1050880620834143,-0.14644660940672624,-0.85355339059327373,0.70710678118654546,-0.1464466094067263,-0.85355339059327373,5.5511151231257827e-17
0,18,27,3.5342917352885173,5.3014376029327757,-0.21260752369181396,-0.76817775671141642,0.63637929028641527,-0.2126075236918139,-0.76817775671141664,2.2887833992611187e-16
0,18,28,3.5342917352885173,5.497787143782138,-0.27059805007309834,-0.6532814824381884,0.54119610014619624,-0.27059805007309834,-0.65328148243818851,1.1102230246251565e-16
0,18,29,3.5342917352885173,5.6941366846315002,-0.31818964514320836,-0.51327996715933677,0.42521504738362764,-0.31818964514320841,-0.51327996715933677,5.5511151231257827e-17
0,18,30,3.5342917352885173,5.8904862254808616,-0.35355339059327362,-0.35355339059327384,0.29289321881345176,-0.35355339059327356,-0.3535533905932744,5.5788016545937291e-16
0,18,31,3.5342917352885173,6.0868357663302239,-0.37533027751786496,-0.18023995550173713,0.14931566810068525,-0.37533027751786507,-0.18023995550173741,2.9893669801409083e-16
0,19,0,3.7306412761378791,0,-0.55557023301960207,-1.3576339631609017e-16,9.1063299087521576e-16,-0.55557023301960196,0,1.7537859454151772e-16
0,19,1,3.7306412761378791,0.19634954084936207,-0.54489510677581854,0.16221167441072878,-0.21677275132473905,-0.54489510677581843,0.1622116744107289,1.5700924586837752e-16
0,19,2,3.7306412761378791,0.39269908169872414,-0.51327996715933666,0.31818964514320847,-0.42521504738362803,-0.51327996715933655,0.31818964514320858,1.5700924586837752e-16
0,19,3,3.7306412761378791,0.58904862254808621,-0.46193976625564337,0.46193976625564342,-0.61731656763490927,-0.46193976625564315,0.46193976625564348,2.2887833992611187e-16
0,19,4,3.7306412761378791,0.78539816339744828,-0.39284747919355106,0.58793780120967942,-0.78569495838710102,-0.39284747919355095,0.58793780120967942,1.1102230246251565e-16
0,19,5,3.7306412761378791,0.98174770424681035,-0.30865828381745503,0.69134171618254492,-0.92387953251128652,-0.30865828381745503,0.69134171618254503,1.1102230246251565e-16
0,19,6,3.7306412761378791,1.1780972450961724,-0.2126075236918141,0.76817775671141642,-1.0265599343186733,-0.21260752369181404,0.76817775671141653,1.2412670766236366e-16
0,19,7,3.7306412761378791,1.3744467859455345,-0.10838637566236962,0.81549315684891732,-1.0897902135516369,-0.1083863756623696,0.81549315684891732,2.7755575615628914e-17
0,19,8,3.7306412761378791,1.5707963267948966,-3.8984451952669926e-17,0.83146961230254557,-1.1111404660392035,-3.4018865378450236e-17,0.83146961230254546,1.1113329246496919e-16
0,19,9,3.7306412761378791,1.7671458676442586,0.10838637566236954,0.81549315684891721,-1.0897902135516366,0.10838637566236953,0.81549315684891732,1.1188630228279524e-16
0,19,10,3.7306412761378791,1.9634954084936207,0.21260752369181399,0.76817775671141675,-1.0265599343186727,0.21260752369181399,0.76817775671141653,2.2204460492503131e-16
0,19,11,3.7306412761378791,2.1598449493429825,0.30865828381745486,0.69134171618254536,-0.92387953251128652,0.3086582838174548,0.69134171618254525,1.2412670766236366e-16
0,19,12,3.7306412761378791,2.3561944901923448,0.3928474791935509,0.58793780120967964,-0.78569495838710224,0.39284747919355084,0.58793780120967953,1.2412670766236366e-16
0,19,13,3.7306412761378791,2.5525440310417071,0.4619397662556432,0.46193976625564354,-0.61731656763490983,0.4619397662556432,0.46193976625564348,5.5511151231257827e-17
0,19,14,3.7306412761378791,2.748893571891069,0.51327996715933655,0.31818964514320863,-0.42521504738362781,0.51327996715933655,0.31818964514320869,5.5511151231257827e-17
0,19,15,3.7306412761378791,2.9452431127404308,0.54489510677581843,0.16221167441072903,-0.21677275132473947,0.54489510677581843,0.1622116744107292,1.6653345369377348e-16
0,19,16,3.7306412761378791,3.1415926535897931,0.55557023301960196,1.209293697729335e-16,-4.4469012770139354e-16,0.55557023301960196,1.018256599294603e-16,1.9103709843473198e-17
0,19,17,3.7306412761378791,3.3379421944391554,0.54489510677581843,-0.16221167441072878,0.21677275132473897,0.54489510677581843,-0.16221167441072901,2.2204460492503131e-16
0,19,18,3.7306412761378791,3.5342917352885173,0.51327996715933655,-0.31818964514320852,0.42521504738362736,0.51327996715933655,-0.31818964514320847,5.5511151231257827e-17
0,19,19,3.7306412761378791,3.7306412761378791,0.46193976625564337,-0.46193976625564337,0.61731656763490927,0.46193976625564326,-0.46193976625564326,1.5700924586837752e-16
0,19,20,3.7306412761378791,3.9269908169872414,0.39284747919355106,-0.58793780120967942,0.78569495838710168,0.39284747919355101,-0.58793780120967942,5.5511151231257827e-17
0,19,21,3.7306412761378791,4.1233403578366037,0.30865828381745503,-0.69134171618254492,0.92387953251128574,0.30865828381745491,-0.69134171618254503,1.5700924586837752e-16
0,19,22,3.7306412761378791,4.3196898986859651,0.21260752369181424,-0.7681777567114163,1.0265599343186724,0.21260752369181432,-0.7681777567114163,8.3266726846886741e-17
0,19,23,3.7306412761378791,4.5160394395353274,0.10838637566236985,-0.81549315684891732,1.0897902135516371,0.10838637566236978,-0.81549315684891721,1.3092278833360675e-16
0,19,24,3.7306412761378791,4.7123889803846897,6.3077674944301644e-17,-0.83146961230254546,1.1111404660392044,1.020565961353507e-16,-0.83146961230254546,3.8978921191049057e-17
0,19,25,3.7306412761378791,4.908738521234052,-0.10838637566236969,-0.81549315684891721,1.0897902135516366,-0.10838637566236958,-0.81549315684891732,1.5700924586837752e-16
0,19,26,3.7306412761378791,5.1050880620834143,-0.2126075236918141,-0.76817775671141664,1.026559934318672,-0.21260752369181413,-0.76817775671141642,2.2377260456559048e-16
0,19,27,3.7306412761378791,5.3014376029327757,-0.30865828381745486,-0.69134171618254536,0.92387953251128607,-0.30865828381745475,-0.69134171618254525,1.5700924586837752e-16
0,19,28,3.7306412761378791,5.497787143782138,-0.39284747919355095,-0.58793780120967964,0.78569495838710202,-0.39284747919355079,-0.58793780120967964,1.6653345369377348e-16
0,19,29,3.7306412761378791,5.6941366846315002,-0.4619397662556432,-0.46193976625564359,0.61731656763490983,-0.46193976625564315,-0.46193976625564348,1.2412670766236366e-16
0,19,30,3.7306412761378791,5.8904862254808616,-0.51327996715933655,-0.31818964514320863,0.42521504738362798,-0.51327996715933633,-0.31818964514320908,4.9650683064945462e-16
0,19,31,3.7306412761378791,6.0868357663302239,-0.54489510677581843,-0.16221167441072903,0.21677275132473992,-0.54489510677581832,-0.16221167441072928,2.7336071744532853e-16
0,20,0,3.9269908169872414,0,-0.70710678118654746,-9.9599123911559333e-17,9.3941099616091752e-16,-0.70710678118654746,0,9.9599123911559333e-17
0,20,1,3.9269908169872414,0.19634954084936207,-0.69351992266107387,0.13794968964147147,-0.27589937928294322,-0.69351992266107365,0.13794968964147153,2.2887833992611187e-16
0,20,2,3.9269908169872414,0.39269908169872414,-0.6532814824381884,0.27059805007309851,-0.54119610014619757,-0.65328148243818818,0.27059805007309856,2.2887833992611187e-16
0,20,3,3.9269908169872414,0.58904862254808621,-0.58793780120967942,0.39284747919355106,-0.78569495838710279,-0.58793780120967931,0.39284747919355112,1.2412670766236366e-16
0,20,4,3.9269908169872414,0.78539816339744828,-0.5,0.50000000000000011,-1.0000000000000009,-0.5,0.50000000000000011,0
0,20,5,3.9269908169872414,0.98174770424681035,-0.39284747919355101,0.58793780120967942,-1.1758756024193597,-0.39284747919355112,0.58793780120967953,1.5700924586837752e-16
0,20,6,3.9269908169872414,1.1780972450961724,-0.27059805007309856,0.65328148243818829,-1.3065629648763772,-0.27059805007309851,0.6532814824381884,1.2412670766236366e-16
0,20,7,3.9269908169872414,1.3744467859455345,-0.13794968964147158,0.69351992266107387,-1.3870398453221484,-0.13794968964147153,0.69351992266107387,5.5511151231257827e-17
0,20,8,3.9269908169872414,1.5707963267948966,-6.3058002399809782e-17,0.70710678118654768,-1.4142135623730963,-4.3297802811774658e-17,0.70710678118654768,1.9760199588035124e-17
0,20,9,3.9269908169872414,1.7671458676442586,0.13794968964147145,0.69351992266107387,-1.3870398453221482,0.13794968964147145,0.69351992266107387,0
0,20,10,3.9269908169872414,1.9634954084936207,0.27059805007309834,0.65328148243818851,-1.306562964876377,0.27059805007309845,0.6532814824381884,1.5700924586837752e-16
0,20,11,3.9269908169872414,2.1598449493429825,0.3928474791935509,0.58793780120967953,-1.1758756024193606,0.39284747919355084,0.58793780120967964,1.2412670766236366e-16
0,20,12,3.9269908169872414,2.3561944901923448,0.49999999999999994,0.50000000000000022,-1.0000000000000022,0.49999999999999989,0.50000000000000011,1.2412670766236366e-16
0,20,13,3.9269908169872414,2.5525440310417071,0.58793780120967942,0.39284747919355123,-0.78569495838710279,0.58793780120967942,0.39284747919355112,1.1102230246251565e-16
0,20,14,3.9269908169872414,2.748893571891069,0.65328148243818818,0.27059805007309862,-0.5411961001461969,0.65328148243818818,0.27059805007309862,0
0,20,15,3.9269908169872414,2.9452431127404308,0.69351992266107365,0.13794968964147161,-0.27589937928294345,0.69351992266107365,0.13794968964147178,1.6653345369377348e-16
0,20,16,3.9269908169872414,3.1415926535897931,0.70710678118654735,9.6713186340021728e-17,-3.7294562321773901e-16,0.70710678118654746,8.6595605623549353e-17,1.1148236220870387e-16
0,20,17,3.9269908169872414,3.3379421944391554,0.69351992266107376,-0.13794968964147142,0.275899379282943,0.69351992266107365,-0.13794968964147161,2.2377260456559048e-16
0,20,18,3.9269908169872414,3.5342917352885173,0.65328148243818818,-0.27059805007309851,0.54119610014619668,0.65328148243818829,-0.27059805007309851,1.1102230246251565e-16
0,20,19,3.9269908169872414,3.7306412761378791,0.58793780120967942,-0.39284747919355106,0.78569495838710279,0.58793780120967942,-0.39284747919355101,5.5511151231257827e-17
0,20,20,3.9269908169872414,3.9269908169872414,0.5,-0.50000000000000011,1.0000000000000016,0.50000000000000011,-0.50000000000000011,1.1102230246251565e-16
0,20,21,3.9269908169872414,4.1233403578366037,0.39284747919355101,-0.58793780120967942,1.1758756024193588,0.39284747919355101,-0.58793780120967953,1.1102230246251565e-16
0,20,22,3.9269908169872414,4.3196898986859651,0.27059805007309873,-0.65328148243818829,1.3065629648763757,0.27059805007309889,-0.65328148243818829,1.6653345369377348e-16
0,20,23,3.9269908169872414,4.5160394395353274,0.13794968964147186,-0.69351992266107387,1.3870398453221491,0.13794968964147178,-0.69351992266107376,1.3877787807814457e-16
0,20,24,3.9269908169872414,4.7123889803846897,9.3907161298536085e-17,-0.70710678118654768,1.4142135623730976,1.2989340843532398e-16,-0.70710678118654768,3.5986247136787896e-17
0,20,25,3.9269908169872414,4.908738521234052,-0.13794968964147167,-0.69351992266107387,1.3870398453221489,-0.13794968964147153,-0.69351992266107387,1.3877787807814457e-16
0,20,26,3.9269908169872414,5.1050880620834143,-0.27059805007309851,-0.6532814824381884,1.3065629648763764,-0.27059805007309862,-0.65328148243818829,1.5700924586837752e-16
0,20,27,3.9269908169872414,5.3014376029327757,-0.3928474791935509,-0.58793780120967953,1.1758756024193602,-0.39284747919355079,-0.58793780120967964,1.5700924586837752e-16
0,20,28,3.9269908169872414,5.497787143782138,-0.49999999999999994,-0.50000000000000022,1.000000000000002,-0.49999999999999983,-0.50000000000000022,1.1102230246251565e-16
0,20,29,3.9269908169872414,5.6941366846315002,-0.58793780120967942,-0.39284747919355123,0.7856949583871029,-0.58793780120967931,-0.39284747919355112,1.5700924586837752e-16
0,20,30,3.9269908169872414,5.8904862254808616,-0.65328148243818807,-0.27059805007309862,0.5411961001461969,-0.65328148243818807,-0.27059805007309901,3.8857805861880479e-16
0,20,31,3.9269908169872414,6.0868357663302239,-0.69351992266107354,-0.13794968964147161,0.27589937928294378,-0.69351992266107354,-0.13794968964147186,2.4980018054066022e-16
0,21,0,4.1233403578366037,0,-0.83146961230254512,-7.2399861580327964e-17,1.2232915813266892e-15,-0.83146961230254524,0,1.325431688203091e-16
0,21,1,4.1233403578366037,0.19634954084936207,-0.81549315684891721,0.10838637566236957,-0.32442334882145801,-0.8154931568489171,0.1083863756623696,1.1443916996305594e-16
0,21,2,4.1233403578366037,0.39269908169872414,-0.76817775671141642,0.21260752369181404,-0.63637929028641704,-0.7681777567114163,0.2126075236918141,1.2412670766236366e-16
0,21,3,4.1233403578366037,0.58904862254808621,-0.69134171618254492,0.30865828381745491,-0.92387953251128596,-0.69134171618254492,0.30865828381745508,1.6653345369377348e-16
0,21,4,4.1233403578366037,0.78539816339744828,-0.58793780120967953,0.39284747919355095,-1.1758756024193586,-0.58793780120967942,0.39284747919355101,1.2412670766236366e-16
0,21,5,4.1233403578366037,0.98174770424681035,-0.46193976625564326,0.46193976625564331,-1.3826834323650903,-0.46193976625564342,0.46193976625564331,1.6653345369377348e-16
0,21,6,4.1233403578366037,1.1780972450961724,-0.31818964514320847,0.51327996715933666,-1.5363555134228315,-0.31818964514320852,0.51327996715933666,5.5511151231257827e-17
0,21,7,4.1233403578366037,1.3744467859455345,-0.16221167441072901,0.54489510677581854,-1.6309863136978335,-0.16221167441072892,0.54489510677581854,8.3266726846886741e-17
0,21,8,4.1233403578366037,1.5707963267948966,-9.9634576064993708e-17,0.55557023301960218,-1.66293922460509,-5.091282996473014e-17,0.55557023301960218,4.8721746100263569e-17
0,21,9,4.1233403578366037,1.7671458676442586,0.16221167441072884,0.54489510677581854,-1.630986313697834,0.16221167441072881,0.54489510677581854,2.7755575615628914e-17
0,21,10,4.1233403578366037,1.9634954084936207,0.3181896451432083,0.51327996715933677,-1.5363555134228311,0.31818964514320847,0.51327996715933666,2.0014830212433605e-16
0,21,11,4.1233403578366037,2.1598449493429825,0.46193976625564304,0.46193976625564331,-1.3826834323650903,0.46193976625564315,0.46193976625564348,2.0014830212433605e-16
0,21,12,4.1233403578366037,2.3561944901923448,0.58793780120967931,0.39284747919355106,-1.1758756024193602,0.58793780120967931,0.39284747919355106,0
0,21,13,4.1233403578366037,2.5525440310417071,0.69134171618254492,0.30865828381745508,-0.92387953251128641,0.69134171618254503,0.30865828381745508,1.1102230246251565e-16
0,21,14,4.1233403578366037,2.748893571891069,0.7681777567114163,0.21260752369181415,-0.6363792902864156,0.7681777567114163,0.21260752369181415,0
0,21,15,4.1233403578366037,2.9452431127404308,0.81549315684891699,0.10838637566236971,-0.32442334882145768,0.8154931568489171,0.10838637566236979,1.3877787807814457e-16
0,21,16,4.1233403578366037,3.1415926535897931,0.83146961230254501,7.1493518178039974e-17,-6.6408205747230493e-16,0.83146961230254524,6.8037730756900496e-17,2.2207149534105756e-16
0,21,17,4.1233403578366037,3.3379421944391554,0.8154931568489171,-0.10838637566236956,0.32442334882145757,0.8154931568489171,-0.10838637566236965,9.7144514654701197e-17
0,21,18,4.1233403578366037,3.5342917352885173,0.7681777567114163,-0.21260752369181402,0.63637929028641638,0.76817775671141642,-0.21260752369181404,1.1443916996305594e-16
0,21,19,4.1233403578366037,3.7306412761378791,0.69134171618254492,-0.30865828381745491,0.92387953251128607,0.69134171618254503,-0.30865828381745491,1.1102230246251565e-16
0,21,20,4.1233403578366037,3.9269908169872414,0.58793780120967942,-0.39284747919355095,1.1758756024193591,0.58793780120967953,-0.39284747919355101,1.2412670766236366e-16
0,21,21,4.1233403578366037,4.1233403578366037,0.46193976625564326,-0.46193976625564331,1.3826834323650892,0.46193976625564331,-0.46193976625564331,5.5511151231257827e-17
0,21,22,4.1233403578366037,4.3196898986859651,0.31818964514320869,-0.51327996715933666,1.5363555134228304,0.31818964514320897,-0.51327996715933655,2.9893669801409083e-16
0,21,23,4.1233403578366037,4.5160394395353274,0.16221167441072931,-0.54489510677581854,1.630986313697834,0.1622116744107292,-0.54489510677581854,1.1102230246251565e-16
0,21,24,4.1233403578366037,4.7123889803846897,1.3761657739627098e-16,-0.55557023301960218,1.6629392246050918,1.527384898941904e-16,-0.55557023301960218,1.5121912497919417e-17
0,21,25,4.1233403578366037,4.908738521234052,-0.16221167441072903,-0.54489510677581854,1.6309863136978344,-0.1622116744107289,-0.54489510677581854,1.3877787807814457e-16
0,21,26,4.1233403578366037,5.1050880620834143,-0.31818964514320847,-0.51327996715933666,1.5363555134228304,-0.31818964514320869,-0.51327996715933666,2.2204460492503131e-16
0,21,27,4.1233403578366037,5.3014376029327757,-0.46193976625564309,-0.46193976625564331,1.3826834323650894,-0.46193976625564304,-0.46193976625564348,1.7554167342883506e-16
0,21,28,4.1233403578366037,5.497787143782138,-0.5879378012096792,-0.39284747919355106,1.1758756024193602,-0.5879378012096792,-0.39284747919355112,5.5511151231257827e-17
0,21,29,4.1233403578366037,5.6941366846315002,-0.69134171618254492,-0.30865828381745514,0.92387953251128674,-0.69134171618254492,-0.30865828381745508,5.5511151231257827e-17
0,21,30,4.1233403578366037,5.8904862254808616,-0.76817775671141619,-0.21260752369181415,0.63637929028641593,-0.76817775671141608,-0.21260752369181443,2.9893669801409083e-16
0,21,31,4.1233403578366037,6.0868357663302239,-0.81549315684891688,-0.10838637566236971,0.32442334882145824,-0.81549315684891699,-0.10838637566236986,1.8875832159447664e-16
0,22,0,4.3196898986859651,0,-0.92387953251128674,-2.2063324734619679e-17,1.0512450415621122e-15,-0.92387953251128652,0,2.2313806684350953e-16
0,22,1,4.3196898986859651,0.19634954084936207,-0.90612744635288789,0.074657834050342639,-0.36047991100347454,-0.90612744635288756,0.074657834050342708,3.4021815010030383e-16
0,22,2,4.3196898986859651,0.39269908169872414,-0.85355339059327373,0.1464466094067263,-0.7071067811865468,-0.85355339059327351,0.14644660940672646,2.7755575615628914e-16
0,22,3,4.3196898986859651,0.58904862254808621,-0.76817775671141653,0.21260752369181418,-1.0265599343186704,-0.76817775671141608,0.2126075236918144,4.9650683064945462e-16
0,22,4,4.3196898986859651,0.78539816339744828,-0.6532814824381884,0.27059805007309867,-1.3065629648763741,-0.65328148243818818,0.27059805007309889,3.1401849173675503e-16
0,22,5,4.3196898986859651,0.98174770424681035,-0.51327996715933666,0.31818964514320869,-1.5363555134228322,-0.51327996715933666,0.31818964514320897,2.7755575615628914e-16
0,22,6,4.3196898986859651,1.1780972450961724,-0.35355339059327379,0.35355339059327406,-1.7071067811865455,-0.35355339059327373,0.35355339059327429,2.2887833992611187e-16
0,22,7,4.3196898986859651,1.3744467859455345,-0.18023995550173708,0.37533027751786552,-1.8122548927057729,-0.18023995550173699,0.3753302775178658,2.8977671675840951e-16
0,22,8,4.3196898986859651,1.5707963267948966,-1.0710040880810401e-16,0.38268343236509,-1.8477590650225708,-5.6571305614385001e-17,0.38268343236509034,3.3687795277558056e-16
0,22,9,4.3196898986859651,1.7671458676442586,0.18023995550173694,0.37533027751786552,-1.8122548927057736,0.18023995550173685,0.3753302775178658,2.8977671675840951e-16
0,22,10,4.3196898986859651,1.9634954084936207,0.35355339059327356,0.35355339059327406,-1.7071067811865444,0.35355339059327362,0.35355339059327429,2.2887833992611187e-16
0,22,11,4.3196898986859651,2.1598449493429825,0.51327996715933655,0.31818964514320874,-1.5363555134228313,0.51327996715933633,0.31818964514320902,3.554447978966673e-16
0,22,12,4.3196898986859651,2.3561944901923448,0.65328148243818818,0.27059805007309867,-1.3065629648763761,0.65328148243818807,0.27059805007309889,2.4825341532472731e-16
0,22,13,4.3196898986859651,2.5525440310417071,0.7681777567114163,0.21260752369181429,-1.0265599343186722,0.76817775671141619,0.2126075236918144,1.5700924586837752e-16
0,22,14,4.3196898986859651,2.748893571891069,0.85355339059327373,0.14644660940672644,-0.70710678118654602,0.85355339059327351,0.14644660940672649,2.2887833992611187e-16
0,22,15,4.3196898986859651,2.9452431127404308,0.90612744635288767,0.07465783405034275,-0.36047991100347426,0.90612744635288756,0.074657834050342847,1.4752290795525882e-16
0,22,16,4.3196898986859651,3.1415926535897931,0.92387953251128663,1.9551117829811692e-17,-3.8633773963559556e-16,0.92387953251128652,4.6865204053263054e-17,1.1433289531145638e-16
0,22,17,4.3196898986859651,3.3379421944391554,0.90612744635288778,-0.074657834050342625,0.3604799110034741,0.90612744635288756,-0.07465783405034275,2.5476231888929306e-16
0,22,18,4.3196898986859651,3.5342917352885173,0.85355339059327362,-0.1464466094067263,0.70710678118654591,0.85355339059327362,-0.14644660940672641,1.1102230246251565e-16
0,22,19,4.3196898986859651,3.7306412761378791,0.76817775671141653,-0.21260752369181418,1.0265599343186707,0.7681777567114163,-0.21260752369181432,2.6184557666721351e-16
0,22,20,4.3196898986859651,3.9269908169872414,0.6532814824381884,-0.27059805007309867,1.3065629648763752,0.65328148243818829,-0.27059805007309889,2.4825341532472731e-16
0,22,21,4.3196898986859651,4.1233403578366037,0.51327996715933666,-0.31818964514320874,1.5363555134228313,0.51327996715933655,-0.31818964514320897,2.4825341532472731e-16
0,22,22,4.3196898986859651,4.3196898986859651,0.35355339059327395,-0.35355339059327401,1.7071067811865444,0.35355339059327417,-0.35355339059327417,2.7755575615628914e-16
0,22,23,4.3196898986859651,4.5160394395353274,0.18023995550173741,-0.37533027751786552,1.8122548927057736,0.1802399555017373,-0.37533027751786574,2.4825341532472731e-16
0,22,24,4.3196898986859651,4.7123889803846897,1.5048415925039444e-16,-0.38268343236509006,1.847759065022573,1.69713916843155e-16,-0.38268343236509034,2.7822110155875268e-16
0,22,25,4.3196898986859651,4.908738521234052,-0.18023995550173716,-0.37533027751786552,1.8122548927057742,-0.18023995550173696,-0.3753302775178658,3.3879997739887652e-16
0,22,26,4.3196898986859651,5.1050880620834143,-0.35355339059327384,-0.35355339059327406,1.7071067811865435,-0.3535533905932739,-0.35355339059327423,1.7554167342883506e-16
0,22,27,4.3196898986859651,5.3014376029327757,-0.51327996715933655,-0.3181896451432088,1.5363555134228304,-0.51327996715933621,-0.31818964514320902,4.002966042486721e-16
0,22,28,4.3196898986859651,5.497787143782138,-0.65328148243818818,-0.27059805007309867,1.3065629648763759,-0.65328148243818795,-0.27059805007309895,3.554447978966673e-16
0,22,29,4.3196898986859651,5.6941366846315002,-0.7681777567114163,-0.21260752369181427,1.0265599343186722,-0.76817775671141608,-0.2126075236918144,2.6184557666721351e-16
0,22,30,4.3196898986859651,5.8904862254808616,-0.85355339059327362,-0.14644660940672644,0.70710678118654635,-0.85355339059327329,-0.14644660940672669,4.163336342344337e-16
0,22,31,4.3196898986859651,6.0868357663302239,-0.90612744635288756,-0.074657834050342736,0.36047991100347493,-0.90612744635288744,-0.074657834050342889,1.8875832159447664e-16
0,23,0,4.5160394395353274,0,-0.98078528040323043,-2.574512526392265e-18,3.5392348376776668e-16,-0.98078528040323032,0,1.1105214882579652e-16
0,23,1,4.5160394395353274,0.19634954084936207,-0.96193976625564348,0.038060233744356679,-0.38268343236509095,-0.96193976625564326,0.038060233744356693,2.2247786310271853e-16
0,23,2,4.5160394395353274,0.39269908169872414,-0.90612744635288789,0.074657834050342764,-0.75066055503573026,-0.90612744635288767,0.074657834050342764,2.2204460492503131e-16
0,23,3,4.5160394395353274,0.58904862254808621,-0.81549315684891732,0.10838637566236992,-1.089790213551636,-0.81549315684891699,0.10838637566236983,3.4331750988916778e-16
0,23,4,4.5160394395353274,0.78539816339744828,-0.69351992266107387,0.13794968964147192,-1.3870398453221475,-0.69351992266107365,0.13794968964147178,2.6184557666721351e-16
0,23,5,4.5160394395353274,0.98174770424681035,-0.54489510677581854,0.16221167441072926,-1.6309863136978351,-0.54489510677581865,0.1622116744107292,1.2412670766236366e-16
0,23,6,4.5160394395353274,1.1780972450961724,-0.3753302775178653,0.18023995550173741,-1.8122548927057756,-0.37533027751786524,0.18023995550173735,7.8504622934188758e-17
0,23,7,4.5160394395353274,1.3744467859455345,-0.19134171618254503,0.19134171618254539,-1.9238795325112867,-0.19134171618254492,0.19134171618254528,1.5700924586837752e-16
0,23,8,4.5160394395353274,1.5707963267948966,-9.5805222591902402e-17,0.19509032201612878,-1.9615705608064606,-6.0055777714832763e-17,0.19509032201612866,1.1663607697919608e-16
0,23,9,4.5160394395353274,1.7671458676442586,0.19134171618254484,0.19134171618254536,-1.9238795325112865,0.19134171618254478,0.19134171618254528,1.0007415106216802e-16
0,23,10,4.5160394395353274,1.9634954084936207,0.37533027751786507,0.18023995550173746,-1.8122548927057753,0.37533027751786513,0.18023995550173735,1.2412670766236366e-16
0,23,11,4.5160394395353274,2.1598449493429825,0.54489510677581843,0.16221167441072931,-1.6309863136978358,0.54489510677581832,0.16221167441072926,1.2412670766236366e-16
0,23,12,4.5160394395353274,2.3561944901923448,0.69351992266107365,0.13794968964147189,-1.3870398453221482,0.69351992266107354,0.13794968964147181,1.3877787807814457e-16
0,23,13,4.5160394395353274,2.5525440310417071,0.8154931568489171,0.10838637566236989,-1.0897902135516366,0.8154931568489171,0.10838637566236983,5.5511151231257827e-17
0,23,14,4.5160394395353274,2.748893571891069,0.90612744635288778,0.074657834050342833,-0.75066055503573059,0.90612744635288767,0.074657834050342778,1.2412670766236366e-16
0,23,15,4.5160394395353274,2.9452431127404308,0.96193976625564337,0.038060233744356735,-0.38268343236509089,0.96193976625564326,0.038060233744356763,1.1443916996305594e-16
0,23,16,4.5160394395353274,3.1415926535897931,0.98078528040323032,7.0874722280095165e-18,4.3520338392287091e-16,0.98078528040323032,2.3891673840167839e-17,1.6804201612158324e-17
0,23,17,4.5160394395353274,3.3379421944391554,0.96193976625564337,-0.038060233744356672,0.38268343236509045,0.96193976625564326,-0.038060233744356714,1.1857187100668868e-16
0,23,18,4.5160394395353274,3.5342917352885173,0.90612744635288778,-0.074657834050342764,0.75066055503572882,0.90612744635288778,-0.074657834050342736,2.7755575615628914e-17
0,23,19,4.5160394395353274,3.7306412761378791,0.81549315684891732,-0.1083863756623699,1.089790213551636,0.81549315684891721,-0.10838637566236978,1.6711069443220838e-16
0,23,20,4.5160394395353274,3.9269908169872414,0.69351992266107387,-0.13794968964147192,1.3870398453221484,0.69351992266107376,-0.13794968964147178,1.7772239894833365e-16
0,23,21,4.5160394395353274,4.1233403578366037,0.54489510677581854,-0.16221167441072926,1.630986313697834,0.54489510677581854,-0.1622116744107292,5.5511151231257827e-17
0,23,22,4.5160394395353274,4.3196898986859651,0.37533027751786552,-0.18023995550173738,1.8122548927057738,0.37533027751786574,-0.1802399555017373,2.3714374201337736e-16
0,23,23,4.5160394395353274,4.5160394395353274,0.19134171618254539,-0.19134171618254536,1.9238795325112874,0.19134171618254525,-0.19134171618254525,1.7772239894833365e-16
0,23,24,4.5160394395353274,4.7123889803846897,1.4388386648049641e-16,-0.19509032201612878,1.9615705608064626,1.8016733314449829e-16,-0.19509032201612866,1.1680086299867841e-16
0,23,25,4.5160394395353274,4.908738521234052,-0.19134171618254509,-0.19134171618254536,1.9238795325112874,-0.19134171618254489,-0.19134171618254528,2.1138016631127878e-16
0,23,26,4.5160394395353274,5.1050880620834143,-0.3753302775178653,-0.18023995550173746,1.8122548927057744,-0.37533027751786541,-0.18023995550173733,1.7772239894833365e-16
0,23,27,4.5160394395353274,5.3014376029327757,-0.54489510677581843,-0.16221167441072931,1.6309863136978344,-0.54489510677581821,-0.16221167441072926,2.2887833992611187e-16
0,23,28,4.5160394395353274,5.497787143782138,-0.69351992266107365,-0.13794968964147189,1.3870398453221482,-0.69351992266107343,-0.13794968964147181,2.3714374201337736e-16
0,23,29,4.5160394395353274,5.6941366846315002,-0.8154931568489171,-0.1083863756623699,1.0897902135516366,-0.81549315684891699,-0.10838637566236983,1.3092278833360675e-16
0,23,30,4.5160394395353274,5.8904862254808616,-0.90612744635288767,-0.074657834050342819,0.75066055503573081,-0.90612744635288744,-0.074657834050342875,2.2887833992611187e-16
0,23,31,4.5160394395353274,6.0868357663302239,-0.96193976625564326,-0.038060233744356714,0.38268343236509139,-0.96193976625564315,-0.03806023374435679,1.3472894910096233e-16
0,24,0,4.7123889803846897,0,-1,-1.5231192245996918e-17,3.5780716900290078e-16,-1,0,1.5231192245996918e-17
0,24,1,4.7123889803846897,0.19634954084936207,-0.98078528040323054,3.7094482601247066e-18,-0.39018064403225744,-0.98078528040323043,3.583751076025168e-17,1.1557752395725725e-16
0,24,2,4.7123889803846897,0.39269908169872414,-0.92387953251128685,7.7541533700312875e-17,-0.76536686473018001,-0.92387953251128674,7.0297806079894476e-17,1.1125836253476464e-16
0,24,3,4.7123889803846897,0.58904862254808621,-0.83146961230254546,1.4111529617839709e-16,-1.1111404660392052,-0.83146961230254524,1.0205659613535074e-16,2.2545373943531277e-16
0,24,4,4.7123889803846897,0.78539816339744828,-0.70710678118654768,1.586662113275689e-16,-1.4142135623730974,-0.70710678118654757,1.2989340843532398e-16,1.1469012961172503e-16
0,24,5,4.7123889803846897,0.98174770424681035,-0.55557023301960218,1.5447306397389284e-16,-1.6629392246050931,-0.55557023301960229,1.527384898941904e-16,1.1103585182866067e-16
0,24,6,4.7123889803846897,1.1780972450961724,-0.38268343236508989,1.5093181475786446e-16,-1.847759065022575,-0.38268343236508984,1.6971391684315505e-16,5.860251931241399e-17
0,24,7,4.7123889803846897,1.3744467859455345,-0.19509032201612841,1.6054950838265221e-16,-1.9615705608064629,-0.19509032201612833,1.8016733314449831e-16,8.5546518621043555e-17
0,24,8,4.7123889803846897,1.5707963267948966,-1.0844955901426271e-16,1.8523051209058598e-16,-2.0000000000000022,-6.123233995736766e-17,1.8369701987210297e-16,4.7242114409189613e-17
0,24,9,4.7123889803846897,1.7671458676442586,0.19509032201612822,1.8977987306571064e-16,-1.9615705608064629,0.19509032201612819,1.8016733314449831e-16,2.9372996127255986e-17
0,24,10,4.7123889803846897,1.9634954084936207,0.38268343236508962,1.5505610470846599e-16,-1.847759065022575,0.38268343236508973,1.6971391684315505e-16,1.1198572721849043e-16
0,24,11,4.7123889803846897,2.1598449493429825,0.55557023301960196,1.3242063287800245e-16,-1.6629392246050938,0.55557023301960196,1.5273848989419045e-16,2.0317857016188002e-17
0,24,12,4.7123889803846897,2.3561944901923448,0.70710678118654746,1.4529300743318673e-16,-1.4142135623730974,0.70710678118654746,1.2989340843532401e-16,1.5399598997862721e-17
0,24,13,4.7123889803846897,2.5525440310417071,0.83146961230254524,1.2394821789088196e-16,-1.111140466039205,0.83146961230254535,1.0205659613535074e-16,1.1316004041694912e-16
0,24,14,4.7123889803846897,2.748893571891069,0.92387953251128674,4.7755539061731095e-17,-0.76536686473018023,0.92387953251128674,7.0297806079894488e-17,2.2542267018163393e-17
0,24,15,4.7123889803846897,2.9452431127404308,0.98078528040323054,6.7040347870922832e-18,-0.39018064403225744,0.98078528040323043,3.5837510760251742e-17,1.147811442108719e-16
0,24,16,4.7123889803846897,3.1415926535897931,1,2.2861758252997897e-17,3.7425075134722664e-16,1,2.2496396739927864e-32,2.2861758252997875e-17
0,24,17,4.7123889803846897,3.3379421944391554,0.98078528040323043,-4.7363545954167143e-19,0.39018064403225694,0.98078528040323043,-3.5837510760251698e-17,3.5363875300710025e-17
0,24,18,4.7123889803846897,3.5342917352885173,0.92387953251128674,-8.7336497576698993e-17,0.76536686473017901,0.92387953251128685,-7.0297806079894451e-17,1.1232216456248334e-16
0,24,19,4.7123889803846897,3.7306412761378791,0.83146961230254546,-1.5130820362688136e-16,1.1111404660392055,0.83146961230254546,-1.020565961353507e-16,4.9251607491530659e-17
0,24,20,4.7123889803846897,3.9269908169872414,0.70710678118654768,-1.6037575228204141e-16,1.414213562373098,0.70710678118654768,-1.2989340843532398e-16,3.048234384671743e-17
0,24,21,4.7123889803846897,4.1233403578366037,0.55557023301960218,-1.5576327933507402e-16,1.662939224605092,0.55557023301960218,-1.527384898941904e-16,3.024789440883615e-18
0,24,22,4.7123889803846897,4.3196898986859651,0.38268343236509011,-1.5397824072621912e-16,1.8477590650225733,0.38268343236509034,-1.69713916843155e-16,2.2260147816034456e-16
0,24,23,4.7123889803846897,4.5160394395353274,0.19509032201612878,-1.6019788915873537e-16,1.9615705608064635,0.19509032201612866,-1.8016733314449829e-16,1.1280394646101187e-16
0,24,24,4.7123889803846897,4.7123889803846897,1.6042049671876601e-16,-1.8424665363460814e-16,2.000000000000004,1.8369701987210297e-16,-1.8369701987210297e-16,2.3283011561666956e-17
0,24,25,4.7123889803846897,4.908738521234052,-0.19509032201612847,-1.915235574766038e-16,1.9615705608064637,-0.1950903220161283,-1.8016733314449831e-16,1.6692020557816631e-16
0,24,26,4.7123889803846897,5.1050880620834143,-0.38268343236508984,-1.5722261528842127e-16,1.8477590650225741,-0.38268343236509,-1.6971391684315503e-16,1.6700126889849517e-16
0,24,27,4.7123889803846897,5.3014376029327757,-0.55557023301960196,-1.3380098285145274e-16,1.6629392246050927,-0.55557023301960184,-1.5273848989419045e-16,1.126258443567552e-16
0,24,28,4.7123889803846897,5.497787143782138,-0.70710678118654746,-1.4485205172037686e-16,1.4142135623730976,-0.70710678118654735,-1.2989340843532401e-16,1.1202550001230866e-16
0,24,29,4.7123889803846897,5.6941366846315002,-0.83146961230254524,-1.2203398622137767e-16,1.1111404660392055,-0.83146961230254524,-1.0205659613535074e-16,1.9977390086026929e-17
0,24,30,4.7123889803846897,5.8904862254808616,-0.92387953251128663,-4.8015273724205212e-17,0.76536686473018034,-0.92387953251128652,-7.0297806079894587e-17,1.1323631437070289e-16
0,24,31,4.7123889803846897,6.0868357663302239,-0.98078528040323043,-5.5203371529415453e-18,0.39018064403225788,-0.98078528040323032,-3.5837510760251766e-17,1.1508728278838672e-16
0,25,0,4.908738521234052,0,-0.98078528040323054,1.2028480378013452e-17,6.9866737205366975e-16,-0.98078528040323043,-0,1.1167200179222436e-16
0,25,1,4.908738521234052,0.19634954084936207,-0.96193976625564348,-0.038060233744356631,-0.38268343236509006,-0.96193976625564337,-0.038060233744356624,1.1123893155135927e-16
0,25,2,4.908738521234052,0.39269908169872414,-0.90612744635288789,-0.074657834050342639,-0.75066055503573048,-0.90612744635288778,-0.074657834050342625,1.1188630228279524e-16
0,25,3,4.908738521234052,0.58904862254808621,-0.81549315684891732,-0.10838637566236968,-1.0897902135516369,-0.8154931568489171,-0.10838637566236962,2.2887833992611187e-16
0,25,4,4.908738521234052,0.78539816339744828,-0.69351992266107398,-0.13794968964147161,-1.3870398453221482,-0.69351992266107376,-0.13794968964147153,2.3714374201337736e-16
0,25,5,4.908738521234052,0.98174770424681035,-0.54489510677581854,-0.16221167441072901,-1.6309863136978355,-0.54489510677581865,-0.1622116744107289,1.5700924586837752e-16
0,25,6,4.908738521234052,1.1780972450961724,-0.3753302775178653,-0.1802399555017371,-1.8122548927057753,-0.3753302775178653,-0.18023995550173702,8.3266726846886741e-17
0,25,7,4.908738521234052,1.3744467859455345,-0.19134171618254503,-0.191341716182545,-1.9238795325112865,-0.19134171618254495,-0.19134171618254492,1.1775693440128312e-16
0,25,8,4.908738521234052,1.5707963267948966,-1.2021948674214498e-16,-0.19509032201612839,-1.9615705608064611,-6.0055777714832775e-17,-0.1950903220161283,1.0272789145951132e-16
0,25,9,4.908738521234052,1.7671458676442586,0.19134171618254484,-0.19134171618254503,-1.9238795325112872,0.19134171618254481,-0.19134171618254492,1.1443916996305594e-16
0,25,10,4.908738521234052,1.9634954084936207,0.37533027751786513,-0.18023995550173716,-1.8122548927057751,0.37533027751786519,-0.18023995550173702,1.4946834900704541e-16
0,25,11,4.908738521234052,2.1598449493429825,0.54489510677581843,-0.16221167441072903,-1.6309863136978353,0.54489510677581843,-0.16221167441072895,8.3266726846886741e-17
0,25,12,4.908738521234052,2.3561944901923448,0.69351992266107365,-0.13794968964147167,-1.3870398453221489,0.69351992266107365,-0.13794968964147153,1.3877787807814457e-16
0,25,13,4.908738521234052,2.5525440310417071,0.8154931568489171,-0.10838637566236968,-1.0897902135516375,0.81549315684891721,-0.10838637566236962,1.2412670766236366e-16
0,25,14,4.908738521234052,2.748893571891069,0.90612744635288778,-0.074657834050342667,-0.75066055503573015,0.90612744635288778,-0.074657834050342639,2.7755575615628914e-17
0,25,15,4.908738521234052,2.9452431127404308,0.96193976625564337,-0.038060233744356665,-0.38268343236509,0.96193976625564337,-0.038060233744356693,2.7755575615628914e-17
0,25,16,4.908738521234052,3.1415926535897931,0.98078528040323032,-7.653738068217814e-18,-3.7797104118770086e-17,0.98078528040323043,-2.3891673840167793e-17,1.122034856954644e-16
0,25,17,4.908738521234052,3.3379421944391554,0.96193976625564348,0.038060233744356631,0.38268343236508962,0.96193976625564337,0.038060233744356645,1.1188630228279524e-16
0,25,18,4.908738521234052,3.5342917352885173,0.90612744635288778,0.074657834050342639,0.75066055503572948,0.90612744635288789,0.074657834050342597,1.1857187100668868e-16
0,25,19,4.908738521234052,3.7306412761378791,0.81549315684891732,0.10838637566236967,1.0897902135516371,0.81549315684891732,0.10838637566236958,8.3266726846886741e-17
0,25,20,4.908738521234052,3.9269908169872414,0.69351992266107398,0.13794968964147161,1.3870398453221491,0.69351992266107387,0.13794968964147153,1.3877787807814457e-16
0,25,21,4.908738521234052,4.1233403578366037,0.54489510677581854,0.16221167441072901,1.6309863136978344,0.54489510677581854,0.1622116744107289,1.1102230246251565e-16
0,25,22,4.908738521234052,4.3196898986859651,0.37533027751786552,0.18023995550173708,1.8122548927057736,0.3753302775178658,0.18023995550173696,2.9893669801409083e-16
0,25,23,4.908738521234052,4.5160394395353274,0.19134171618254539,0.191341716182545,1.9238795325112872,0.19134171618254528,0.19134171618254489,1.5700924586837752e-16
0,25,24,4.908738521234052,4.7123889803846897,1.7235238488216547e-16,0.19509032201612839,1.9615705608064631,1.8016733314449831e-16,0.1950903220161283,8.3632656397707393e-17
0,25,25,4.908738521234052,4.908738521234052,-0.19134171618254509,0.19134171618254503,1.9238795325112881,-0.19134171618254492,0.19134171618254492,2.0014830212433605e-16
0,25,26,4.908738521234052,5.1050880620834143,-0.37533027751786535,0.18023995550173716,1.8122548927057742,-0.37533027751786546,0.18023995550173699,2.0014830212433605e-16
0,25,27,4.908738521234052,5.3014376029327757,-0.54489510677581843,0.16221167441072903,1.630986313697834,-0.54489510677581832,0.16221167441072895,1.3877787807814457e-16
0,25,28,4.908738521234052,5.497787143782138,-0.69351992266107365,0.13794968964147167,1.3870398453221489,-0.69351992266107354,0.13794968964147156,1.5700924586837752e-16
0,25,29,4.908738521234052,5.6941366846315002,-0.8154931568489171,0.10838637566236971,1.0897902135516375,-0.8154931568489171,0.10838637566236962,8.3266726846886741e-17
0,25,30,4.908738521234052,5.8904862254808616,-0.90612744635288767,0.074657834050342695,0.75066055503573037,-0.90612744635288756,0.074657834050342736,1.1857187100668868e-16
0,25,31,4.908738521234052,6.0868357663302239,-0.96193976625564337,0.038060233744356665,0.38268343236509061,-0.96193976625564326,0.038060233744356714,1.2118257228641695e-16
0,26,0,5.1050880620834143,0,-0.92387953251128685,4.9061564652389759e-17,4.8821699237452538e-16,-0.92387953251128663,-0,2.2740018404226032e-16
0,26,1,5.1050880620834143,0.19634954084936207,-0.90612744635288789,-0.074657834050342556,-0.36047991100347404,-0.90612744635288767,-0.074657834050342639,2.3714374201337736e-16
0,26,2,5.1050880620834143,0.39269908169872414,-0.85355339059327384,-0.14644660940672619,-0.70710678118654668,-0.85355339059327362,-0.14644660940672632,2.6184557666721351e-16
0,26,3,5.1050880620834143,0.58904862254808621,-0.76817775671141653,-0.21260752369181407,-1.0265599343186718,-0.76817775671141619,-0.21260752369181421,3.6082248300317588e-16
0,26,4,5.1050880620834143,0.78539816339744828,-0.6532814824381884,-0.27059805007309851,-1.3065629648763752,-0.65328148243818818,-0.27059805007309862,2.4825341532472731e-16
0,26,5,5.1050880620834143,0.98174770424681035,-0.51327996715933677,-0.31818964514320852,-1.5363555134228319,-0.51327996715933677,-0.31818964514320869,1.6653345369377348e-16
0,26,6,5.1050880620834143,1.1780972450961724,-0.3535533905932739,-0.35355339059327384,-1.7071067811865461,-0.35355339059327379,-0.35355339059327395,1.5700924586837752e-16
0,26,7,5.1050880620834143,1.3744467859455345,-0.1802399555017371,-0.37533027751786524,-1.8122548927057742,-0.18023995550173702,-0.37533027751786546,2.3714374201337736e-16
0,26,8,5.1050880620834143,1.5707963267948966,-9.2942368333540242e-17,-0.38268343236508978,-1.8477590650225719,-5.6571305614385013e-17,-0.38268343236509,2.2500369059114109e-16
0,26,9,5.1050880620834143,1.7671458676442586,0.18023995550173694,-0.3753302775178653,-1.8122548927057742,0.18023995550173688,-0.37533027751786546,1.7554167342883506e-16
0,26,10,5.1050880620834143,1.9634954084936207,0.35355339059327362,-0.35355339059327379,-1.7071067811865459,0.35355339059327368,-0.35355339059327395,1.7554167342883506e-16
0,26,11,5.1050880620834143,2.1598449493429825,0.51327996715933655,-0.31818964514320852,-1.5363555134228324,0.51327996715933644,-0.31818964514320874,2.4825341532472731e-16
0,26,12,5.1050880620834143,2.3561944901923448,0.65328148243818818,-0.27059805007309856,-1.3065629648763766,0.65328148243818807,-0.27059805007309867,1.5700924586837752e-16
0,26,13,5.1050880620834143,2.5525440310417071,0.7681777567114163,-0.21260752369181418,-1.0265599343186729,0.7681777567114163,-0.21260752369181421,2.7755575615628914e-17
0,26,14,5.1050880620834143,2.748893571891069,0.85355339059327373,-0.1464466094067263,-0.7071067811865468,0.85355339059327362,-0.14644660940672638,1.3877787807814457e-16
0,26,15,5.1050880620834143,2.9452431127404308,0.90612744635288789,-0.074657834050342639,-0.3604799110034741,0.90612744635288767,-0.074657834050342778,2.6184557666721351e-16
0,26,16,5.1050880620834143,3.1415926535897931,0.92387953251128674,-4.1435520646119046e-17,1.8618229744659772e-16,0.92387953251128663,-4.686520405326301e-17,1.1115499586604341e-16
0,26,17,5.1050880620834143,3.3379421944391554,0.90612744635288778,0.074657834050342556,0.36047991100347371,0.90612744635288767,0.074657834050342681,1.6711069443220838e-16
0,26,18,5.1050880620834143,3.5342917352885173,0.85355339059327373,0.14644660940672621,0.70710678118654546,0.85355339059327373,0.1464466094067263,8.3266726846886741e-17
0,26,19,5.1050880620834143,3.7306412761378791,0.76817775671141653,0.21260752369181407,1.0265599343186718,0.76817775671141642,0.21260752369181413,1.2412670766236366e-16
0,26,20,5.1050880620834143,3.9269908169872414,0.65328148243818851,0.27059805007309851,1.3065629648763764,0.65328148243818829,0.27059805007309862,2.4825341532472731e-16
0,26,21,5.1050880620834143,4.1233403578366037,0.51327996715933677,0.31818964514320852,1.5363555134228311,0.51327996715933666,0.31818964514320869,2.0014830212433605e-16
0,26,22,5.1050880620834143,4.3196898986859651,0.35355339059327401,0.35355339059327379,1.7071067811865441,0.35355339059327423,0.3535533905932739,2.4825341532472731e-16
0,26,23,5.1050880620834143,4.5160394395353274,0.18023995550173744,0.37533027751786524,1.8122548927057747,0.18023995550173733,0.37533027751786541,2.0014830212433605e-16
0,26,24,5.1050880620834143,4.7123889803846897,1.44350157142184e-16,0.38268343236508984,1.8477590650225741,1.6971391684315503e-16,0.38268343236509,1.684538853969976e-16
0,26,25,5.1050880620834143,4.908738521234052,-0.18023995550173716,0.3753302775178653,1.8122548927057747,-0.18023995550173699,0.37533027751786546,2.3551386880256624e-16
0,26,26,5.1050880620834143,5.1050880620834143,-0.35355339059327384,0.35355339059327379,1.707106781186545,-0.35355339059327395,0.35355339059327395,2.0014830212433605e-16
0,26,27,5.1050880620834143,5.3014376029327757,-0.51327996715933655,0.31818964514320852,1.5363555134228317,-0.51327996715933633,0.31818964514320874,3.1401849173675503e-16
0,26,28,5.1050880620834143,5.497787143782138,-0.65328148243818829,0.27059805007309856,1.3065629648763764,-0.65328148243818807,0.27059805007309873,2.7755575615628914e-16
0,26,29,5.1050880620834143,5.6941366846315002,-0.7681777567114163,0.21260752369181421,1.0265599343186727,-0.76817775671141619,0.21260752369181421,1.1102230246251565e-16
0,26,30,5.1050880620834143,5.8904862254808616,-0.85355339059327362,0.1464466094067263,0.70710678118654713,-0.8535533905932734,0.14644660940672657,3.554447978966673e-16
0,26,31,5.1050880620834143,6.0868357663302239,-0.90612744635288778,0.074657834050342653,0.36047991100347482,-0.90612744635288756,0.074657834050342819,2.7755575615628914e-16
0,27,0,5.3014376029327757,0,-0.83146961230254535,6.2846972104180626e-17,5.5889143836696191e-16,-0.83146961230254546,-0,1.2757622641676609e-16
0,27,1,5.3014376029327757,0.19634954084936207,-0.81549315684891732,-0.10838637566236949,-0.32442334882145829,-0.81549315684891732,-0.10838637566236953,4.163336342344337e-17
0,27,2,5.3014376029327757,0.39269908169872414,-0.76817775671141653,-0.21260752369181396,-0.63637929028641671,-0.76817775671141653,-0.21260752369181396,0
0,27,3,5.3014376029327757,0.58904862254808621,-0.69134171618254514,-0.30865828381745491,-0.92387953251128618,-0.69134171618254503,-0.30865828381745486,1.2412670766236366e-16
0,27,4,5.3014376029327757,0.78539816339744828,-0.58793780120967953,-0.3928474791935509,-1.1758756024193588,-0.58793780120967953,-0.39284747919355079,1.1102230246251565e-16
0,27,5,5.3014376029327757,0.98174770424681035,-0.46193976625564337,-0.46193976625564309,-1.3826834323650901,-0.46193976625564354,-0.46193976625564304,1.7554167342883506e-16
0,27,6,5.3014376029327757,1.1780972450961724,-0.31818964514320858,-0.51327996715933644,-1.5363555134228319,-0.31818964514320863,-0.51327996715933644,5.5511151231257827e-17
0,27,7,5.3014376029327757,1.3744467859455345,-0.16221167441072901,-0.54489510677581832,-1.6309863136978342,-0.16221167441072898,-0.54489510677581832,2.7755575615628914e-17
0,27,8,5.3014376029327757,1.5707963267948966,-7.2888877055743754e-17,-0.55557023301960196,-1.6629392246050902,-5.0912829964730152e-17,-0.55557023301960184,1.1317640341442538e-16
0,27,9,5.3014376029327757,1.7671458676442586,0.16221167441072884,-0.54489510677581832,-1.6309863136978338,0.16221167441072887,-0.54489510677581832,2.7755575615628914e-17
0,27,10,5.3014376029327757,1.9634954084936207,0.31818964514320836,-0.51327996715933655,-1.5363555134228317,0.31818964514320852,-0.51327996715933644,2.0014830212433605e-16
0,27,11,5.3014376029327757,2.1598449493429825,0.4619397662556432,-0.46193976625564326,-1.3826834323650905,0.46193976625564326,-0.4619397662556432,7.8504622934188758e-17
0,27,12,5.3014376029327757,2.3561944901923448,0.58793780120967942,-0.39284747919355101,-1.1758756024193593,0.58793780120967942,-0.39284747919355084,1.6653345369377348e-16
0,27,13,5.3014376029327757,2.5525440310417071,0.69134171618254492,-0.30865828381745508,-0.92387953251128607,0.69134171618254514,-0.30865828381745486,3.1401849173675503e-16
0,27,14,5.3014376029327757,2.748893571891069,0.7681777567114163,-0.2126075236918141,-0.63637929028641682,0.76817775671141653,-0.21260752369181404,2.2887833992611187e-16
0,27,15,5.3014376029327757,2.9452431127404308,0.81549315684891721,-0.10838637566236965,-0.3244233488214584,0.81549315684891732,-0.10838637566236974,1.3877787807814457e-16
0,27,16,5.3014376029327757,3.1415926535897931,0.83146961230254524,-5.0451932946688539e-17,6.9241383161407498e-17,0.83146961230254546,-6.8037730756900459e-17,2.2273990855016281e-16
0,27,17,5.3014376029327757,3.3379421944391554,0.81549315684891721,0.10838637566236949,0.32442334882145779,0.81549315684891732,0.1083863756623696,1.5700924586837752e-16
0,27,18,5.3014376029327757,3.5342917352885173,0.76817775671141642,0.21260752369181393,0.63637929028641571,0.76817775671141664,0.2126075236918139,2.2377260456559048e-16
0,27,19,5.3014376029327757,3.7306412761378791,0.69134171618254514,0.30865828381745491,0.92387953251128607,0.69134171618254525,0.30865828381745475,2.0014830212433605e-16
0,27,20,5.3014376029327757,3.9269908169872414,0.58793780120967964,0.3928474791935509,1.1758756024193593,0.58793780120967964,0.39284747919355079,1.1102230246251565e-16
0,27,21,5.3014376029327757,4.1233403578366037,0.46193976625564337,0.46193976625564309,1.3826834323650894,0.46193976625564348,0.46193976625564304,1.2412670766236366e-16
0,27,22,5.3014376029327757,4.3196898986859651,0.3181896451432088,0.51327996715933644,1.5363555134228308,0.31818964514320902,0.51327996715933621,3.1401849173675503e-16
0,27,23,5.3014376029327757,4.5160394395353274,0.16221167441072931,0.54489510677581832,1.6309863136978346,0.16221167441072926,0.54489510677581821,1.2412670766236366e-16
0,27,24,5.3014376029327757,4.7123889803846897,1.2271144801852361e-16,0.55557023301960196,1.662939224605092,1.5273848989419045e-16,0.55557023301960184,1.1501119461983413e-16
0,27,25,5.3014376029327757,4.908738521234052,-0.16221167441072903,0.54489510677581832,1.6309863136978342,-0.16221167441072895,0.54489510677581832,8.3266726846886741e-17
0,27,26,5.3014376029327757,5.1050880620834143,-0.31818964514320852,0.51327996715933644,1.5363555134228313,-0.31818964514320874,0.51327996715933633,2.4825341532472731e-16
0,27,27,5.3014376029327757,5.3014376029327757,-0.4619397662556432,0.46193976625564326,1.3826834323650901,-0.4619397662556432,0.4619397662556432,5.5511151231257827e-17
0,27,28,5.3014376029327757,5.497787143782138,-0.58793780120967942,0.39284747919355101,1.1758756024193593,-0.58793780120967942,0.3928474791935509,1.1102230246251565e-16
0,27,29,5.3014376029327757,5.6941366846315002,-0.69134171618254492,0.30865828381745503,0.92387953251128618,-0.69134171618254503,0.30865828381745486,2.0014830212433605e-16
0,27,30,5.3014376029327757,5.8904862254808616,-0.76817775671141619,0.2126075236918141,0.63637929028641671,-0.7681777567114163,0.21260752369181432,2.4825341532472731e-16
0,27,31,5.3014376029327757,6.0868357663302239,-0.8154931568489171,0.10838637566236965,0.32442334882145896,-0.81549315684891721,0.10838637566236979,1.7772239894833365e-16
0,28,0,5.497787143782138,0,-0.70710678118654768,1.1100764238079802e-16,8.8532603499948749e-16,-0.70710678118654768,-0,1.1100764238079802e-16
0,28,1,5.497787143782138,0.19634954084936207,-0.69351992266107398,-0.13794968964147139,-0.27589937928294361,-0.69351992266107387,-0.13794968964147145,1.2412670766236366e-16
0,28,2,5.497787143782138,0.39269908169872414,-0.65328148243818851,-0.2705980500730984,-0.54119610014619735,-0.6532814824381884,-0.27059805007309845,1.2412670766236366e-16
0,28,3,5.497787143782138,0.58904862254808621,-0.58793780120967964,-0.39284747919355095,-0.7856949583871019,-0.58793780120967953,-0.39284747919355095,1.1102230246251565e-16
0,28,4,5.497787143782138,0.78539816339744828,-0.50000000000000022,-0.49999999999999989,-1.0000000000000007,-0.50000000000000011,-0.49999999999999983,1.2412670766236366e-16
0,28,5,5.497787143782138,0.98174770424681035,-0.39284747919355112,-0.5879378012096792,-1.17587560241936,-0.39284747919355123,-0.5879378012096792,1.1102230246251565e-16
0,28,6,5.497787143782138,1.1780972450961724,-0.27059805007309862,-0.65328148243818818,-1.3065629648763768,-0.27059805007309862,-0.65328148243818807,1.1102230246251565e-16
0,28,7,5.497787143782138,1.3744467859455345,-0.13794968964147164,-0.69351992266107365,-1.3870398453221473,-0.13794968964147158,-0.69351992266107354,1.2412670766236366e-16
0,28,8,5.497787143782138,1.5707963267948966,-9.1934556735881485e-17,-0.70710678118654746,-1.4142135623730958,-4.3297802811774677e-17,-0.70710678118654735,1.2120843814005868e-16
0,28,9,5.497787143782138,1.7671458676442586,0.1379496896414715,-0.69351992266107365,-1.3870398453221477,0.13794968964147147,-0.69351992266107354,1.1443916996305594e-16
0,28,10,5.497787143782138,1.9634954084936207,0.27059805007309845,-0.65328148243818829,-1.3065629648763764,0.27059805007309851,-0.65328148243818807,2.2887833992611187e-16
0,28,11,5.497787143782138,2.1598449493429825,0.39284747919355101,-0.58793780120967931,-1.1758756024193597,0.39284747919355101,-0.58793780120967942,1.1102230246251565e-16
0,28,12,5.497787143782138,2.3561944901923448,0.50000000000000011,-0.5,-1.0000000000000013,0.50000000000000011,-0.49999999999999989,1.1102230246251565e-16
0,28,13,5.497787143782138,2.5525440310417071,0.58793780120967953,-0.39284747919355112,-0.78569495838710235,0.58793780120967953,-0.39284747919355095,1.6653345369377348e-16
0,28,14,5.497787143782138,2.748893571891069,0.6532814824381884,-0.27059805007309856,-0.54119610014619679,0.6532814824381884,-0.27059805007309851,5.5511151231257827e-17
0,28,15,5.497787143782138,2.9452431127404308,0.69351992266107387,-0.13794968964147158,-0.27589937928294367,0.69351992266107387,-0.13794968964147172,1.3877787807814457e-16
0,28,16,5.497787143782138,3.1415926535897931,0.70710678118654757,-9.9666401557473595e-17,-3.8814597050605574e-16,0.70710678118654768,-8.6595605623549304e-17,1.1178907527314376e-16
0,28,17,5.497787143782138,3.3379421944391554,0.69351992266107387,0.13794968964147139,0.27589937928294311,0.69351992266107387,0.13794968964147153,1.3877787807814457e-16
0,28,18,5.497787143782138,3.5342917352885173,0.6532814824381884,0.2705980500730984,0.54119610014619668,0.65328148243818851,0.27059805007309834,1.2412670766236366e-16
0,28,19,5.497787143782138,3.7306412761378791,0.58793780120967964,0.39284747919355095,0.78569495838710235,0.58793780120967964,0.39284747919355079,1.6653345369377348e-16
0,28,20,5.497787143782138,3.9269908169872414,0.50000000000000022,0.49999999999999994,1.0000000000000013,0.50000000000000022,0.49999999999999983,1.1102230246251565e-16
0,28,21,5.497787143782138,4.1233403578366037,0.39284747919355112,0.5879378012096792,1.1758756024193591,0.39284747919355112,0.5879378012096792,0
0,28,22,5.497787143782138,4.3196898986859651,0.27059805007309878,0.65328148243818807,1.3065629648763755,0.27059805007309895,0.65328148243818795,2.0014830212433605e-16
0,28,23,5.497787143782138,4.5160394395353274,0.13794968964147189,0.69351992266107365,1.387039845322148,0.13794968964147181,0.69351992266107343,2.3714374201337736e-16
0,28,24,5.497787143782138,4.7123889803846897,1.3011672126272815e-16,0.70710678118654746,1.4142135623730969,1.2989340843532401e-16,0.70710678118654735,1.1102252705058192e-16
0,28,25,5.497787143782138,4.908738521234052,-0.1379496896414717,0.69351992266107365,1.3870398453221486,-0.13794968964147156,0.69351992266107354,1.7772239894833365e-16
0,28,26,5.497787143782138,5.1050880620834143,-0.27059805007309862,0.65328148243818818,1.3065629648763757,-0.27059805007309873,0.65328148243818807,1.5700924586837752e-16
0,28,27,5.497787143782138,5.3014376029327757,-0.39284747919355101,0.58793780120967931,1.1758756024193588,-0.3928474791935509,0.58793780120967942,1.5700924586837752e-16
0,28,28,5.497787143782138,5.497787143782138,-0.50000000000000011,0.5,1.0000000000000013,-0.5,0.5,1.1102230246251565e-16
0,28,29,5.497787143782138,5.6941366846315002,-0.58793780120967953,0.39284747919355112,0.78569495838710279,-0.58793780120967953,0.39284747919355095,1.6653345369377348e-16
0,28,30,5.497787143782138,5.8904862254808616,-0.65328148243818829,0.27059805007309856,0.5411961001461969,-0.65328148243818829,0.27059805007309884,2.7755575615628914e-16
0,28,31,5.497787143782138,6.0868357663302239,-0.69351992266107376,0.13794968964147158,0.27589937928294411,-0.69351992266107376,0.13794968964147178,1.9428902930940239e-16
0,29,0,5.6941366846315002,0,-0.55557023301960229,1.6063412392860699e-16,3.5909292986742369e-16,-0.55557023301960218,-0,1.9526718468393347e-16
0,29,1,5.6941366846315002,0.19634954084936207,-0.54489510677581876,-0.16221167441072873,-0.21677275132473944,-0.54489510677581854,-0.16221167441072887,2.6184557666721351e-16
0,29,2,5.6941366846315002,0.39269908169872414,-0.51327996715933688,-0.31818964514320841,-0.42521504738362809,-0.51327996715933666,-0.31818964514320847,2.2887833992611187e-16
0,29,3,5.6941366846315002,0.58904862254808621,-0.46193976625564359,-0.4619397662556432,-0.61731656763490961,-0.46193976625564331,-0.46193976625564331,2.9893669801409083e-16
0,29,4,5.6941366846315002,0.78539816339744828,-0.39284747919355123,-0.58793780120967931,-0.78569495838710213,-0.39284747919355106,-0.58793780120967931,1.6653345369377348e-16
0,29,5,5.6941366846315002,0.98174770424681035,-0.30865828381745514,-0.69134171618254481,-0.92387953251128729,-0.30865828381745514,-0.69134171618254492,1.1102230246251565e-16
0,29,6,5.6941366846315002,1.1780972450961724,-0.21260752369181418,-0.76817775671141619,-1.0265599343186727,-0.21260752369181413,-0.7681777567114163,1.2412670766236366e-16
0,29,7,5.6941366846315002,1.3744467859455345,-0.10838637566236974,-0.81549315684891688,-1.0897902135516366,-0.10838637566236964,-0.8154931568489171,2.4236514457283391e-16
0,29,8,5.6941366846315002,1.5707963267948966,-8.9327022802772675e-17,-0.83146961230254512,-1.1111404660392041,-3.4018865378450248e-17,-0.83146961230254524,1.2403605895767546e-16
0,29,9,5.6941366846315002,1.7671458676442586,0.10838637566236961,-0.81549315684891699,-1.0897902135516373,0.10838637566236957,-0.8154931568489171,1.1857187100668868e-16
0,29,10,5.6941366846315002,1.9634954084936207,0.21260752369181407,-0.7681777567114163,-1.0265599343186727,0.21260752369181407,-0.7681777567114163,0
0,29,11,5.6941366846315002,2.1598449493429825,0.30865828381745497,-0.69134171618254492,-0.92387953251128685,0.30865828381745491,-0.69134171618254503,1.2412670766236366e-16
0,29,12,5.6941366846315002,2.3561944901923448,0.39284747919355106,-0.58793780120967942,-0.78569495838710279,0.39284747919355101,-0.58793780120967942,5.5511151231257827e-17
0,29,13,5.6941366846315002,2.5525440310417071,0.46193976625564342,-0.46193976625564331,-0.61731656763491038,0.46193976625564342,-0.46193976625564331,0
0,29,14,5.6941366846315002,2.748893571891069,0.51327996715933677,-0.31818964514320852,-0.42521504738362792,0.51327996715933666,-0.31818964514320858,1.2412670766236366e-16
0,29,15,5.6941366846315002,2.9452431127404308,0.54489510677581865,-0.16221167441072901,-0.21677275132473933,0.54489510677581854,-0.16221167441072917,2.0014830212433605e-16
0,29,16,5.6941366846315002,3.1415926535897931,0.55557023301960218,-1.51975607243409e-16,-1.4559270259150278e-17,0.55557023301960218,-1.0182565992946028e-16,5.0149947313948717e-17
0,29,17,5.6941366846315002,3.3379421944391554,0.54489510677581865,0.16221167441072873,0.21677275132473908,0.54489510677581854,0.16221167441072895,2.4825341532472731e-16
0,29,18,5.6941366846315002,3.5342917352885173,0.51327996715933677,0.31818964514320841,0.42521504738362748,0.51327996715933677,0.31818964514320841,0
0,29,19,5.6941366846315002,3.7306412761378791,0.46193976625564359,0.46193976625564326,0.61731656763490972,0.46193976625564348,0.46193976625564315,1.5700924586837752e-16
0,29,20,5.6941366846315002,3.9269908169872414,0.39284747919355123,0.58793780120967931,0.78569495838710279,0.39284747919355112,0.58793780120967931,1.1102230246251565e-16
0,29,21,5.6941366846315002,4.1233403578366037,0.30865828381745514,0.69134171618254481,0.92387953251128641,0.30865828381745508,0.69134171618254492,1.2412670766236366e-16
0,29,22,5.6941366846315002,4.3196898986859651,0.21260752369181429,0.76817775671141619,1.026559934318672,0.2126075236918144,0.76817775671141608,1.5700924586837752e-16
0,29,23,5.6941366846315002,4.5160394395353274,0.10838637566236994,0.81549315684891688,1.0897902135516371,0.10838637566236983,0.81549315684891699,1.5700924586837752e-16
0,29,24,5.6941366846315002,4.7123889803846897,1.1004539933974488e-16,0.83146961230254501,1.1111404660392055,1.0205659613535074e-16,0.83146961230254524,2.2218827051163564e-16
0,29,25,5.6941366846315002,4.908738521234052,-0.10838637566236975,0.81549315684891699,1.0897902135516377,-0.10838637566236962,0.8154931568489171,1.6711069443220838e-16
0,29,26,5.6941366846315002,5.1050880620834143,-0.21260752369181418,0.76817775671141619,1.0265599343186722,-0.21260752369181421,0.76817775671141619,2.7755575615628914e-17
0,29,27,5.6941366846315002,5.3014376029327757,-0.30865828381745497,0.69134171618254492,0.92387953251128618,-0.30865828381745486,0.69134171618254503,1.5700924586837752e-16
0,29,28,5.6941366846315002,5.497787143782138,-0.39284747919355106,0.58793780120967953,0.78569495838710279,-0.39284747919355095,0.58793780120967953,1.1102230246251565e-16
0,29,29,5.6941366846315002,5.6941366846315002,-0.46193976625564342,0.46193976625564337,0.61731656763491061,-0.46193976625564331,0.46193976625564331,1.2412670766236366e-16
0,29,30,5.6941366846315002,5.8904862254808616,-0.51327996715933677,0.31818964514320852,0.4252150473836282,-0.51327996715933655,0.31818964514320902,5.4672143489065705e-16
0,29,31,5.6941366846315002,6.0868357663302239,-0.54489510677581865,0.16221167441072901,0.21677275132473969,-0.54489510677581854,0.16221167441072926,2.7336071744532853e-16
0,30,0,5.8904862254808616,0,-0.38268343236508989,1.4401414448882848e-16,-1.843081195024019e-16,-0.38268343236509039,-0,5.1994287629068925e-16
0,30,1,5.8904862254808616,0.19634954084936207,-0.37533027751786541,-0.18023995550173683,-0.14931566810068536,-0.37533027751786585,-0.18023995550173691,4.5182803598830274e-16
0,30,2,5.8904862254808616,0.39269908169872414,-0.3535533905932739,-0.35355339059327362,-0.29289321881345221,-0.35355339059327434,-0.35355339059327368,4.4754520913118096e-16
0,30,3,5.8904862254808616,0.58904862254808621,-0.31818964514320869,-0.51327996715933655,-0.42521504738362798,-0.31818964514320902,-0.51327996715933655,3.3306690738754696e-16
0,30,4,5.8904862254808616,0.78539816339744828,-0.27059805007309862,-0.65328148243818818,-0.54119610014619701,-0.27059805007309895,-0.65328148243818807,3.5108334685767012e-16
0,30,5,5.8904862254808616,0.98174770424681035,-0.21260752369181418,-0.76817775671141608,-0.63637929028641693,-0.21260752369181449,-0.76817775671141608,3.0531133177191805e-16
0,30,6,5.8904862254808616,1.1780972450961724,-0.14644660940672635,-0.85355339059327362,-0.70710678118654724,-0.14644660940672649,-0.85355339059327351,1.7772239894833365e-16
0,30,7,5.8904862254808616,1.3744467859455345,-0.074657834050342708,-0.90612744635288767,-0.75066055503573059,-0.07465783405034275,-0.90612744635288756,1.1857187100668868e-16
0,30,8,5.8904862254808616,1.5707963267948966,-3.8908978469996033e-17,-0.92387953251128663,-0.76536686473017967,-2.343260202663153e-17,-0.92387953251128652,1.120958066650802e-16
0,30,9,5.8904862254808616,1.7671458676442586,0.074657834050342611,-0.90612744635288767,-0.75066055503573048,0.074657834050342695,-0.90612744635288756,1.3877787807814457e-16
0,30,10,5.8904862254808616,1.9634954084936207,0.14644660940672621,-0.85355339059327373,-0.70710678118654757,0.14644660940672646,-0.85355339059327351,3.3422138886441676e-16
0,30,11,5.8904862254808616,2.1598449493429825,0.2126075236918141,-0.7681777567114163,-0.63637929028641771,0.21260752369181435,-0.7681777567114163,2.4980018054066022e-16
0,30,12,5.8904862254808616,2.3561944901923448,0.27059805007309856,-0.6532814824381884,-0.54119610014619746,0.27059805007309889,-0.65328148243818818,4.002966042486721e-16
0,30,13,5.8904862254808616,2.5525440310417071,0.31818964514320858,-0.51327996715933677,-0.4252150473836282,0.31818964514320902,-0.51327996715933655,4.9650683064945462e-16
0,30,14,5.8904862254808616,2.748893571891069,0.3535533905932739,-0.35355339059327384,-0.29289321881345243,0.35355339059327434,-0.35355339059327379,4.4754520913118096e-16
0,30,15,5.8904862254808616,2.9452431127404308,0.37533027751786541,-0.1802399555017371,-0.14931566810068517,0.37533027751786585,-0.18023995550173724,4.6526822989446134e-16
0,30,16,5.8904862254808616,3.1415926535897931,0.38268343236508984,-1.3820695448812348e-16,4.1723450348192313e-16,0.38268343236509039,-1.1314261122877e-16,5.5567707565183973e-16
0,30,17,5.8904862254808616,3.3379421944391554,0.37533027751786535,0.18023995550173683,0.14931566810068517,0.37533027751786585,0.18023995550173702,5.3604920268812602e-16
0,30,18,5.8904862254808616,3.5342917352885173,0.3535533905932739,0.35355339059327362,0.29289321881345165,0.3535533905932744,0.35355339059327356,5.0267485386043072e-16
0,30,19,5.8904862254808616,3.7306412761378791,0.31818964514320869,0.51327996715933655,0.42521504738362786,0.31818964514320908,0.51327996715933633,4.4754520913118096e-16
0,30,20,5.8904862254808616,3.9269908169872414,0.27059805007309862,0.65328148243818818,0.54119610014619746,0.27059805007309901,0.65328148243818807,4.0412728104402651e-16
0,30,21,5.8904862254808616,4.1233403578366037,0.21260752369181421,0.76817775671141619,0.63637929028641649,0.21260752369181443,0.76817775671141608,2.4825341532472731e-16
0,30,22,5.8904862254808616,4.3196898986859651,0.14644660940672644,0.85355339059327351,0.70710678118654657,0.14644660940672669,0.85355339059327329,3.3422138886441676e-16
0,30,23,5.8904862254808616,4.5160394395353274,0.074657834050342847,0.90612744635288767,0.75066055503573093,0.074657834050342875,0.90612744635288744,2.2377260456559048e-16
0,30,24,5.8904862254808616,4.7123889803846897,5.1676840991098795e-17,0.92387953251128663,0.76536686473018056,7.0297806079894587e-17,0.92387953251128652,1.1257305177046796e-16
0,30,25,5.8904862254808616,4.908738521234052,-0.074657834050342708,0.90612744635288767,0.7506605550357307,-0.074657834050342736,0.90612744635288756,1.1443916996305594e-16
0,30,26,5.8904862254808616,5.1050880620834143,-0.14644660940672632,0.85355339059327362,0.70710678118654713,-0.14644660940672657,0.8535533905932734,3.3422138886441676e-16
0,30,27,5.8904862254808616,5.3014376029327757,-0.21260752369181407,0.7681777567114163,0.63637929028641727,-0.21260752369181432,0.7681777567114163,2.4980018054066022e-16
0,30,28,5.8904862254808616,5.497787143782138,-0.27059805007309856,0.6532814824381884,0.54119610014619746,-0.27059805007309884,0.65328148243818829,2.9893669801409083e-16
0,30,29,5.8904862254808616,5.6941366846315002,-0.31818964514320858,0.51327996715933677,0.42521504738362825,-0.31818964514320902,0.51327996715933655,4.9650683064945462e-16
0,30,30,5.8904862254808616,5.8904862254808616,-0.35355339059327384,0.35355339059327384,0.29289321881345259,-0.35355339059327423,0.35355339059327423,5.4953236053932127e-16
0,30,31,5.8904862254808616,6.0868357663302239,-0.37533027751786535,0.1802399555017371,0.14931566810068542,-0.3753302775178658,0.18023995550173735,5.0952463777858613e-16
0,31,0,6.0868357663302239,0,-0.19509032201612844,1.3344101838460845e-16,7.6927323781341457e-17,-0.19509032201612872,-0,3.0796704882667372e-16
0,31,1,6.0868357663302239,0.19634954084936207,-0.19134171618254506,-0.19134171618254475,-0.076120467488713622,-0.19134171618254533,-0.19134171618254484,2.8977671675840951e-16
0,31,2,6.0868357663302239,0.39269908169872414,-0.1802399555017371,-0.37533027751786507,-0.14931566810068544,-0.18023995550173738,-0.37533027751786519,2.9893669801409083e-16
0,31,3,6.0868357663302239,0.58904862254808621,-0.16221167441072903,-0.54489510677581843,-0.21677275132473925,-0.16221167441072926,-0.54489510677581854,2.4825341532472731e-16
0,31,4,6.0868357663302239,0.78539816339744828,-0.1379496896414717,-0.69351992266107365,-0.2758993792829435,-0.13794968964147183,-0.69351992266107354,1.7772239894833365e-16
0,31,5,6.0868357663302239,0.98174770424681035,-0.10838637566236972,-0.81549315684891688,-0.32442334882145862,-0.10838637566236987,-0.81549315684891699,1.8875832159447664e-16
0,31,6,6.0868357663302239,1.1780972450961724,-0.074657834050342695,-0.90612744635288767,-0.36047991100347493,-0.074657834050342792,-0.90612744635288767,9.7144514654701197e-17
0,31,7,6.0868357663302239,1.3744467859455345,-0.038060233744356672,-0.96193976625564348,-0.38268343236509078,-0.038060233744356721,-0.96193976625564326,2.2729511820139823e-16
0,31,8,6.0868357663302239,1.5707963267948966,-7.9753121219816401e-23,-0.98078528040323054,-0.39018064403225727,-1.1945836920083923e-17,-0.98078528040323032,2.223657070921802e-16
0,31,9,6.0868357663302239,1.7671458676442586,0.038060233744356659,-0.96193976625564348,-0.38268343236509023,0.038060233744356693,-0.96193976625564326,2.2473876566261383e-16
0,31,10,6.0868357663302239,1.9634954084936207,0.074657834050342653,-0.906127446352888,-0.36047991100347448,0.074657834050342764,-0.90612744635288767,3.5108334685767012e-16
0,31,11,6.0868357663302239,2.1598449493429825,0.10838637566236965,-0.81549315684891732,-0.32442334882145862,0.10838637566236982,-0.81549315684891721,2.0014830212433605e-16
0,31,12,6.0868357663302239,2.3561944901923448,0.13794968964147161,-0.69351992266107387,-0.2758993792829435,0.13794968964147181,-0.69351992266107365,2.9504581591051765e-16
0,31,13,6.0868357663302239,2.5525440310417071,0.16221167441072901,-0.54489510677581865,-0.21677275132473936,0.16221167441072928,-0.54489510677581854,2.9893669801409083e-16
0,31,14,6.0868357663302239,2.748893571891069,0.1802399555017371,-0.37533027751786535,-0.14931566810068544,0.18023995550173738,-0.3753302775178653,2.8305244335018379e-16
0,31,15,6.0868357663302239,2.9452431127404308,0.19134171618254506,-0.191341716182545,-0.076120467488713595,0.19134171618254533,-0.1913417161825452,3.3879997739887652e-16
0,31,16,6.0868357663302239,3.1415926535897931,0.19509032201612841,-1.2354119342009794e-16,1.085435156844282e-16,0.19509032201612872,-1.2011155542966553e-16,3.0533059415179414e-16
0,31,17,6.0868357663302239,3.3379421944391554,0.19134171618254503,0.19134171618254475,0.076120467488713511,0.19134171618254533,0.19134171618254495,3.6188843062238402e-16
0,31,18,6.0868357663302239,3.5342917352885173,0.1802399555017371,0.37533027751786507,0.14931566810068533,0.18023995550173741,0.37533027751786507,3.0531133177191805e-16
0,31,19,6.0868357663302239,3.7306412761378791,0.16221167441072901,0.54489510677581843,0.2167727513247393,0.16221167441072928,0.54489510677581832,2.9893669801409083e-16
0,31,20,6.0868357663302239,3.9269908169872414,0.13794968964147167,0.69351992266107365,0.2758993792829435,0.13794968964147186,0.69351992266107354,2.2377260456559048e-16
0,31,21,6.0868357663302239,4.1233403578366037,0.10838637566236974,0.81549315684891688,0.32442334882145846,0.10838637566236986,0.81549315684891699,1.6711069443220838e-16
0,31,22,6.0868357663302239,4.3196898986859651,0.074657834050342736,0.90612744635288756,0.36047991100347482,0.074657834050342889,0.90612744635288744,1.8875832159447664e-16
0,31,23,6.0868357663302239,4.5160394395353274,0.038060233744356728,0.96193976625564348,0.38268343236509095,0.03806023374435679,0.96193976625564315,3.3887102699122705e-16
0,31,24,6.0868357663302239,4.7123889803846897,8.3870099645050355e-18,0.98078528040323054,0.39018064403225761,3.5837510760251766e-17,0.98078528040323032,2.2373496948454555e-16
0,31,25,6.0868357663302239,4.908738521234052,-0.0380602337443567,0.96193976625564348,0.3826834323650905,-0.038060233744356714,0.96193976625564326,2.2247786310271853e-16
0,31,26,6.0868357663302239,5.1050880620834143,-0.074657834050342695,0.90612744635288789,0.36047991100347437,-0.074657834050342819,0.90612744635288756,3.5571561302006606e-16
0,31,27,6.0868357663302239,5.3014376029327757,-0.10838637566236965,0.81549315684891732,0.32442334882145835,-0.10838637566236979,0.81549315684891721,1.7772239894833365e-16
0,31,28,6.0868357663302239,5.497787143782138,-0.13794968964147161,0.69351992266107387,0.27589937928294356,-0.13794968964147178,0.69351992266107376,2.0014830212433605e-16
0,31,29,6.0868357663302239,5.6941366846315002,-0.16221167441072901,0.54489510677581865,0.21677275132473939,-0.16221167441072926,0.54489510677581854,2.7336071744532853e-16
0,31,30,6.0868357663302239,5.8904862254808616,-0.18023995550173708,0.37533027751786535,0.14931566810068539,-0.18023995550173735,0.3753302775178658,5.2369115333442702e-16
0,31,31,6.0868357663302239,6.0868357663302239,-0.191341716182545,0.191341716182545,0.076120467488713719,-0.19134171618254531,0.19134171618254531,4.3177542613803813e-16
0.024999999999999998,0,0,0,0,-1.5966095204889612e-16,1.5497470552503342e-16,4.1381824677285266e-17,0,-0,2.2250568298749299e-16
0.024999999999999998,0,1,0,0.19634954084936207,-1.426878914132337e-16,-0.1941173049757664,-2.6973120119773878e-16,0,-0.19411730497576651,1.8079210712869376e-16
0.024999999999999998,0,2,0,0.39269908169872414,-1.21450648455586e-16,-0.38077479078355297,-1.9289780830382684e-16,0,-0.38077479078355314,2.0611562582555096e-16
0.024999999999999998,0,3,0,0.58904862254808621,-1.1077970019340022e-16,-0.55279931492249046,-2.8270006135932057e-17,0,-0.55279931492249057,1.5683779397523399e-16
0.024999999999999998,0,4,0,0.78539816339744828,-1.2219933489860713e-16,-0.7035800714023841,-2.8919392008170938e-16,0,-0.7035800714023841,1.2219933489860713e-16
0.024999999999999998,0,5,0,0.98174770424681035,-4.3092359266996605e-17,-0.82732264031053371,-6.6826811671274172e-16,0,-0.82732264031053393,2.2618743997735407e-16
0.024999999999999998,0,6,0,1.1780972450961724,-4.5531088521120506e-17,-0.91927166411943173,-6.524131685461827e-16,0,-0.91927166411943173,4.5531088521120506e-17
0.024999999999999998,0,7,0,1.3744467859455345,-1.177903160340509e-17,-0.97589359340970838,-3.786377811745124e-16,0,-0.97589359340970838,1.177903160340509e-17
0.024999999999999998,0,8,0,1.5707963267948966,4.0184121462159601e-18,-0.99501247919268232,-3.0369656535030696e-16,0,-0.99501247919268232,4.0184121462159601e-18
0.024999999999999998,0,9,0,1.7671458676442586,2.8770092471616457e-17,-0.97589359340970838,-3.2346414757913988e-16,-0,-0.97589359340970838,2.8770092471616457e-17
0.024999999999999998,0,10,0,1.9634954084936207,5.991154284001107e-17,-0.91927166411943184,-2.3872269776265116e-16,-0,-0.91927166411943173,1.2615603279094025e-16
0.024999999999999998,0,11,0,2.1598449493429825,1.4101180133518625e-16,-0.82732264031053404,-1.2711417722514143e-16,-0,-0.82732264031053415,1.7947222559458148e-16
0.024999999999999998,0,12,0,2.3561944901923448,1.0266669474752352e-16,-0.70358007140238432,-3.136383809927244e-17,-0,-0.70358007140238421,1.5121640735865762e-16
0.024999999999999998,0,13,0,2.5525440310417071,1.0901642308866335e-16,-0.55279931492249068,-1.2001084436514353e-16,-0,-0.55279931492249057,1.5559733978164524e-16
0.024999999999999998,0,14,0,2.748893571891069,1.1232578862737107e-16,-0.3807747907835532,-3.0608033794010025e-16,-0,-0.38077479078355325,1.2529393721078616e-16
0.024999999999999998,0,15,0,2.9452431127404308,1.441247592656157e-16,-0.19411730497576668,-2.8232347661873758e-16,-0,-0.19411730497576687,2.419094316957516e-16
0.024999999999999998,0,16,0,3.1415926535897931,1.5906908430203165e-16,-1.3432417573688754e-16,-2.9931047351836721e-17,-0,-1.2185388477549907e-16,1.595571425456991e-16
0.024999999999999998,0,17,0,3.3379421944391554,1.5357564598438335e-16,0.1941173049757664,2.2144555019177119e-16,-0,0.19411730497576662,2.6998015781874395e-16
0.024999999999999998,0,18,0,3.5342917352885173,1.4178905291149741e-16,0.38077479078355297,3.012042759633571e-16,-0,0.38077479078355303,1.522682614222642e-16
0.024999999999999998,0,19,0,3.7306412761378791,1.1348981875792786e-16,0.55279931492249046,2.9382079006491415e-16,-0,0.55279931492249035,1.5876363124401516e-16
0.024999999999999998,0,20,0,3.9269908169872414,1.0703939748832907e-16,0.7035800714023841,3.7855038754525008e-16,-0,0.7035800714023841,1.0703939748832907e-16
0.024999999999999998,0,21,0,4.1233403578366037,3.817726888032123e-17,0.82732264031053371,6.1703428102285096e-16,-0,0.82732264031053393,2.2530270845126024e-16
0.024999999999999998,0,22,0,4.3196898986859651,4.9668193679726976e-17,0.91927166411943162,7.3952144071004125e-16,-0,0.91927166411943151,1.2162598861873717e-16
0.024999999999999998,0,23,0,4.5160394395353274,7.3516376965423723e-18,0.97589359340970838,4.9300332743800955e-16,-0,0.97589359340970827,1.1126544037076173e-16
0.024999999999999998,0,24,0,4.7123889803846897,-1.052870438867971e-17,0.99501247919268232,2.9593456281601726e-16,-0,0.99501247919268232,1.052870438867971e-17
0.024999999999999998,0,25,0,4.908738521234052,-3.0683836341896496e-17,0.97589359340970838,3.3611984661365019e-16,0,0.97589359340970838,3.0683836341896496e-17
0.024999999999999998,0,26,0,5.1050880620834143,-6.3609288411887528e-17,0.91927166411943173,2.8456638375953306e-16,0,0.91927166411943162,1.2795348067303601e-16
0.024999999999999998,0,27,0,5.3014376029327757,-1.4369715894233449e-16,0.82732264031053404,1.0888528268399586e-16,0,0.82732264031053415,1.8158971648245077e-16
0.024999999999999998,0,28,0,5.497787143782138,-1.0190267041535786e-16,0.70358007140238432,2.0414459155178282e-17,0,0.70358007140238432,1.0190267041535786e-16
0.024999999999999998,0,29,0,5.6941366846315002,-1.1089325557796593e-16,0.55279931492249068,1.3213502084815233e-16,0,0.55279931492249057,1.5691802247274969e-16
0.024999999999999998,0,30,0,5.8904862254808616,-1.1482487890100964e-16,0.38077479078355325,2.9348285653894039e-16,0,0.38077479078355375,5.1262586123528465e-16
0.024999999999999998,0,31,0,6.0868357663302239,-1.4512361343946184e-16,0.19411730497576668,3.0613245987545948e-16,0,0.19411730497576696,3.1320609980205653e-16
0.024999999999999998,1,0,0.19634954084936207,0,0.19411730497576643,1.4090340000509393e-16,-3.1177245113001415e-16,0.19411730497576651,-0,1.636676997235238e-16
0.024999999999999998,1,1,0.19634954084936207,0.19634954084936207,0.19038739539177643,-0.19038739539177649,0.075740815073250575,0.19038739539177657,-0.19038739539177654,1.4946834900704541e-16
0.024999999999999998,1,2,0.19634954084936207,0.39269908169872414,0.17934100497336189,-0.37345830994912843,0.14857095309917451,0.17934100497336203,-0.37345830994912854,1.7772239894833365e-16
0.024999999999999998,1,3,0.19634954084936207,0.58904862254808621,0.16140264030941542,-0.54217743109296845,0.21569159271704733,0.16140264030941551,-0.54217743109296856,1.3877787807814457e-16
0.024999999999999998,1,4,0.19634954084936207,0.78539816339744828,0.13726166269402157,-0.69006097761651219,0.27452332538804319,0.13726166269402165,-0.69006097761651219,8.3266726846886741e-17
0.024999999999999998,1,5,0.19634954084936207,0.98174770424681035,0.10784579635852379,-0.81142586776090786,0.32280528061883124,0.1078457963585238,-0.81142586776090797,1.1188630228279524e-16
0.024999999999999998,1,6,0.19634954084936207,1.1780972450961724,0.074285476549587226,-0.9016081168601211,0.35868200994672422,0.074285476549587268,-0.9016081168601211,4.163336342344337e-17
0.024999999999999998,1,7,0.19634954084936207,1.3744467859455345,0.037870407536625267,-0.95714207165605691,0.38077479078355325,0.037870407536625281,-0.95714207165605703,1.1188630228279524e-16
0.024999999999999998,1,8,0.19634954084936207,1.5707963267948966,1.1225014993048903e-17,-0.97589359340970838,0.38823460995153319,1.1886256809884153e-17,-0.97589359340970838,6.6124181683524952e-19
0.024999999999999998,1,9,0.19634954084936207,1.7671458676442586,-0.037870407536625246,-0.95714207165605691,0.38077479078355303,-0.037870407536625253,-0.95714207165605703,1.1123893155135927e-16
0.024999999999999998,1,10,0.19634954084936207,1.9634954084936207,-0.074285476549587157,-0.90160811686012121,0.35868200994672395,-0.07428547654958724,-0.9016081168601211,1.3877787807814457e-16
0.024999999999999998,1,11,0.19634954084936207,2.1598449493429825,-0.10784579635852361,-0.81142586776090797,0.32280528061883118,-0.10784579635852375,-0.81142586776090819,2.6184557666721351e-16
0.024999999999999998,1,12,0.19634954084936207,2.3561944901923448,-0.13726166269402154,-0.69006097761651242,0.27452332538804358,-0.13726166269402162,-0.69006097761651231,1.3877787807814457e-16
0.024999999999999998,1,13,0.19634954084936207,2.5525440310417071,-0.16140264030941537,-0.54217743109296868,0.21569159271704771,-0.16140264030941553,-0.54217743109296856,2.0014830212433605e-16
0.024999999999999998,1,14,0.19634954084936207,2.748893571891069,-0.17934100497336192,-0.3734583099491286,0.14857095309917451,-0.17934100497336203,-0.37345830994912865,1.2412670766236366e-16
0.024999999999999998,1,15,0.19634954084936207,2.9452431127404308,-0.19038739539177643,-0.19038739539177671,0.075740815073250659,-0.19038739539177657,-0.1903873953917769,2.3876248941963681e-16
0.024999999999999998,1,16,0.19634954084936207,3.1415926535897931,-0.19411730497576637,-1.2659292311317785e-16,4.5668337304001125e-17,-0.19411730497576651,-1.1951249654776079e-16,1.3895838184226463e-16
0.024999999999999998,1,17,0.19634954084936207,3.3379421944391554,-0.1903873953917764,0.19038739539177646,-0.075740815073250617,-0.19038739539177657,0.19038739539177665,2.5589376332604516e-16
0.024999999999999998,1,18,0.19634954084936207,3.5342917352885173,-0.17934100497336186,0.37345830994912849,-0.14857095309917434,-0.17934100497336206,0.37345830994912843,2.0206364052201326e-16
0.024999999999999998,1,19,0.19634954084936207,3.7306412761378791,-0.16140264030941542,0.54217743109296845,-0.21569159271704713,-0.16140264030941556,0.54217743109296834,1.7772239894833365e-16
0.024999999999999998,1,20,0.19634954084936207,3.9269908169872414,-0.1372616626940216,0.69006097761651219,-0.27452332538804314,-0.13726166269402168,0.69006097761651219,8.3266726846886741e-17
0.024999999999999998,1,21,0.19634954084936207,4.1233403578366037,-0.10784579635852379,0.81142586776090786,-0.32280528061883118,-0.10784579635852379,0.81142586776090797,1.1102230246251565e-16
0.024999999999999998,1,22,0.19634954084936207,4.3196898986859651,-0.074285476549587254,0.90160811686012099,-0.35868200994672417,-0.074285476549587365,0.90160811686012088,1.5700924586837752e-16
0.024999999999999998,1,23,0.19634954084936207,4.5160394395353274,-0.037870407536625329,0.95714207165605691,-0.38077479078355336,-0.037870407536625343,0.95714207165605691,1.3877787807814457e-17
0.024999999999999998,1,24,0.19634954084936207,4.7123889803846897,-3.5344798100109119e-17,0.97589359340970838,-0.38823460995153364,-3.5658770429652454e-17,0.97589359340970838,3.1397232954333501e-19
0.024999999999999998,1,25,0.19634954084936207,4.908738521234052,0.037870407536625274,0.95714207165605703,-0.38077479078355336,0.037870407536625274,0.95714207165605703,0
0.024999999999999998,1,26,0.19634954084936207,5.1050880620834143,0.074285476549587198,0.9016081168601211,-0.35868200994672383,0.074285476549587295,0.90160811686012099,1.4752290795525882e-16
0.024999999999999998,1,27,0.19634954084936207,5.3014376029327757,0.10784579635852361,0.81142586776090797,-0.32280528061883085,0.10784579635852372,0.81142586776090819,2.4825341532472731e-16
0.024999999999999998,1,28,0.19634954084936207,5.497787143782138,0.13726166269402157,0.69006097761651242,-0.27452332538804364,0.13726166269402162,0.69006097761651242,5.5511151231257827e-17
0.024999999999999998,1,29,0.19634954084936207,5.6941366846315002,0.16140264030941537,0.54217743109296868,-0.21569159271704771,0.16140264030941551,0.54217743109296856,1.7772239894833365e-16
0.024999999999999998,1,30,0.19634954084936207,5.8904862254808616,0.17934100497336189,0.3734583099491286,-0.14857095309917437,0.179341004973362,0.37345830994912915,5.6610488670036757e-16
0.024999999999999998,1,31,0.19634954084936207,6.0868357663302239,0.1903873953917764,0.19038739539177671,-0.075740815073250811,0.19038739539177654,0.19038739539177699,3.1031676915590914e-16
0.024999999999999998,2,0,0.39269908169872414,0,0.38077479078355303,1.1671277616043463e-16,-1.8985609236894095e-16,0.38077479078355314,-0,1.6108328207220645e-16
0.024999999999999998,2,1,0.39269908169872414,0.19634954084936207,0.37345830994912843,-0.17934100497336194,0.14857095309917473,0.37345830994912854,-0.17934100497336203,1.3877787807814457e-16
0.024999999999999998,2,2,0.39269908169872414,0.39269908169872414,0.35179003570119199,-0.35179003570119199,0.29143240779029805,0.35179003570119211,-0.35179003570119211,1.5700924586837752e-16
0.024999999999999998,2,3,0.39269908169872414,0.58904862254808621,0.3166026676673836,-0.51071997264315006,0.4230942784872172,0.31660266766738371,-0.51071997264315017,1.5700924586837752e-16
0.024999999999999998,2,4,0.39269908169872414,0.78539816339744828,0.26924843666793935,-0.65002322745149232,0.53849687333587837,0.26924843666793935,-0.65002322745149232,0
0.024999999999999998,2,5,0.39269908169872414,0.98174770424681035,0.21154713924360888,-0.76434645416609948,0.63320533533476764,0.21154713924360893,-0.76434645416609948,5.5511151231257827e-17
0.024999999999999998,2,6,0.39269908169872414,1.1780972450961724,0.14571620389514905,-0.84929627529753315,0.7035800714023841,0.14571620389514908,-0.84929627529753315,2.7755575615628914e-17
0.024999999999999998,2,7,0.39269908169872414,1.3744467859455345,0.074285476549587268,-0.9016081168601211,0.74691661989825675,0.074285476549587282,-0.9016081168601211,1.3877787807814457e-17
0.024999999999999998,2,8,0.39269908169872414,1.5707963267948966,3.6702914866388677e-17,-0.91927166411943173,0.76154958156710617,2.3315731436454073e-17,-0.91927166411943173,1.3387183429934604e-17
0.024999999999999998,2,9,0.39269908169872414,1.7671458676442586,-0.074285476549587198,-0.9016081168601211,0.74691661989825686,-0.074285476549587226,-0.9016081168601211,2.7755575615628914e-17
0.024999999999999998,2,10,0.39269908169872414,1.9634954084936207,-0.14571620389514894,-0.84929627529753327,0.70358007140238377,-0.14571620389514905,-0.84929627529753315,1.5700924586837752e-16
0.024999999999999998,2,11,0.39269908169872414,2.1598449493429825,-0.21154713924360871,-0.76434645416609948,0.63320533533476731,-0.21154713924360879,-0.7643464541660997,2.3714374201337736e-16
0.024999999999999998,2,12,0.39269908169872414,2.3561944901923448,-0.26924843666793918,-0.65002322745149255,0.53849687333587892,-0.26924843666793929,-0.65002322745149244,1.5700924586837752e-16
0.024999999999999998,2,13,0.39269908169872414,2.5525440310417071,-0.31660266766738354,-0.51071997264315028,0.4230942784872177,-0.31660266766738376,-0.51071997264315017,2.4825341532472731e-16
0.024999999999999998,2,14,0.39269908169872414,2.748893571891069,-0.35179003570119194,-0.35179003570119216,0.29143240779029811,-0.35179003570119211,-0.35179003570119216,1.6653345369377348e-16
0.024999999999999998,2,15,0.39269908169872414,2.9452431127404308,-0.37345830994912843,-0.17934100497336217,0.14857095309917462,-0.37345830994912854,-0.17934100497336236,2.2377260456559048e-16
0.024999999999999998,2,16,0.39269908169872414,3.1415926535897931,-0.38077479078355297,-1.1912735067033442e-16,-7.3485352770098244e-17,-0.38077479078355314,-1.1257831010107229e-16,1.6666217666751517e-16
0.024999999999999998,2,17,0.39269908169872414,3.3379421944391554,-0.37345830994912843,0.17934100497336194,-0.14857095309917456,-0.37345830994912854,0.17934100497336214,2.2377260456559048e-16
0.024999999999999998,2,18,0.39269908169872414,3.5342917352885173,-0.35179003570119194,0.35179003570119199,-0.29143240779029761,-0.35179003570119211,0.35179003570119199,1.6653345369377348e-16
0.024999999999999998,2,19,0.39269908169872414,3.7306412761378791,-0.3166026676673836,0.51071997264315006,-0.42309427848721731,-0.31660266766738376,0.51071997264314994,2.0014830212433605e-16
0.024999999999999998,2,20,0.39269908169872414,3.9269908169872414,-0.26924843666793929,0.65002322745149232,-0.5384968733358787,-0.26924843666793941,0.65002322745149232,1.1102230246251565e-16
0.024999999999999998,2,21,0.39269908169872414,4.1233403578366037,-0.21154713924360888,0.76434645416609936,-0.63320533533476731,-0.21154713924360888,0.76434645416609948,1.1102230246251565e-16
0.024999999999999998,2,22,0.39269908169872414,4.3196898986859651,-0.14571620389514911,0.84929627529753304,-0.70358007140238354,-0.14571620389514928,0.84929627529753293,2.0014830212433605e-16
0.024999999999999998,2,23,0.39269908169872414,4.5160394395353274,-0.074285476549587379,0.9016081168601211,-0.74691661989825697,-0.074285476549587406,0.90160811686012099,1.1443916996305594e-16
0.024999999999999998,2,24,0.39269908169872414,4.7123889803846897,-6.8173157376000524e-17,0.91927166411943173,-0.76154958156710695,-6.9947194309362207e-17,0.91927166411943173,1.7740369333616826e-18
0.024999999999999998,2,25,0.39269908169872414,4.908738521234052,0.074285476549587282,0.90160811686012099,-0.74691661989825719,0.074285476549587268,0.9016081168601211,1.1188630228279524e-16
0.024999999999999998,2,26,0.39269908169872414,5.1050880620834143,0.145716203895149,0.84929627529753315,-0.70358007140238354,0.14571620389514917,0.84929627529753304,2.0014830212433605e-16
0.024999999999999998,2,27,0.39269908169872414,5.3014376029327757,0.21154713924360871,0.76434645416609959,-0.63320533533476686,0.21154713924360877,0.7643464541660997,1.2412670766236366e-16
0.024999999999999998,2,28,0.39269908169872414,5.497787143782138,0.26924843666793918,0.65002322745149255,-0.5384968733358787,0.26924843666793924,0.65002322745149255,5.5511151231257827e-17
0.024999999999999998,2,29,0.39269908169872414,5.6941366846315002,0.31660266766738354,0.51071997264315028,-0.42309427848721792,0.31660266766738371,0.51071997264315017,2.0014830212433605e-16
0.024999999999999998,2,30,0.39269908169872414,5.8904862254808616,0.35179003570119188,0.35179003570119216,-0.29143240779029822,0.35179003570119199,0.35179003570119266,5.1178752665209032e-16
0.024999999999999998,2,31,0.39269908169872414,6.0868357663302239,0.37345830994912843,0.17934100497336217,-0.14857095309917492,0.37345830994912854,0.17934100497336244,2.9893669801409083e-16
0.024999999999999998,3,0,0.58904862254808621,0,0.55279931492249046,1.3106548244208363e-16,-1.7678835962118577e-16,0.55279931492249057,-0,1.71767611416863e-16
0.024999999999999998,3,1,0.58904862254808621,0.19634954084936207,0.54217743109296845,-0.16140264030941537,0.21569159271704769,0.54217743109296856,-0.16140264030941551,1.7772239894833365e-16
0.024999999999999998,3,2,0.58904862254808621,0.39269908169872414,0.51071997264315006,-0.31660266766738354,0.4230942784872177,0.51071997264315017,-0.31660266766738371,2.0014830212433605e-16
0.024999999999999998,3,3,0.58904862254808621,0.58904862254808621,0.45963583205971575,-0.45963583205971587,0.6142376884091284,0.45963583205971587,-0.45963583205971587,1.1102230246251565e-16
0.024999999999999998,3,4,0.58904862254808621,0.78539816339744828,0.39088814421697093,-0.58500544919273745,0.78177628843394131,0.39088814421697093,-0.58500544919273745,0
0.024999999999999998,3,5,0.58904862254808621,0.98174770424681035,0.30711884420456453,-0.68789363498811751,0.91927166411943151,0.30711884420456459,-0.68789363498811773,2.2887833992611187e-16
0.024999999999999998,3,6,0.58904862254808621,1.1780972450961724,0.21154713924360885,-0.76434645416609948,1.0214399452862997,0.21154713924360891,-0.76434645416609948,5.5511151231257827e-17
0.024999999999999998,3,7,0.58904862254808621,1.3744467859455345,0.10784579635852382,-0.81142586776090786,1.0843548621859365,0.10784579635852382,-0.81142586776090797,1.1102230246251565e-16
0.024999999999999998,3,8,0.58904862254808621,1.5707963267948966,6.6390263897767385e-17,-0.82732264031053382,1.1055986298449807,3.3849195579533886e-17,-0.82732264031053393,1.1569301090113547e-16
0.024999999999999998,3,9,0.58904862254808621,1.7671458676442586,-0.10784579635852372,-0.81142586776090797,1.0843548621859367,-0.10784579635852375,-0.81142586776090797,2.7755575615628914e-17
0.024999999999999998,3,10,0.58904862254808621,1.9634954084936207,-0.21154713924360871,-0.76434645416609959,1.0214399452862999,-0.21154713924360885,-0.76434645416609948,1.7772239894833365e-16
0.024999999999999998,3,11,0.58904862254808621,2.1598449493429825,-0.30711884420456431,-0.68789363498811784,0.91927166411943162,-0.30711884420456442,-0.68789363498811795,1.5700924586837752e-16
0.024999999999999998,3,12,0.58904862254808621,2.3561944901923448,-0.39088814421697082,-0.58500544919273767,0.78177628843394209,-0.39088814421697088,-0.58500544919273756,1.2412670766236366e-16
0.024999999999999998,3,13,0.58904862254808621,2.5525440310417071,-0.45963583205971564,-0.45963583205971592,0.61423768840912873,-0.45963583205971592,-0.45963583205971587,2.8305244335018379e-16
0.024999999999999998,3,14,0.58904862254808621,2.748893571891069,-0.51071997264314994,-0.31660266766738371,0.42309427848721715,-0.51071997264315017,-0.31660266766738382,2.4825341532472731e-16
0.024999999999999998,3,15,0.58904862254808621,2.9452431127404308,-0.54217743109296845,-0.16140264030941565,0.21569159271704744,-0.54217743109296856,-0.16140264030941581,2.0014830212433605e-16
0.024999999999999998,3,16,0.58904862254808621,3.1415926535897931,-0.55279931492249035,-1.2614241699490814e-16,5.1424071993287708e-17,-0.55279931492249057,-1.0131780233184324e-16,2.2342799303015479e-16
0.024999999999999998,3,17,0.58904862254808621,3.3379421944391554,-0.54217743109296845,0.1614026403094154,-0.21569159271704735,-0.54217743109296856,0.16140264030941559,2.2377260456559048e-16
0.024999999999999998,3,18,0.58904862254808621,3.5342917352885173,-0.51071997264314994,0.3166026676673836,-0.42309427848721703,-0.51071997264315028,0.3166026676673836,3.3306690738754696e-16
0.024999999999999998,3,19,0.58904862254808621,3.7306412761378791,-0.45963583205971575,0.45963583205971587,-0.61423768840912873,-0.45963583205971598,0.45963583205971564,3.1401849173675503e-16
0.024999999999999998,3,20,0.58904862254808621,3.9269908169872414,-0.39088814421697088,0.58500544919273745,-0.78177628843394176,-0.39088814421697099,0.58500544919273745,1.1102230246251565e-16
0.024999999999999998,3,21,0.58904862254808621,4.1233403578366037,-0.30711884420456453,0.68789363498811751,-0.91927166411943106,-0.30711884420456453,0.68789363498811773,2.2204460492503131e-16
0.024999999999999998,3,22,0.58904862254808621,4.3196898986859651,-0.21154713924360896,0.76434645416609936,-1.0214399452862988,-0.21154713924360918,0.76434645416609936,2.2204460492503131e-16
0.024999999999999998,3,23,0.58904862254808621,4.5160394395353274,-0.10784579635852401,0.81142586776090786,-1.0843548621859365,-0.10784579635852401,0.81142586776090786,0
0.024999999999999998,3,24,0.58904862254808621,4.7123889803846897,-1.057889638333678e-16,0.82732264031053382,-1.1055986298449816,-1.0154758673860166e-16,0.82732264031053393,1.1110328943707435e-16
0.024999999999999998,3,25,0.58904862254808621,4.908738521234052,0.1078457963585238,0.81142586776090797,-1.0843548621859367,0.1078457963585238,0.81142586776090797,0
0.024999999999999998,3,26,0.58904862254808621,5.1050880620834143,0.21154713924360882,0.76434645416609948,-1.0214399452862994,0.21154713924360902,0.76434645416609948,1.9428902930940239e-16
0.024999999999999998,3,27,0.58904862254808621,5.3014376029327757,0.30711884420456431,0.68789363498811773,-0.91927166411943129,0.30711884420456437,0.68789363498811795,2.2887833992611187e-16
0.024999999999999998,3,28,0.58904862254808621,5.497787143782138,0.39088814421697082,0.58500544919273756,-0.78177628843394187,0.39088814421697082,0.58500544919273756,0
0.024999999999999998,3,29,0.58904862254808621,5.6941366846315002,0.45963583205971564,0.45963583205971598,-0.61423768840912896,0.45963583205971587,0.45963583205971587,2.4825341532472731e-16
0.024999999999999998,3,30,0.58904862254808621,5.8904862254808616,0.51071997264314994,0.31660266766738376,-0.42309427848721753,0.51071997264315006,0.31660266766738421,4.5775667985222375e-16
0.024999999999999998,3,31,0.58904862254808621,6.0868357663302239,0.54217743109296834,0.16140264030941565,-0.21569159271704777,0.54217743109296856,0.1614026403094159,3.3422138886441676e-16
0.024999999999999998,4,0,0.78539816339744828,0,0.7035800714023841,1.2892560195886426e-16,-6.6238649767074514e-16,0.7035800714023841,-0,1.2892560195886426e-16
0.024999999999999998,4,1,0.78539816339744828,0.19634954084936207,0.69006097761651219,-0.1372616626940216,0.27452332538804342,0.69006097761651219,-0.13726166269402165,5.5511151231257827e-17
0.024999999999999998,4,2,0.78539816339744828,0.39269908169872414,0.65002322745149232,-0.26924843666793929,0.53849687333587881,0.65002322745149232,-0.26924843666793935,5.5511151231257827e-17
0.024999999999999998,4,3,0.78539816339744828,0.58904862254808621,0.58500544919273745,-0.39088814421697093,0.78177628843394131,0.58500544919273745,-0.39088814421697093,0
0.024999999999999998,4,4,0.78539816339744828,0.78539816339744828,0.49750623959634122,-0.49750623959634116,0.99501247919268199,0.4975062395963411,-0.4975062395963411,1.2412670766236366e-16
0.024999999999999998,4,5,0.78539816339744828,0.98174770424681035,0.39088814421697093,-0.58500544919273745,1.1700108983854753,0.39088814421697093,-0.58500544919273745,0
0.024999999999999998,4,6,0.78539816339744828,1.1780972450961724,0.26924843666793935,-0.65002322745149255,1.3000464549029844,0.26924843666793935,-0.65002322745149244,1.1102230246251565e-16
0.024999999999999998,4,7,0.78539816339744828,1.3744467859455345,0.13726166269402174,-0.69006097761651231,1.3801219552330239,0.13726166269402168,-0.69006097761651231,5.5511151231257827e-17
0.024999999999999998,4,8,0.78539816339744828,1.5707963267948966,8.1202038049625729e-17,-0.70358007140238432,1.4071601428047684,4.3081854119339796e-17,-0.70358007140238421,1.173844115159979e-16
0.024999999999999998,4,9,0.78539816339744828,1.7671458676442586,-0.1372616626940216,-0.69006097761651231,1.3801219552330244,-0.13726166269402157,-0.69006097761651231,2.7755575615628914e-17
0.024999999999999998,4,10,0.78539816339744828,1.9634954084936207,-0.26924843666793913,-0.65002322745149255,1.3000464549029844,-0.26924843666793924,-0.65002322745149244,1.5700924586837752e-16
0.024999999999999998,4,11,0.78539816339744828,2.1598449493429825,-0.39088814421697066,-0.58500544919273767,1.1700108983854753,-0.39088814421697071,-0.58500544919273767,5.5511151231257827e-17
0.024999999999999998,4,12,0.78539816339744828,2.3561944901923448,-0.49750623959634105,-0.49750623959634138,0.99501247919268321,-0.49750623959634105,-0.49750623959634122,1.6653345369377348e-16
0.024999999999999998,4,13,0.78539816339744828,2.5525440310417071,-0.58500544919273723,-0.3908881442169711,0.78177628843394187,-0.58500544919273745,-0.39088814421697093,2.7755575615628914e-16
0.024999999999999998,4,14,0.78539816339744828,2.748893571891069,-0.65002322745149232,-0.26924843666793946,0.53849687333587792,-0.65002322745149232,-0.26924843666793941,5.5511151231257827e-17
0.024999999999999998,4,15,0.78539816339744828,2.9452431127404308,-0.69006097761651208,-0.13726166269402179,0.27452332538804336,-0.69006097761651219,-0.1372616626940219,1.5700924586837752e-16
0.024999999999999998,4,16,0.78539816339744828,3.1415926535897931,-0.70358007140238399,-1.062436765926135e-16,3.7814662912821281e-16,-0.7035800714023841,-8.6163708238679604e-17,1.1282356479553948e-16
0.024999999999999998,4,17,0.78539816339744828,3.3379421944391554,-0.69006097761651208,0.1372616626940216,-0.27452332538804308,-0.69006097761651219,0.13726166269402171,1.5700924586837752e-16
0.024999999999999998,4,18,0.78539816339744828,3.5342917352885173,-0.65002322745149232,0.26924843666793929,-0.53849687333587815,-0.65002322745149244,0.26924843666793924,1.2412670766236366e-16
0.024999999999999998,4,19,0.78539816339744828,3.7306412761378791,-0.58500544919273745,0.39088814421697093,-0.78177628843394165,-0.58500544919273756,0.39088814421697077,2.0014830212433605e-16
0.024999999999999998,4,20,0.78539816339744828,3.9269908169872414,-0.49750623959634122,0.49750623959634122,-0.99501247919268243,-0.49750623959634122,0.4975062395963411,1.1102230246251565e-16
0.024999999999999998,4,21,0.78539816339744828,4.1233403578366037,-0.39088814421697093,0.58500544919273745,-1.1700108983854747,-0.39088814421697088,0.58500544919273745,5.5511151231257827e-17
0.024999999999999998,4,22,0.78539816339744828,4.3196898986859651,-0.26924843666793941,0.65002322745149244,-1.3000464549029838,-0.26924843666793968,0.65002322745149232,2.9893669801409083e-16
0.024999999999999998,4,23,0.78539816339744828,4.5160394395353274,-0.13726166269402193,0.69006097761651231,-1.3801219552330244,-0.1372616626940219,0.69006097761651219,1.1443916996305594e-16
0.024999999999999998,4,24,0.78539816339744828,4.7123889803846897,-1.3473642382288841e-16,0.70358007140238432,-1.4071601428047695,-1.2924556235801937e-16,0.70358007140238421,1.111580010782161e-16
0.024999999999999998,4,25,0.78539816339744828,4.908738521234052,0.13726166269402174,0.69006097761651231,-1.3801219552330248,0.13726166269402165,0.69006097761651231,8.3266726846886741e-17
0.024999999999999998,4,26,0.78539816339744828,5.1050880620834143,0.26924843666793929,0.65002322745149255,-1.3000464549029838,0.26924843666793946,0.65002322745149244,2.0014830212433605e-16
0.024999999999999998,4,27,0.78539816339744828,5.3014376029327757,0.39088814421697066,0.58500544919273767,-1.1700108983854742,0.39088814421697066,0.58500544919273767,0
0.024999999999999998,4,28,0.78539816339744828,5.497787143782138,0.49750623959634105,0.49750623959634133,-0.99501247919268287,0.49750623959634099,0.49750623959634127,7.8504622934188758e-17
0.024999999999999998,4,29,0.78539816339744828,5.6941366846315002,0.58500544919273723,0.3908881442169711,-0.78177628843394198,0.58500544919273745,0.39088814421697093,2.7755575615628914e-16
0.024999999999999998,4,30,0.78539816339744828,5.8904862254808616,0.65002322745149221,0.26924843666793946,-0.53849687333587815,0.65002322745149221,0.26924843666793979,3.3306690738754696e-16
0.024999999999999998,4,31,0.78539816339744828,6.0868357663302239,0.69006097761651197,0.13726166269402179,-0.27452332538804375,0.69006097761651208,0.13726166269402199,2.2377260456559048e-16
0.024999999999999998,5,0,0.98174770424681035,0,0.82732264031053382,8.2880648472484782e-17,-8.146085821878291e-16,0.82732264031053393,-0,1.3854657532865223e-16
0.024999999999999998,5,1,0.98174770424681035,0.19634954084936207,0.81142586776090786,-0.10784579635852372,0.32280528061883113,0.81142586776090797,-0.1078457963585238,1.3877787807814457e-16
0.024999999999999998,5,2,0.98174770424681035,0.39269908169872414,0.76434645416609936,-0.21154713924360882,0.63320533533476719,0.76434645416609948,-0.21154713924360893,1.5700924586837752e-16
0.024999999999999998,5,3,0.98174770424681035,0.58904862254808621,0.68789363498811762,-0.30711884420456453,0.91927166411943106,0.68789363498811773,-0.30711884420456459,1.2412670766236366e-16
0.024999999999999998,5,4,0.98174770424681035,0.78539816339744828,0.58500544919273756,-0.39088814421697099,1.1700108983854751,0.58500544919273756,-0.39088814421697093,5.5511151231257827e-17
0.024999999999999998,5,5,0.98174770424681035,0.98174770424681035,0.45963583205971587,-0.45963583205971581,1.3757872699762363,0.45963583205971592,-0.45963583205971592,1.2412670766236366e-16
0.024999999999999998,5,6,0.98174770424681035,1.1780972450961724,0.31660266766738371,-0.51071997264315006,1.5286929083321985,0.31660266766738376,-0.51071997264315028,2.2887833992611187e-16
0.024999999999999998,5,7,0.98174770424681035,1.3744467859455345,0.16140264030941565,-0.54217743109296856,1.6228517355218155,0.16140264030941559,-0.54217743109296868,1.2412670766236366e-16
0.024999999999999998,5,8,0.98174770424681035,1.5707963267948966,8.4420301253677368e-17,-0.55279931492249057,1.6546452806210685,5.0658901165921622e-17,-0.55279931492249068,1.1604216380248958e-16
0.024999999999999998,5,9,0.98174770424681035,1.7671458676442586,-0.16140264030941548,-0.54217743109296856,1.6228517355218157,-0.16140264030941545,-0.54217743109296868,1.1443916996305594e-16
0.024999999999999998,5,10,0.98174770424681035,1.9634954084936207,-0.31660266766738354,-0.51071997264315017,1.5286929083321983,-0.31660266766738365,-0.51071997264315028,1.5700924586837752e-16
0.024999999999999998,5,11,0.98174770424681035,2.1598449493429825,-0.45963583205971559,-0.45963583205971598,1.3757872699762359,-0.45963583205971564,-0.45963583205971603,7.8504622934188758e-17
0.024999999999999998,5,12,0.98174770424681035,2.3561944901923448,-0.58500544919273734,-0.39088814421697105,1.170010898385476,-0.58500544919273745,-0.39088814421697105,1.1102230246251565e-16
0.024999999999999998,5,13,0.98174770424681035,2.5525440310417071,-0.68789363498811751,-0.30711884420456459,0.91927166411943206,-0.68789363498811784,-0.30711884420456459,3.3306690738754696e-16
0.024999999999999998,5,14,0.98174770424681035,2.748893571891069,-0.76434645416609936,-0.21154713924360896,0.63320533533476708,-0.76434645416609948,-0.21154713924360899,1.1443916996305594e-16
0.024999999999999998,5,15,0.98174770424681035,2.9452431127404308,-0.81142586776090775,-0.10784579635852387,0.32280528061883135,-0.81142586776090797,-0.107845796358524,2.5476231888929306e-16
0.024999999999999998,5,16,0.98174770424681035,3.1415926535897931,-0.8273226403105336,-6.5587921624428491e-17,2.5225877866598336e-16,-0.82732264031053393,-6.7698391159067796e-17,3.3307359378726111e-16
0.024999999999999998,5,17,0.98174770424681035,3.3379421944391554,-0.81142586776090775,0.10784579635852372,-0.3228052806188309,-0.81142586776090797,0.10784579635852386,2.6184557666721351e-16
0.024999999999999998,5,18,0.98174770424681035,3.5342917352885173,-0.76434645416609925,0.21154713924360882,-0.63320533533476675,-0.76434645416609959,0.21154713924360888,3.3766115072321297e-16
0.024999999999999998,5,19,0.98174770424681035,3.7306412761378791,-0.68789363498811762,0.30711884420456453,-0.9192716641194314,-0.68789363498811795,0.30711884420456448,3.3766115072321297e-16
0.024999999999999998,5,20,0.98174770424681035,3.9269908169872414,-0.58500544919273745,0.39088814421697099,-1.1700108983854753,-0.58500544919273756,0.39088814421697093,1.2412670766236366e-16
0.024999999999999998,5,21,0.98174770424681035,4.1233403578366037,-0.45963583205971587,0.45963583205971581,-1.3757872699762355,-0.45963583205971587,0.45963583205971592,1.1102230246251565e-16
0.024999999999999998,5,22,0.98174770424681035,4.3196898986859651,-0.31660266766738382,0.51071997264315006,-1.5286929083321978,-0.31660266766738415,0.51071997264315017,3.5108334685767012e-16
0.024999999999999998,5,23,0.98174770424681035,4.5160394395353274,-0.1614026403094159,0.54217743109296856,-1.6228517355218159,-0.16140264030941584,0.54217743109296868,1.2412670766236366e-16
0.024999999999999998,5,24,0.98174770424681035,4.7123889803846897,-1.473574127939072e-16,0.55279931492249057,-1.6546452806210699,-1.5197670349776484e-16,0.55279931492249068,1.1111835802730822e-16
0.024999999999999998,5,25,0.98174770424681035,4.908738521234052,0.16140264030941565,0.54217743109296856,-1.6228517355218164,0.16140264030941556,0.54217743109296868,1.3877787807814457e-16
0.024999999999999998,5,26,0.98174770424681035,5.1050880620834143,0.31660266766738365,0.51071997264315006,-1.5286929083321976,0.31660266766738387,0.51071997264315017,2.4825341532472731e-16
0.024999999999999998,5,27,0.98174770424681035,5.3014376029327757,0.45963583205971559,0.45963583205971598,-1.3757872699762348,0.45963583205971559,0.45963583205971603,5.5511151231257827e-17
0.024999999999999998,5,28,0.98174770424681035,5.497787143782138,0.58500544919273734,0.3908881442169711,-1.170010898385476,0.58500544919273734,0.3908881442169711,0
0.024999999999999998,5,29,0.98174770424681035,5.6941366846315002,0.6878936349881174,0.30711884420456459,-0.91927166411943217,0.68789363498811773,0.30711884420456459,3.3306690738754696e-16
0.024999999999999998,5,30,0.98174770424681035,5.8904862254808616,0.76434645416609925,0.21154713924360896,-0.63320533533476719,0.76434645416609936,0.21154713924360927,3.2487068343022356e-16
0.024999999999999998,5,31,0.98174770424681035,6.0868357663302239,0.81142586776090764,0.10784579635852387,-0.32280528061883185,0.81142586776090786,0.10784579635852405,2.8609792490763985e-16
0.024999999999999998,6,0,1.1780972450961724,0,0.91927166411943162,4.6245533561009711e-17,-5.9961095511378591e-16,0.91927166411943173,-0,1.2026886969794298e-16
0.024999999999999998,6,1,1.1780972450961724,0.19634954084936207,0.9016081168601211,-0.074285476549587226,0.35868200994672417,0.9016081168601211,-0.074285476549587254,2.7755575615628914e-17
0.024999999999999998,6,2,1.1780972450961724,0.39269908169872414,0.84929627529753315,-0.14571620389514903,0.70358007140238399,0.84929627529753315,-0.14571620389514908,5.5511151231257827e-17
0.024999999999999998,6,3,1.1780972450961724,0.58904862254808621,0.76434645416609948,-0.21154713924360891,1.0214399452862999,0.76434645416609948,-0.21154713924360891,0
0.024999999999999998,6,4,1.1780972450961724,0.78539816339744828,0.65002322745149255,-0.26924843666793935,1.3000464549029849,0.65002322745149244,-0.26924843666793935,1.1102230246251565e-16
0.024999999999999998,6,5,1.1780972450961724,0.98174770424681035,0.51071997264315017,-0.31660266766738371,1.5286929083321992,0.51071997264315028,-0.31660266766738376,1.2412670766236366e-16
0.024999999999999998,6,6,1.1780972450961724,1.1780972450961724,0.35179003570119211,-0.35179003570119216,1.6985925505950656,0.35179003570119216,-0.35179003570119216,5.5511151231257827e-17
0.024999999999999998,6,7,1.1780972450961724,1.3744467859455345,0.17934100497336217,-0.37345830994912865,1.8032162337202418,0.17934100497336211,-0.3734583099491286,7.8504622934188758e-17
0.024999999999999998,6,8,1.1780972450961724,1.5707963267948966,9.3091192249059101e-17,-0.38077479078355309,1.8385433282388641,5.6289155050536146e-17,-0.3807747907835532,1.1696299237810128e-16
0.024999999999999998,6,9,1.1780972450961724,1.7671458676442586,-0.179341004973362,-0.3734583099491286,1.8032162337202418,-0.17934100497336197,-0.3734583099491286,2.7755575615628914e-17
0.024999999999999998,6,10,1.1780972450961724,1.9634954084936207,-0.35179003570119188,-0.35179003570119222,1.6985925505950654,-0.35179003570119205,-0.35179003570119216,1.7554167342883506e-16
0.024999999999999998,6,11,1.1780972450961724,2.1598449493429825,-0.51071997264314983,-0.31660266766738376,1.5286929083321996,-0.51071997264314994,-0.31660266766738382,1.2412670766236366e-16
0.024999999999999998,6,12,1.1780972450961724,2.3561944901923448,-0.65002322745149232,-0.26924843666793941,1.3000464549029858,-0.65002322745149232,-0.26924843666793941,0
0.024999999999999998,6,13,1.1780972450961724,2.5525440310417071,-0.76434645416609936,-0.21154713924360899,1.0214399452863003,-0.76434645416609959,-0.21154713924360891,2.3714374201337736e-16
0.024999999999999998,6,14,1.1780972450961724,2.748893571891069,-0.84929627529753304,-0.14571620389514914,0.70358007140238388,-0.84929627529753315,-0.14571620389514914,1.1102230246251565e-16
0.024999999999999998,6,15,1.1780972450961724,2.9452431127404308,-0.90160811686012088,-0.074285476549587323,0.35868200994672422,-0.9016081168601211,-0.074285476549587393,2.3263411494723067e-16
0.024999999999999998,6,16,1.1780972450961724,3.1415926535897931,-0.9192716641194314,-4.3257221001176914e-17,-2.6398040114617511e-17,-0.91927166411943173,-4.6631462872908152e-17,3.3308399887252726e-16
0.024999999999999998,6,17,1.1780972450961724,3.3379421944391554,-0.90160811686012099,0.074285476549587198,-0.35868200994672372,-0.9016081168601211,0.074285476549587295,1.4752290795525882e-16
0.024999999999999998,6,18,1.1780972450961724,3.5342917352885173,-0.84929627529753304,0.14571620389514903,-0.70358007140238288,-0.84929627529753327,0.14571620389514905,2.2377260456559048e-16
0.024999999999999998,6,19,1.1780972450961724,3.7306412761378791,-0.76434645416609948,0.21154713924360891,-1.0214399452862999,-0.7643464541660997,0.21154713924360882,2.3714374201337736e-16
0.024999999999999998,6,20,1.1780972450961724,3.9269908169872414,-0.65002322745149244,0.26924843666793929,-1.3000464549029855,-0.65002322745149255,0.26924843666793935,1.2412670766236366e-16
0.024999999999999998,6,21,1.1780972450961724,4.1233403578366037,-0.51071997264315017,0.31660266766738371,-1.5286929083321985,-0.51071997264315017,0.31660266766738376,5.5511151231257827e-17
0.024999999999999998,6,22,1.1780972450961724,4.3196898986859651,-0.35179003570119227,0.35179003570119205,-1.6985925505950639,-0.3517900357011926,0.35179003570119205,3.3306690738754696e-16
0.024999999999999998,6,23,1.1780972450961724,4.5160394395353274,-0.17934100497336244,0.37345830994912865,-1.803216233720242,-0.17934100497336242,0.3734583099491286,6.2063353831181828e-17
0.024999999999999998,6,24,1.1780972450961724,4.7123889803846897,-1.5488343470912419e-16,0.3807747907835532,-1.8385433282388659,-1.6886746515160842e-16,0.3807747907835532,1.3984030442484232e-17
0.024999999999999998,6,25,1.1780972450961724,4.908738521234052,0.17934100497336217,0.37345830994912865,-1.8032162337202424,0.17934100497336208,0.3734583099491286,1.0007415106216802e-16
0.024999999999999998,6,26,1.1780972450961724,5.1050880620834143,0.35179003570119205,0.35179003570119216,-1.6985925505950648,0.35179003570119227,0.35179003570119211,2.2887833992611187e-16
0.024999999999999998,6,27,1.1780972450961724,5.3014376029327757,0.51071997264314983,0.31660266766738382,-1.5286929083321983,0.51071997264314983,0.31660266766738382,0
0.024999999999999998,6,28,1.1780972450961724,5.497787143782138,0.65002322745149221,0.26924843666793946,-1.3000464549029855,0.65002322745149221,0.26924843666793941,5.5511151231257827e-17
0.024999999999999998,6,29,1.1780972450961724,5.6941366846315002,0.76434645416609936,0.21154713924360899,-1.0214399452863008,0.76434645416609948,0.21154713924360891,1.3877787807814457e-16
0.024999999999999998,6,30,1.1780972450961724,5.8904862254808616,0.84929627529753293,0.14571620389514914,-0.7035800714023841,0.84929627529753293,0.14571620389514933,1.9428902930940239e-16
0.024999999999999998,6,31,1.1780972450961724,6.0868357663302239,0.90160811686012077,0.074285476549587323,-0.35868200994672489,0.90160811686012099,0.074285476549587434,2.4825341532472731e-16
0.024999999999999998,7,0,1.3744467859455345,0,0.97589359340970838,2.4177736399838641e-17,-5.8469826521648585e-16,0.97589359340970838,-0,2.4177736399838641e-17
0.024999999999999998,7,1,1.3744467859455345,0.19634954084936207,0.95714207165605703,-0.037870407536625267,0.38077479078355325,0.95714207165605703,-0.037870407536625281,1.3877787807814457e-17
0.024999999999999998,7,2,1.3744467859455345,0.39269908169872414,0.9016081168601211,-0.074285476549587268,0.74691661989825708,0.9016081168601211,-0.074285476549587282,1.3877787807814457e-17
0.024999999999999998,7,3,1.3744467859455345,0.58904862254808621,0.81142586776090797,-0.10784579635852383,1.0843548621859369,0.81142586776090797,-0.10784579635852383,0
0.024999999999999998,7,4,1.3744467859455345,0.78539816339744828,0.69006097761651242,-0.13726166269402171,1.3801219552330244,0.69006097761651231,-0.13726166269402168,1.1443916996305594e-16
0.024999999999999998,7,5,1.3744467859455345,0.98174770424681035,0.54217743109296856,-0.16140264030941556,1.6228517355218162,0.54217743109296868,-0.16140264030941559,1.1443916996305594e-16
0.024999999999999998,7,6,1.3744467859455345,1.1780972450961724,0.37345830994912854,-0.17934100497336211,1.8032162337202415,0.3734583099491286,-0.17934100497336211,5.5511151231257827e-17
0.024999999999999998,7,7,1.3744467859455345,1.3744467859455345,0.19038739539177668,-0.19038739539177663,1.9142841433121132,0.19038739539177663,-0.19038739539177663,5.5511151231257827e-17
0.024999999999999998,7,8,1.3744467859455345,1.5707963267948966,1.0580325808633096e-16,-0.19411730497576657,1.951787186819417,5.9756248273880394e-17,-0.1941173049757666,5.3765221941537755e-17
0.024999999999999998,7,9,1.3744467859455345,1.7671458676442586,-0.19038739539177651,-0.19038739539177665,1.9142841433121134,-0.19038739539177649,-0.19038739539177663,3.9252311467094379e-17
0.024999999999999998,7,10,1.3744467859455345,1.9634954084936207,-0.37345830994912838,-0.17934100497336217,1.8032162337202418,-0.37345830994912849,-0.17934100497336211,1.2412670766236366e-16
0.024999999999999998,7,11,1.3744467859455345,2.1598449493429825,-0.54217743109296834,-0.16140264030941565,1.6228517355218166,-0.54217743109296834,-0.16140264030941562,2.7755575615628914e-17
0.024999999999999998,7,12,1.3744467859455345,2.3561944901923448,-0.69006097761651219,-0.13726166269402174,1.3801219552330255,-0.69006097761651219,-0.13726166269402171,2.7755575615628914e-17
0.024999999999999998,7,13,1.3744467859455345,2.5525440310417071,-0.81142586776090775,-0.10784579635852386,1.0843548621859369,-0.81142586776090808,-0.10784579635852383,3.3422138886441676e-16
0.024999999999999998,7,14,1.3744467859455345,2.748893571891069,-0.90160811686012099,-0.074285476549587295,0.74691661989825686,-0.9016081168601211,-0.074285476549587309,1.1188630228279524e-16
0.024999999999999998,7,15,1.3744467859455345,2.9452431127404308,-0.9571420716560568,-0.037870407536625308,0.38077479078355325,-0.95714207165605703,-0.03787040753662535,2.2591401799415137e-16
0.024999999999999998,7,16,1.3744467859455345,3.1415926535897931,-0.97589359340970805,-2.4302521995048117e-17,-4.6045566251097146e-17,-0.97589359340970838,-2.3772513619768315e-17,3.3306732908765258e-16
0.024999999999999998,7,17,1.3744467859455345,3.3379421944391554,-0.9571420716560568,0.03787040753662526,-0.38077479078355281,-0.95714207165605703,0.037870407536625302,2.2591401799415137e-16
0.024999999999999998,7,18,1.3744467859455345,3.5342917352885173,-0.90160811686012099,0.074285476549587254,-0.74691661989825586,-0.90160811686012121,0.074285476549587268,2.2247786310271853e-16
0.024999999999999998,7,19,1.3744467859455345,3.7306412761378791,-0.81142586776090797,0.10784579635852382,-1.0843548621859369,-0.81142586776090819,0.10784579635852379,2.2377260456559048e-16
0.024999999999999998,7,20,1.3744467859455345,3.9269908169872414,-0.69006097761651242,0.13726166269402174,-1.3801219552330253,-0.69006097761651242,0.13726166269402168,5.5511151231257827e-17
0.024999999999999998,7,21,1.3744467859455345,4.1233403578366037,-0.54217743109296856,0.16140264030941556,-1.6228517355218153,-0.54217743109296856,0.16140264030941559,2.7755575615628914e-17
0.024999999999999998,7,22,1.3744467859455345,4.3196898986859651,-0.37345830994912876,0.17934100497336208,-1.80321623372024,-0.3734583099491291,0.17934100497336208,3.3306690738754696e-16
0.024999999999999998,7,23,1.3744467859455345,4.5160394395353274,-0.19038739539177699,0.19038739539177663,-1.9142841433121138,-0.19038739539177696,0.19038739539177663,2.7755575615628914e-17
0.024999999999999998,7,24,1.3744467859455345,4.7123889803846897,-1.6436895770530732e-16,0.19411730497576657,-1.9517871868194188,-1.7926874482164117e-16,0.1941173049757666,3.1501994125244874e-17
0.024999999999999998,7,25,1.3744467859455345,4.908738521234052,0.19038739539177668,0.19038739539177663,-1.9142841433121143,0.1903873953917766,0.19038739539177663,8.3266726846886741e-17
0.024999999999999998,7,26,1.3744467859455345,5.1050880620834143,0.37345830994912849,0.17934100497336214,-1.8032162337202409,0.37345830994912876,0.17934100497336208,2.8305244335018379e-16
0.024999999999999998,7,27,1.3744467859455345,5.3014376029327757,0.54217743109296834,0.16140264030941562,-1.6228517355218155,0.54217743109296823,0.16140264030941562,1.1102230246251565e-16
0.024999999999999998,7,28,1.3744467859455345,5.497787143782138,0.69006097761651219,0.13726166269402174,-1.3801219552330253,0.69006097761651208,0.13726166269402174,1.1102230246251565e-16
0.024999999999999998,7,29,1.3744467859455345,5.6941366846315002,0.81142586776090775,0.10784579635852386,-1.0843548621859374,0.81142586776090797,0.10784579635852383,2.2377260456559048e-16
0.024999999999999998,7,30,1.3744467859455345,5.8904862254808616,0.90160811686012088,0.074285476549587295,-0.74691661989825686,0.90160811686012088,0.074285476549587406,1.1102230246251565e-16
0.024999999999999998,7,31,1.3744467859455345,6.0868357663302239,0.9571420716560568,0.037870407536625308,-0.38077479078355386,0.95714207165605691,0.037870407536625371,1.2738115944464653e-16
0.024999999999999998,8,0,1.5707963267948966,0,0.99501247919268232,-2.3690742245532637e-18,-5.5811918909196542e-16,0.99501247919268232,-0,2.3690742245532637e-18
0.024999999999999998,8,1,1.5707963267948966,0.19634954084936207,0.97589359340970838,-1.4950203901083813e-17,0.38823460995153314,0.97589359340970838,-1.1886256809884151e-17,3.063947091199662e-18
0.024999999999999998,8,2,1.5707963267948966,0.39269908169872414,0.91927166411943173,-2.7837597735695622e-17,0.76154958156710606,0.91927166411943173,-2.3315731436454073e-17,4.5218662992415487e-18
0.024999999999999998,8,3,1.5707963267948966,0.58904862254808621,0.82732264031053393,-4.3062251692434603e-17,1.1055986298449807,0.82732264031053393,-3.3849195579533886e-17,9.2130561129007179e-18
0.024999999999999998,8,4,1.5707963267948966,0.78539816339744828,0.70358007140238432,-5.7499559212365505e-17,1.4071601428047684,0.70358007140238421,-4.3081854119339796e-17,1.1195455267307253e-16
0.024999999999999998,8,5,1.5707963267948966,0.98174770424681035,0.55279931492249057,-6.9369742717437568e-17,1.6546452806210685,0.55279931492249068,-5.0658901165921615e-17,1.1258795333269117e-16
0.024999999999999998,8,6,1.5707963267948966,1.1780972450961724,0.3807747907835532,-7.8134129343447112e-17,1.838543328238863,0.3807747907835532,-5.6289155050536146e-17,2.1844974292910967e-17
0.024999999999999998,8,7,1.5707963267948966,1.3744467859455345,0.19411730497576665,-8.3570539394874534e-17,1.9517871868194161,0.1941173049757666,-5.9756248273880394e-17,6.0403711579794817e-17
0.024999999999999998,8,8,1.5707963267948966,1.5707963267948966,1.0881073899013064e-16,-8.4755463830628991e-17,1.9900249583853646,6.0926942387749537e-17,-6.0926942387749537e-17,5.3485104573254509e-17
0.024999999999999998,8,9,1.5707963267948966,1.7671458676442586,-0.19411730497576646,-7.8675214323959124e-17,1.9517871868194163,-0.19411730497576646,-5.9756248273880394e-17,1.891896605007873e-17
0.024999999999999998,8,10,1.5707963267948966,1.9634954084936207,-0.38077479078355292,-6.7157750200742792e-17,1.8385433282388628,-0.38077479078355309,-5.6289155050536146e-17,1.6688773939302818e-16
0.024999999999999998,8,11,1.5707963267948966,2.1598449493429825,-0.55279931492249035,-5.8504500853208282e-17,1.6546452806210685,-0.55279931492249035,-5.0658901165921634e-17,7.8455996872866479e-18
0.024999999999999998,8,12,1.5707963267948966,2.3561944901923448,-0.7035800714023841,-5.4065086250309159e-17,1.4071601428047693,-0.7035800714023841,-4.3081854119339802e-17,1.0983232130969358e-17
0.024999999999999998,8,13,1.5707963267948966,2.5525440310417071,-0.82732264031053371,-4.587169059162834e-17,1.1055986298449811,-0.82732264031053404,-3.3849195579533886e-17,3.3328382076395579e-16
0.024999999999999998,8,14,1.5707963267948966,2.748893571891069,-0.91927166411943162,-3.098988469965983e-17,0.76154958156710595,-0.91927166411943173,-2.3315731436454079e-17,1.1128721522432612e-16
0.024999999999999998,8,15,1.5707963267948966,2.9452431127404308,-0.97589359340970827,-1.4490889066827142e-17,0.38823460995153319,-0.97589359340970838,-1.1886256809884173e-17,1.1105285117128788e-16
0.024999999999999998,8,16,1.5707963267948966,3.1415926535897931,-0.99501247919268199,4.0774242438649568e-19,-8.8818739237460264e-17,-0.99501247919268232,-7.461398497699267e-33,3.3306715696776445e-16
0.024999999999999998,8,17,1.5707963267948966,3.3379421944391554,-0.97589359340970827,1.5667145812276272e-17,-0.38823460995153275,-0.97589359340970838,1.1886256809884157e-17,1.1108666331169875e-16
0.024999999999999998,8,18,1.5707963267948966,3.5342917352885173,-0.91927166411943162,3.261979506193776e-17,-0.76154958156710495,-0.91927166411943184,2.3315731436454064e-17,2.2223944784007245e-16
0.024999999999999998,8,19,1.5707963267948966,3.7306412761378791,-0.82732264031053393,4.5888981100110305e-17,-1.1055986298449807,-0.82732264031053415,3.3849195579533873e-17,2.2237077823242586e-16
0.024999999999999998,8,20,1.5707963267948966,3.9269908169872414,-0.70358007140238432,5.0441992801768815e-17,-1.4071601428047689,-0.70358007140238432,4.3081854119339796e-17,7.3601386824290196e-18
0.024999999999999998,8,21,1.5707963267948966,4.1233403578366037,-0.55279931492249057,5.5309085677081901e-17,-1.6546452806210674,-0.55279931492249057,5.0658901165921615e-17,4.6501845111602856e-18
0.024999999999999998,8,22,1.5707963267948966,4.3196898986859651,-0.38077479078355336,7.096794776636873e-17,-1.8385433282388615,-0.3807747907835537,5.6289155050536133e-17,3.3339020944277769e-16
0.024999999999999998,8,23,1.5707963267948966,4.5160394395353274,-0.19411730497576696,8.5765074004286045e-17,-1.9517871868194165,-0.19411730497576693,5.9756248273880394e-17,3.8037231676733595e-17
0.024999999999999998,8,24,1.5707963267948966,4.7123889803846897,-1.6377848985358704e-16,8.4118923173638139e-17,-1.9900249583853662,-1.827808271632486e-16,6.0926942387749537e-17,2.9982608225489349e-17
0.024999999999999998,8,25,1.5707963267948966,4.908738521234052,0.19411730497576665,7.5261640587956659e-17,-1.951787186819417,0.19411730497576657,5.9756248273880394e-17,8.4698081386814564e-17
0.024999999999999998,8,26,1.5707963267948966,5.1050880620834143,0.38077479078355309,7.2240774920425998e-17,-1.8385433282388621,0.38077479078355336,5.6289155050536133e-17,2.780137621628881e-16
0.024999999999999998,8,27,1.5707963267948966,5.3014376029327757,0.55279931492249035,6.7813440329804806e-17,-1.6546452806210676,0.55279931492249024,5.0658901165921634e-17,1.1233979641250695e-16
0.024999999999999998,8,28,1.5707963267948966,5.497787143782138,0.7035800714023841,5.5850224054296778e-17,-1.4071601428047691,0.70358007140238399,4.3081854119339808e-17,1.1175411811147822e-16
0.024999999999999998,8,29,1.5707963267948966,5.6941366846315002,0.82732264031053371,4.3364161262159138e-17,-1.1055986298449814,0.82732264031053393,3.3849195579533886e-17,2.2224837715550317e-16
0.024999999999999998,8,30,1.5707963267948966,5.8904862254808616,0.91927166411943151,3.1078503903356861e-17,-0.76154958156710617,0.91927166411943151,2.331573143645411e-17,7.762772466902751e-18
0.024999999999999998,8,31,1.5707963267948966,6.0868357663302239,0.97589359340970816,1.4342862376555648e-17,-0.3882346099515338,0.97589359340970827,1.1886256809884179e-17,1.1104947795909944e-16
0.024999999999999998,9,0,1.7671458676442586,0,0.97589359340970838,-2.3288373021667537e-17,-5.0996683524954378e-16,0.97589359340970838,0,2.3288373021667537e-17
0.024999999999999998,9,1,1.7671458676442586,0.19634954084936207,0.95714207165605703,0.037870407536625218,0.38077479078355314,0.95714207165605703,0.037870407536625253,3.4694469519536142e-17
0.024999999999999998,9,2,1.7671458676442586,0.39269908169872414,0.9016081168601211,0.074285476549587184,0.74691661989825697,0.9016081168601211,0.074285476549587226,4.163336342344337e-17
0.024999999999999998,9,3,1.7671458676442586,0.58904862254808621,0.81142586776090797,0.10784579635852373,1.0843548621859367,0.81142586776090797,0.10784579635852375,1.3877787807814457e-17
0.024999999999999998,9,4,1.7671458676442586,0.78539816339744828,0.69006097761651242,0.1372616626940216,1.3801219552330246,0.69006097761651231,0.1372616626940216,1.1102230246251565e-16
0.024999999999999998,9,5,1.7671458676442586,0.98174770424681035,0.54217743109296856,0.1614026403094154,1.6228517355218159,0.54217743109296868,0.16140264030941548,1.3877787807814457e-16
0.024999999999999998,9,6,1.7671458676442586,1.1780972450961724,0.3734583099491286,0.17934100497336192,1.8032162337202413,0.3734583099491286,0.179341004973362,8.3266726846886741e-17
0.024999999999999998,9,7,1.7671458676442586,1.3744467859455345,0.19038739539177668,0.1903873953917764,1.9142841433121129,0.19038739539177663,0.19038739539177651,1.2412670766236366e-16
0.024999999999999998,9,8,1.7671458676442586,1.5707963267948966,1.0602205199990622e-16,0.19411730497576637,1.9517871868194165,5.9756248273880394e-17,0.19411730497576646,9.5256875836913703e-17
0.024999999999999998,9,9,1.7671458676442586,1.7671458676442586,-0.19038739539177651,0.19038739539177643,1.9142841433121132,-0.19038739539177649,0.19038739539177651,8.7770836714417531e-17
0.024999999999999998,9,10,1.7671458676442586,1.9634954084936207,-0.37345830994912838,0.17934100497336194,1.8032162337202413,-0.37345830994912849,0.179341004973362,1.2412670766236366e-16
0.024999999999999998,9,11,1.7671458676442586,2.1598449493429825,-0.54217743109296834,0.16140264030941548,1.6228517355218162,-0.54217743109296834,0.16140264030941551,2.7755575615628914e-17
0.024999999999999998,9,12,1.7671458676442586,2.3561944901923448,-0.69006097761651219,0.1372616626940216,1.3801219552330253,-0.69006097761651219,0.13726166269402162,2.7755575615628914e-17
0.024999999999999998,9,13,1.7671458676442586,2.5525440310417071,-0.81142586776090775,0.10784579635852377,1.0843548621859369,-0.81142586776090808,0.10784579635852375,3.3422138886441676e-16
0.024999999999999998,9,14,1.7671458676442586,2.748893571891069,-0.90160811686012099,0.074285476549587212,0.74691661989825675,-0.9016081168601211,0.074285476549587254,1.1857187100668868e-16
0.024999999999999998,9,15,1.7671458676442586,2.9452431127404308,-0.95714207165605691,0.037870407536625267,0.38077479078355314,-0.95714207165605703,0.037870407536625322,1.2412670766236366e-16
0.024999999999999998,9,16,1.7671458676442586,3.1415926535897931,-0.97589359340970816,2.2078238246263602e-17,-4.7047940785290493e-17,-0.97589359340970838,2.3772513619768296e-17,2.2205106877778026e-16
0.024999999999999998,9,17,1.7671458676442586,3.3379421944391554,-0.95714207165605691,-0.037870407536625211,-0.3807747907835527,-0.95714207165605703,-0.037870407536625274,1.2738115944464653e-16
0.024999999999999998,9,18,1.7671458676442586,3.5342917352885173,-0.90160811686012099,-0.074285476549587171,-0.74691661989825564,-0.90160811686012121,-0.074285476549587212,2.2591401799415137e-16
0.024999999999999998,9,19,1.7671458676442586,3.7306412761378791,-0.81142586776090797,-0.10784579635852372,-1.0843548621859367,-0.81142586776090819,-0.1078457963585237,2.2247786310271853e-16
0.024999999999999998,9,20,1.7671458676442586,3.9269908169872414,-0.69006097761651242,-0.1372616626940216,-1.3801219552330253,-0.69006097761651242,-0.1372616626940216,0
0.024999999999999998,9,21,1.7671458676442586,4.1233403578366037,-0.54217743109296856,-0.1614026403094154,-1.6228517355218148,-0.54217743109296856,-0.16140264030941548,8.3266726846886741e-17
0.024999999999999998,9,22,1.7671458676442586,4.3196898986859651,-0.37345830994912876,-0.17934100497336189,-1.8032162337202395,-0.3734583099491291,-0.17934100497336194,3.3766115072321297e-16
0.024999999999999998,9,23,1.7671458676442586,4.5160394395353274,-0.19038739539177699,-0.1903873953917764,-1.9142841433121138,-0.19038739539177696,-0.19038739539177649,8.7770836714417531e-17
0.024999999999999998,9,24,1.7671458676442586,4.7123889803846897,-1.4989603807988241e-16,-0.19411730497576637,-1.9517871868194183,-1.7926874482164117e-16,-0.19411730497576646,8.8295547459265516e-17
0.024999999999999998,9,25,1.7671458676442586,4.908738521234052,0.19038739539177668,-0.19038739539177646,-1.9142841433121141,0.1903873953917766,-0.19038739539177651,1.0007415106216802e-16
0.024999999999999998,9,26,1.7671458676442586,5.1050880620834143,0.37345830994912854,-0.17934100497336194,-1.8032162337202406,0.37345830994912876,-0.17934100497336197,2.2377260456559048e-16
0.024999999999999998,9,27,1.7671458676442586,5.3014376029327757,0.54217743109296834,-0.16140264030941545,-1.6228517355218151,0.54217743109296823,-0.16140264030941551,1.2412670766236366e-16
0.024999999999999998,9,28,1.7671458676442586,5.497787143782138,0.69006097761651219,-0.1372616626940216,-1.3801219552330248,0.69006097761651208,-0.13726166269402162,1.1443916996305594e-16
0.024999999999999998,9,29,1.7671458676442586,5.6941366846315002,0.81142586776090775,-0.10784579635852376,-1.0843548621859371,0.81142586776090797,-0.10784579635852375,2.2247786310271853e-16
0.024999999999999998,9,30,1.7671458676442586,5.8904862254808616,0.90160811686012088,-0.074285476549587226,-0.74691661989825686,0.90160811686012088,-0.074285476549587351,1.2490009027033011e-16
0.024999999999999998,9,31,1.7671458676442586,6.0868357663302239,0.9571420716560568,-0.03787040753662526,-0.38077479078355381,0.95714207165605691,-0.037870407536625343,1.3877787807814457e-16
0.024999999999999998,10,0,1.9634954084936207,0,0.91927166411943173,-5.8584251125672766e-17,-6.2724389531101906e-16,0.91927166411943173,0,5.8584251125672766e-17
0.024999999999999998,10,1,1.9634954084936207,0.19634954084936207,0.9016081168601211,0.074285476549587143,0.35868200994672422,0.9016081168601211,0.07428547654958724,9.7144514654701197e-17
0.024999999999999998,10,2,1.9634954084936207,0.39269908169872414,0.84929627529753327,0.14571620389514892,0.70358007140238399,0.84929627529753315,0.14571620389514905,1.7772239894833365e-16
0.024999999999999998,10,3,1.9634954084936207,0.58904862254808621,0.76434645416609948,0.21154713924360877,1.0214399452862992,0.76434645416609948,0.21154713924360885,8.3266726846886741e-17
0.024999999999999998,10,4,1.9634954084936207,0.78539816339744828,0.65002322745149255,0.26924843666793918,1.3000464549029842,0.65002322745149244,0.26924843666793924,1.2412670766236366e-16
0.024999999999999998,10,5,1.9634954084936207,0.98174770424681035,0.51071997264315017,0.31660266766738354,1.528692908332199,0.51071997264315028,0.31660266766738365,1.5700924586837752e-16
0.024999999999999998,10,6,1.9634954084936207,1.1780972450961724,0.35179003570119222,0.35179003570119188,1.6985925505950659,0.35179003570119216,0.35179003570119205,1.7554167342883506e-16
0.024999999999999998,10,7,1.9634954084936207,1.3744467859455345,0.17934100497336219,0.37345830994912838,1.8032162337202413,0.17934100497336211,0.37345830994912854,1.8619006149354548e-16
0.024999999999999998,10,8,1.9634954084936207,1.5707963267948966,1.0209995321208677e-16,0.38077479078355286,1.8385433282388635,5.6289155050536146e-17,0.38077479078355309,2.2672105284801316e-16
0.024999999999999998,10,9,1.9634954084936207,1.7671458676442586,-0.179341004973362,0.37345830994912838,1.8032162337202415,-0.17934100497336197,0.37345830994912854,1.6883057536160649e-16
0.024999999999999998,10,10,1.9634954084936207,1.9634954084936207,-0.35179003570119194,0.35179003570119194,1.6985925505950656,-0.35179003570119205,0.35179003570119205,1.5700924586837752e-16
0.024999999999999998,10,11,1.9634954084936207,2.1598449493429825,-0.51071997264315006,0.3166026676673836,1.528692908332199,-0.51071997264314994,0.31660266766738376,2.0014830212433605e-16
0.024999999999999998,10,12,1.9634954084936207,2.3561944901923448,-0.65002322745149232,0.26924843666793929,1.3000464549029851,-0.65002322745149232,0.26924843666793929,0
0.024999999999999998,10,13,1.9634954084936207,2.5525440310417071,-0.76434645416609936,0.21154713924360882,1.0214399452863001,-0.76434645416609959,0.21154713924360885,2.2377260456559048e-16
0.024999999999999998,10,14,1.9634954084936207,2.748893571891069,-0.84929627529753304,0.145716203895149,0.70358007140238377,-0.84929627529753315,0.14571620389514908,1.3877787807814457e-16
0.024999999999999998,10,15,1.9634954084936207,2.9452431127404308,-0.9016081168601211,0.07428547654958724,0.35868200994672433,-0.9016081168601211,0.074285476549587365,1.2490009027033011e-16
0.024999999999999998,10,16,1.9634954084936207,3.1415926535897931,-0.91927166411943151,6.2488782772604521e-17,5.8586718006267737e-17,-0.91927166411943173,4.663146287290814e-17,2.2261011021675217e-16
0.024999999999999998,10,17,1.9634954084936207,3.3379421944391554,-0.90160811686012099,-0.074285476549587129,-0.35868200994672383,-0.9016081168601211,-0.074285476549587282,1.8875832159447664e-16
0.024999999999999998,10,18,1.9634954084936207,3.5342917352885173,-0.84929627529753315,-0.14571620389514892,-0.70358007140238299,-0.84929627529753327,-0.145716203895149,1.3877787807814457e-16
0.024999999999999998,10,19,1.9634954084936207,3.7306412761378791,-0.76434645416609948,-0.21154713924360877,-1.0214399452862997,-0.7643464541660997,-0.21154713924360877,2.2204460492503131e-16
0.024999999999999998,10,20,1.9634954084936207,3.9269908169872414,-0.65002322745149255,-0.26924843666793918,-1.3000464549029849,-0.65002322745149255,-0.26924843666793924,5.5511151231257827e-17
0.024999999999999998,10,21,1.9634954084936207,4.1233403578366037,-0.51071997264315017,-0.31660266766738354,-1.5286929083321981,-0.51071997264315017,-0.31660266766738365,1.1102230246251565e-16
0.024999999999999998,10,22,1.9634954084936207,4.3196898986859651,-0.35179003570119227,-0.35179003570119183,-1.6985925505950641,-0.3517900357011926,-0.35179003570119194,3.5108334685767012e-16
0.024999999999999998,10,23,1.9634954084936207,4.5160394395353274,-0.17934100497336247,-0.37345830994912838,-1.8032162337202418,-0.17934100497336242,-0.37345830994912849,1.2412670766236366e-16
0.024999999999999998,10,24,1.9634954084936207,4.7123889803846897,-1.3053067459085813e-16,-0.38077479078355292,-1.8385433282388652,-1.6886746515160842e-16,-0.38077479078355309,1.7088914743094433e-16
0.024999999999999998,10,25,1.9634954084936207,4.908738521234052,0.17934100497336217,-0.37345830994912838,-1.8032162337202418,0.17934100497336208,-0.37345830994912854,1.8619006149354548e-16
0.024999999999999998,10,26,1.9634954084936207,5.1050880620834143,0.35179003570119205,-0.35179003570119188,-1.6985925505950648,0.35179003570119227,-0.35179003570119199,2.4825341532472731e-16
0.024999999999999998,10,27,1.9634954084936207,5.3014376029327757,0.51071997264315006,-0.31660266766738354,-1.5286929083321983,0.51071997264314983,-0.31660266766738376,3.1401849173675503e-16
0.024999999999999998,10,28,1.9634954084936207,5.497787143782138,0.65002322745149232,-0.26924843666793924,-1.3000464549029849,0.65002322745149221,-0.26924843666793935,1.5700924586837752e-16
0.024999999999999998,10,29,1.9634954084936207,5.6941366846315002,0.76434645416609936,-0.21154713924360885,-1.0214399452863003,0.76434645416609948,-0.21154713924360885,1.1102230246251565e-16
0.024999999999999998,10,30,1.9634954084936207,5.8904862254808616,0.84929627529753293,-0.145716203895149,-0.7035800714023841,0.84929627529753293,-0.14571620389514928,2.7755575615628914e-16
0.024999999999999998,10,31,1.9634954084936207,6.0868357663302239,0.90160811686012099,-0.07428547654958724,-0.35868200994672494,0.90160811686012099,-0.07428547654958742,1.8041124150158794e-16
0.024999999999999998,11,0,2.1598449493429825,0,0.82732264031053404,-1.0710355990876409e-16,-3.8346609014149286e-16,0.82732264031053415,0,1.5426316536752553e-16
0.024999999999999998,11,1,2.1598449493429825,0.19634954084936207,0.81142586776090797,0.10784579635852364,0.32280528061883179,0.81142586776090819,0.10784579635852373,2.4236514457283391e-16
0.024999999999999998,11,2,2.1598449493429825,0.39269908169872414,0.76434645416609948,0.21154713924360874,0.63320533533476742,0.7643464541660997,0.21154713924360879,2.2887833992611187e-16
0.024999999999999998,11,3,2.1598449493429825,0.58904862254808621,0.68789363498811784,0.30711884420456431,0.91927166411943095,0.68789363498811795,0.30711884420456442,1.5700924586837752e-16
0.024999999999999998,11,4,2.1598449493429825,0.78539816339744828,0.58500544919273756,0.39088814421697071,1.1700108983854749,0.58500544919273767,0.39088814421697071,1.1102230246251565e-16
0.024999999999999998,11,5,2.1598449493429825,0.98174770424681035,0.45963583205971587,0.45963583205971559,1.3757872699762366,0.45963583205971609,0.45963583205971564,2.2887833992611187e-16
0.024999999999999998,11,6,2.1598449493429825,1.1780972450961724,0.31660266766738382,0.51071997264314983,1.5286929083321992,0.31660266766738382,0.51071997264314994,1.1102230246251565e-16
0.024999999999999998,11,7,2.1598449493429825,1.3744467859455345,0.16140264030941567,0.54217743109296834,1.6228517355218162,0.16140264030941562,0.54217743109296834,5.5511151231257827e-17
0.024999999999999998,11,8,2.1598449493429825,1.5707963267948966,8.5491138148505518e-17,0.55279931492249035,1.6546452806210687,5.0658901165921634e-17,0.55279931492249035,3.4832236982583884e-17
0.024999999999999998,11,9,2.1598449493429825,1.7671458676442586,-0.16140264030941551,0.54217743109296834,1.6228517355218164,-0.16140264030941551,0.54217743109296834,0
0.024999999999999998,11,10,2.1598449493429825,1.9634954084936207,-0.3166026676673836,0.51071997264314994,1.528692908332199,-0.31660266766738376,0.51071997264314994,1.6653345369377348e-16
0.024999999999999998,11,11,2.1598449493429825,2.1598449493429825,-0.45963583205971575,0.4596358320597157,1.3757872699762361,-0.45963583205971581,0.45963583205971575,7.8504622934188758e-17
0.024999999999999998,11,12,2.1598449493429825,2.3561944901923448,-0.58500544919273745,0.39088814421697082,1.1700108983854758,-0.58500544919273756,0.39088814421697077,1.2412670766236366e-16
0.024999999999999998,11,13,2.1598449493429825,2.5525440310417071,-0.68789363498811751,0.30711884420456448,0.91927166411943206,-0.68789363498811795,0.30711884420456442,4.4754520913118096e-16
0.024999999999999998,11,14,2.1598449493429825,2.748893571891069,-0.76434645416609936,0.21154713924360879,0.63320533533476797,-0.7643464541660997,0.21154713924360885,3.3766115072321297e-16
0.024999999999999998,11,15,2.1598449493429825,2.9452431127404308,-0.81142586776090797,0.10784579635852382,0.32280528061883179,-0.81142586776090819,0.10784579635852393,2.4825341532472731e-16
0.024999999999999998,11,16,2.1598449493429825,3.1415926535897931,-0.82732264031053382,9.9566032492797449e-17,-3.0911807489403605e-16,-0.82732264031053415,6.7698391159067746e-17,3.345879725287208e-16
0.024999999999999998,11,17,2.1598449493429825,3.3379421944391554,-0.81142586776090786,-0.10784579635852365,-0.32280528061883146,-0.81142586776090819,-0.10784579635852379,3.6082248300317588e-16
0.024999999999999998,11,18,2.1598449493429825,3.5342917352885173,-0.76434645416609936,-0.21154713924360874,-0.63320533533476653,-0.76434645416609981,-0.21154713924360874,4.4408920985006262e-16
0.024999999999999998,11,19,2.1598449493429825,3.7306412761378791,-0.68789363498811784,-0.30711884420456431,-0.91927166411943129,-0.68789363498811806,-0.30711884420456431,2.2204460492503131e-16
0.024999999999999998,11,20,2.1598449493429825,3.9269908169872414,-0.58500544919273767,-0.39088814421697071,-1.1700108983854753,-0.58500544919273778,-0.39088814421697071,1.1102230246251565e-16
0.024999999999999998,11,21,2.1598449493429825,4.1233403578366037,-0.45963583205971587,-0.45963583205971559,-1.3757872699762357,-0.45963583205971598,-0.45963583205971564,1.2412670766236366e-16
0.024999999999999998,11,22,2.1598449493429825,4.3196898986859651,-0.31660266766738393,-0.51071997264314983,-1.5286929083321981,-0.31660266766738426,-0.51071997264314983,3.3306690738754696e-16
0.024999999999999998,11,23,2.1598449493429825,4.5160394395353274,-0.1614026403094159,-0.54217743109296834,-1.6228517355218171,-0.1614026403094159,-0.54217743109296834,0
0.024999999999999998,11,24,2.1598449493429825,4.7123889803846897,-1.0277208255030203e-16,-0.55279931492249035,-1.6546452806210701,-1.5197670349776489e-16,-0.55279931492249035,4.9204620947462854e-17
0.024999999999999998,11,25,2.1598449493429825,4.908738521234052,0.16140264030941565,-0.54217743109296834,-1.6228517355218166,0.16140264030941559,-0.54217743109296834,5.5511151231257827e-17
0.024999999999999998,11,26,2.1598449493429825,5.1050880620834143,0.31660266766738371,-0.51071997264314983,-1.5286929083321983,0.31660266766738399,-0.51071997264314994,2.9893669801409083e-16
0.024999999999999998,11,27,2.1598449493429825,5.3014376029327757,0.45963583205971575,-0.45963583205971564,-1.3757872699762355,0.4596358320597157,-0.45963583205971575,1.2412670766236366e-16
0.024999999999999998,11,28,2.1598449493429825,5.497787143782138,0.58500544919273756,-0.39088814421697082,-1.1700108983854758,0.58500544919273745,-0.39088814421697082,1.1102230246251565e-16
0.024999999999999998,11,29,2.1598449493429825,5.6941366846315002,0.68789363498811751,-0.30711884420456448,-0.91927166411943195,0.68789363498811795,-0.30711884420456442,4.4754520913118096e-16
0.024999999999999998,11,30,2.1598449493429825,5.8904862254808616,0.76434645416609936,-0.21154713924360879,-0.63320533533476786,0.76434645416609959,-0.21154713924360913,4.002966042486721e-16
0.024999999999999998,11,31,2.1598449493429825,6.0868357663302239,0.81142586776090786,-0.10784579635852382,-0.32280528061883235,0.81142586776090808,-0.107845796358524,2.8609792490763985e-16
0.024999999999999998,12,0,2.3561944901923448,0,0.70358007140238432,-1.1228290963460716e-16,1.0408433927578118e-16,0.70358007140238421,0,1.5790314575742836e-16
0.024999999999999998,12,1,2.3561944901923448,0.19634954084936207,0.69006097761651231,0.13726166269402154,0.27452332538804414,0.69006097761651231,0.13726166269402162,8.3266726846886741e-17
0.024999999999999998,12,2,2.3561944901923448,0.39269908169872414,0.65002322745149244,0.26924843666793918,0.5384968733358787,0.65002322745149244,0.26924843666793929,1.1102230246251565e-16
0.024999999999999998,12,3,2.3561944901923448,0.58904862254808621,0.58500544919273767,0.39088814421697082,0.78177628843394165,0.58500544919273745,0.39088814421697088,2.2887833992611187e-16
0.024999999999999998,12,4,2.3561944901923448,0.78539816339744828,0.49750623959634133,0.49750623959634105,0.99501247919268321,0.49750623959634122,0.49750623959634105,1.1102230246251565e-16
0.024999999999999998,12,5,2.3561944901923448,0.98174770424681035,0.39088814421697093,0.58500544919273723,1.1700108983854762,0.39088814421697099,0.58500544919273745,2.2887833992611187e-16
0.024999999999999998,12,6,2.3561944901923448,1.1780972450961724,0.26924843666793941,0.65002322745149232,1.3000464549029851,0.26924843666793935,0.65002322745149232,5.5511151231257827e-17
0.024999999999999998,12,7,2.3561944901923448,1.3744467859455345,0.13726166269402179,0.69006097761651208,1.3801219552330251,0.13726166269402171,0.69006097761651219,1.3877787807814457e-16
0.024999999999999998,12,8,2.3561944901923448,1.5707963267948966,6.2153888722758808e-17,0.7035800714023841,1.4071601428047698,4.3081854119339802e-17,0.7035800714023841,1.9072034603419006e-17
0.024999999999999998,12,9,2.3561944901923448,1.7671458676442586,-0.13726166269402165,0.69006097761651208,1.3801219552330248,-0.1372616626940216,0.69006097761651219,1.2412670766236366e-16
0.024999999999999998,12,10,2.3561944901923448,1.9634954084936207,-0.26924843666793924,0.65002322745149232,1.3000464549029851,-0.26924843666793929,0.65002322745149232,5.5511151231257827e-17
0.024999999999999998,12,11,2.3561944901923448,2.1598449493429825,-0.39088814421697088,0.58500544919273745,1.1700108983854758,-0.39088814421697077,0.58500544919273756,1.5700924586837752e-16
0.024999999999999998,12,12,2.3561944901923448,2.3561944901923448,-0.49750623959634116,0.49750623959634116,0.99501247919268343,-0.4975062395963411,0.4975062395963411,7.8504622934188758e-17
0.024999999999999998,12,13,2.3561944901923448,2.5525440310417071,-0.58500544919273734,0.39088814421697099,0.78177628843394231,-0.58500544919273756,0.39088814421697088,2.4825341532472731e-16
0.024999999999999998,12,14,2.3561944901923448,2.748893571891069,-0.65002322745149255,0.26924843666793941,0.53849687333587926,-0.65002322745149244,0.26924843666793935,1.2412670766236366e-16
0.024999999999999998,12,15,2.3561944901923448,2.9452431127404308,-0.69006097761651231,0.13726166269402176,0.2745233253880438,-0.69006097761651231,0.13726166269402187,1.1102230246251565e-16
0.024999999999999998,12,16,2.3561944901923448,3.1415926535897931,-0.70358007140238421,8.6480909647245721e-17,-6.148862107493732e-16,-0.70358007140238421,8.6163708238679591e-17,3.1720140856612939e-19
0.024999999999999998,12,17,2.3561944901923448,3.3379421944391554,-0.69006097761651231,-0.13726166269402157,-0.27452332538804364,-0.69006097761651231,-0.13726166269402171,1.3877787807814457e-16
0.024999999999999998,12,18,2.3561944901923448,3.5342917352885173,-0.65002322745149255,-0.26924843666793918,-0.53849687333587781,-0.65002322745149255,-0.26924843666793924,5.5511151231257827e-17
0.024999999999999998,12,19,2.3561944901923448,3.7306412761378791,-0.58500544919273767,-0.39088814421697082,-0.7817762884339422,-0.58500544919273767,-0.39088814421697071,1.1102230246251565e-16
0.024999999999999998,12,20,2.3561944901923448,3.9269908169872414,-0.49750623959634133,-0.49750623959634105,-0.99501247919268354,-0.49750623959634127,-0.49750623959634105,5.5511151231257827e-17
0.024999999999999998,12,21,2.3561944901923448,4.1233403578366037,-0.39088814421697093,-0.58500544919273723,-1.1700108983854753,-0.39088814421697093,-0.58500544919273745,2.2204460492503131e-16
0.024999999999999998,12,22,2.3561944901923448,4.3196898986859651,-0.26924843666793963,-0.65002322745149221,-1.3000464549029844,-0.26924843666793974,-0.65002322745149221,1.1102230246251565e-16
0.024999999999999998,12,23,2.3561944901923448,4.5160394395353274,-0.13726166269402196,-0.69006097761651208,-1.3801219552330259,-0.13726166269402193,-0.69006097761651208,2.7755575615628914e-17
0.024999999999999998,12,24,2.3561944901923448,4.7123889803846897,-7.2266591376706899e-17,-0.7035800714023841,-1.4071601428047709,-1.292455623580194e-16,-0.7035800714023841,5.69789709813125e-17
0.024999999999999998,12,25,2.3561944901923448,4.908738521234052,0.13726166269402176,-0.69006097761651208,-1.3801219552330253,0.13726166269402168,-0.69006097761651219,1.3877787807814457e-16
0.024999999999999998,12,26,2.3561944901923448,5.1050880620834143,0.26924843666793929,-0.65002322745149232,-1.3000464549029849,0.26924843666793952,-0.65002322745149232,2.2204460492503131e-16
0.024999999999999998,12,27,2.3561944901923448,5.3014376029327757,0.39088814421697088,-0.58500544919273745,-1.1700108983854756,0.39088814421697071,-0.58500544919273756,2.0014830212433605e-16
0.024999999999999998,12,28,2.3561944901923448,5.497787143782138,0.49750623959634116,-0.49750623959634116,-0.99501247919268321,0.49750623959634105,-0.49750623959634122,1.2412670766236366e-16
0.024999999999999998,12,29,2.3561944901923448,5.6941366846315002,0.58500544919273734,-0.39088814421697099,-0.78177628843394242,0.58500544919273745,-0.39088814421697088,1.5700924586837752e-16
0.024999999999999998,12,30,2.3561944901923448,5.8904862254808616,0.65002322745149244,-0.26924843666793941,-0.53849687333587926,0.65002322745149232,-0.26924843666793974,3.5108334685767012e-16
0.024999999999999998,12,31,2.3561944901923448,6.0868357663302239,0.69006097761651219,-0.13726166269402176,-0.27452332538804436,0.69006097761651219,-0.13726166269402196,1.9428902930940239e-16
0.024999999999999998,13,0,2.5525440310417071,0,0.55279931492249068,-9.1640552831820012e-17,-2.3984804526436711e-17,0.55279931492249057,0,1.4395812782680909e-16
0.024999999999999998,13,1,2.5525440310417071,0.19634954084936207,0.54217743109296868,0.16140264030941542,0.21569159271704783,0.54217743109296856,0.16140264030941553,1.5700924586837752e-16
0.024999999999999998,13,2,2.5525440310417071,0.39269908169872414,0.51071997264315028,0.31660266766738349,0.42309427848721759,0.51071997264315017,0.31660266766738376,2.9893669801409083e-16
0.024999999999999998,13,3,2.5525440310417071,0.58904862254808621,0.45963583205971598,0.45963583205971575,0.61423768840912851,0.45963583205971587,0.45963583205971592,2.0014830212433605e-16
0.024999999999999998,13,4,2.5525440310417071,0.78539816339744828,0.3908881442169711,0.58500544919273734,0.78177628843394165,0.39088814421697093,0.58500544919273756,2.7755575615628914e-16
0.024999999999999998,13,5,2.5525440310417071,0.98174770424681035,0.30711884420456453,0.6878936349881174,0.91927166411943195,0.30711884420456459,0.68789363498811784,4.4754520913118096e-16
0.024999999999999998,13,6,2.5525440310417071,1.1780972450961724,0.21154713924360893,0.76434645416609925,1.0214399452863001,0.21154713924360891,0.76434645416609959,3.3422138886441676e-16
0.024999999999999998,13,7,2.5525440310417071,1.3744467859455345,0.10784579635852386,0.81142586776090786,1.0843548621859367,0.10784579635852382,0.81142586776090808,2.2591401799415137e-16
0.024999999999999998,13,8,2.5525440310417071,1.5707963267948966,5.4277460429680177e-17,0.82732264031053382,1.1055986298449814,3.3849195579533886e-17,0.82732264031053404,2.2298233244161064e-16
0.024999999999999998,13,9,2.5525440310417071,1.7671458676442586,-0.10784579635852377,0.81142586776090775,1.0843548621859367,-0.10784579635852375,0.81142586776090808,3.3422138886441676e-16
0.024999999999999998,13,10,2.5525440310417071,1.9634954084936207,-0.21154713924360879,0.76434645416609936,1.0214399452862994,-0.21154713924360885,0.76434645416609959,2.2887833992611187e-16
0.024999999999999998,13,11,2.5525440310417071,2.1598449493429825,-0.30711884420456453,0.68789363498811762,0.91927166411943184,-0.30711884420456442,0.68789363498811795,3.5108334685767012e-16
0.024999999999999998,13,12,2.5525440310417071,2.3561944901923448,-0.39088814421697099,0.58500544919273745,0.78177628843394231,-0.39088814421697088,0.58500544919273756,1.5700924586837752e-16
0.024999999999999998,13,13,2.5525440310417071,2.5525440310417071,-0.45963583205971587,0.45963583205971592,0.61423768840912885,-0.45963583205971592,0.45963583205971592,5.5511151231257827e-17
0.024999999999999998,13,14,2.5525440310417071,2.748893571891069,-0.51071997264315017,0.31660266766738376,0.42309427848721753,-0.51071997264315017,0.31660266766738382,5.5511151231257827e-17
0.024999999999999998,13,15,2.5525440310417071,2.9452431127404308,-0.54217743109296868,0.16140264030941562,0.21569159271704755,-0.54217743109296856,0.16140264030941584,2.4825341532472731e-16
0.024999999999999998,13,16,2.5525440310417071,3.1415926535897931,-0.55279931492249057,7.4647087433049914e-17,-1.3646362954713728e-16,-0.55279931492249057,1.0131780233184326e-16,2.6670714898793341e-17
0.024999999999999998,13,17,2.5525440310417071,3.3379421944391554,-0.54217743109296868,-0.16140264030941542,-0.21569159271704733,-0.54217743109296856,-0.16140264030941562,2.2377260456559048e-16
0.024999999999999998,13,18,2.5525440310417071,3.5342917352885173,-0.51071997264315017,-0.31660266766738349,-0.42309427848721692,-0.51071997264315028,-0.31660266766738365,2.0014830212433605e-16
0.024999999999999998,13,19,2.5525440310417071,3.7306412761378791,-0.45963583205971598,-0.45963583205971575,-0.61423768840912918,-0.45963583205971598,-0.45963583205971575,0
0.024999999999999998,13,20,2.5525440310417071,3.9269908169872414,-0.39088814421697105,-0.58500544919273734,-0.78177628843394231,-0.39088814421697099,-0.58500544919273756,2.2887833992611187e-16
0.024999999999999998,13,21,2.5525440310417071,4.1233403578366037,-0.30711884420456453,-0.6878936349881174,-0.91927166411943106,-0.30711884420456453,-0.68789363498811784,4.4408920985006262e-16
0.024999999999999998,13,22,2.5525440310417071,4.3196898986859651,-0.21154713924360907,-0.76434645416609914,-1.021439945286299,-0.21154713924360918,-0.76434645416609948,3.5108334685767012e-16
0.024999999999999998,13,23,2.5525440310417071,4.5160394395353274,-0.10784579635852404,-0.81142586776090786,-1.0843548621859374,-0.10784579635852401,-0.81142586776090797,1.1443916996305594e-16
0.024999999999999998,13,24,2.5525440310417071,4.7123889803846897,-5.8581869375084831e-17,-0.82732264031053382,-1.1055986298449823,-1.0154758673860166e-16,-0.82732264031053404,2.2616334682011328e-16
0.024999999999999998,13,25,2.5525440310417071,4.908738521234052,0.10784579635852386,-0.81142586776090775,-1.0843548621859369,0.1078457963585238,-0.81142586776090808,3.3766115072321297e-16
0.024999999999999998,13,26,2.5525440310417071,5.1050880620834143,0.21154713924360888,-0.76434645416609925,-1.0214399452862997,0.21154713924360902,-0.76434645416609948,2.6184557666721351e-16
0.024999999999999998,13,27,2.5525440310417071,5.3014376029327757,0.30711884420456453,-0.68789363498811773,-0.91927166411943162,0.30711884420456437,-0.68789363498811795,2.7755575615628914e-16
0.024999999999999998,13,28,2.5525440310417071,5.497787143782138,0.39088814421697093,-0.58500544919273745,-0.78177628843394198,0.39088814421697082,-0.58500544919273767,2.4825341532472731e-16
0.024999999999999998,13,29,2.5525440310417071,5.6941366846315002,0.45963583205971587,-0.45963583205971587,-0.61423768840912929,0.45963583205971587,-0.45963583205971592,5.5511151231257827e-17
0.024999999999999998,13,30,2.5525440310417071,5.8904862254808616,0.51071997264315017,-0.31660266766738376,-0.42309427848721792,0.51071997264315006,-0.31660266766738426,5.1178752665209032e-16
0.024999999999999998,13,31,2.5525440310417071,6.0868357663302239,0.54217743109296856,-0.16140264030941562,-0.21569159271704791,0.54217743109296856,-0.16140264030941592,3.0531133177191805e-16
0.024999999999999998,14,0,2.748893571891069,0,0.38077479078355325,-1.0978760443355133e-16,-4.000973724038713e-16,0.38077479078355325,0,1.0978760443355133e-16
0.024999999999999998,14,1,2.748893571891069,0.19634954084936207,0.37345830994912865,0.17934100497336192,0.14857095309917454,0.37345830994912865,0.17934100497336203,1.1102230246251565e-16
0.024999999999999998,14,2,2.748893571891069,0.39269908169872414,0.35179003570119222,0.35179003570119194,0.29143240779029822,0.35179003570119222,0.35179003570119211,1.6653345369377348e-16
0.024999999999999998,14,3,2.748893571891069,0.58904862254808621,0.31660266766738382,0.51071997264315006,0.42309427848721715,0.31660266766738382,0.51071997264315017,1.1102230246251565e-16
0.024999999999999998,14,4,2.748893571891069,0.78539816339744828,0.26924843666793952,0.65002322745149232,0.53849687333587792,0.26924843666793941,0.65002322745149232,1.1102230246251565e-16
0.024999999999999998,14,5,2.748893571891069,0.98174770424681035,0.21154713924360891,0.76434645416609936,0.63320533533476742,0.21154713924360899,0.76434645416609948,1.3877787807814457e-16
0.024999999999999998,14,6,2.748893571891069,1.1780972450961724,0.14571620389514908,0.84929627529753293,0.70358007140238399,0.14571620389514914,0.84929627529753315,2.2887833992611187e-16
0.024999999999999998,14,7,2.748893571891069,1.3744467859455345,0.074285476549587309,0.90160811686012088,0.74691661989825642,0.074285476549587295,0.9016081168601211,2.2247786310271853e-16
0.024999999999999998,14,8,2.748893571891069,1.5707963267948966,5.2422893828558078e-17,0.91927166411943151,0.76154958156710606,2.3315731436454079e-17,0.91927166411943173,2.2394426422401076e-16
0.024999999999999998,14,9,2.748893571891069,1.7671458676442586,-0.074285476549587254,0.90160811686012099,0.74691661989825686,-0.07428547654958724,0.9016081168601211,1.1188630228279524e-16
0.024999999999999998,14,10,2.748893571891069,1.9634954084936207,-0.14571620389514905,0.84929627529753315,0.70358007140238354,-0.14571620389514908,0.84929627529753315,2.7755575615628914e-17
0.024999999999999998,14,11,2.748893571891069,2.1598449493429825,-0.21154713924360888,0.76434645416609948,0.63320533533476731,-0.21154713924360885,0.7643464541660997,2.2377260456559048e-16
0.024999999999999998,14,12,2.748893571891069,2.3561944901923448,-0.26924843666793941,0.65002322745149255,0.53849687333587914,-0.26924843666793941,0.65002322745149244,1.1102230246251565e-16
0.024999999999999998,14,13,2.748893571891069,2.5525440310417071,-0.31660266766738376,0.51071997264315028,0.42309427848721781,-0.31660266766738382,0.51071997264315017,1.2412670766236366e-16
0.024999999999999998,14,14,2.748893571891069,2.748893571891069,-0.35179003570119216,0.35179003570119211,0.29143240779029772,-0.35179003570119222,0.35179003570119216,7.8504622934188758e-17
0.024999999999999998,14,15,2.748893571891069,2.9452431127404308,-0.37345830994912865,0.17934100497336214,0.14857095309917448,-0.37345830994912865,0.17934100497336236,2.2204460492503131e-16
0.024999999999999998,14,16,2.748893571891069,3.1415926535897931,-0.3807747907835532,1.1097056197768671e-16,2.529169867361043e-16,-0.38077479078355325,1.1257831010107229e-16,5.5534428646091491e-17
0.024999999999999998,14,17,2.748893571891069,3.3379421944391554,-0.37345830994912865,-0.17934100497336192,-0.14857095309917426,-0.37345830994912865,-0.17934100497336214,2.2204460492503131e-16
0.024999999999999998,14,18,2.748893571891069,3.5342917352885173,-0.35179003570119216,-0.35179003570119194,-0.29143240779029767,-0.35179003570119222,-0.35179003570119199,7.8504622934188758e-17
0.024999999999999998,14,19,2.748893571891069,3.7306412761378791,-0.31660266766738382,-0.51071997264315006,-0.42309427848721748,-0.31660266766738387,-0.51071997264314994,1.2412670766236366e-16
0.024999999999999998,14,20,2.748893571891069,3.9269908169872414,-0.26924843666793946,-0.65002322745149232,-0.53849687333587859,-0.26924843666793946,-0.65002322745149232,0
0.024999999999999998,14,21,2.748893571891069,4.1233403578366037,-0.21154713924360891,-0.76434645416609936,-0.63320533533476697,-0.21154713924360896,-0.76434645416609948,1.2412670766236366e-16
0.024999999999999998,14,22,2.748893571891069,4.3196898986859651,-0.14571620389514922,-0.84929627529753282,-0.70358007140238321,-0.14571620389514933,-0.84929627529753293,1.5700924586837752e-16
0.024999999999999998,14,23,2.748893571891069,4.5160394395353274,-0.074285476549587434,-0.90160811686012088,-0.74691661989825686,-0.07428547654958742,-0.90160811686012099,1.1188630228279524e-16
0.024999999999999998,14,24,2.748893571891069,4.7123889803846897,-5.3691853565695791e-17,-0.91927166411943151,-0.76154958156710684,-6.9947194309362232e-17,-0.91927166411943173,2.2263881664931194e-16
0.024999999999999998,14,25,2.748893571891069,4.908738521234052,0.074285476549587337,-0.90160811686012099,-0.74691661989825686,0.074285476549587282,-0.9016081168601211,1.2412670766236366e-16
0.024999999999999998,14,26,2.748893571891069,5.1050880620834143,0.14571620389514908,-0.84929627529753304,-0.70358007140238332,0.14571620389514919,-0.84929627529753304,1.1102230246251565e-16
0.024999999999999998,14,27,2.748893571891069,5.3014376029327757,0.21154713924360888,-0.76434645416609948,-0.63320533533476686,0.21154713924360882,-0.7643464541660997,2.2887833992611187e-16
0.024999999999999998,14,28,2.748893571891069,5.497787143782138,0.26924843666793941,-0.65002322745149255,-0.53849687333587892,0.26924843666793935,-0.65002322745149255,5.5511151231257827e-17
0.024999999999999998,14,29,2.748893571891069,5.6941366846315002,0.31660266766738376,-0.51071997264315028,-0.42309427848721792,0.31660266766738382,-0.51071997264315017,1.2412670766236366e-16
0.024999999999999998,14,30,2.748893571891069,5.8904862254808616,0.35179003570119211,-0.35179003570119216,-0.29143240779029794,0.35179003570119211,-0.35179003570119266,4.9960036108132044e-16
0.024999999999999998,14,31,2.748893571891069,6.0868357663302239,0.3734583099491286,-0.17934100497336214,-0.14857095309917467,0.37345830994912865,-0.17934100497336244,3.1031676915590914e-16
0.024999999999999998,15,0,2.9452431127404308,0,0.19411730497576665,-1.4197288098259084e-16,-2.7402244960037146e-16,0.19411730497576687,0,2.6355285145642068e-16
0.024999999999999998,15,1,2.9452431127404308,0.19634954084936207,0.19038739539177671,0.19038739539177643,0.075740815073250659,0.1903873953917769,0.19038739539177654,2.2377260456559048e-16
0.024999999999999998,15,2,2.9452431127404308,0.39269908169872414,0.17934100497336214,0.37345830994912843,0.14857095309917465,0.17934100497336236,0.37345830994912854,2.4825341532472731e-16
0.024999999999999998,15,3,2.9452431127404308,0.58904862254808621,0.16140264030941562,0.54217743109296845,0.21569159271704744,0.16140264030941581,0.54217743109296856,2.2377260456559048e-16
0.024999999999999998,15,4,2.9452431127404308,0.78539816339744828,0.13726166269402176,0.69006097761651219,0.27452332538804336,0.1372616626940219,0.69006097761651219,1.3877787807814457e-16
0.024999999999999998,15,5,2.9452431127404308,0.98174770424681035,0.10784579635852382,0.81142586776090775,0.32280528061883157,0.10784579635852401,0.81142586776090797,2.9504581591051765e-16
0.024999999999999998,15,6,2.9452431127404308,1.1780972450961724,0.074285476549587295,0.90160811686012099,0.35868200994672439,0.074285476549587406,0.9016081168601211,1.5700924586837752e-16
0.024999999999999998,15,7,2.9452431127404308,1.3744467859455345,0.037870407536625308,0.95714207165605691,0.3807747907835532,0.03787040753662535,0.95714207165605703,1.1857187100668868e-16
0.024999999999999998,15,8,2.9452431127404308,1.5707963267948966,2.84223872875747e-17,0.97589359340970816,0.38823460995153342,1.1886256809884174e-17,0.97589359340970838,2.2265949381845015e-16
0.024999999999999998,15,9,2.9452431127404308,1.7671458676442586,-0.037870407536625302,0.95714207165605691,0.38077479078355347,-0.037870407536625322,0.95714207165605703,1.1295700899707568e-16
0.024999999999999998,15,10,2.9452431127404308,1.9634954084936207,-0.074285476549587254,0.90160811686012099,0.35868200994672411,-0.074285476549587379,0.9016081168601211,1.6711069443220838e-16
0.024999999999999998,15,11,2.9452431127404308,2.1598449493429825,-0.10784579635852383,0.81142586776090797,0.32280528061883124,-0.10784579635852394,0.81142586776090819,2.4825341532472731e-16
0.024999999999999998,15,12,2.9452431127404308,2.3561944901923448,-0.13726166269402168,0.69006097761651242,0.27452332538804386,-0.1372616626940219,0.69006097761651231,2.4825341532472731e-16
0.024999999999999998,15,13,2.9452431127404308,2.5525440310417071,-0.16140264030941559,0.54217743109296868,0.21569159271704805,-0.16140264030941584,0.54217743109296856,2.7336071744532853e-16
0.024999999999999998,15,14,2.9452431127404308,2.748893571891069,-0.17934100497336214,0.3734583099491286,0.14857095309917459,-0.17934100497336236,0.37345830994912865,2.2887833992611187e-16
0.024999999999999998,15,15,2.9452431127404308,2.9452431127404308,-0.19038739539177665,0.19038739539177668,0.075740815073250575,-0.1903873953917769,0.1903873953917769,3.3422138886441676e-16
0.024999999999999998,15,16,2.9452431127404308,3.1415926535897931,-0.1941173049757666,1.3532720971924407e-16,3.6802312060731376e-17,-0.19411730497576687,1.1951249654776079e-16,2.7800594045485019e-16
0.024999999999999998,15,17,2.9452431127404308,3.3379421944391554,-0.19038739539177668,-0.19038739539177643,-0.075740815073250589,-0.1903873953917769,-0.19038739539177665,3.1401849173675503e-16
0.024999999999999998,15,18,2.9452431127404308,3.5342917352885173,-0.17934100497336211,-0.37345830994912843,-0.14857095309917434,-0.17934100497336239,-0.37345830994912843,2.7755575615628914e-16
0.024999999999999998,15,19,2.9452431127404308,3.7306412761378791,-0.16140264030941565,-0.54217743109296845,-0.21569159271704741,-0.16140264030941587,-0.54217743109296834,2.4825341532472731e-16
0.024999999999999998,15,20,2.9452431127404308,3.9269908169872414,-0.13726166269402179,-0.69006097761651219,-0.27452332538804353,-0.13726166269402193,-0.69006097761651219,1.3877787807814457e-16
0.024999999999999998,15,21,2.9452431127404308,4.1233403578366037,-0.10784579635852382,-0.81142586776090775,-0.32280528061883146,-0.10784579635852398,-0.81142586776090797,2.7755575615628914e-16
0.024999999999999998,15,22,2.9452431127404308,4.3196898986859651,-0.074285476549587337,-0.90160811686012088,-0.35868200994672417,-0.07428547654958749,-0.90160811686012088,1.5265566588595902e-16
0.024999999999999998,15,23,2.9452431127404308,4.5160394395353274,-0.037870407536625378,-0.95714207165605691,-0.38077479078355342,-0.037870407536625413,-0.95714207165605691,3.4694469519536142e-17
0.024999999999999998,15,24,2.9452431127404308,4.7123889803846897,-3.0126481705326041e-17,-0.97589359340970816,-0.38823460995153386,-3.5658770429652521e-17,-0.97589359340970838,2.2211351330984469e-16
0.024999999999999998,15,25,2.9452431127404308,4.908738521234052,0.037870407536625329,-0.9571420716560568,-0.38077479078355358,0.037870407536625343,-0.95714207165605703,2.2247786310271853e-16
0.024999999999999998,15,26,2.9452431127404308,5.1050880620834143,0.074285476549587295,-0.90160811686012088,-0.35868200994672389,0.074285476549587434,-0.90160811686012099,1.7772239894833365e-16
0.024999999999999998,15,27,2.9452431127404308,5.3014376029327757,0.10784579635852383,-0.81142586776090797,-0.32280528061883113,0.10784579635852391,-0.81142586776090819,2.3714374201337736e-16
0.024999999999999998,15,28,2.9452431127404308,5.497787143782138,0.13726166269402174,-0.69006097761651242,-0.27452332538804392,0.13726166269402187,-0.69006097761651242,1.3877787807814457e-16
0.024999999999999998,15,29,2.9452431127404308,5.6941366846315002,0.16140264030941562,-0.54217743109296868,-0.21569159271704794,0.16140264030941581,-0.54217743109296856,2.2377260456559048e-16
0.024999999999999998,15,30,2.9452431127404308,5.8904862254808616,0.17934100497336214,-0.3734583099491286,-0.1485709530991744,0.17934100497336233,-0.37345830994912915,5.8813010296357691e-16
0.024999999999999998,15,31,2.9452431127404308,6.0868357663302239,0.19038739539177663,-0.19038739539177668,-0.075740815073250714,0.1903873953917769,-0.19038739539177699,4.1261629522333659e-16
0.024999999999999998,16,0,3.1415926535897931,0,1.3889629700165256e-16,-1.5469180971900375e-16,-2.2900180956951225e-17,1.2185388477549907e-16,0,1.5562776040484104e-16
0.024999999999999998,16,1,3.1415926535897931,0.19634954084936207,1.2738248731279572e-16,0.19411730497576635,-2.6404544474265908e-17,1.1951249654776079e-16,0.19411730497576651,1.6671930888117889e-16
0.024999999999999998,16,2,3.1415926535897931,0.39269908169872414,1.1871496553473171e-16,0.38077479078355297,-7.7997357450497492e-17,1.1257831010107229e-16,0.38077479078355314,1.6664648132825266e-16
0.024999999999999998,16,3,3.1415926535897931,0.58904862254808621,1.014721555936311e-16,0.55279931492249046,9.9164120678643888e-19,1.0131780233184323e-16,0.55279931492249057,1.1102240976040708e-16
0.024999999999999998,16,4,3.1415926535897931,0.78539816339744828,9.7182267916954152e-17,0.7035800714023841,1.2038630519699232e-16,8.6163708238679604e-17,0.7035800714023841,1.1018559678274548e-17
0.024999999999999998,16,5,3.1415926535897931,0.98174770424681035,2.5774471511506521e-17,0.82732264031053371,1.4616116587646443e-16,6.7698391159067783e-17,0.82732264031053393,2.2596774463389332e-16
0.024999999999999998,16,6,3.1415926535897931,1.1780972450961724,4.9259965548211846e-17,0.91927166411943151,1.9604334298312752e-16,4.6631462872908152e-17,0.91927166411943173,2.2206016212420301e-16
0.024999999999999998,16,7,3.1415926535897931,1.3744467859455345,1.7126447821883016e-17,0.97589359340970816,1.9827323226553819e-16,2.3772513619768312e-17,0.97589359340970838,2.2214404508539736e-16
0.024999999999999998,16,8,3.1415926535897931,1.5707963267948966,-1.1868258837996061e-17,0.9950124791926821,9.3539640593588104e-17,7.461398497699267e-33,0.99501247919268232,2.223615572534041e-16
0.024999999999999998,16,9,3.1415926535897931,1.7671458676442586,-3.6986306167291346e-17,0.97589359340970816,-5.6746177169851045e-17,-2.3772513619768296e-17,0.97589359340970838,2.2243743140443386e-16
0.024999999999999998,16,10,3.1415926535897931,1.9634954084936207,-4.7946098598579586e-17,0.91927166411943162,-1.2812161578897702e-16,-4.6631462872908134e-17,0.91927166411943173,1.1103008561272716e-16
0.024999999999999998,16,11,3.1415926535897931,2.1598449493429825,-1.1055906392936505e-16,0.82732264031053382,-7.1875776148452122e-17,-6.7698391159067746e-17,0.82732264031053415,3.3581334408719866e-16
0.024999999999999998,16,12,3.1415926535897931,2.3561944901923448,-8.3529510190637372e-17,0.70358007140238432,9.1086874275531629e-18,-8.6163708238679591e-17,0.70358007140238421,1.1105354854048843e-16
0.024999999999999998,16,13,3.1415926535897931,2.5525440310417071,-1.1889251946853438e-16,0.55279931492249068,9.2420625081748082e-17,-1.0131780233184324e-16,0.55279931492249057,1.1240472555241178e-16
0.024999999999999998,16,14,3.1415926535897931,2.748893571891069,-1.2628067037563338e-16,0.3807747907835532,6.9677981393087904e-17,-1.1257831010107229e-16,0.38077479078355325,5.7177290842723977e-17
0.024999999999999998,16,15,3.1415926535897931,2.9452431127404308,-1.3564285351627269e-16,0.19411730497576662,-1.0615721241499525e-17,-1.1951249654776079e-16,0.19411730497576687,2.503204318749831e-16
0.024999999999999998,16,16,3.1415926535897931,3.1415926535897931,-1.3638935057256033e-16,1.3181329657699294e-16,-4.9310856106496982e-19,-1.2185388477549907e-16,1.2185388477549907e-16,1.7620148959905895e-17
0.024999999999999998,16,17,3.1415926535897931,3.3379421944391554,-1.3016821533849521e-16,-0.19411730497576635,1.4823729922738254e-17,-1.1951249654776079e-16,-0.19411730497576662,2.7776022414744095e-16
0.024999999999999998,16,18,3.1415926535897931,3.5342917352885173,-1.2024859662531033e-16,-0.38077479078355297,-1.677857540986058e-19,-1.1257831010107229e-16,-0.38077479078355303,5.6038568918053978e-17
0.024999999999999998,16,19,3.1415926535897931,3.7306412761378791,-1.0088814985462143e-16,-0.55279931492249046,-1.1538675644437881e-17,-1.0131780233184327e-16,-0.55279931492249035,1.1102313382952894e-16
0.024999999999999998,16,20,3.1415926535897931,3.9269908169872414,-1.0293232434506165e-16,-0.7035800714023841,-6.1311640373569425e-17,-8.6163708238679616e-17,-0.7035800714023841,1.6768616106382032e-17
0.024999999999999998,16,21,3.1415926535897931,4.1233403578366037,-3.3363612246279491e-17,-0.82732264031053371,-1.8186250399734167e-16,-6.7698391159067771e-17,-0.82732264031053393,2.2468351879767081e-16
0.024999999999999998,16,22,3.1415926535897931,4.3196898986859651,-5.0934605727809061e-17,-0.9192716641194314,-2.6372982783964251e-16,-4.6631462872908214e-17,-0.91927166411943151,1.1110566449334613e-16
0.024999999999999998,16,23,3.1415926535897931,4.5160394395353274,-1.8298920456973903e-17,-0.97589359340970816,-1.8478887593077747e-16,-2.3772513619768352e-17,-0.97589359340970827,1.1115714941554638e-16
0.024999999999999998,16,24,3.1415926535897931,4.7123889803846897,7.9237397030510687e-18,-0.9950124791926821,-8.0123350479354235e-17,-2.23841954930978e-32,-0.99501247919268232,2.2218594066050836e-16
0.024999999999999998,16,25,3.1415926535897931,4.908738521234052,3.289725255606926e-17,-0.97589359340970816,5.1019082122746507e-17,2.3772513619768309e-17,-0.97589359340970838,2.2223201262862396e-16
0.024999999999999998,16,26,3.1415926535897931,5.1050880620834143,4.3220176180479958e-17,-0.91927166411943151,1.3438509258900547e-16,4.6631462872908171e-17,-0.91927166411943162,1.1107469793331083e-16
0.024999999999999998,16,27,3.1415926535897931,5.3014376029327757,1.1046003881804881e-16,-0.82732264031053382,1.6419077287127589e-17,6.7698391159067734e-17,-0.82732264031053415,3.3580071963474948e-16
0.024999999999999998,16,28,3.1415926535897931,5.497787143782138,9.3256762870673083e-17,-0.70358007140238432,-7.6115454245539455e-17,8.6163708238679579e-17,-0.70358007140238432,7.0930546319935035e-18
0.024999999999999998,16,29,3.1415926535897931,5.6941366846315002,1.2821579977500046e-16,-0.55279931492249068,-6.4197887687789274e-17,1.0131780233184323e-16,-0.55279931492249057,1.1423420639427755e-16
0.024999999999999998,16,30,3.1415926535897931,5.8904862254808616,1.2845584121939563e-16,-0.38077479078355314,-6.2037318435227669e-17,1.1257831010107227e-16,-0.38077479078355375,6.1082905401411791e-16
0.024999999999999998,16,31,3.1415926535897931,6.0868357663302239,1.3825158829046093e-16,-0.19411730497576662,-6.1934981170302806e-17,1.1951249654776079e-16,-0.19411730497576696,3.335936425593961e-16
0.024999999999999998,17,0,3.3379421944391554,0,-0.19411730497576637,-1.7073616851328561e-16,1.4852598248476804e-16,-0.19411730497576662,0,3.0257390739576918e-16
0.024999999999999998,17,1,3.3379421944391554,0.19634954084936207,-0.19038739539177643,0.19038739539177638,-0.075740815073250575,-0.19038739539177665,0.19038739539177654,2.7755575615628914e-16
0.024999999999999998,17,2,3.3379421944391554,0.39269908169872414,-0.17934100497336192,0.37345830994912843,-0.14857095309917448,-0.17934100497336214,0.37345830994912854,2.4825341532472731e-16
0.024999999999999998,17,3,3.3379421944391554,0.58904862254808621,-0.16140264030941545,0.54217743109296845,-0.21569159271704727,-0.16140264030941562,0.54217743109296856,2.0014830212433605e-16
0.024999999999999998,17,4,3.3379421944391554,0.78539816339744828,-0.1372616626940216,0.69006097761651219,-0.27452332538804303,-0.13726166269402174,0.69006097761651219,1.3877787807814457e-16
0.024999999999999998,17,5,3.3379421944391554,0.98174770424681035,-0.10784579635852376,0.81142586776090775,-0.32280528061883101,-0.10784579635852387,0.81142586776090797,2.4825341532472731e-16
0.024999999999999998,17,6,3.3379421944391554,1.1780972450961724,-0.074285476549587212,0.90160811686012099,-0.35868200994672372,-0.074285476549587309,0.9016081168601211,1.4752290795525882e-16
0.024999999999999998,17,7,3.3379421944391554,1.3744467859455345,-0.037870407536625267,0.95714207165605691,-0.38077479078355253,-0.037870407536625302,0.95714207165605703,1.1631705747361534e-16
0.024999999999999998,17,8,3.3379421944391554,1.5707963267948966,-3.6714460304621998e-17,0.97589359340970816,-0.38823460995153286,-1.1886256809884159e-17,0.97589359340970838,2.2342839180616539e-16
0.024999999999999998,17,9,3.3379421944391554,1.7671458676442586,0.037870407536625232,0.95714207165605691,-0.38077479078355303,0.037870407536625274,0.95714207165605703,1.1857187100668868e-16
0.024999999999999998,17,10,3.3379421944391554,1.9634954084936207,0.074285476549587171,0.90160811686012099,-0.35868200994672378,0.074285476549587282,0.9016081168601211,1.5700924586837752e-16
0.024999999999999998,17,11,3.3379421944391554,2.1598449493429825,0.10784579635852361,0.81142586776090797,-0.32280528061883079,0.1078457963585238,0.81142586776090819,2.9504581591051765e-16
0.024999999999999998,17,12,3.3379421944391554,2.3561944901923448,0.13726166269402151,0.69006097761651242,-0.27452332538804342,0.13726166269402171,0.69006097761651231,2.2377260456559048e-16
0.024999999999999998,17,13,3.3379421944391554,2.5525440310417071,0.16140264030941537,0.54217743109296868,-0.21569159271704766,0.16140264030941565,0.54217743109296856,2.9893669801409083e-16
0.024999999999999998,17,14,3.3379421944391554,2.748893571891069,0.17934100497336192,0.3734583099491286,-0.14857095309917426,0.17934100497336214,0.37345830994912865,2.2887833992611187e-16
0.024999999999999998,17,15,3.3379421944391554,2.9452431127404308,0.19038739539177638,0.19038739539177668,-0.07574081507325027,0.19038739539177665,0.1903873953917769,3.554447978966673e-16
0.024999999999999998,17,16,3.3379421944391554,3.1415926535897931,0.19411730497576632,1.4770677355978483e-16,7.0359566108600322e-17,0.19411730497576662,1.1951249654776079e-16,3.0661038234960825e-16
0.024999999999999998,17,17,3.3379421944391554,3.3379421944391554,0.1903873953917764,-0.19038739539177643,0.075740815073250423,0.19038739539177665,-0.19038739539177665,3.3422138886441676e-16
0.024999999999999998,17,18,3.3379421944391554,3.5342917352885173,0.17934100497336189,-0.37345830994912843,0.14857095309917423,0.17934100497336217,-0.37345830994912843,2.7755575615628914e-16
0.024999999999999998,17,19,3.3379421944391554,3.7306412761378791,0.16140264030941542,-0.54217743109296845,0.21569159271704741,0.16140264030941565,-0.54217743109296834,2.4825341532472731e-16
0.024999999999999998,17,20,3.3379421944391554,3.9269908169872414,0.13726166269402157,-0.69006097761651219,0.2745233253880433,0.13726166269402176,-0.69006097761651219,1.9428902930940239e-16
0.024999999999999998,17,21,3.3379421944391554,4.1233403578366037,0.10784579635852376,-0.81142586776090775,0.3228052806188309,0.10784579635852384,-0.81142586776090797,2.3714374201337736e-16
0.024999999999999998,17,22,3.3379421944391554,4.3196898986859651,0.074285476549587226,-0.90160811686012088,0.3586820099467235,0.074285476549587406,-0.90160811686012088,1.8041124150158794e-16
0.024999999999999998,17,23,3.3379421944391554,4.5160394395353274,0.037870407536625322,-0.95714207165605691,0.38077479078355275,0.037870407536625364,-0.95714207165605691,4.163336342344337e-17
0.024999999999999998,17,24,3.3379421944391554,4.7123889803846897,3.4231549572587306e-17,-0.97589359340970816,0.3882346099515333,3.5658770429652472e-17,-0.97589359340970838,2.2204919170239751e-16
0.024999999999999998,17,25,3.3379421944391554,4.908738521234052,-0.037870407536625274,-0.9571420716560568,0.38077479078355314,-0.037870407536625295,-0.95714207165605703,2.2301825219878386e-16
0.024999999999999998,17,26,3.3379421944391554,5.1050880620834143,-0.074285476549587212,-0.90160811686012088,0.35868200994672356,-0.074285476549587337,-0.90160811686012099,1.6711069443220838e-16
0.024999999999999998,17,27,3.3379421944391554,5.3014376029327757,-0.10784579635852361,-0.81142586776090797,0.32280528061883057,-0.10784579635852377,-0.81142586776090819,2.7755575615628914e-16
0.024999999999999998,17,28,3.3379421944391554,5.497787143782138,-0.13726166269402151,-0.69006097761651242,0.27452332538804336,-0.13726166269402168,-0.69006097761651242,1.6653345369377348e-16
0.024999999999999998,17,29,3.3379421944391554,5.6941366846315002,-0.16140264030941534,-0.54217743109296868,0.2156915927170476,-0.16140264030941562,-0.54217743109296856,2.9893669801409083e-16
0.024999999999999998,17,30,3.3379421944391554,5.8904862254808616,-0.17934100497336186,-0.3734583099491286,0.14857095309917412,-0.17934100497336211,-0.37345830994912915,6.0872729633235947e-16
0.024999999999999998,17,31,3.3379421944391554,6.0868357663302239,-0.19038739539177635,-0.19038739539177668,0.075740815073250436,-0.19038739539177665,-0.19038739539177699,4.3177542613803813e-16
0.024999999999999998,18,0,3.5342917352885173,0,-0.38077479078355303,-1.7177435909243799e-16,5.046821553141008e-16,-0.38077479078355303,0,1.7177435909243799e-16
0.024999999999999998,18,1,3.5342917352885173,0.19634954084936207,-0.37345830994912843,0.17934100497336192,-0.14857095309917426,-0.37345830994912849,0.17934100497336206,1.4946834900704541e-16
0.024999999999999998,18,2,3.5342917352885173,0.39269908169872414,-0.35179003570119199,0.35179003570119194,-0.29143240779029778,-0.35179003570119199,0.35179003570119211,1.6653345369377348e-16
0.024999999999999998,18,3,3.5342917352885173,0.58904862254808621,-0.3166026676673836,0.51071997264315006,-0.4230942784872167,-0.3166026676673836,0.51071997264315017,1.1102230246251565e-16
0.024999999999999998,18,4,3.5342917352885173,0.78539816339744828,-0.26924843666793929,0.65002322745149232,-0.53849687333587726,-0.26924843666793924,0.65002322745149244,1.2412670766236366e-16
0.024999999999999998,18,5,3.5342917352885173,0.98174770424681035,-0.21154713924360891,0.76434645416609936,-0.63320533533476675,-0.21154713924360888,0.76434645416609959,2.2377260456559048e-16
0.024999999999999998,18,6,3.5342917352885173,1.1780972450961724,-0.14571620389514903,0.84929627529753315,-0.70358007140238332,-0.14571620389514905,0.84929627529753327,1.1443916996305594e-16
0.024999999999999998,18,7,3.5342917352885173,1.3744467859455345,-0.074285476549587254,0.9016081168601211,-0.74691661989825575,-0.074285476549587254,0.90160811686012121,1.1102230246251565e-16
0.024999999999999998,18,8,3.5342917352885173,1.5707963267948966,-3.6708869268429394e-17,0.91927166411943173,-0.76154958156710495,-2.3315731436454064e-17,0.91927166411943184,1.1182722291582046e-16
0.024999999999999998,18,9,3.5342917352885173,1.7671458676442586,0.074285476549587198,0.90160811686012099,-0.74691661989825575,0.074285476549587198,0.90160811686012121,2.2204460492503131e-16
0.024999999999999998,18,10,3.5342917352885173,1.9634954084936207,0.14571620389514894,0.84929627529753315,-0.70358007140238266,0.145716203895149,0.84929627529753327,1.2412670766236366e-16
0.024999999999999998,18,11,3.5342917352885173,2.1598449493429825,0.21154713924360866,0.76434645416609948,-0.6332053353347662,0.21154713924360874,0.76434645416609981,3.4331750988916778e-16
0.024999999999999998,18,12,3.5342917352885173,2.3561944901923448,0.26924843666793918,0.65002322745149255,-0.53849687333587803,0.26924843666793924,0.65002322745149255,5.5511151231257827e-17
0.024999999999999998,18,13,3.5342917352885173,2.5525440310417071,0.31660266766738354,0.51071997264315028,-0.42309427848721726,0.31660266766738365,0.51071997264315017,1.5700924586837752e-16
0.024999999999999998,18,14,3.5342917352885173,2.748893571891069,0.35179003570119194,0.35179003570119222,-0.29143240779029739,0.35179003570119199,0.35179003570119222,5.5511151231257827e-17
0.024999999999999998,18,15,3.5342917352885173,2.9452431127404308,0.37345830994912843,0.17934100497336219,-0.14857095309917415,0.37345830994912849,0.17934100497336239,2.0206364052201326e-16
0.024999999999999998,18,16,3.5342917352885173,3.1415926535897931,0.38077479078355297,1.5405555263597057e-16,-2.1651817785261321e-16,0.38077479078355303,1.1257831010107229e-16,6.9295379061798573e-17
0.024999999999999998,18,17,3.5342917352885173,3.3379421944391554,0.37345830994912843,-0.17934100497336192,0.14857095309917404,0.37345830994912849,-0.17934100497336214,2.2887833992611187e-16
0.024999999999999998,18,18,3.5342917352885173,3.5342917352885173,0.35179003570119194,-0.35179003570119194,0.29143240779029744,0.35179003570119205,-0.35179003570119205,1.5700924586837752e-16
0.024999999999999998,18,19,3.5342917352885173,3.7306412761378791,0.3166026676673836,-0.51071997264315006,0.42309427848721692,0.31660266766738371,-0.51071997264315006,1.1102230246251565e-16
0.024999999999999998,18,20,3.5342917352885173,3.9269908169872414,0.26924843666793935,-0.65002322745149232,0.5384968733358777,0.26924843666793929,-0.65002322745149244,1.2412670766236366e-16
0.024999999999999998,18,21,3.5342917352885173,4.1233403578366037,0.21154713924360891,-0.76434645416609936,0.63320533533476653,0.21154713924360882,-0.76434645416609959,2.3714374201337736e-16
0.024999999999999998,18,22,3.5342917352885173,4.3196898986859651,0.14571620389514911,-0.84929627529753304,0.70358007140238277,0.14571620389514925,-0.84929627529753304,1.3877787807814457e-16
0.024999999999999998,18,23,3.5342917352885173,4.5160394395353274,0.074285476549587351,-0.9016081168601211,0.74691661989825597,0.074285476549587379,-0.9016081168601211,2.7755575615628914e-17
0.024999999999999998,18,24,3.5342917352885173,4.7123889803846897,4.3013527804750293e-17,-0.91927166411943173,0.76154958156710573,6.9947194309362195e-17,-0.91927166411943184,1.1424261041949262e-16
0.024999999999999998,18,25,3.5342917352885173,4.908738521234052,-0.074285476549587282,-0.90160811686012099,0.74691661989825597,-0.07428547654958724,-0.90160811686012121,2.2591401799415137e-16
0.024999999999999998,18,26,3.5342917352885173,5.1050880620834143,-0.14571620389514903,-0.84929627529753304,0.70358007140238243,-0.14571620389514911,-0.84929627529753315,1.3877787807814457e-16
0.024999999999999998,18,27,3.5342917352885173,5.3014376029327757,-0.21154713924360866,-0.76434645416609948,0.63320533533476575,-0.21154713924360868,-0.76434645416609981,3.3422138886441676e-16
0.024999999999999998,18,28,3.5342917352885173,5.497787143782138,-0.26924843666793918,-0.65002322745149255,0.53849687333587803,-0.26924843666793918,-0.65002322745149266,1.1102230246251565e-16
0.024999999999999998,18,29,3.5342917352885173,5.6941366846315002,-0.31660266766738354,-0.51071997264315028,0.42309427848721737,-0.3166026676673836,-0.51071997264315017,1.2412670766236366e-16
0.024999999999999998,18,30,3.5342917352885173,5.8904862254808616,-0.35179003570119188,-0.35179003570119216,0.29143240779029761,-0.35179003570119188,-0.35179003570119266,4.9960036108132044e-16
0.024999999999999998,18,31,3.5342917352885173,6.0868357663302239,-0.37345830994912826,-0.17934100497336219,0.14857095309917462,-0.37345830994912843,-0.17934100497336247,3.2368285245694688e-16
0.024999999999999998,19,0,3.7306412761378791,0,-0.55279931492249046,-1.342702948722448e-16,7.5594804148446558e-16,-0.55279931492249035,0,1.7422532459191424e-16
0.024999999999999998,19,1,3.7306412761378791,0.19634954084936207,-0.54217743109296845,0.16140264030941542,-0.21569159271704733,-0.54217743109296834,0.16140264030941556,1.7772239894833365e-16
0.024999999999999998,19,2,3.7306412761378791,0.39269908169872414,-0.51071997264315006,0.3166026676673836,-0.4230942784872177,-0.51071997264314994,0.31660266766738382,2.4825341532472731e-16
0.024999999999999998,19,3,3.7306412761378791,0.58904862254808621,-0.45963583205971575,0.45963583205971587,-0.61423768840912851,-0.45963583205971564,0.45963583205971598,1.5700924586837752e-16
0.024999999999999998,19,4,3.7306412761378791,0.78539816339744828,-0.39088814421697088,0.58500544919273756,-0.78177628843394098,-0.39088814421697077,0.58500544919273756,1.1102230246251565e-16
0.024999999999999998,19,5,3.7306412761378791,0.98174770424681035,-0.30711884420456453,0.68789363498811762,-0.91927166411943151,-0.30711884420456448,0.68789363498811795,3.3766115072321297e-16
0.024999999999999998,19,6,3.7306412761378791,1.1780972450961724,-0.21154713924360888,0.76434645416609948,-1.0214399452863001,-0.21154713924360882,0.7643464541660997,2.2887833992611187e-16
0.024999999999999998,19,7,3.7306412761378791,1.3744467859455345,-0.1078457963585238,0.81142586776090808,-1.0843548621859367,-0.10784579635852377,0.81142586776090819,1.1443916996305594e-16
0.024999999999999998,19,8,3.7306412761378791,1.5707963267948966,-3.9199178564140982e-17,0.82732264031053404,-1.1055986298449809,-3.3849195579533873e-17,0.82732264031053415,1.1115113117739241e-16
0.024999999999999998,19,9,3.7306412761378791,1.7671458676442586,0.10784579635852372,0.81142586776090797,-1.0843548621859362,0.1078457963585237,0.81142586776090819,2.2247786310271853e-16
0.024999999999999998,19,10,3.7306412761378791,1.9634954084936207,0.21154713924360874,0.76434645416609959,-1.0214399452862994,0.21154713924360877,0.7643464541660997,1.1443916996305594e-16
0.024999999999999998,19,11,3.7306412761378791,2.1598449493429825,0.30711884420456431,0.68789363498811784,-0.91927166411943118,0.30711884420456431,0.68789363498811806,2.2204460492503131e-16
0.024999999999999998,19,12,3.7306412761378791,2.3561944901923448,0.39088814421697077,0.58500544919273767,-0.78177628843394187,0.39088814421697071,0.58500544919273767,5.5511151231257827e-17
0.024999999999999998,19,13,3.7306412761378791,2.5525440310417071,0.45963583205971564,0.45963583205971603,-0.61423768840912885,0.4596358320597157,0.45963583205971598,7.8504622934188758e-17
0.024999999999999998,19,14,3.7306412761378791,2.748893571891069,0.51071997264314994,0.31660266766738387,-0.42309427848721742,0.51071997264314994,0.31660266766738387,0
0.024999999999999998,19,15,3.7306412761378791,2.9452431127404308,0.54217743109296845,0.16140264030941567,-0.21569159271704766,0.54217743109296834,0.16140264030941584,2.0014830212433605e-16
0.024999999999999998,19,16,3.7306412761378791,3.1415926535897931,0.55279931492249035,1.2190540606007745e-16,-3.4262411746679845e-16,0.55279931492249035,1.0131780233184327e-16,2.0587603728234187e-17
0.024999999999999998,19,17,3.7306412761378791,3.3379421944391554,0.54217743109296845,-0.16140264030941542,0.21569159271704721,0.54217743109296834,-0.16140264030941565,2.4825341532472731e-16
0.024999999999999998,19,18,3.7306412761378791,3.5342917352885173,0.51071997264314994,-0.3166026676673836,0.42309427848721703,0.51071997264315006,-0.31660266766738371,1.5700924586837752e-16
0.024999999999999998,19,19,3.7306412761378791,3.7306412761378791,0.45963583205971575,-0.45963583205971587,0.61423768840912851,0.45963583205971575,-0.45963583205971581,5.5511151231257827e-17
0.024999999999999998,19,20,3.7306412761378791,3.9269908169872414,0.39088814421697093,-0.58500544919273756,0.7817762884339412,0.39088814421697082,-0.58500544919273756,1.1102230246251565e-16
0.024999999999999998,19,21,3.7306412761378791,4.1233403578366037,0.30711884420456453,-0.68789363498811762,0.91927166411943084,0.30711884420456442,-0.68789363498811795,3.5108334685767012e-16
0.024999999999999998,19,22,3.7306412761378791,4.3196898986859651,0.21154713924360902,-0.76434645416609936,1.021439945286299,0.2115471392436091,-0.76434645416609959,2.3714374201337736e-16
0.024999999999999998,19,23,3.7306412761378791,4.5160394395353274,0.10784579635852398,-0.81142586776090808,1.0843548621859369,0.10784579635852397,-0.81142586776090808,1.3877787807814457e-17
0.024999999999999998,19,24,3.7306412761378791,4.7123889803846897,5.0923278255784022e-17,-0.82732264031053404,1.1055986298449818,1.0154758673860162e-16,-0.82732264031053415,1.2201955684824375e-16
0.024999999999999998,19,25,3.7306412761378791,4.908738521234052,-0.10784579635852383,-0.81142586776090797,1.0843548621859365,-0.10784579635852376,-0.81142586776090819,2.3263411494723067e-16
0.024999999999999998,19,26,3.7306412761378791,5.1050880620834143,-0.21154713924360877,-0.76434645416609948,1.0214399452862992,-0.21154713924360893,-0.76434645416609959,2.0014830212433605e-16
0.024999999999999998,19,27,3.7306412761378791,5.3014376029327757,-0.30711884420456431,-0.68789363498811795,0.9192716641194314,-0.3071188442045642,-0.68789363498811806,1.5700924586837752e-16
0.024999999999999998,19,28,3.7306412761378791,5.497787143782138,-0.39088814421697082,-0.58500544919273767,0.78177628843394176,-0.39088814421697066,-0.58500544919273778,2.0014830212433605e-16
0.024999999999999998,19,29,3.7306412761378791,5.6941366846315002,-0.45963583205971564,-0.45963583205971598,0.61423768840912885,-0.45963583205971564,-0.45963583205971598,0
0.024999999999999998,19,30,3.7306412761378791,5.8904862254808616,-0.51071997264314994,-0.31660266766738376,0.42309427848721759,-0.51071997264314983,-0.31660266766738432,5.6610488670036757e-16
0.024999999999999998,19,31,3.7306412761378791,6.0868357663302239,-0.54217743109296834,-0.16140264030941567,0.21569159271704819,-0.54217743109296834,-0.16140264030941595,2.7755575615628914e-16
0.024999999999999998,20,0,3.9269908169872414,0,-0.7035800714023841,-9.6962461053955544e-17,8.3656502260372891e-16,-0.7035800714023841,0,9.6962461053955544e-17
0.024999999999999998,20,1,3.9269908169872414,0.19634954084936207,-0.69006097761651231,0.1372616626940216,-0.27452332538804336,-0.69006097761651219,0.13726166269402165,1.2412670766236366e-16
0.024999999999999998,20,2,3.9269908169872414,0.39269908169872414,-0.65002322745149244,0.26924843666793929,-0.53849687333587914,-0.65002322745149232,0.26924843666793941,1.5700924586837752e-16
0.024999999999999998,20,3,3.9269908169872414,0.58904862254808621,-0.58500544919273745,0.39088814421697093,-0.78177628843394231,-0.58500544919273745,0.39088814421697099,5.5511151231257827e-17
0.024999999999999998,20,4,3.9269908169872414,0.78539816339744828,-0.49750623959634122,0.49750623959634116,-0.99501247919268299,-0.4975062395963411,0.49750623959634122,1.2412670766236366e-16
0.024999999999999998,20,5,3.9269908169872414,0.98174770424681035,-0.39088814421697093,0.58500544919273745,-1.1700108983854758,-0.39088814421697093,0.58500544919273756,1.1102230246251565e-16
0.024999999999999998,20,6,3.9269908169872414,1.1780972450961724,-0.26924843666793941,0.65002322745149255,-1.3000464549029851,-0.26924843666793935,0.65002322745149255,5.5511151231257827e-17
0.024999999999999998,20,7,3.9269908169872414,1.3744467859455345,-0.13726166269402174,0.69006097761651231,-1.3801219552330251,-0.13726166269402168,0.69006097761651242,1.2412670766236366e-16
0.024999999999999998,20,8,3.9269908169872414,1.5707963267948966,-6.8493525911702287e-17,0.70358007140238432,-1.4071601428047698,-4.3081854119339796e-17,0.70358007140238432,2.5411671792362491e-17
0.024999999999999998,20,9,3.9269908169872414,1.7671458676442586,0.1372616626940216,0.69006097761651231,-1.3801219552330253,0.13726166269402157,0.69006097761651242,1.1443916996305594e-16
0.024999999999999998,20,10,3.9269908169872414,1.9634954084936207,0.26924843666793913,0.65002322745149255,-1.3000464549029851,0.26924843666793924,0.65002322745149255,1.1102230246251565e-16
0.024999999999999998,20,11,3.9269908169872414,2.1598449493429825,0.39088814421697066,0.58500544919273767,-1.1700108983854762,0.39088814421697071,0.58500544919273778,1.2412670766236366e-16
0.024999999999999998,20,12,3.9269908169872414,2.3561944901923448,0.49750623959634105,0.49750623959634138,-0.9950124791926841,0.49750623959634105,0.49750623959634127,1.1102230246251565e-16
0.024999999999999998,20,13,3.9269908169872414,2.5525440310417071,0.58500544919273734,0.3908881442169711,-0.78177628843394253,0.58500544919273745,0.39088814421697099,1.5700924586837752e-16
0.024999999999999998,20,14,3.9269908169872414,2.748893571891069,0.65002322745149232,0.26924843666793941,-0.53849687333587859,0.65002322745149232,0.26924843666793946,5.5511151231257827e-17
0.024999999999999998,20,15,3.9269908169872414,2.9452431127404308,0.69006097761651208,0.13726166269402176,-0.27452332538804358,0.69006097761651219,0.13726166269402193,2.0014830212433605e-16
0.024999999999999998,20,16,3.9269908169872414,3.1415926535897931,0.70358007140238399,9.4959055840476756e-17,-2.9578934769510906e-16,0.7035800714023841,8.6163708238679616e-17,1.1137014763173634e-16
0.024999999999999998,20,17,3.9269908169872414,3.3379421944391554,0.69006097761651208,-0.13726166269402157,0.27452332538804319,0.69006097761651219,-0.13726166269402174,2.0014830212433605e-16
0.024999999999999998,20,18,3.9269908169872414,3.5342917352885173,0.65002322745149232,-0.26924843666793929,0.53849687333587826,0.65002322745149244,-0.26924843666793929,1.1102230246251565e-16
0.024999999999999998,20,19,3.9269908169872414,3.7306412761378791,0.58500544919273745,-0.39088814421697093,0.78177628843394242,0.58500544919273756,-0.39088814421697082,1.5700924586837752e-16
0.024999999999999998,20,20,3.9269908169872414,3.9269908169872414,0.49750623959634122,-0.49750623959634116,0.99501247919268332,0.49750623959634122,-0.49750623959634122,5.5511151231257827e-17
0.024999999999999998,20,21,3.9269908169872414,4.1233403578366037,0.39088814421697093,-0.58500544919273745,1.1700108983854749,0.39088814421697088,-0.58500544919273756,1.2412670766236366e-16
0.024999999999999998,20,22,3.9269908169872414,4.3196898986859651,0.26924843666793952,-0.65002322745149244,1.3000464549029844,0.26924843666793968,-0.65002322745149244,1.6653345369377348e-16
0.024999999999999998,20,23,3.9269908169872414,4.5160394395353274,0.13726166269402196,-0.69006097761651231,1.3801219552330259,0.1372616626940219,-0.69006097761651231,5.5511151231257827e-17
0.024999999999999998,20,24,3.9269908169872414,4.7123889803846897,7.4460523595143903e-17,-0.70358007140238432,1.4071601428047709,1.2924556235801937e-16,-0.70358007140238432,5.4785038762875472e-17
0.024999999999999998,20,25,3.9269908169872414,4.908738521234052,-0.13726166269402176,-0.69006097761651231,1.3801219552330253,-0.13726166269402165,-0.69006097761651242,1.5700924586837752e-16
0.024999999999999998,20,26,3.9269908169872414,5.1050880620834143,-0.26924843666793918,-0.65002322745149255,1.3000464549029849,-0.26924843666793946,-0.65002322745149255,2.7755575615628914e-16
0.024999999999999998,20,27,3.9269908169872414,5.3014376029327757,-0.39088814421697066,-0.58500544919273767,1.170010898385476,-0.39088814421697066,-0.58500544919273778,1.1102230246251565e-16
0.024999999999999998,20,28,3.9269908169872414,5.497787143782138,-0.49750623959634105,-0.49750623959634138,0.99501247919268387,-0.49750623959634099,-0.49750623959634138,5.5511151231257827e-17
0.024999999999999998,20,29,3.9269908169872414,5.6941366846315002,-0.58500544919273734,-0.3908881442169711,0.78177628843394242,-0.58500544919273745,-0.39088814421697099,1.5700924586837752e-16
0.024999999999999998,20,30,3.9269908169872414,5.8904862254808616,-0.65002322745149221,-0.26924843666793941,0.53849687333587837,-0.65002322745149221,-0.26924843666793979,3.8857805861880479e-16
0.024999999999999998,20,31,3.9269908169872414,6.0868357663302239,-0.69006097761651197,-0.13726166269402176,0.27452332538804403,-0.69006097761651208,-0.13726166269402199,2.4825341532472731e-16
0.024999999999999998,21,0,4.1233403578366037,0,-0.82732264031053382,-6.7278127414541648e-17,9.9122961321502195e-16,-0.82732264031053393,0,1.2981640140015286e-16
0.024999999999999998,21,1,4.1233403578366037,0.19634954084936207,-0.81142586776090797,0.10784579635852375,-0.32280528061883113,-0.81142586776090797,0.10784579635852377,2.7755575615628914e-17
0.024999999999999998,21,2,4.1233403578366037,0.39269908169872414,-0.76434645416609948,0.21154713924360879,-0.63320533533476742,-0.76434645416609948,0.21154713924360888,8.3266726846886741e-17
0.024999999999999998,21,3,4.1233403578366037,0.58904862254808621,-0.68789363498811762,0.30711884420456442,-0.91927166411943073,-0.68789363498811773,0.30711884420456453,1.5700924586837752e-16
0.024999999999999998,21,4,4.1233403578366037,0.78539816339744828,-0.58500544919273756,0.39088814421697082,-1.1700108983854745,-0.58500544919273756,0.39088814421697088,5.5511151231257827e-17
0.024999999999999998,21,5,4.1233403578366037,0.98174770424681035,-0.45963583205971587,0.45963583205971581,-1.3757872699762357,-0.45963583205971592,0.45963583205971587,7.8504622934188758e-17
0.024999999999999998,21,6,4.1233403578366037,1.1780972450961724,-0.31660266766738371,0.51071997264315006,-1.5286929083321978,-0.31660266766738376,0.51071997264315017,1.2412670766236366e-16
0.024999999999999998,21,7,4.1233403578366037,1.3744467859455345,-0.16140264030941562,0.54217743109296856,-1.6228517355218148,-0.16140264030941559,0.54217743109296856,2.7755575615628914e-17
0.024999999999999998,21,8,4.1233403578366037,1.5707963267948966,-1.0060416276809994e-16,0.55279931492249057,-1.6546452806210679,-5.0658901165921622e-17,0.55279931492249057,4.9945261602178316e-17
0.024999999999999998,21,9,4.1233403578366037,1.7671458676442586,0.16140264030941545,0.54217743109296856,-1.6228517355218155,0.16140264030941545,0.54217743109296856,0
0.024999999999999998,21,10,4.1233403578366037,1.9634954084936207,0.31660266766738349,0.51071997264315017,-1.5286929083321976,0.31660266766738365,0.51071997264315017,1.6653345369377348e-16
0.024999999999999998,21,11,4.1233403578366037,2.1598449493429825,0.45963583205971553,0.45963583205971581,-1.3757872699762357,0.45963583205971564,0.45963583205971598,2.0014830212433605e-16
0.024999999999999998,21,12,4.1233403578366037,2.3561944901923448,0.58500544919273745,0.39088814421697093,-1.1700108983854762,0.58500544919273745,0.39088814421697093,0
0.024999999999999998,21,13,4.1233403578366037,2.5525440310417071,0.68789363498811751,0.30711884420456459,-0.91927166411943184,0.68789363498811784,0.30711884420456453,3.3766115072321297e-16
0.024999999999999998,21,14,4.1233403578366037,2.748893571891069,0.76434645416609936,0.21154713924360891,-0.63320533533476642,0.76434645416609948,0.21154713924360896,1.2412670766236366e-16
0.024999999999999998,21,15,4.1233403578366037,2.9452431127404308,0.81142586776090775,0.10784579635852387,-0.32280528061883101,0.81142586776090797,0.10784579635852397,2.4236514457283391e-16
0.024999999999999998,21,16,4.1233403578366037,3.1415926535897931,0.8273226403105336,7.1246229982453786e-17,-4.9883949404506063e-16,0.82732264031053393,6.7698391159067771e-17,3.3308580269507364e-16
0.024999999999999998,21,17,4.1233403578366037,3.3379421944391554,0.81142586776090786,-0.10784579635852373,0.32280528061883079,0.81142586776090797,-0.10784579635852383,1.4752290795525882e-16
0.024999999999999998,21,18,4.1233403578366037,3.5342917352885173,0.76434645416609936,-0.21154713924360879,0.63320533533476697,0.76434645416609959,-0.21154713924360882,2.2377260456559048e-16
0.024999999999999998,21,19,4.1233403578366037,3.7306412761378791,0.68789363498811762,-0.30711884420456442,0.91927166411943151,0.68789363498811795,-0.30711884420456442,3.3306690738754696e-16
0.024999999999999998,21,20,4.1233403578366037,3.9269908169872414,0.58500544919273745,-0.39088814421697082,1.1700108983854749,0.58500544919273756,-0.39088814421697088,1.2412670766236366e-16
0.024999999999999998,21,21,4.1233403578366037,4.1233403578366037,0.45963583205971587,-0.45963583205971581,1.3757872699762348,0.45963583205971587,-0.45963583205971587,5.5511151231257827e-17
0.024999999999999998,21,22,4.1233403578366037,4.3196898986859651,0.31660266766738382,-0.51071997264315006,1.5286929083321972,0.31660266766738415,-0.51071997264315006,3.3306690738754696e-16
0.024999999999999998,21,23,4.1233403578366037,4.5160394395353274,0.1614026403094159,-0.54217743109296856,1.6228517355218157,0.16140264030941584,-0.54217743109296856,5.5511151231257827e-17
0.024999999999999998,21,24,4.1233403578366037,4.7123889803846897,1.0888382642053673e-16,-0.55279931492249057,1.6546452806210692,1.5197670349776484e-16,-0.55279931492249057,4.3092877077228105e-17
0.024999999999999998,21,25,4.1233403578366037,4.908738521234052,-0.16140264030941565,-0.54217743109296856,1.6228517355218157,-0.16140264030941556,-0.54217743109296856,8.3266726846886741e-17
0.024999999999999998,21,26,4.1233403578366037,5.1050880620834143,-0.3166026676673836,-0.51071997264315006,1.528692908332197,-0.31660266766738387,-0.51071997264315006,2.7755575615628914e-16
0.024999999999999998,21,27,4.1233403578366037,5.3014376029327757,-0.45963583205971553,-0.45963583205971587,1.3757872699762346,-0.45963583205971559,-0.45963583205971598,1.2412670766236366e-16
0.024999999999999998,21,28,4.1233403578366037,5.497787143782138,-0.58500544919273734,-0.39088814421697093,1.1700108983854758,-0.58500544919273734,-0.39088814421697099,5.5511151231257827e-17
0.024999999999999998,21,29,4.1233403578366037,5.6941366846315002,-0.68789363498811751,-0.30711884420456459,0.91927166411943173,-0.68789363498811773,-0.30711884420456453,2.2887833992611187e-16
0.024999999999999998,21,30,4.1233403578366037,5.8904862254808616,-0.76434645416609914,-0.21154713924360891,0.63320533533476653,-0.76434645416609936,-0.21154713924360921,3.7751664318895328e-16
0.024999999999999998,21,31,4.1233403578366037,6.0868357663302239,-0.81142586776090764,-0.10784579635852387,0.32280528061883157,-0.81142586776090786,-0.10784579635852404,2.7755575615628914e-16
0.024999999999999998,22,0,4.3196898986859651,0,-0.91927166411943173,-2.7141901939701717e-17,8.0985560691107797e-16,-0.91927166411943151,0,2.2369731651769458e-16
0.024999999999999998,22,1,4.3196898986859651,0.19634954084936207,-0.9016081168601211,0.074285476549587282,-0.35868200994672444,-0.90160811686012088,0.074285476549587351,2.3263411494723067e-16
0.024999999999999998,22,2,4.3196898986859651,0.39269908169872414,-0.84929627529753304,0.14571620389514908,-0.70358007140238354,-0.84929627529753293,0.14571620389514928,2.2377260456559048e-16
0.024999999999999998,22,3,4.3196898986859651,0.58904862254808621,-0.76434645416609948,0.21154713924360899,-1.0214399452862979,-0.76434645416609925,0.21154713924360918,2.9504581591051765e-16
0.024999999999999998,22,4,4.3196898986859651,0.78539816339744828,-0.65002322745149255,0.26924843666793952,-1.3000464549029829,-0.65002322745149232,0.26924843666793968,2.7755575615628914e-16
0.024999999999999998,22,5,4.3196898986859651,0.98174770424681035,-0.51071997264315017,0.31660266766738387,-1.5286929083321985,-0.51071997264315017,0.31660266766738415,2.7755575615628914e-16
0.024999999999999998,22,6,4.3196898986859651,1.1780972450961724,-0.35179003570119211,0.35179003570119233,-1.698592550595065,-0.35179003570119205,0.3517900357011926,2.8305244335018379e-16
0.024999999999999998,22,7,4.3196898986859651,1.3744467859455345,-0.17934100497336214,0.37345830994912882,-1.8032162337202395,-0.17934100497336206,0.3734583099491291,2.8977671675840951e-16
0.024999999999999998,22,8,4.3196898986859651,1.5707963267948966,-1.0024229332103638e-16,0.38077479078355331,-1.8385433282388617,-5.6289155050536133e-17,0.3807747907835537,3.9105598832364787e-16
0.024999999999999998,22,9,4.3196898986859651,1.7671458676442586,0.179341004973362,0.37345830994912882,-1.8032162337202402,0.17934100497336192,0.3734583099491291,2.8977671675840951e-16
0.024999999999999998,22,10,4.3196898986859651,1.9634954084936207,0.35179003570119183,0.35179003570119238,-1.6985925505950639,0.35179003570119194,0.3517900357011926,2.4825341532472731e-16
0.024999999999999998,22,11,4.3196898986859651,2.1598449493429825,0.51071997264314983,0.31660266766738393,-1.5286929083321976,0.51071997264314983,0.31660266766738426,3.3306690738754696e-16
0.024999999999999998,22,12,4.3196898986859651,2.3561944901923448,0.65002322745149232,0.26924843666793952,-1.3000464549029846,0.65002322745149221,0.26924843666793974,2.4825341532472731e-16
0.024999999999999998,22,13,4.3196898986859651,2.5525440310417071,0.76434645416609936,0.21154713924360904,-1.0214399452862992,0.76434645416609936,0.21154713924360918,1.3877787807814457e-16
0.024999999999999998,22,14,4.3196898986859651,2.748893571891069,0.84929627529753304,0.14571620389514922,-0.70358007140238288,0.84929627529753293,0.14571620389514933,1.5700924586837752e-16
0.024999999999999998,22,15,4.3196898986859651,2.9452431127404308,0.90160811686012088,0.074285476549587379,-0.35868200994672422,0.90160811686012088,0.07428547654958749,1.1102230246251565e-16
0.024999999999999998,22,16,4.3196898986859651,3.1415926535897931,0.91927166411943151,2.845095524645951e-17,-3.3726731252686633e-16,0.91927166411943151,4.6631462872908214e-17,1.8180507626448704e-17
0.024999999999999998,22,17,4.3196898986859651,3.3379421944391554,0.90160811686012099,-0.074285476549587268,0.35868200994672395,0.90160811686012088,-0.074285476549587393,1.6711069443220838e-16
0.024999999999999998,22,18,4.3196898986859651,3.5342917352885173,0.84929627529753293,-0.14571620389514903,0.70358007140238277,0.84929627529753304,-0.14571620389514925,2.4825341532472731e-16
0.024999999999999998,22,19,4.3196898986859651,3.7306412761378791,0.76434645416609948,-0.21154713924360893,1.0214399452862983,0.76434645416609948,-0.2115471392436091,1.6653345369377348e-16
0.024999999999999998,22,20,4.3196898986859651,3.9269908169872414,0.65002322745149255,-0.26924843666793941,1.3000464549029835,0.65002322745149244,-0.26924843666793968,2.9893669801409083e-16
0.024999999999999998,22,21,4.3196898986859651,4.1233403578366037,0.51071997264315017,-0.31660266766738387,1.5286929083321976,0.51071997264315006,-0.31660266766738415,2.9893669801409083e-16
0.024999999999999998,22,22,4.3196898986859651,4.3196898986859651,0.35179003570119227,-0.35179003570119227,1.6985925505950632,0.35179003570119249,-0.35179003570119249,3.1401849173675503e-16
0.024999999999999998,22,23,4.3196898986859651,4.5160394395353274,0.17934100497336242,-0.37345830994912882,1.8032162337202404,0.17934100497336236,-0.3734583099491291,2.8305244335018379e-16
0.024999999999999998,22,24,4.3196898986859651,4.7123889803846897,1.3299770366529607e-16,-0.38077479078355336,1.8385433282388635,1.6886746515160838e-16,-0.3807747907835537,3.349928425888973e-16
0.024999999999999998,22,25,4.3196898986859651,4.908738521234052,-0.17934100497336217,-0.37345830994912882,1.8032162337202404,-0.17934100497336203,-0.3734583099491291,3.1031676915590914e-16
0.024999999999999998,22,26,4.3196898986859651,5.1050880620834143,-0.35179003570119205,-0.35179003570119233,1.6985925505950634,-0.35179003570119222,-0.35179003570119255,2.7755575615628914e-16
0.024999999999999998,22,27,4.3196898986859651,5.3014376029327757,-0.51071997264314983,-0.31660266766738399,1.528692908332197,-0.51071997264314972,-0.31660266766738426,2.9893669801409083e-16
0.024999999999999998,22,28,4.3196898986859651,5.497787143782138,-0.65002322745149232,-0.26924843666793957,1.3000464549029844,-0.6500232274514921,-0.26924843666793979,3.1401849173675503e-16
0.024999999999999998,22,29,4.3196898986859651,5.6941366846315002,-0.76434645416609936,-0.21154713924360907,1.0214399452862994,-0.76434645416609925,-0.21154713924360918,1.5700924586837752e-16
0.024999999999999998,22,30,4.3196898986859651,5.8904862254808616,-0.84929627529753293,-0.14571620389514922,0.70358007140238343,-0.84929627529753282,-0.14571620389514953,3.2487068343022356e-16
0.024999999999999998,22,31,4.3196898986859651,6.0868357663302239,-0.90160811686012077,-0.074285476549587379,0.35868200994672506,-0.90160811686012077,-0.074285476549587531,1.5265566588595902e-16
0.024999999999999998,23,0,4.5160394395353274,0,-0.97589359340970838,-9.722094332628906e-18,3.4603014091546894e-16,-0.97589359340970827,0,1.1144716578850647e-16
0.024999999999999998,23,1,4.5160394395353274,0.19634954084936207,-0.95714207165605703,0.037870407536625315,-0.38077479078355392,-0.95714207165605691,0.037870407536625343,1.1443916996305594e-16
0.024999999999999998,23,2,4.5160394395353274,0.39269908169872414,-0.9016081168601211,0.074285476549587406,-0.74691661989825719,-0.90160811686012099,0.074285476549587406,1.1102230246251565e-16
0.024999999999999998,23,3,4.5160394395353274,0.58904862254808621,-0.81142586776090797,0.10784579635852407,-1.0843548621859362,-0.81142586776090786,0.10784579635852401,1.2412670766236366e-16
0.024999999999999998,23,4,4.5160394395353274,0.78539816339744828,-0.69006097761651242,0.13726166269402199,-1.3801219552330246,-0.69006097761651219,0.13726166269402193,2.2887833992611187e-16
0.024999999999999998,23,5,4.5160394395353274,0.98174770424681035,-0.54217743109296856,0.16140264030941584,-1.6228517355218168,-0.54217743109296868,0.16140264030941587,1.1443916996305594e-16
0.024999999999999998,23,6,4.5160394395353274,1.1780972450961724,-0.3734583099491286,0.17934100497336242,-1.8032162337202422,-0.3734583099491286,0.17934100497336242,0
0.024999999999999998,23,7,4.5160394395353274,1.3744467859455345,-0.19038739539177668,0.19038739539177696,-1.9142841433121138,-0.1903873953917766,0.19038739539177696,8.3266726846886741e-17
0.024999999999999998,23,8,4.5160394395353274,1.5707963267948966,-9.0966438583520658e-17,0.19411730497576693,-1.951787186819417,-5.9756248273880394e-17,0.19411730497576693,3.1210190309640264e-17
0.024999999999999998,23,9,4.5160394395353274,1.7671458676442586,0.19038739539177651,0.19038739539177699,-1.9142841433121136,0.19038739539177646,0.19038739539177696,6.2063353831181828e-17
0.024999999999999998,23,10,4.5160394395353274,1.9634954084936207,0.37345830994912838,0.1793410049733625,-1.8032162337202418,0.37345830994912849,0.17934100497336242,1.3877787807814457e-16
0.024999999999999998,23,11,4.5160394395353274,2.1598449493429825,0.54217743109296834,0.16140264030941592,-1.6228517355218166,0.54217743109296834,0.1614026403094159,2.7755575615628914e-17
0.024999999999999998,23,12,4.5160394395353274,2.3561944901923448,0.69006097761651219,0.13726166269402199,-1.3801219552330253,0.69006097761651208,0.13726166269402196,1.1443916996305594e-16
0.024999999999999998,23,13,4.5160394395353274,2.5525440310417071,0.81142586776090775,0.10784579635852405,-1.0843548621859369,0.81142586776090797,0.10784579635852401,2.2591401799415137e-16
0.024999999999999998,23,14,4.5160394395353274,2.748893571891069,0.90160811686012099,0.074285476549587434,-0.74691661989825719,0.90160811686012099,0.074285476549587434,0
0.024999999999999998,23,15,4.5160394395353274,2.9452431127404308,0.95714207165605691,0.037870407536625378,-0.38077479078355381,0.95714207165605691,0.037870407536625413,3.4694469519536142e-17
0.024999999999999998,23,16,4.5160394395353274,3.1415926535897931,0.97589359340970816,9.5954033543569325e-18,2.5798102807092242e-16,0.97589359340970827,2.3772513619768355e-17,1.1192382275260234e-16
0.024999999999999998,23,17,4.5160394395353274,3.3379421944391554,0.95714207165605691,-0.037870407536625322,0.38077479078355347,0.95714207165605691,-0.037870407536625364,4.163336342344337e-17
0.024999999999999998,23,18,4.5160394395353274,3.5342917352885173,0.90160811686012099,-0.074285476549587393,0.74691661989825564,0.9016081168601211,-0.074285476549587393,1.1102230246251565e-16
0.024999999999999998,23,19,4.5160394395353274,3.7306412761378791,0.81142586776090797,-0.10784579635852405,1.0843548621859358,0.81142586776090808,-0.10784579635852397,1.3877787807814457e-16
0.024999999999999998,23,20,4.5160394395353274,3.9269908169872414,0.69006097761651242,-0.13726166269402199,1.3801219552330248,0.69006097761651231,-0.13726166269402193,1.2412670766236366e-16
0.024999999999999998,23,21,4.5160394395353274,4.1233403578366037,0.54217743109296856,-0.16140264030941584,1.6228517355218157,0.54217743109296856,-0.16140264030941587,2.7755575615628914e-17
0.024999999999999998,23,22,4.5160394395353274,4.3196898986859651,0.37345830994912876,-0.17934100497336239,1.8032162337202404,0.37345830994912904,-0.17934100497336239,2.7755575615628914e-16
0.024999999999999998,23,23,4.5160394395353274,4.5160394395353274,0.19038739539177699,-0.19038739539177696,1.9142841433121143,0.19038739539177693,-0.19038739539177693,6.2063353831181828e-17
0.024999999999999998,23,24,4.5160394395353274,4.7123889803846897,1.4571786077086417e-16,-0.19411730497576693,1.9517871868194188,1.7926874482164114e-16,-0.19411730497576693,3.3550884050776971e-17
0.024999999999999998,23,25,4.5160394395353274,4.908738521234052,-0.19038739539177668,-0.19038739539177701,1.9142841433121145,-0.19038739539177657,-0.19038739539177696,1.2412670766236366e-16
0.024999999999999998,23,26,4.5160394395353274,5.1050880620834143,-0.37345830994912854,-0.17934100497336244,1.8032162337202415,-0.37345830994912876,-0.17934100497336242,2.2377260456559048e-16
0.024999999999999998,23,27,4.5160394395353274,5.3014376029327757,-0.54217743109296834,-0.1614026403094159,1.6228517355218159,-0.54217743109296823,-0.1614026403094159,1.1102230246251565e-16
0.024999999999999998,23,28,4.5160394395353274,5.497787143782138,-0.69006097761651219,-0.13726166269402199,1.3801219552330253,-0.69006097761651197,-0.13726166269402196,2.2377260456559048e-16
0.024999999999999998,23,29,4.5160394395353274,5.6941366846315002,-0.81142586776090775,-0.10784579635852404,1.0843548621859371,-0.81142586776090786,-0.10784579635852401,1.1443916996305594e-16
0.024999999999999998,23,30,4.5160394395353274,5.8904862254808616,-0.90160811686012088,-0.07428547654958742,0.74691661989825753,-0.90160811686012077,-0.074285476549587531,1.5700924586837752e-16
0.024999999999999998,23,31,4.5160394395353274,6.0868357663302239,-0.9571420716560568,-0.037870407536625357,0.38077479078355458,-0.9571420716560568,-0.037870407536625433,7.6327832942979512e-17
0.024999999999999998,24,0,4.7123889803846897,0,-0.99501247919268232,-1.221998156162558e-17,3.8615984493883594e-16,-0.99501247919268232,0,1.221998156162558e-17
0.024999999999999998,24,1,4.7123889803846897,0.19634954084936207,-0.97589359340970838,2.4527883071512929e-18,-0.38823460995153358,-0.97589359340970838,3.5658770429652447e-17,3.3205982122501156e-17
0.024999999999999998,24,2,4.7123889803846897,0.39269908169872414,-0.91927166411943173,5.9168661326982498e-17,-0.76154958156710673,-0.91927166411943173,6.9947194309362207e-17,1.0778532982379709e-17
0.024999999999999998,24,3,4.7123889803846897,0.58904862254808621,-0.82732264031053393,1.1203689862536945e-16,-1.105598629844982,-0.82732264031053393,1.0154758673860166e-16,1.0489311886767795e-17
0.024999999999999998,24,4,4.7123889803846897,0.78539816339744828,-0.70358007140238432,1.3056658268344474e-16,-1.4071601428047702,-0.70358007140238421,1.2924556235801937e-16,1.1103016139220233e-16
0.024999999999999998,24,5,4.7123889803846897,0.98174770424681035,-0.55279931492249057,1.3029824181453143e-16,-1.6546452806210703,-0.55279931492249068,1.5197670349776484e-16,1.131189963933102e-16
0.024999999999999998,24,6,4.7123889803846897,1.1780972450961724,-0.3807747907835532,1.3517914303641892e-16,-1.8385433282388648,-0.3807747907835532,1.6886746515160842e-16,3.3688322115189501e-17
0.024999999999999998,24,7,4.7123889803846897,1.3744467859455345,-0.19411730497576665,1.5551807204334646e-16,-1.9517871868194183,-0.1941173049757666,1.7926874482164117e-16,6.0378658219947276e-17
0.024999999999999998,24,8,4.7123889803846897,1.5707963267948966,-1.0814555721326462e-16,1.8379634984744147e-16,-1.9900249583853669,-6.0926942387749537e-17,1.827808271632486e-16,4.7229533899483518e-17
0.024999999999999998,24,9,4.7123889803846897,1.7671458676442586,0.19411730497576646,1.9459988657477277e-16,-1.9517871868194185,0.19411730497576646,1.7926874482164117e-16,1.5331141753131601e-17
0.024999999999999998,24,10,4.7123889803846897,1.9634954084936207,0.38077479078355292,1.7745293844280385e-16,-1.838543328238865,0.38077479078355309,1.6886746515160842e-16,1.6675461478115088e-16
0.024999999999999998,24,11,4.7123889803846897,2.1598449493429825,0.55279931492249035,1.6114515906368423e-16,-1.6546452806210703,0.55279931492249035,1.5197670349776489e-16,9.1684555659193384e-18
0.024999999999999998,24,12,4.7123889803846897,2.3561944901923448,0.7035800714023841,1.5993178942012417e-16,-1.4071601428047706,0.7035800714023841,1.292455623580194e-16,3.0686227062104766e-17
0.024999999999999998,24,13,4.7123889803846897,2.5525440310417071,0.82732264031053371,1.3381657579099894e-16,-1.105598629844982,0.82732264031053404,1.0154758673860166e-16,3.3462643716713198e-16
0.024999999999999998,24,14,4.7123889803846897,2.748893571891069,0.91927166411943162,6.8172851242258179e-17,-0.76154958156710684,0.91927166411943173,6.9947194309362232e-17,1.1103648020987557e-16
0.024999999999999998,24,15,4.7123889803846897,2.9452431127404308,0.97589359340970827,2.101753211896918e-17,-0.38823460995153375,0.97589359340970838,3.5658770429652515e-17,1.1198355907609175e-16
0.024999999999999998,24,16,4.7123889803846897,3.1415926535897931,0.99501247919268221,1.4320347192539857e-17,2.8649133295764573e-16,0.99501247919268232,2.23841954930978e-32,1.1194205638540499e-16
0.024999999999999998,24,17,4.7123889803846897,3.3379421944391554,0.97589359340970827,-1.6162076069475714e-17,0.3882346099515333,0.97589359340970838,-3.5658770429652472e-17,1.1272121688064079e-16
0.024999999999999998,24,18,4.7123889803846897,3.5342917352885173,0.91927166411943162,-9.5370498727351045e-17,0.76154958156710562,0.91927166411943184,-6.9947194309362195e-17,2.2349530416508302e-16
0.024999999999999998,24,19,4.7123889803846897,3.7306412761378791,0.82732264031053393,-1.6179149369454327e-16,1.105598629844982,0.82732264031053415,-1.0154758673860162e-16,2.3007202111866924e-16
0.024999999999999998,24,20,4.7123889803846897,3.9269908169872414,0.70358007140238432,-1.8037335232227388e-16,1.4071601428047706,0.70358007140238432,-1.2924556235801937e-16,5.1127789964254502e-17
0.024999999999999998,24,21,4.7123889803846897,4.1233403578366037,0.55279931492249057,-1.7559479226939543e-16,1.6546452806210692,0.55279931492249057,-1.5197670349776484e-16,2.3618088771630592e-17
0.024999999999999998,24,22,4.7123889803846897,4.3196898986859651,0.38077479078355336,-1.6646466756617911e-16,1.8385433282388632,0.3807747907835537,-1.6886746515160838e-16,3.330755743565435e-16
0.024999999999999998,24,23,4.7123889803846897,4.5160394395353274,0.19411730497576696,-1.6573422144607053e-16,1.9517871868194188,0.19411730497576693,-1.7926874482164114e-16,3.0879690749079108e-17
0.024999999999999998,24,24,4.7123889803846897,4.7123889803846897,1.6224809405794018e-16,-1.8230636626069672e-16,1.9900249583853684,1.827808271632486e-16,-1.827808271632486e-16,2.0538214185315102e-17
0.024999999999999998,24,25,4.7123889803846897,4.908738521234052,-0.19411730497576665,-1.8386696761384367e-16,1.9517871868194192,-0.19411730497576657,-1.7926874482164117e-16,8.3393593594716728e-17
0.024999999999999998,24,26,4.7123889803846897,5.1050880620834143,-0.38077479078355309,-1.4766182510637243e-16,1.8385433282388643,-0.38077479078355336,-1.688674651516084e-16,2.7836464744147658e-16
0.024999999999999998,24,27,4.7123889803846897,5.3014376029327757,-0.55279931492249035,-1.182091567110576e-16,1.6546452806210694,-0.55279931492249024,-1.5197670349776489e-16,1.1604395227701775e-16
0.024999999999999998,24,28,4.7123889803846897,5.497787143782138,-0.7035800714023841,-1.18596476975231e-16,1.4071601428047704,-0.70358007140238399,-1.2924556235801942e-16,1.1153185492749695e-16
0.024999999999999998,24,29,4.7123889803846897,5.6941366846315002,-0.82732264031053371,-9.6803442356778382e-17,1.1055986298449823,-0.82732264031053393,-1.0154758673860166e-16,2.2209528018899639e-16
0.024999999999999998,24,30,4.7123889803846897,5.8904862254808616,-0.91927166411943151,-3.8741543932668805e-17,0.76154958156710706,-0.91927166411943151,-6.9947194309362318e-17,3.1205650376693513e-17
0.024999999999999998,24,31,4.7123889803846897,6.0868357663302239,-0.97589359340970816,-5.8690534380440395e-18,0.38823460995153414,-0.97589359340970827,-3.5658770429652534e-17,1.1494946229764818e-16
0.024999999999999998,25,0,4.908738521234052,0,-0.97589359340970838,1.3977356569016182e-17,6.3384987127145313e-16,-0.97589359340970838,-0,1.3977356569016182e-17
0.024999999999999998,25,1,4.908738521234052,0.19634954084936207,-0.95714207165605703,-0.037870407536625267,-0.38077479078355314,-0.95714207165605703,-0.037870407536625274,6.9388939039072284e-18
0.024999999999999998,25,2,4.908738521234052,0.39269908169872414,-0.9016081168601211,-0.074285476549587268,-0.74691661989825708,-0.9016081168601211,-0.074285476549587268,0
0.024999999999999998,25,3,4.908738521234052,0.58904862254808621,-0.81142586776090797,-0.10784579635852386,-1.0843548621859369,-0.81142586776090797,-0.10784579635852382,4.163336342344337e-17
0.024999999999999998,25,4,4.908738521234052,0.78539816339744828,-0.69006097761651242,-0.13726166269402176,-1.3801219552330248,-0.69006097761651231,-0.13726166269402168,1.3877787807814457e-16
0.024999999999999998,25,5,4.908738521234052,0.98174770424681035,-0.54217743109296856,-0.16140264030941556,-1.6228517355218166,-0.54217743109296868,-0.16140264030941556,1.1102230246251565e-16
0.024999999999999998,25,6,4.908738521234052,1.1780972450961724,-0.37345830994912865,-0.17934100497336211,-1.803216233720242,-0.3734583099491286,-0.17934100497336208,6.2063353831181828e-17
0.024999999999999998,25,7,4.908738521234052,1.3744467859455345,-0.19038739539177668,-0.19038739539177663,-1.9142841433121136,-0.19038739539177663,-0.19038739539177663,5.5511151231257827e-17
0.024999999999999998,25,8,4.908738521234052,1.5707963267948966,-1.1958756099595583e-16,-0.19411730497576662,-1.9517871868194174,-5.9756248273880394e-17,-0.19411730497576657,8.1616627552640058e-17
0.024999999999999998,25,9,4.908738521234052,1.7671458676442586,0.19038739539177651,-0.19038739539177665,-1.9142841433121143,0.19038739539177649,-0.19038739539177663,3.9252311467094379e-17
0.024999999999999998,25,10,4.908738521234052,1.9634954084936207,0.37345830994912838,-0.17934100497336217,-1.8032162337202422,0.37345830994912849,-0.17934100497336208,1.3877787807814457e-16
0.024999999999999998,25,11,4.908738521234052,2.1598449493429825,0.54217743109296834,-0.16140264030941565,-1.6228517355218171,0.54217743109296834,-0.16140264030941562,2.7755575615628914e-17
0.024999999999999998,25,12,4.908738521234052,2.3561944901923448,0.69006097761651219,-0.13726166269402174,-1.3801219552330259,0.69006097761651219,-0.13726166269402168,5.5511151231257827e-17
0.024999999999999998,25,13,4.908738521234052,2.5525440310417071,0.81142586776090775,-0.10784579635852386,-1.0843548621859378,0.81142586776090808,-0.10784579635852382,3.3565890684838572e-16
0.024999999999999998,25,14,4.908738521234052,2.748893571891069,0.90160811686012099,-0.074285476549587295,-0.74691661989825708,0.9016081168601211,-0.074285476549587295,1.1102230246251565e-16
0.024999999999999998,25,15,4.908738521234052,2.9452431127404308,0.95714207165605703,-0.037870407536625308,-0.38077479078355325,0.95714207165605703,-0.037870407536625343,3.4694469519536142e-17
0.024999999999999998,25,16,4.908738521234052,3.1415926535897931,0.97589359340970827,-8.936843921580487e-18,-1.4638354817795443e-17,0.97589359340970838,-2.3772513619768312e-17,1.1200914578494042e-16
0.024999999999999998,25,17,4.908738521234052,3.3379421944391554,0.95714207165605703,0.037870407536625274,0.38077479078355292,0.95714207165605703,0.037870407536625295,2.0816681711721685e-17
0.024999999999999998,25,18,4.908738521234052,3.5342917352885173,0.90160811686012099,0.074285476549587254,0.74691661989825631,0.90160811686012121,0.074285476549587254,2.2204460492503131e-16
0.024999999999999998,25,19,4.908738521234052,3.7306412761378791,0.81142586776090797,0.10784579635852384,1.0843548621859374,0.81142586776090819,0.10784579635852377,2.3263411494723067e-16
0.024999999999999998,25,20,4.908738521234052,3.9269908169872414,0.69006097761651242,0.13726166269402174,1.3801219552330257,0.69006097761651242,0.13726166269402168,5.5511151231257827e-17
0.024999999999999998,25,21,4.908738521234052,4.1233403578366037,0.54217743109296856,0.16140264030941556,1.6228517355218162,0.54217743109296856,0.16140264030941556,0
0.024999999999999998,25,22,4.908738521234052,4.3196898986859651,0.37345830994912876,0.17934100497336208,1.8032162337202409,0.3734583099491291,0.17934100497336206,3.3422138886441676e-16
0.024999999999999998,25,23,4.908738521234052,4.5160394395353274,0.19038739539177699,0.19038739539177663,1.9142841433121143,0.19038739539177696,0.1903873953917766,3.9252311467094379e-17
0.024999999999999998,25,24,4.908738521234052,4.7123889803846897,1.7159013256640152e-16,0.19411730497576662,1.9517871868194192,1.7926874482164117e-16,0.19411730497576657,5.6039709110468213e-17
0.024999999999999998,25,25,4.908738521234052,4.908738521234052,-0.19038739539177668,0.19038739539177663,1.9142841433121152,-0.1903873953917766,0.19038739539177663,8.3266726846886741e-17
0.024999999999999998,25,26,4.908738521234052,5.1050880620834143,-0.3734583099491286,0.17934100497336214,1.8032162337202413,-0.37345830994912876,0.17934100497336208,1.7554167342883506e-16
0.024999999999999998,25,27,4.908738521234052,5.3014376029327757,-0.54217743109296834,0.16140264030941562,1.6228517355218155,-0.54217743109296823,0.16140264030941562,1.1102230246251565e-16
0.024999999999999998,25,28,4.908738521234052,5.497787143782138,-0.69006097761651219,0.13726166269402174,1.3801219552330257,-0.69006097761651208,0.13726166269402171,1.1443916996305594e-16
0.024999999999999998,25,29,4.908738521234052,5.6941366846315002,-0.81142586776090775,0.10784579635852388,1.0843548621859378,-0.81142586776090797,0.10784579635852382,2.3263411494723067e-16
0.024999999999999998,25,30,4.908738521234052,5.8904862254808616,-0.90160811686012088,0.074285476549587295,0.74691661989825708,-0.90160811686012088,0.074285476549587393,9.7144514654701197e-17
0.024999999999999998,25,31,4.908738521234052,6.0868357663302239,-0.9571420716560568,0.037870407536625308,0.38077479078355386,-0.95714207165605691,0.037870407536625364,1.2412670766236366e-16
0.024999999999999998,26,0,5.1050880620834143,0,-0.91927166411943184,4.8312346678543226e-17,5.2441231233143704e-16,-0.91927166411943162,-0,2.2723971795859322e-16
0.024999999999999998,26,1,5.1050880620834143,0.19634954084936207,-0.9016081168601211,-0.074285476549587198,-0.35868200994672406,-0.90160811686012099,-0.074285476549587282,1.3877787807814457e-16
0.024999999999999998,26,2,5.1050880620834143,0.39269908169872414,-0.84929627529753315,-0.14571620389514897,-0.70358007140238354,-0.84929627529753304,-0.14571620389514917,2.2377260456559048e-16
0.024999999999999998,26,3,5.1050880620834143,0.58904862254808621,-0.76434645416609948,-0.21154713924360885,-1.021439945286299,-0.76434645416609936,-0.21154713924360902,2.0014830212433605e-16
0.024999999999999998,26,4,5.1050880620834143,0.78539816339744828,-0.65002322745149255,-0.26924843666793935,-1.300046454902984,-0.65002322745149244,-0.26924843666793946,1.5700924586837752e-16
0.024999999999999998,26,5,5.1050880620834143,0.98174770424681035,-0.51071997264315017,-0.31660266766738371,-1.5286929083321983,-0.51071997264315017,-0.31660266766738387,1.6653345369377348e-16
0.024999999999999998,26,6,5.1050880620834143,1.1780972450961724,-0.35179003570119222,-0.35179003570119205,-1.6985925505950652,-0.35179003570119211,-0.35179003570119227,2.4825341532472731e-16
0.024999999999999998,26,7,5.1050880620834143,1.3744467859455345,-0.17934100497336217,-0.37345830994912854,-1.8032162337202409,-0.17934100497336208,-0.37345830994912876,2.3714374201337736e-16
0.024999999999999998,26,8,5.1050880620834143,1.5707963267948966,-9.3949181269814623e-17,-0.38077479078355309,-1.8385433282388628,-5.6289155050536133e-17,-0.38077479078355336,2.8009904560766747e-16
0.024999999999999998,26,9,5.1050880620834143,1.7671458676442586,0.179341004973362,-0.3734583099491286,-1.8032162337202409,0.17934100497336194,-0.37345830994912876,1.7554167342883506e-16
0.024999999999999998,26,10,5.1050880620834143,1.9634954084936207,0.35179003570119188,-0.35179003570119211,-1.698592550595065,0.35179003570119199,-0.35179003570119227,2.0014830212433605e-16
0.024999999999999998,26,11,5.1050880620834143,2.1598449493429825,0.51071997264315006,-0.31660266766738376,-1.5286929083321987,0.51071997264314983,-0.31660266766738399,3.1401849173675503e-16
0.024999999999999998,26,12,5.1050880620834143,2.3561944901923448,0.65002322745149232,-0.26924843666793941,-1.3000464549029849,0.65002322745149232,-0.26924843666793952,1.1102230246251565e-16
0.024999999999999998,26,13,5.1050880620834143,2.5525440310417071,0.76434645416609936,-0.21154713924360899,-1.0214399452862999,0.76434645416609948,-0.21154713924360902,1.1443916996305594e-16
0.024999999999999998,26,14,5.1050880620834143,2.748893571891069,0.84929627529753304,-0.14571620389514908,-0.70358007140238366,0.84929627529753304,-0.14571620389514919,1.1102230246251565e-16
0.024999999999999998,26,15,5.1050880620834143,2.9452431127404308,0.9016081168601211,-0.074285476549587295,-0.35868200994672411,0.90160811686012099,-0.07428547654958742,1.6711069443220838e-16
0.024999999999999998,26,16,5.1050880620834143,3.1415926535897931,0.91927166411943162,-3.9115242716162083e-17,6.5945848744866524e-17,0.91927166411943162,-4.6631462872908171e-17,7.5162201567460883e-18
0.024999999999999998,26,17,5.1050880620834143,3.3379421944391554,0.90160811686012099,0.074285476549587198,0.35868200994672361,0.90160811686012099,0.074285476549587337,1.3877787807814457e-16
0.024999999999999998,26,18,5.1050880620834143,3.5342917352885173,0.84929627529753304,0.14571620389514903,0.70358007140238243,0.84929627529753315,0.14571620389514911,1.3877787807814457e-16
0.024999999999999998,26,19,5.1050880620834143,3.7306412761378791,0.76434645416609948,0.21154713924360891,1.021439945286299,0.76434645416609959,0.21154713924360893,1.1443916996305594e-16
0.024999999999999998,26,20,5.1050880620834143,3.9269908169872414,0.65002322745149266,0.26924843666793929,1.3000464549029846,0.65002322745149255,0.26924843666793946,2.0014830212433605e-16
0.024999999999999998,26,21,5.1050880620834143,4.1233403578366037,0.51071997264315017,0.31660266766738371,1.5286929083321981,0.51071997264315006,0.31660266766738387,2.0014830212433605e-16
0.024999999999999998,26,22,5.1050880620834143,4.3196898986859651,0.35179003570119227,0.35179003570119205,1.6985925505950634,0.35179003570119255,0.35179003570119222,3.2368285245694688e-16
0.024999999999999998,26,23,5.1050880620834143,4.5160394395353274,0.17934100497336244,0.37345830994912854,1.8032162337202411,0.17934100497336239,0.37345830994912876,2.2887833992611187e-16
0.024999999999999998,26,24,5.1050880620834143,4.7123889803846897,1.5946199117819602e-16,0.38077479078355309,1.8385433282388646,1.688674651516084e-16,0.38077479078355336,2.777150711001367e-16
0.024999999999999998,26,25,5.1050880620834143,4.908738521234052,-0.17934100497336217,0.37345830994912854,1.8032162337202415,-0.17934100497336206,0.37345830994912876,2.4825341532472731e-16
0.024999999999999998,26,26,5.1050880620834143,5.1050880620834143,-0.35179003570119205,0.35179003570119205,1.6985925505950643,-0.35179003570119227,0.35179003570119227,3.1401849173675503e-16
0.024999999999999998,26,27,5.1050880620834143,5.3014376029327757,-0.51071997264315006,0.31660266766738371,1.5286929083321978,-0.51071997264314983,0.31660266766738399,3.554447978966673e-16
0.024999999999999998,26,28,5.1050880620834143,5.497787143782138,-0.65002322745149244,0.26924843666793935,1.3000464549029846,-0.65002322745149221,0.26924843666793952,2.7755575615628914e-16
0.024999999999999998,26,29,5.1050880620834143,5.6941366846315002,-0.76434645416609936,0.21154713924360893,1.0214399452862999,-0.76434645416609936,0.21154713924360902,8.3266726846886741e-17
0.024999999999999998,26,30,5.1050880620834143,5.8904862254808616,-0.84929627529753293,0.14571620389514908,0.70358007140238388,-0.84929627529753293,0.14571620389514939,3.0531133177191805e-16
0.024999999999999998,26,31,5.1050880620834143,6.0868357663302239,-0.90160811686012099,0.074285476549587295,0.35868200994672489,-0.90160811686012088,0.074285476549587462,2.0014830212433605e-16
0.024999999999999998,27,0,5.3014376029327757,0,-0.82732264031053404,6.9052093040781457e-17,6.0466947380091458e-16,-0.82732264031053415,-0,1.3074457234390668e-16
0.024999999999999998,27,1,5.3014376029327757,0.19634954084936207,-0.81142586776090808,-0.10784579635852366,-0.32280528061883135,-0.81142586776090819,-0.1078457963585237,1.1857187100668868e-16
0.024999999999999998,27,2,5.3014376029327757,0.39269908169872414,-0.76434645416609959,-0.21154713924360871,-0.63320533533476719,-0.7643464541660997,-0.21154713924360877,1.2412670766236366e-16
0.024999999999999998,27,3,5.3014376029327757,0.58904862254808621,-0.68789363498811784,-0.30711884420456442,-0.91927166411943106,-0.68789363498811795,-0.30711884420456437,1.2412670766236366e-16
0.024999999999999998,27,4,5.3014376029327757,0.78539816339744828,-0.58500544919273756,-0.39088814421697077,-1.1700108983854751,-0.58500544919273767,-0.39088814421697066,1.5700924586837752e-16
0.024999999999999998,27,5,5.3014376029327757,0.98174770424681035,-0.45963583205971587,-0.45963583205971559,-1.3757872699762359,-0.45963583205971609,-0.45963583205971559,2.2204460492503131e-16
0.024999999999999998,27,6,5.3014376029327757,1.1780972450961724,-0.31660266766738382,-0.51071997264314983,-1.5286929083321985,-0.31660266766738382,-0.51071997264314983,0
0.024999999999999998,27,7,5.3014376029327757,1.3744467859455345,-0.16140264030941565,-0.54217743109296834,-1.6228517355218155,-0.16140264030941562,-0.54217743109296823,1.1443916996305594e-16
0.024999999999999998,27,8,5.3014376029327757,1.5707963267948966,-7.3242906497356164e-17,-0.55279931492249035,-1.6546452806210681,-5.0658901165921634e-17,-0.55279931492249024,1.1329602349989418e-16
0.024999999999999998,27,9,5.3014376029327757,1.7671458676442586,0.16140264030941548,-0.54217743109296834,-1.6228517355218153,0.16140264030941551,-0.54217743109296823,1.1443916996305594e-16
0.024999999999999998,27,10,5.3014376029327757,1.9634954084936207,0.31660266766738354,-0.51071997264314994,-1.5286929083321983,0.31660266766738376,-0.51071997264314983,2.4825341532472731e-16
0.024999999999999998,27,11,5.3014376029327757,2.1598449493429825,0.4596358320597157,-0.45963583205971575,-1.3757872699762359,0.45963583205971581,-0.4596358320597157,1.2412670766236366e-16
0.024999999999999998,27,12,5.3014376029327757,2.3561944901923448,0.58500544919273756,-0.39088814421697093,-1.1700108983854751,0.58500544919273756,-0.39088814421697071,2.2204460492503131e-16
0.024999999999999998,27,13,5.3014376029327757,2.5525440310417071,0.68789363498811751,-0.30711884420456448,-0.9192716641194314,0.68789363498811795,-0.30711884420456437,4.5775667985222375e-16
0.024999999999999998,27,14,5.3014376029327757,2.748893571891069,0.76434645416609936,-0.21154713924360885,-0.63320533533476731,0.7643464541660997,-0.21154713924360882,3.3422138886441676e-16
0.024999999999999998,27,15,5.3014376029327757,2.9452431127404308,0.81142586776090797,-0.10784579635852382,-0.32280528061883146,0.81142586776090819,-0.10784579635852391,2.4236514457283391e-16
0.024999999999999998,27,16,5.3014376029327757,3.1415926535897931,0.82732264031053382,-5.5973614875847237e-17,-3.069177610494205e-17,0.82732264031053415,-6.7698391159067734e-17,3.3327321400856139e-16
0.024999999999999998,27,17,5.3014376029327757,3.3379421944391554,0.81142586776090797,0.10784579635852366,0.3228052806188309,0.81142586776090819,0.10784579635852377,2.4825341532472731e-16
0.024999999999999998,27,18,5.3014376029327757,3.5342917352885173,0.76434645416609948,0.21154713924360871,0.63320533533476631,0.76434645416609981,0.21154713924360868,3.3422138886441676e-16
0.024999999999999998,27,19,5.3014376029327757,3.7306412761378791,0.68789363498811784,0.30711884420456442,0.91927166411943095,0.68789363498811806,0.3071188442045642,3.1401849173675503e-16
0.024999999999999998,27,20,5.3014376029327757,3.9269908169872414,0.58500544919273767,0.39088814421697077,1.1700108983854749,0.58500544919273778,0.39088814421697066,1.5700924586837752e-16
0.024999999999999998,27,21,5.3014376029327757,4.1233403578366037,0.45963583205971587,0.45963583205971559,1.375787269976235,0.45963583205971598,0.45963583205971559,1.1102230246251565e-16
0.024999999999999998,27,22,5.3014376029327757,4.3196898986859651,0.31660266766738393,0.51071997264314983,1.5286929083321974,0.31660266766738426,0.51071997264314972,3.5108334685767012e-16
0.024999999999999998,27,23,5.3014376029327757,4.5160394395353274,0.1614026403094159,0.54217743109296834,1.6228517355218159,0.1614026403094159,0.54217743109296823,1.1102230246251565e-16
0.024999999999999998,27,24,5.3014376029327757,4.7123889803846897,1.4829158316137236e-16,0.55279931492249035,1.6546452806210694,1.5197670349776489e-16,0.55279931492249024,1.1108344501307115e-16
0.024999999999999998,27,25,5.3014376029327757,4.908738521234052,-0.16140264030941565,0.54217743109296834,1.6228517355218159,-0.16140264030941559,0.54217743109296823,1.2412670766236366e-16
0.024999999999999998,27,26,5.3014376029327757,5.1050880620834143,-0.31660266766738365,0.51071997264314983,1.5286929083321976,-0.31660266766738399,0.51071997264314983,3.3306690738754696e-16
0.024999999999999998,27,27,5.3014376029327757,5.3014376029327757,-0.4596358320597157,0.45963583205971575,1.3757872699762352,-0.4596358320597157,0.4596358320597157,5.5511151231257827e-17
0.024999999999999998,27,28,5.3014376029327757,5.497787143782138,-0.58500544919273756,0.39088814421697088,1.1700108983854756,-0.58500544919273745,0.39088814421697077,1.5700924586837752e-16
0.024999999999999998,27,29,5.3014376029327757,5.6941366846315002,-0.68789363498811762,0.30711884420456448,0.91927166411943151,-0.68789363498811795,0.30711884420456437,3.5108334685767012e-16
0.024999999999999998,27,30,5.3014376029327757,5.8904862254808616,-0.76434645416609925,0.21154713924360885,0.63320533533476719,-0.76434645416609959,0.2115471392436091,4.163336342344337e-16
0.024999999999999998,27,31,5.3014376029327757,6.0868357663302239,-0.81142586776090786,0.10784579635852382,0.32280528061883207,-0.81142586776090808,0.10784579635852397,2.6945789820192466e-16
0.024999999999999998,28,0,5.497787143782138,0,-0.70358007140238432,1.1267256208309154e-16,7.8901937279481218e-16,-0.70358007140238432,-0,1.1267256208309154e-16
0.024999999999999998,28,1,5.497787143782138,0.19634954084936207,-0.69006097761651242,-0.13726166269402154,-0.27452332538804364,-0.69006097761651242,-0.1372616626940216,5.5511151231257827e-17
0.024999999999999998,28,2,5.497787143782138,0.39269908169872414,-0.65002322745149255,-0.26924843666793918,-0.53849687333587903,-0.65002322745149255,-0.26924843666793924,5.5511151231257827e-17
0.024999999999999998,28,3,5.497787143782138,0.58904862254808621,-0.58500544919273767,-0.39088814421697082,-0.78177628843394176,-0.58500544919273756,-0.39088814421697082,1.1102230246251565e-16
0.024999999999999998,28,4,5.497787143782138,0.78539816339744828,-0.49750623959634133,-0.49750623959634105,-0.99501247919268287,-0.49750623959634127,-0.49750623959634099,7.8504622934188758e-17
0.024999999999999998,28,5,5.497787143782138,0.98174770424681035,-0.39088814421697093,-0.58500544919273723,-1.1700108983854758,-0.3908881442169711,-0.58500544919273734,2.0014830212433605e-16
0.024999999999999998,28,6,5.497787143782138,1.1780972450961724,-0.26924843666793946,-0.65002322745149232,-1.3000464549029849,-0.26924843666793941,-0.65002322745149221,1.2412670766236366e-16
0.024999999999999998,28,7,5.497787143782138,1.3744467859455345,-0.13726166269402179,-0.69006097761651208,-1.3801219552330244,-0.13726166269402171,-0.69006097761651208,8.3266726846886741e-17
0.024999999999999998,28,8,5.497787143782138,1.5707963267948966,-8.3314355880945018e-17,-0.7035800714023841,-1.4071601428047693,-4.3081854119339808e-17,-0.70358007140238399,1.1808728061089338e-16
0.024999999999999998,28,9,5.497787143782138,1.7671458676442586,0.13726166269402165,-0.69006097761651208,-1.3801219552330248,0.13726166269402162,-0.69006097761651208,2.7755575615628914e-17
0.024999999999999998,28,10,5.497787143782138,1.9634954084936207,0.26924843666793924,-0.65002322745149232,-1.3000464549029849,0.26924843666793935,-0.65002322745149221,1.5700924586837752e-16
0.024999999999999998,28,11,5.497787143782138,2.1598449493429825,0.39088814421697088,-0.58500544919273745,-1.1700108983854758,0.39088814421697082,-0.58500544919273745,5.5511151231257827e-17
0.024999999999999998,28,12,5.497787143782138,2.3561944901923448,0.49750623959634116,-0.49750623959634116,-0.99501247919268343,0.49750623959634122,-0.49750623959634105,1.2412670766236366e-16
0.024999999999999998,28,13,5.497787143782138,2.5525440310417071,0.58500544919273745,-0.39088814421697099,-0.78177628843394209,0.58500544919273767,-0.39088814421697082,2.7755575615628914e-16
0.024999999999999998,28,14,5.497787143782138,2.748893571891069,0.65002322745149255,-0.26924843666793935,-0.53849687333587859,0.65002322745149255,-0.26924843666793935,0
0.024999999999999998,28,15,5.497787143782138,2.9452431127404308,0.69006097761651231,-0.13726166269402174,-0.2745233253880438,0.69006097761651242,-0.13726166269402185,1.5700924586837752e-16
0.024999999999999998,28,16,5.497787143782138,3.1415926535897931,0.70358007140238421,-9.8833281870061739e-17,-3.4600784319021431e-16,0.70358007140238432,-8.6163708238679579e-17,1.1174287333015616e-16
0.024999999999999998,28,17,5.497787143782138,3.3379421944391554,0.69006097761651231,0.13726166269402154,0.2745233253880433,0.69006097761651242,0.13726166269402168,1.7772239894833365e-16
0.024999999999999998,28,18,5.497787143782138,3.5342917352885173,0.65002322745149255,0.26924843666793918,0.53849687333587837,0.65002322745149266,0.26924843666793918,1.1102230246251565e-16
0.024999999999999998,28,19,5.497787143782138,3.7306412761378791,0.58500544919273767,0.39088814421697082,0.78177628843394209,0.58500544919273778,0.39088814421697066,2.0014830212433605e-16
0.024999999999999998,28,20,5.497787143782138,3.9269908169872414,0.49750623959634133,0.49750623959634099,0.9950124791926831,0.49750623959634138,0.49750623959634099,5.5511151231257827e-17
0.024999999999999998,28,21,5.497787143782138,4.1233403578366037,0.39088814421697093,0.58500544919273723,1.1700108983854756,0.39088814421697099,0.58500544919273734,1.2412670766236366e-16
0.024999999999999998,28,22,5.497787143782138,4.3196898986859651,0.26924843666793952,0.65002322745149221,1.3000464549029842,0.26924843666793979,0.6500232274514921,2.9893669801409083e-16
0.024999999999999998,28,23,5.497787143782138,4.5160394395353274,0.13726166269402199,0.69006097761651208,1.3801219552330248,0.13726166269402196,0.69006097761651197,1.1443916996305594e-16
0.024999999999999998,28,24,5.497787143782138,4.7123889803846897,1.481133762024421e-16,0.7035800714023841,1.4071601428047704,1.2924556235801942e-16,0.70358007140238399,1.126141467283134e-16
0.024999999999999998,28,25,5.497787143782138,4.908738521234052,-0.13726166269402179,0.69006097761651208,1.3801219552330257,-0.13726166269402171,0.69006097761651208,8.3266726846886741e-17
0.024999999999999998,28,26,5.497787143782138,5.1050880620834143,-0.26924843666793941,0.65002322745149232,1.3000464549029842,-0.26924843666793952,0.65002322745149221,1.5700924586837752e-16
0.024999999999999998,28,27,5.497787143782138,5.3014376029327757,-0.39088814421697088,0.58500544919273745,1.1700108983854747,-0.39088814421697077,0.58500544919273745,1.1102230246251565e-16
0.024999999999999998,28,28,5.497787143782138,5.497787143782138,-0.49750623959634116,0.49750623959634122,0.99501247919268332,-0.4975062395963411,0.4975062395963411,1.2412670766236366e-16
0.024999999999999998,28,29,5.497787143782138,5.6941366846315002,-0.58500544919273745,0.39088814421697099,0.78177628843394242,-0.58500544919273756,0.39088814421697082,2.0014830212433605e-16
0.024999999999999998,28,30,5.497787143782138,5.8904862254808616,-0.65002322745149244,0.26924843666793935,0.53849687333587859,-0.65002322745149244,0.26924843666793968,3.3306690738754696e-16
0.024999999999999998,28,31,5.497787143782138,6.0868357663302239,-0.69006097761651219,0.13726166269402174,0.27452332538804419,-0.69006097761651231,0.13726166269402193,2.2377260456559048e-16
0.024999999999999998,29,0,5.6941366846315002,0,-0.55279931492249068,1.5213515044903462e-16,3.5674905293779345e-16,-0.55279931492249057,-0,1.8833761081161859e-16
0.024999999999999998,29,1,5.6941366846315002,0.19634954084936207,-0.54217743109296868,-0.16140264030941537,-0.21569159271704769,-0.54217743109296856,-0.16140264030941551,1.7772239894833365e-16
0.024999999999999998,29,2,5.6941366846315002,0.39269908169872414,-0.51071997264315028,-0.31660266766738354,-0.42309427848721759,-0.51071997264315017,-0.31660266766738371,2.0014830212433605e-16
0.024999999999999998,29,3,5.6941366846315002,0.58904862254808621,-0.45963583205971598,-0.45963583205971575,-0.61423768840912862,-0.45963583205971587,-0.45963583205971587,1.5700924586837752e-16
0.024999999999999998,29,4,5.6941366846315002,0.78539816339744828,-0.39088814421697105,-0.58500544919273745,-0.78177628843394176,-0.39088814421697093,-0.58500544919273745,1.1102230246251565e-16
0.024999999999999998,29,5,5.6941366846315002,0.98174770424681035,-0.30711884420456453,-0.68789363498811751,-0.91927166411943195,-0.30711884420456459,-0.68789363498811773,2.2887833992611187e-16
0.024999999999999998,29,6,5.6941366846315002,1.1780972450961724,-0.21154713924360896,-0.76434645416609925,-1.0214399452862997,-0.21154713924360891,-0.76434645416609948,2.2887833992611187e-16
0.024999999999999998,29,7,5.6941366846315002,1.3744467859455345,-0.1078457963585239,-0.81142586776090764,-1.0843548621859369,-0.10784579635852382,-0.81142586776090797,3.4331750988916778e-16
0.024999999999999998,29,8,5.6941366846315002,1.5707963267948966,-7.8242192332573828e-17,-0.8273226403105336,-1.1055986298449816,-3.3849195579533886e-17,-0.82732264031053393,3.3601235536423387e-16
0.024999999999999998,29,9,5.6941366846315002,1.7671458676442586,0.10784579635852377,-0.81142586776090775,-1.0843548621859371,0.10784579635852375,-0.81142586776090797,2.2377260456559048e-16
0.024999999999999998,29,10,5.6941366846315002,1.9634954084936207,0.21154713924360882,-0.76434645416609936,-1.0214399452862999,0.21154713924360885,-0.76434645416609948,1.1443916996305594e-16
0.024999999999999998,29,11,5.6941366846315002,2.1598449493429825,0.30711884420456453,-0.68789363498811762,-0.91927166411943184,0.30711884420456442,-0.68789363498811795,3.5108334685767012e-16
0.024999999999999998,29,12,5.6941366846315002,2.3561944901923448,0.39088814421697093,-0.58500544919273745,-0.78177628843394253,0.39088814421697088,-0.58500544919273756,1.2412670766236366e-16
0.024999999999999998,29,13,5.6941366846315002,2.5525440310417071,0.45963583205971587,-0.45963583205971581,-0.6142376884091294,0.45963583205971592,-0.45963583205971587,7.8504622934188758e-17
0.024999999999999998,29,14,5.6941366846315002,2.748893571891069,0.51071997264315017,-0.31660266766738371,-0.42309427848721759,0.51071997264315017,-0.31660266766738382,1.1102230246251565e-16
0.024999999999999998,29,15,5.6941366846315002,2.9452431127404308,0.54217743109296868,-0.16140264030941565,-0.21569159271704766,0.54217743109296856,-0.16140264030941581,2.0014830212433605e-16
0.024999999999999998,29,16,5.6941366846315002,3.1415926535897931,0.55279931492249057,-1.431655757821934e-16,-1.124255175713061e-16,0.55279931492249057,-1.0131780233184324e-16,4.1847773450350161e-17
0.024999999999999998,29,17,5.6941366846315002,3.3379421944391554,0.54217743109296868,0.16140264030941534,0.21569159271704741,0.54217743109296856,0.16140264030941559,2.7336071744532853e-16
0.024999999999999998,29,18,5.6941366846315002,3.5342917352885173,0.51071997264315017,0.31660266766738349,0.42309427848721715,0.51071997264315028,0.3166026676673836,1.5700924586837752e-16
0.024999999999999998,29,19,5.6941366846315002,3.7306412761378791,0.45963583205971598,0.45963583205971575,0.61423768840912896,0.45963583205971598,0.45963583205971564,1.1102230246251565e-16
0.024999999999999998,29,20,5.6941366846315002,3.9269908169872414,0.3908881442169711,0.58500544919273745,0.7817762884339422,0.39088814421697099,0.58500544919273745,1.1102230246251565e-16
0.024999999999999998,29,21,5.6941366846315002,4.1233403578366037,0.30711884420456453,0.68789363498811751,0.91927166411943173,0.30711884420456453,0.68789363498811773,2.2204460492503131e-16
0.024999999999999998,29,22,5.6941366846315002,4.3196898986859651,0.21154713924360902,0.76434645416609914,1.0214399452862992,0.21154713924360918,0.76434645416609936,2.7755575615628914e-16
0.024999999999999998,29,23,5.6941366846315002,4.5160394395353274,0.10784579635852407,0.81142586776090764,1.0843548621859369,0.10784579635852401,0.81142586776090786,2.2887833992611187e-16
0.024999999999999998,29,24,5.6941366846315002,4.7123889803846897,1.2561219503494334e-16,0.8273226403105336,1.1055986298449825,1.0154758673860166e-16,0.82732264031053393,3.3393512868394236e-16
0.024999999999999998,29,25,5.6941366846315002,4.908738521234052,-0.10784579635852388,0.81142586776090775,1.0843548621859376,-0.1078457963585238,0.81142586776090797,2.3714374201337736e-16
0.024999999999999998,29,26,5.6941366846315002,5.1050880620834143,-0.21154713924360893,0.76434645416609925,1.0214399452862994,-0.21154713924360902,0.76434645416609948,2.3714374201337736e-16
0.024999999999999998,29,27,5.6941366846315002,5.3014376029327757,-0.30711884420456453,0.68789363498811751,0.91927166411943129,-0.30711884420456437,0.68789363498811795,4.7428748402675471e-16
0.024999999999999998,29,28,5.6941366846315002,5.497787143782138,-0.39088814421697093,0.58500544919273756,0.78177628843394231,-0.39088814421697082,0.58500544919273756,1.1102230246251565e-16
0.024999999999999998,29,29,5.6941366846315002,5.6941366846315002,-0.45963583205971587,0.45963583205971587,0.61423768840912962,-0.45963583205971587,0.45963583205971587,0
0.024999999999999998,29,30,5.6941366846315002,5.8904862254808616,-0.51071997264315017,0.31660266766738376,0.42309427848721776,-0.51071997264315006,0.31660266766738421,4.5775667985222375e-16
0.024999999999999998,29,31,5.6941366846315002,6.0868357663302239,-0.54217743109296856,0.16140264030941565,0.21569159271704799,-0.54217743109296856,0.1614026403094159,2.4980018054066022e-16
0.024999999999999998,30,0,5.8904862254808616,0,-0.38077479078355325,1.4166678096173137e-16,-4.2864865931527294e-17,-0.38077479078355375,-0,5.1929760024541316e-16
0.024999999999999998,30,1,5.8904862254808616,0.19634954084936207,-0.37345830994912865,-0.17934100497336189,-0.14857095309917462,-0.37345830994912915,-0.17934100497336197,5.0649172608481949e-16
0.024999999999999998,30,2,5.8904862254808616,0.39269908169872414,-0.35179003570119222,-0.35179003570119188,-0.29143240779029794,-0.35179003570119266,-0.35179003570119199,4.5775667985222375e-16
0.024999999999999998,30,3,5.8904862254808616,0.58904862254808621,-0.31660266766738382,-0.51071997264315006,-0.42309427848721753,-0.31660266766738421,-0.51071997264315006,3.8857805861880479e-16
0.024999999999999998,30,4,5.8904862254808616,0.78539816339744828,-0.26924843666793946,-0.65002322745149232,-0.53849687333587859,-0.26924843666793979,-0.65002322745149221,3.5108334685767012e-16
0.024999999999999998,30,5,5.8904862254808616,0.98174770424681035,-0.21154713924360893,-0.76434645416609925,-0.63320533533476742,-0.21154713924360927,-0.76434645416609925,3.3306690738754696e-16
0.024999999999999998,30,6,5.8904862254808616,1.1780972450961724,-0.14571620389514917,-0.84929627529753293,-0.7035800714023841,-0.14571620389514933,-0.84929627529753293,1.6653345369377348e-16
0.024999999999999998,30,7,5.8904862254808616,1.3744467859455345,-0.074285476549587351,-0.90160811686012088,-0.74691661989825719,-0.074285476549587393,-0.90160811686012088,4.163336342344337e-17
0.024999999999999998,30,8,5.8904862254808616,1.5707963267948966,-3.7406324372270926e-17,-0.91927166411943151,-0.76154958156710661,-2.331573143645411e-17,-0.91927166411943151,1.4090592935816816e-17
0.024999999999999998,30,9,5.8904862254808616,1.7671458676442586,0.074285476549587254,-0.90160811686012088,-0.74691661989825708,0.074285476549587337,-0.90160811686012088,8.3266726846886741e-17
0.024999999999999998,30,10,5.8904862254808616,1.9634954084936207,0.14571620389514905,-0.84929627529753304,-0.70358007140238421,0.14571620389514928,-0.84929627529753293,2.4825341532472731e-16
0.024999999999999998,30,11,5.8904862254808616,2.1598449493429825,0.21154713924360893,-0.76434645416609948,-0.63320533533476797,0.21154713924360913,-0.76434645416609948,1.9428902930940239e-16
0.024999999999999998,30,12,5.8904862254808616,2.3561944901923448,0.26924843666793941,-0.65002322745149255,-0.53849687333587914,0.26924843666793974,-0.65002322745149232,4.002966042486721e-16
0.024999999999999998,30,13,5.8904862254808616,2.5525440310417071,0.31660266766738376,-0.51071997264315028,-0.42309427848721781,0.31660266766738426,-0.51071997264315006,5.4672143489065705e-16
0.024999999999999998,30,14,5.8904862254808616,2.748893571891069,0.35179003570119216,-0.35179003570119216,-0.29143240779029811,0.35179003570119266,-0.35179003570119211,5.0267485386043072e-16
0.024999999999999998,30,15,5.8904862254808616,2.9452431127404308,0.37345830994912865,-0.17934100497336217,-0.14857095309917445,0.37345830994912915,-0.17934100497336231,5.1851694305630762e-16
0.024999999999999998,30,16,5.8904862254808616,3.1415926535897931,0.3807747907835532,-1.3935030158352786e-16,2.1351177429106717e-16,0.38077479078355375,-1.1257831010107227e-16,5.5575671892465181e-16
0.024999999999999998,30,17,5.8904862254808616,3.3379421944391554,0.37345830994912865,0.17934100497336189,0.1485709530991744,0.37345830994912915,0.17934100497336208,5.3604920268812602e-16
0.024999999999999998,30,18,5.8904862254808616,3.5342917352885173,0.35179003570119216,0.35179003570119188,0.2914324077902975,0.35179003570119272,0.35179003570119188,5.5511151231257827e-16
0.024999999999999998,30,19,5.8904862254808616,3.7306412761378791,0.31660266766738382,0.51071997264315006,0.42309427848721753,0.31660266766738432,0.51071997264314983,5.4672143489065705e-16
0.024999999999999998,30,20,5.8904862254808616,3.9269908169872414,0.26924843666793952,0.65002322745149232,0.53849687333587892,0.26924843666793979,0.65002322745149221,2.9893669801409083e-16
0.024999999999999998,30,21,5.8904862254808616,4.1233403578366037,0.21154713924360893,0.76434645416609936,0.63320533533476708,0.21154713924360924,0.76434645416609925,3.2487068343022356e-16
0.024999999999999998,30,22,5.8904862254808616,4.3196898986859651,0.14571620389514922,0.84929627529753282,0.70358007140238332,0.14571620389514953,0.84929627529753282,3.0531133177191805e-16
0.024999999999999998,30,23,5.8904862254808616,4.5160394395353274,0.074285476549587462,0.90160811686012088,0.74691661989825719,0.074285476549587517,0.90160811686012077,1.2412670766236366e-16
0.024999999999999998,30,24,5.8904862254808616,4.7123889803846897,7.0922643062123897e-17,0.91927166411943151,0.76154958156710739,6.9947194309362318e-17,0.91927166411943151,9.7544875276157931e-19
0.024999999999999998,30,25,5.8904862254808616,4.908738521234052,-0.074285476549587337,0.90160811686012099,0.74691661989825742,-0.074285476549587379,0.90160811686012088,1.1857187100668868e-16
0.024999999999999998,30,26,5.8904862254808616,5.1050880620834143,-0.14571620389514911,0.84929627529753293,0.70358007140238399,-0.14571620389514939,0.84929627529753293,2.7755575615628914e-16
0.024999999999999998,30,27,5.8904862254808616,5.3014376029327757,-0.21154713924360893,0.76434645416609936,0.63320533533476753,-0.2115471392436091,0.76434645416609948,2.0014830212433605e-16
0.024999999999999998,30,28,5.8904862254808616,5.497787143782138,-0.26924843666793941,0.65002322745149255,0.53849687333587914,-0.26924843666793968,0.65002322745149244,2.9893669801409083e-16
0.024999999999999998,30,29,5.8904862254808616,5.6941366846315002,-0.31660266766738376,0.51071997264315028,0.42309427848721803,-0.31660266766738421,0.51071997264315006,4.9650683064945462e-16
0.024999999999999998,30,30,5.8904862254808616,5.8904862254808616,-0.35179003570119211,0.35179003570119216,0.29143240779029822,-0.35179003570119255,0.35179003570119255,5.900916318210353e-16
0.024999999999999998,30,31,5.8904862254808616,6.0868357663302239,-0.37345830994912865,0.17934100497336217,0.1485709530991747,-0.37345830994912915,0.17934100497336242,5.5857018448063645e-16
0.024999999999999998,31,0,6.0868357663302239,0,-0.19411730497576671,1.3551613864280927e-16,1.3538709156172704e-16,-0.19411730497576696,-0,2.8419140386507743e-16
0.024999999999999998,31,1,6.0868357663302239,0.19634954084936207,-0.19038739539177671,-0.19038739539177643,-0.075740815073250825,-0.19038739539177699,-0.19038739539177651,2.8977671675840951e-16
0.024999999999999998,31,2,6.0868357663302239,0.39269908169872414,-0.17934100497336217,-0.37345830994912843,-0.14857095309917473,-0.17934100497336244,-0.37345830994912854,2.9893669801409083e-16
0.024999999999999998,31,3,6.0868357663302239,0.58904862254808621,-0.16140264030941565,-0.54217743109296845,-0.21569159271704771,-0.1614026403094159,-0.54217743109296856,2.7336071744532853e-16
0.024999999999999998,31,4,6.0868357663302239,0.78539816339744828,-0.13726166269402179,-0.69006097761651219,-0.27452332538804364,-0.13726166269402196,-0.69006097761651208,2.0014830212433605e-16
0.024999999999999998,31,5,6.0868357663302239,0.98174770424681035,-0.10784579635852384,-0.81142586776090764,-0.32280528061883179,-0.10784579635852405,-0.81142586776090786,3.0436364816617974e-16
0.024999999999999998,31,6,6.0868357663302239,1.1780972450961724,-0.074285476549587337,-0.90160811686012088,-0.358682009946725,-0.074285476549587434,-0.90160811686012099,1.4752290795525882e-16
0.024999999999999998,31,7,6.0868357663302239,1.3744467859455345,-0.037870407536625308,-0.95714207165605691,-0.38077479078355403,-0.037870407536625364,-0.95714207165605691,5.5511151231257827e-17
0.024999999999999998,31,8,6.0868357663302239,1.5707963267948966,-3.1213100608574166e-18,-0.97589359340970838,-0.38823460995153375,-1.1886256809884179e-17,-0.97589359340970827,1.1136775087785325e-16
0.024999999999999998,31,9,6.0868357663302239,1.7671458676442586,0.037870407536625288,-0.95714207165605691,-0.38077479078355347,0.037870407536625336,-0.95714207165605691,4.8572257327350599e-17
0.024999999999999998,31,10,6.0868357663302239,1.9634954084936207,0.074285476549587268,-0.90160811686012121,-0.35868200994672461,0.074285476549587406,-0.90160811686012099,2.6184557666721351e-16
0.024999999999999998,31,11,6.0868357663302239,2.1598449493429825,0.10784579635852388,-0.81142586776090797,-0.32280528061883174,0.10784579635852398,-0.81142586776090808,1.4752290795525882e-16
0.024999999999999998,31,12,6.0868357663302239,2.3561944901923448,0.13726166269402176,-0.69006097761651242,-0.27452332538804369,0.13726166269402196,-0.69006097761651219,2.9504581591051765e-16
0.024999999999999998,31,13,6.0868357663302239,2.5525440310417071,0.16140264030941559,-0.54217743109296868,-0.21569159271704777,0.1614026403094159,-0.54217743109296856,3.2487068343022356e-16
0.024999999999999998,31,14,6.0868357663302239,2.748893571891069,0.17934100497336214,-0.3734583099491286,-0.14857095309917479,0.17934100497336244,-0.37345830994912865,3.1031676915590914e-16
0.024999999999999998,31,15,6.0868357663302239,2.9452431127404308,0.19038739539177671,-0.19038739539177665,-0.075740815073250797,0.19038739539177699,-0.19038739539177688,3.554447978966673e-16
0.024999999999999998,31,16,6.0868357663302239,3.1415926535897931,0.19411730497576665,-1.2767460839724519e-16,4.9404487094847959e-17,0.19411730497576696,-1.1951249654776079e-16,3.0542041414775423e-16
0.024999999999999998,31,17,6.0868357663302239,3.3379421944391554,0.19038739539177668,0.1903873953917764,0.075740815073250728,0.19038739539177699,0.19038739539177663,3.7751664318895328e-16
0.024999999999999998,31,18,6.0868357663302239,3.5342917352885173,0.17934100497336214,0.37345830994912838,0.14857095309917456,0.17934100497336247,0.37345830994912843,3.3766115072321297e-16
0.024999999999999998,31,19,6.0868357663302239,3.7306412761378791,0.16140264030941565,0.54217743109296845,0.21569159271704769,0.16140264030941592,0.54217743109296834,2.9893669801409083e-16
0.024999999999999998,31,20,6.0868357663302239,3.9269908169872414,0.13726166269402176,0.69006097761651219,0.27452332538804369,0.13726166269402199,0.69006097761651208,2.4825341532472731e-16
0.024999999999999998,31,21,6.0868357663302239,4.1233403578366037,0.10784579635852384,0.81142586776090764,0.32280528061883162,0.10784579635852402,0.81142586776090786,2.8609792490763985e-16
0.024999999999999998,31,22,6.0868357663302239,4.3196898986859651,0.074285476549587365,0.90160811686012077,0.35868200994672483,0.074285476549587531,0.90160811686012077,1.6653345369377348e-16
0.024999999999999998,31,23,6.0868357663302239,4.5160394395353274,0.037870407536625371,0.95714207165605691,0.38077479078355414,0.037870407536625433,0.9571420716560568,1.2738115944464653e-16
0.024999999999999998,31,24,6.0868357663302239,4.7123889803846897,1.9538447946200132e-17,0.97589359340970838,0.38823460995153419,3.5658770429652534e-17,0.97589359340970827,1.1218652522049522e-16
0.024999999999999998,31,25,6.0868357663302239,4.908738521234052,-0.037870407536625329,0.95714207165605703,0.38077479078355381,-0.037870407536625364,0.95714207165605691,1.1631705747361534e-16
0.024999999999999998,31,26,6.0868357663302239,5.1050880620834143,-0.074285476549587309,0.9016081168601211,0.3586820099467245,-0.074285476549587462,0.90160811686012088,2.6945789820192466e-16
0.024999999999999998,31,27,6.0868357663302239,5.3014376029327757,-0.10784579635852388,0.81142586776090797,0.32280528061883151,-0.10784579635852397,0.81142586776090808,1.3877787807814457e-16
0.024999999999999998,31,28,6.0868357663302239,5.497787143782138,-0.13726166269402179,0.69006097761651242,0.27452332538804386,-0.13726166269402193,0.69006097761651231,1.7772239894833365e-16
0.024999999999999998,31,29,6.0868357663302239,5.6941366846315002,-0.16140264030941559,0.54217743109296868,0.21569159271704783,-0.1614026403094159,0.54217743109296856,3.2487068343022356e-16
0.024999999999999998,31,30,6.0868357663302239,5.8904862254808616,-0.17934100497336211,0.3734583099491286,0.1485709530991747,-0.17934100497336242,0.3734583099491291,5.8550450903552231e-16
0.024999999999999998,31,31,6.0868357663302239,6.0868357663302239,-0.19038739539177668,0.19038739539177665,0.07574081507325095,-0.19038739539177696,0.19038739539177699,4.335559509131367e-16
0.05000000000000001,0,0,0,0,-1.5599184856676182e-16,1.5136616561438206e-16,3.0290731631928368e-18,0,-0,2.173595475521517e-16
0.05000000000000001,0,1,0,0.19634954084936207,-1.3874262628816838e-16,-0.19314914087813931,-2.2487258865193539e-16,0,-0.19314914087813945,1.9623663213888152e-16
0.05000000000000001,0,2,0,0.39269908169872414,-1.2384240318787894e-16,-0.37887566859161798,-1.4545073645300442e-16,0,-0.37887566859161814,2.0753392981998236e-16
0.05000000000000001,0,3,0,0.58904862254808621,-1.1317886945264714e-16,-0.55004221683704346,-7.2322282972268806e-17,0,-0.55004221683704368,2.4922532589384366e-16
0.05000000000000001,0,4,0,0.78539816339744828,-1.1763118022824079e-16,-0.70007095115665052,-3.1505732577114075e-16,0,-0.70007095115665074,2.512785329832258e-16
0.05000000000000001,0,5,0,0.98174770424681035,-9.3963886659137808e-17,-0.82319635142761982,-5.8973472571026369e-16,0,-0.82319635142762015,3.4606758991965152e-16
0.05000000000000001,0,6,0,1.1780972450961724,-4.692326067543831e-17,-0.91468677756705852,-5.7945095300706461e-16,0,-0.91468677756705863,1.2053109157596411e-16
0.05000000000000001,0,7,0,1.3744467859455345,-1.4365912759992259e-17,-0.9710263038068494,-3.5111276585361977e-16,0,-0.97102630380684951,1.1194789454699905e-16
0.05000000000000001,0,8,0,1.5707963267948966,3.7026806669064999e-18,-0.990049833749168,-3.0493110345362013e-16,0,-0.99004983374916811,1.1108402895195777e-16
0.05000000000000001,0,9,0,1.7671458676442586,2.84711968810894e-17,-0.9710263038068494,-3.3408610742531566e-16,-0,-0.97102630380684951,1.1461483628187086e-16
0.05000000000000001,0,10,0,1.9634954084936207,5.9027142125506273e-17,-0.91468677756705863,-2.5123929165566181e-16,-0,-0.91468677756705863,5.9027142125506273e-17
0.05000000000000001,0,11,0,2.1598449493429825,8.4613367629521808e-17,-0.82319635142762015,-1.5503448570777597e-16,-0,-0.82319635142762038,2.3761992458108781e-16
0.05000000000000001,0,12,0,2.3561944901923448,1.0126103696027923e-16,-0.70007095115665074,-3.7862146643058311e-17,-0,-0.70007095115665086,1.5026559569758258e-16
0.05000000000000001,0,13,0,2.5525440310417071,1.0839732451639051e-16,-0.55004221683704368,-1.1333442361965015e-16,-0,-0.55004221683704368,1.0839732451639051e-16
0.05000000000000001,0,14,0,2.748893571891069,1.1369207005670424e-16,-0.3788756685916182,-2.8314440909551013e-16,-0,-0.37887566859161825,1.2652025412872883e-16
0.05000000000000001,0,15,0,2.9452431127404308,1.442345938402621e-16,-0.19314914087813959,-2.2983205841574278e-16,-0,-0.19314914087813981,2.6477806675889643e-16
0.05000000000000001,0,16,0,3.1415926535897931,1.5489009700989085e-16,-1.3185821830480629e-16,8.3871434790041128e-19,-0,-1.2124613598972878e-16,1.5525320751210063e-16
0.05000000000000001,0,17,0,3.3379421944391554,1.4908298583998536e-16,0.19314914087813931,1.7895229298252263e-16,-0,0.19314914087813956,2.9090525410365437e-16
0.05000000000000001,0,18,0,3.5342917352885173,1.4242264635128123e-16,0.37887566859161798,2.5213916618704243e-16,-0,0.37887566859161803,1.5285842503676957e-16
0.05000000000000001,0,19,0,3.7306412761378791,1.1574863448993886e-16,0.55004221683704346,3.1547081254124735e-16,-0,0.55004221683704346,1.1574863448993886e-16
0.05000000000000001,0,20,0,3.9269908169872414,1.0429814803348388e-16,0.70007095115665052,3.9133202636071675e-16,-0,0.70007095115665074,2.4532001601892934e-16
0.05000000000000001,0,21,0,4.1233403578366037,8.996853844220255e-17,0.82319635142761982,5.310762439406046e-16,-0,0.82319635142762015,3.4500420679483149e-16
0.05000000000000001,0,22,0,4.3196898986859651,5.2342729962114911e-17,0.91468677756705841,6.5411279313356869e-16,-0,0.91468677756705841,5.2342729962114911e-17
0.05000000000000001,0,23,0,4.5160394395353274,1.1711953583390063e-17,0.9710263038068494,4.802883564640342e-16,-0,0.9710263038068494,1.1711953583390063e-17
0.05000000000000001,0,24,0,4.7123889803846897,-1.1214533010963879e-17,0.990049833749168,3.1929143968045073e-16,-0,0.99004983374916811,1.1158726358654157e-16
0.05000000000000001,0,25,0,4.908738521234052,-3.1440328126032584e-17,0.9710263038068494,3.3258781666164127e-16,0,0.97102630380684951,1.1538823976797161e-16
0.05000000000000001,0,26,0,5.1050880620834143,-6.0669489461335268e-17,0.91468677756705852,2.9139388290434513e-16,0,0.91468677756705852,6.0669489461335268e-17
0.05000000000000001,0,27,0,5.3014376029327757,-8.7228393971714899e-17,0.82319635142762015,1.6398174143965203e-16,0,0.82319635142762038,2.3856361686392574e-16
0.05000000000000001,0,28,0,5.497787143782138,-1.0396408040318716e-16,0.70007095115665074,2.7453113148330674e-17,0,0.70007095115665097,2.451781731524925e-16
0.05000000000000001,0,29,0,5.6941366846315002,-1.1154168542826958e-16,0.55004221683704368,1.0435799498545718e-16,0,0.55004221683704368,1.1154168542826958e-16
0.05000000000000001,0,30,0,5.8904862254808616,-1.1527273630336873e-16,0.37887566859161825,2.7909784705401865e-16,0,0.37887566859161875,5.1272636418215488e-16
0.05000000000000001,0,31,0,6.0868357663302239,-1.456398732078257e-16,0.19314914087813959,2.6516626924191898e-16,0,0.19314914087813992,3.6351690120914095e-16
0.05000000000000001,1,0,0.19634954084936207,0,0.19314914087813934,1.3924208237423981e-16,-2.727142953122528e-16,0.19314914087813945,-0,1.7808511770496965e-16
0.05000000000000001,1,1,0.19634954084936207,0.19634954084936207,0.1894378342958089,-0.18943783429580893,0.075363056182109492,0.18943783429580904,-0.18943783429580904,1.7772239894833365e-16
0.05000000000000001,1,2,0.19634954084936207,0.39269908169872414,0.17844653797945201,-0.37159567885759143,0.14782995237922933,0.17844653797945215,-0.37159567885759159,2.1677797545656835e-16
0.05000000000000001,1,3,0.19634954084936207,0.58904862254808621,0.16059764128251619,-0.53947330987413411,0.21461582641040752,0.1605976412825163,-0.53947330987413444,3.5108334685767012e-16
0.05000000000000001,1,4,0.19634954084936207,0.78539816339744828,0.1365770672952881,-0.68661928413233175,0.27315413459057625,0.13657706729528821,-0.68661928413233186,1.5700924586837752e-16
0.05000000000000001,1,5,0.19634954084936207,0.98174770424681035,0.10730791320520382,-0.80737886436185446,0.3211952825650326,0.10730791320520393,-0.80737886436185469,2.4825341532472731e-16
0.05000000000000001,1,6,0.19634954084936207,1.1780972450961724,0.073914976189614651,-0.89711132761723478,0.35689307595890429,0.073914976189614692,-0.89711132761723478,4.163336342344337e-17
0.05000000000000001,1,7,0.19634954084936207,1.3744467859455345,0.037681528091054746,-0.95236830565811315,0.3788756685916182,0.03768152809105476,-0.95236830565811337,2.2247786310271853e-16
0.05000000000000001,1,8,0.19634954084936207,1.5707963267948966,1.1918979420921791e-17,-0.97102630380684929,0.38629828175627889,1.1826973856723733e-17,-0.97102630380684951,2.2204462398656958e-16
0.05000000000000001,1,9,0.19634954084936207,1.7671458676442586,-0.037681528091054697,-0.95236830565811315,0.37887566859161792,-0.037681528091054732,-0.95236830565811337,2.2473876566261383e-16
0.05000000000000001,1,10,0.19634954084936207,1.9634954084936207,-0.073914976189614581,-0.89711132761723478,0.35689307595890407,-0.073914976189614665,-0.89711132761723478,8.3266726846886741e-17
0.05000000000000001,1,11,0.19634954084936207,2.1598449493429825,-0.10730791320520378,-0.80737886436185458,0.3211952825650326,-0.10730791320520386,-0.80737886436185491,3.4331750988916778e-16
0.05000000000000001,1,12,0.19634954084936207,2.3561944901923448,-0.13657706729528807,-0.68661928413233198,0.27315413459057664,-0.13657706729528818,-0.68661928413233198,1.1102230246251565e-16
0.05000000000000001,1,13,0.19634954084936207,2.5525440310417071,-0.16059764128251613,-0.53947330987413433,0.21461582641040788,-0.16059764128251633,-0.53947330987413444,2.2377260456559048e-16
0.05000000000000001,1,14,0.19634954084936207,2.748893571891069,-0.17844653797945201,-0.37159567885759165,0.14782995237922933,-0.17844653797945215,-0.3715956788575917,1.4946834900704541e-16
0.05000000000000001,1,15,0.19634954084936207,2.9452431127404308,-0.18943783429580893,-0.18943783429580915,0.075363056182109575,-0.18943783429580904,-0.1894378342958094,2.7336071744532853e-16
0.05000000000000001,1,16,0.19634954084936207,3.1415926535897931,-0.19314914087813928,-1.2665200723274478e-16,2.8996798453426818e-17,-0.19314914087813945,-1.1891642548449435e-16,1.667130181604306e-16
0.05000000000000001,1,17,0.19634954084936207,3.3379421944391554,-0.1894378342958089,0.18943783429580893,-0.075363056182109547,-0.18943783429580904,0.18943783429580915,2.6184557666721351e-16
0.05000000000000001,1,18,0.19634954084936207,3.5342917352885173,-0.17844653797945198,0.37159567885759148,-0.14782995237922916,-0.17844653797945215,0.37159567885759148,1.6653345369377348e-16
0.05000000000000001,1,19,0.19634954084936207,3.7306412761378791,-0.16059764128251619,0.53947330987413411,-0.21461582641040736,-0.16059764128251633,0.53947330987413422,1.7772239894833365e-16
0.05000000000000001,1,20,0.19634954084936207,3.9269908169872414,-0.13657706729528812,0.68661928413233175,-0.27315413459057614,-0.13657706729528823,0.68661928413233186,1.5700924586837752e-16
0.05000000000000001,1,21,0.19634954084936207,4.1233403578366037,-0.10730791320520383,0.80737886436185446,-0.3211952825650326,-0.1073079132052039,0.80737886436185469,2.3263411494723067e-16
0.05000000000000001,1,22,0.19634954084936207,4.3196898986859651,-0.073914976189614665,0.89711132761723467,-0.35689307595890424,-0.073914976189614776,0.89711132761723456,1.5700924586837752e-16
0.05000000000000001,1,23,0.19634954084936207,4.5160394395353274,-0.037681528091054808,0.95236830565811315,-0.3788756685916182,-0.037681528091054822,0.95236830565811326,1.1188630228279524e-16
0.05000000000000001,1,24,0.19634954084936207,4.7123889803846897,-4.2729782148869946e-17,0.97102630380684929,-0.38629828175627934,-3.5480921570171197e-17,0.97102630380684951,2.2216289644313392e-16
0.05000000000000001,1,25,0.19634954084936207,4.908738521234052,0.037681528091054746,0.95236830565811326,-0.37887566859161825,0.037681528091054753,0.95236830565811337,1.1123893155135927e-16
0.05000000000000001,1,26,0.19634954084936207,5.1050880620834143,0.073914976189614623,0.89711132761723467,-0.35689307595890396,0.07391497618961472,0.89711132761723467,9.7144514654701197e-17
0.05000000000000001,1,27,0.19634954084936207,5.3014376029327757,0.10730791320520376,0.80737886436185458,-0.32119528256503244,0.10730791320520383,0.80737886436185491,3.4021815010030383e-16
0.05000000000000001,1,28,0.19634954084936207,5.497787143782138,0.13657706729528804,0.68661928413233198,-0.27315413459057658,0.13657706729528815,0.68661928413233209,1.5700924586837752e-16
0.05000000000000001,1,29,0.19634954084936207,5.6941366846315002,0.16059764128251613,0.53947330987413433,-0.21461582641040788,0.1605976412825163,0.53947330987413444,2.0014830212433605e-16
0.05000000000000001,1,30,0.19634954084936207,5.8904862254808616,0.17844653797945198,0.37159567885759165,-0.14782995237922927,0.17844653797945209,0.3715956788575922,5.6610488670036757e-16
0.05000000000000001,1,31,0.19634954084936207,6.0868357663302239,0.1894378342958089,0.18943783429580918,-0.0753630561821097,0.18943783429580904,0.18943783429580952,3.6082248300317588e-16
0.05000000000000001,2,0,0.39269908169872414,0,0.37887566859161798,1.177100672244417e-16,-1.9672255994316297e-16,0.37887566859161814,-0,2.0393393813967989e-16
0.05000000000000001,2,1,0.39269908169872414,0.19634954084936207,0.37159567885759148,-0.17844653797945201,0.1478299523792295,0.37159567885759159,-0.17844653797945215,1.7772239894833365e-16
0.05000000000000001,2,2,0.39269908169872414,0.39269908169872414,0.35003547557832526,-0.35003547557832526,0.2899788825925172,0.35003547557832537,-0.35003547557832543,2.0014830212433605e-16
0.05000000000000001,2,3,0.39269908169872414,0.58904862254808621,0.31502360527474021,-0.50817274615287955,0.42098408696980522,0.31502360527474033,-0.50817274615287977,2.4825341532472731e-16
0.05000000000000001,2,4,0.39269908169872414,0.78539816339744828,0.26790555448772019,-0.64678122307933816,0.53581110897544026,0.26790555448772024,-0.64678122307933839,2.2887833992611187e-16
0.05000000000000001,2,5,0.39269908169872414,0.98174770424681035,0.21049204348490275,-0.76053426032194638,0.63004721054948065,0.21049204348490291,-0.76053426032194671,3.7238012298709097e-16
0.05000000000000001,2,6,0.39269908169872414,1.1780972450961724,0.14498944129625863,-0.84506039245290931,0.70007095115665052,0.14498944129625868,-0.84506039245290943,1.2412670766236366e-16
0.05000000000000001,2,7,0.39269908169872414,1.3744467859455345,0.073914976189614678,-0.89711132761723478,0.74319135771518297,0.073914976189614706,-0.89711132761723489,1.1443916996305594e-16
0.05000000000000001,2,8,0.39269908169872414,1.5707963267948966,3.5898172211126382e-17,-0.91468677756705852,0.75775133718323595,2.3199443740776926e-17,-0.91468677756705863,1.117461827036699e-16
0.05000000000000001,2,9,0.39269908169872414,1.7671458676442586,-0.073914976189614609,-0.89711132761723478,0.74319135771518274,-0.073914976189614651,-0.89711132761723489,1.1857187100668868e-16
0.05000000000000001,2,10,0.39269908169872414,1.9634954084936207,-0.14498944129625854,-0.84506039245290943,0.70007095115665019,-0.14498944129625865,-0.84506039245290943,1.1102230246251565e-16
0.05000000000000001,2,11,0.39269908169872414,2.1598449493429825,-0.21049204348490269,-0.76053426032194649,0.63004721054948054,-0.21049204348490277,-0.76053426032194682,3.4331750988916778e-16
0.05000000000000001,2,12,0.39269908169872414,2.3561944901923448,-0.26790555448772008,-0.64678122307933839,0.5358111089754406,-0.26790555448772019,-0.64678122307933839,1.1102230246251565e-16
0.05000000000000001,2,13,0.39269908169872414,2.5525440310417071,-0.3150236052747401,-0.50817274615287977,0.4209840869698056,-0.31502360527474038,-0.50817274615287977,2.7755575615628914e-16
0.05000000000000001,2,14,0.39269908169872414,2.748893571891069,-0.35003547557832521,-0.35003547557832543,0.28997888259251708,-0.35003547557832537,-0.35003547557832548,1.7554167342883506e-16
0.05000000000000001,2,15,0.39269908169872414,2.9452431127404308,-0.37159567885759143,-0.17844653797945223,0.14782995237922941,-0.37159567885759159,-0.17844653797945248,3.0022245318650411e-16
0.05000000000000001,2,16,0.39269908169872414,3.1415926535897931,-0.37887566859161792,-1.2120320623444977e-16,-2.103840022912074e-17,-0.37887566859161814,-1.1201682343699054e-16,2.2223455223077867e-16
0.05000000000000001,2,17,0.39269908169872414,3.3379421944391554,-0.37159567885759143,0.17844653797945201,-0.14782995237922936,-0.37159567885759159,0.17844653797945223,2.7755575615628914e-16
0.05000000000000001,2,18,0.39269908169872414,3.5342917352885173,-0.35003547557832521,0.35003547557832526,-0.28997888259251692,-0.35003547557832543,0.35003547557832532,2.2887833992611187e-16
0.05000000000000001,2,19,0.39269908169872414,3.7306412761378791,-0.31502360527474021,0.50817274615287955,-0.4209840869698051,-0.31502360527474044,0.50817274615287955,2.2204460492503131e-16
0.05000000000000001,2,20,0.39269908169872414,3.9269908169872414,-0.26790555448772013,0.64678122307933816,-0.53581110897544026,-0.2679055544877203,0.64678122307933839,2.7755575615628914e-16
0.05000000000000001,2,21,0.39269908169872414,4.1233403578366037,-0.21049204348490272,0.76053426032194626,-0.63004721054948043,-0.21049204348490286,0.76053426032194671,4.6526822989446134e-16
0.05000000000000001,2,22,0.39269908169872414,4.3196898986859651,-0.14498944129625871,0.8450603924529092,-0.70007095115665008,-0.14498944129625888,0.8450603924529092,1.6653345369377348e-16
0.05000000000000001,2,23,0.39269908169872414,4.5160394395353274,-0.073914976189614789,0.89711132761723478,-0.74319135771518297,-0.073914976189614831,0.89711132761723478,4.163336342344337e-17
0.05000000000000001,2,24,0.39269908169872414,4.7123889803846897,-7.9979485379387764e-17,0.91468677756705852,-0.75775133718323673,-6.9598331222330782e-17,0.91468677756705863,1.1150659175901167e-16
0.05000000000000001,2,25,0.39269908169872414,4.908738521234052,0.073914976189614678,0.89711132761723467,-0.74319135771518308,0.073914976189614692,0.89711132761723489,2.2247786310271853e-16
0.05000000000000001,2,26,0.39269908169872414,5.1050880620834143,0.14498944129625863,0.84506039245290931,-0.70007095115665008,0.14498944129625876,0.84506039245290931,1.3877787807814457e-16
0.05000000000000001,2,27,0.39269908169872414,5.3014376029327757,0.21049204348490269,0.76053426032194649,-0.63004721054948032,0.21049204348490275,0.76053426032194682,3.3766115072321297e-16
0.05000000000000001,2,28,0.39269908169872414,5.497787143782138,0.26790555448772002,0.64678122307933839,-0.53581110897544026,0.26790555448772019,0.6467812230793385,2.0014830212433605e-16
0.05000000000000001,2,29,0.39269908169872414,5.6941366846315002,0.3150236052747401,0.50817274615287977,-0.42098408696980572,0.31502360527474033,0.50817274615287977,2.2204460492503131e-16
0.05000000000000001,2,30,0.39269908169872414,5.8904862254808616,0.35003547557832515,0.35003547557832543,-0.28997888259251736,0.35003547557832526,0.35003547557832598,5.6610488670036757e-16
0.05000000000000001,2,31,0.39269908169872414,6.0868357663302239,0.37159567885759137,0.17844653797945223,-0.14782995237922969,0.37159567885759154,0.17844653797945256,3.7238012298709097e-16
0.05000000000000001,3,0,0.58904862254808621,0,0.55004221683704357,1.2566405569233575e-16,-1.8450675945647334e-16,0.55004221683704368,-0,1.6768245745194925e-16
0.05000000000000001,3,1,0.58904862254808621,0.19634954084936207,0.53947330987413422,-0.16059764128251616,0.21461582641040786,0.53947330987413433,-0.1605976412825163,1.7772239894833365e-16
0.05000000000000001,3,2,0.58904862254808621,0.39269908169872414,0.50817274615287966,-0.31502360527474027,0.42098408696980555,0.50817274615287977,-0.31502360527474038,1.5700924586837752e-16
0.05000000000000001,3,3,0.58904862254808621,0.58904862254808621,0.45734338878352909,-0.45734338878352909,0.61117416515754908,0.45734338878352926,-0.45734338878352926,2.3551386880256624e-16
0.05000000000000001,3,4,0.58904862254808621,0.78539816339744828,0.38893858146435495,-0.58208772234249428,0.77787716292870956,0.388938581464355,-0.5820877223424944,1.2412670766236366e-16
0.05000000000000001,3,5,0.58904862254808621,0.98174770424681035,0.30558708257877482,-0.68446275117039279,0.9146867775670583,0.30558708257877498,-0.68446275117039312,3.7238012298709097e-16
0.05000000000000001,3,6,0.58904862254808621,1.1780972450961724,0.21049204348490283,-0.7605342603219466,1.0163454923057589,0.21049204348490289,-0.7605342603219466,5.5511151231257827e-17
0.05000000000000001,3,7,0.58904862254808621,1.3744467859455345,0.10730791320520391,-0.80737886436185458,1.078946619748268,0.10730791320520394,-0.80737886436185469,1.1443916996305594e-16
0.05000000000000001,3,8,0.58904862254808621,1.5707963267948966,6.4710700601680179e-17,-0.82319635142762004,1.1000844336740865,3.3680372012269995e-17,-0.82319635142762015,1.1527720041901208e-16
0.05000000000000001,3,9,0.58904862254808621,1.7671458676442586,-0.1073079132052038,-0.80737886436185458,1.078946619748268,-0.10730791320520386,-0.80737886436185469,1.2412670766236366e-16
0.05000000000000001,3,10,0.58904862254808621,1.9634954084936207,-0.21049204348490272,-0.76053426032194671,1.0163454923057591,-0.21049204348490283,-0.7605342603219466,1.5700924586837752e-16
0.05000000000000001,3,11,0.58904862254808621,2.1598449493429825,-0.30558708257877465,-0.68446275117039312,0.91468677756705852,-0.30558708257877476,-0.68446275117039335,2.4825341532472731e-16
0.05000000000000001,3,12,0.58904862254808621,2.3561944901923448,-0.38893858146435484,-0.58208772234249462,0.77787716292871012,-0.38893858146435495,-0.58208772234249451,1.5700924586837752e-16
0.05000000000000001,3,13,0.58904862254808621,2.5525440310417071,-0.45734338878352898,-0.45734338878352926,0.6111741651575493,-0.45734338878352931,-0.45734338878352926,3.3306690738754696e-16
0.05000000000000001,3,14,0.58904862254808621,2.748893571891069,-0.50817274615287955,-0.31502360527474038,0.42098408696980505,-0.50817274615287977,-0.31502360527474044,2.2887833992611187e-16
0.05000000000000001,3,15,0.58904862254808621,2.9452431127404308,-0.53947330987413411,-0.16059764128251638,0.21461582641040769,-0.53947330987413433,-0.16059764128251658,2.9504581591051765e-16
0.05000000000000001,3,16,0.58904862254808621,3.1415926535897931,-0.55004221683704346,-1.2246640221059844e-16,9.6279698313149342e-17,-0.55004221683704368,-1.0081247768456147e-16,2.2309795835841382e-16
0.05000000000000001,3,17,0.58904862254808621,3.3379421944391554,-0.53947330987413411,0.16059764128251616,-0.21461582641040763,-0.53947330987413433,0.16059764128251638,3.1401849173675503e-16
0.05000000000000001,3,18,0.58904862254808621,3.5342917352885173,-0.50817274615287955,0.31502360527474027,-0.4209840869698051,-0.50817274615287977,0.31502360527474027,2.2204460492503131e-16
0.05000000000000001,3,19,0.58904862254808621,3.7306412761378791,-0.45734338878352909,0.45734338878352909,-0.6111741651575493,-0.45734338878352937,0.45734338878352909,2.7755575615628914e-16
0.05000000000000001,3,20,0.58904862254808621,3.9269908169872414,-0.38893858146435489,0.58208772234249428,-0.7778771629287099,-0.38893858146435506,0.5820877223424944,2.0014830212433605e-16
0.05000000000000001,3,21,0.58904862254808621,4.1233403578366037,-0.30558708257877482,0.68446275117039279,-0.91468677756705796,-0.30558708257877493,0.68446275117039312,3.5108334685767012e-16
0.05000000000000001,3,22,0.58904862254808621,4.3196898986859651,-0.21049204348490294,0.76053426032194649,-1.016345492305758,-0.21049204348490316,0.76053426032194649,2.2204460492503131e-16
0.05000000000000001,3,23,0.58904862254808621,4.5160394395353274,-0.10730791320520411,0.80737886436185458,-1.078946619748268,-0.10730791320520412,0.80737886436185458,1.3877787807814457e-17
0.05000000000000001,3,24,0.58904862254808621,4.7123889803846897,-1.1870638900458195e-16,0.82319635142762004,-1.1000844336740878,-1.0104111603680999e-16,0.82319635142762015,1.1241891972930626e-16
0.05000000000000001,3,25,0.58904862254808621,4.908738521234052,0.1073079132052039,0.80737886436185458,-1.0789466197482682,0.10730791320520393,0.80737886436185469,1.1443916996305594e-16
0.05000000000000001,3,26,0.58904862254808621,5.1050880620834143,0.2104920434849028,0.7605342603219466,-1.0163454923057587,0.21049204348490297,0.76053426032194649,2.0014830212433605e-16
0.05000000000000001,3,27,0.58904862254808621,5.3014376029327757,0.30558708257877465,0.68446275117039312,-0.91468677756705796,0.3055870825787747,0.68446275117039335,2.2887833992611187e-16
0.05000000000000001,3,28,0.58904862254808621,5.497787143782138,0.38893858146435484,0.58208772234249451,-0.77787716292870979,0.38893858146435489,0.58208772234249462,1.2412670766236366e-16
0.05000000000000001,3,29,0.58904862254808621,5.6941366846315002,0.45734338878352898,0.45734338878352931,-0.61117416515754985,0.45734338878352926,0.45734338878352926,2.8305244335018379e-16
0.05000000000000001,3,30,0.58904862254808621,5.8904862254808616,0.50817274615287944,0.31502360527474038,-0.42098408696980555,0.50817274615287966,0.31502360527474088,5.4672143489065705e-16
0.05000000000000001,3,31,0.58904862254808621,6.0868357663302239,0.53947330987413411,0.16059764128251638,-0.21461582641040797,0.53947330987413433,0.16059764128251669,3.7751664318895328e-16
0.05000000000000001,4,0,0.78539816339744828,0,0.70007095115665063,1.2373662259470759e-16,-5.563687787080278e-16,0.70007095115665074,-0,1.6624290485678904e-16
0.05000000000000001,4,1,0.78539816339744828,0.19634954084936207,0.68661928413233186,-0.13657706729528812,0.27315413459057641,0.68661928413233198,-0.13657706729528821,1.3877787807814457e-16
0.05000000000000001,4,2,0.78539816339744828,0.39269908169872414,0.64678122307933827,-0.26790555448772019,0.53581110897544038,0.64678122307933839,-0.26790555448772024,1.2412670766236366e-16
0.05000000000000001,4,3,0.78539816339744828,0.58904862254808621,0.58208772234249428,-0.38893858146435489,0.77787716292870923,0.58208772234249451,-0.38893858146435506,2.7755575615628914e-16
0.05000000000000001,4,4,0.78539816339744828,0.78539816339744828,0.495024916874584,-0.495024916874584,0.99004983374916777,0.49502491687458405,-0.49502491687458405,7.8504622934188758e-17
0.05000000000000001,4,5,0.78539816339744828,0.98174770424681035,0.38893858146435489,-0.5820877223424944,1.164175444684989,0.38893858146435506,-0.58208772234249462,2.7755575615628914e-16
0.05000000000000001,4,6,0.78539816339744828,1.1780972450961724,0.26790555448772024,-0.64678122307933839,1.2935624461586763,0.26790555448772024,-0.6467812230793385,1.1102230246251565e-16
0.05000000000000001,4,7,0.78539816339744828,1.3744467859455345,0.13657706729528823,-0.68661928413233198,1.3732385682646633,0.13657706729528823,-0.68661928413233209,1.1102230246251565e-16
0.05000000000000001,4,8,0.78539816339744828,1.5707963267948966,7.8599613671409479e-17,-0.70007095115665074,1.400141902313301,4.2866982475501772e-17,-0.70007095115665086,1.1663092461376213e-16
0.05000000000000001,4,9,0.78539816339744828,1.7671458676442586,-0.1365770672952881,-0.68661928413233198,1.3732385682646635,-0.13657706729528815,-0.68661928413233209,1.2412670766236366e-16
0.05000000000000001,4,10,0.78539816339744828,1.9634954084936207,-0.26790555448772002,-0.6467812230793385,1.2935624461586761,-0.26790555448772019,-0.6467812230793385,1.6653345369377348e-16
0.05000000000000001,4,11,0.78539816339744828,2.1598449493429825,-0.38893858146435473,-0.58208772234249451,1.164175444684989,-0.38893858146435484,-0.58208772234249473,2.4825341532472731e-16
0.05000000000000001,4,12,0.78539816339744828,2.3561944901923448,-0.49502491687458389,-0.49502491687458416,0.99004983374916855,-0.495024916874584,-0.49502491687458416,1.1102230246251565e-16
0.05000000000000001,4,13,0.78539816339744828,2.5525440310417071,-0.58208772234249417,-0.38893858146435506,0.77787716292870968,-0.58208772234249451,-0.38893858146435506,3.3306690738754696e-16
0.05000000000000001,4,14,0.78539816339744828,2.748893571891069,-0.64678122307933816,-0.26790555448772035,0.53581110897543982,-0.64678122307933839,-0.26790555448772035,2.2204460492503131e-16
0.05000000000000001,4,15,0.78539816339744828,2.9452431127404308,-0.68661928413233175,-0.13657706729528832,0.27315413459057653,-0.68661928413233198,-0.13657706729528846,2.6184557666721351e-16
0.05000000000000001,4,16,0.78539816339744828,3.1415926535897931,-0.70007095115665052,-1.0348624606939044e-16,3.2341273702259313e-16,-0.70007095115665074,-8.5733964951003557e-17,2.227531145937571e-16
0.05000000000000001,4,17,0.78539816339744828,3.3379421944391554,-0.68661928413233175,0.13657706729528812,-0.27315413459057619,-0.68661928413233198,0.13657706729528829,2.7755575615628914e-16
0.05000000000000001,4,18,0.78539816339744828,3.5342917352885173,-0.64678122307933816,0.26790555448772019,-0.53581110897543993,-0.64678122307933839,0.26790555448772019,2.2204460492503131e-16
0.05000000000000001,4,19,0.78539816339744828,3.7306412761378791,-0.58208772234249428,0.38893858146435489,-0.77787716292870956,-0.58208772234249462,0.38893858146435489,3.3306690738754696e-16
0.05000000000000001,4,20,0.78539816339744828,3.9269908169872414,-0.495024916874584,0.49502491687458405,-0.99004983374916811,-0.49502491687458416,0.49502491687458405,1.6653345369377348e-16
0.05000000000000001,4,21,0.78539816339744828,4.1233403578366037,-0.38893858146435489,0.5820877223424944,-1.1641754446849883,-0.388938581464355,0.58208772234249462,2.4825341532472731e-16
0.05000000000000001,4,22,0.78539816339744828,4.3196898986859651,-0.2679055544877203,0.64678122307933827,-1.2935624461586754,-0.26790555448772063,0.64678122307933827,3.3306690738754696e-16
0.05000000000000001,4,23,0.78539816339744828,4.5160394395353274,-0.13657706729528846,0.68661928413233198,-1.3732385682646635,-0.13657706729528848,0.68661928413233198,2.7755575615628914e-17
0.05000000000000001,4,24,0.78539816339744828,4.7123889803846897,-1.4753180451430712e-16,0.70007095115665074,-1.4001419023133024,-1.2860094742650529e-16,0.70007095115665086,1.1262472638882229e-16
0.05000000000000001,4,25,0.78539816339744828,4.908738521234052,0.13657706729528823,0.68661928413233198,-1.373238568264664,0.13657706729528823,0.68661928413233209,1.1102230246251565e-16
0.05000000000000001,4,26,0.78539816339744828,5.1050880620834143,0.26790555448772019,0.64678122307933839,-1.2935624461586759,0.26790555448772041,0.64678122307933839,2.2204460492503131e-16
0.05000000000000001,4,27,0.78539816339744828,5.3014376029327757,0.38893858146435473,0.58208772234249451,-1.1641754446849883,0.38893858146435478,0.58208772234249473,2.2887833992611187e-16
0.05000000000000001,4,28,0.78539816339744828,5.497787143782138,0.49502491687458389,0.49502491687458411,-0.99004983374916833,0.49502491687458394,0.49502491687458422,1.2412670766236366e-16
0.05000000000000001,4,29,0.78539816339744828,5.6941366846315002,0.58208772234249417,0.38893858146435506,-0.77787716292871001,0.58208772234249451,0.38893858146435506,3.3306690738754696e-16
0.05000000000000001,4,30,0.78539816339744828,5.8904862254808616,0.64678122307933805,0.26790555448772035,-0.53581110897544015,0.64678122307933816,0.26790555448772069,3.5108334685767012e-16
0.05000000000000001,4,31,0.78539816339744828,6.0868357663302239,0.68661928413233164,0.13657706729528832,-0.27315413459057669,0.68661928413233186,0.13657706729528854,3.1401849173675503e-16
0.05000000000000001,5,0,0.98174770424681035,0,0.82319635142761993,8.584134129379122e-17,-7.2509446867971821e-16,0.82319635142762015,-0,2.3805995558142571e-16
0.05000000000000001,5,1,0.98174770424681035,0.19634954084936207,0.80737886436185446,-0.10730791320520382,0.32119528256503266,0.80737886436185469,-0.10730791320520391,2.4236514457283391e-16
0.05000000000000001,5,2,0.98174770424681035,0.39269908169872414,0.76053426032194649,-0.2104920434849028,0.63004721054948054,0.7605342603219466,-0.21049204348490289,1.3877787807814457e-16
0.05000000000000001,5,3,0.98174770424681035,0.58904862254808621,0.6844627511703929,-0.30558708257877476,0.91468677756705774,0.68446275117039312,-0.30558708257877498,3.1401849173675503e-16
0.05000000000000001,5,4,0.98174770424681035,0.78539816339744828,0.58208772234249451,-0.38893858146435495,1.1641754446849888,0.58208772234249451,-0.388938581464355,5.5511151231257827e-17
0.05000000000000001,5,5,0.98174770424681035,0.98174770424681035,0.45734338878352909,-0.45734338878352915,1.3689255023407865,0.45734338878352937,-0.45734338878352931,3.2368285245694688e-16
0.05000000000000001,5,6,0.98174770424681035,1.1780972450961724,0.31502360527474033,-0.50817274615287977,1.5210685206438928,0.31502360527474038,-0.50817274615287988,1.2412670766236366e-16
0.05000000000000001,5,7,0.98174770424681035,1.3744467859455345,0.16059764128251636,-0.53947330987413433,1.6147577287237087,0.16059764128251636,-0.53947330987413444,1.1102230246251565e-16
0.05000000000000001,5,8,0.98174770424681035,1.5707963267948966,8.1194823481681881e-17,-0.55004221683704357,1.6463927028552403,5.0406238842280734e-17,-0.5500422168370438,2.241690066008475e-16
0.05000000000000001,5,9,0.98174770424681035,1.7671458676442586,-0.16059764128251622,-0.53947330987413433,1.6147577287237087,-0.16059764128251625,-0.53947330987413444,1.1443916996305594e-16
0.05000000000000001,5,10,0.98174770424681035,1.9634954084936207,-0.31502360527474016,-0.50817274615287977,1.5210685206438923,-0.31502360527474033,-0.50817274615287988,2.0014830212433605e-16
0.05000000000000001,5,11,0.98174770424681035,2.1598449493429825,-0.45734338878352893,-0.4573433887835292,1.3689255023407865,-0.45734338878352909,-0.45734338878352943,2.7755575615628914e-16
0.05000000000000001,5,12,0.98174770424681035,2.3561944901923448,-0.58208772234249428,-0.388938581464355,1.1641754446849897,-0.5820877223424944,-0.38893858146435506,1.2412670766236366e-16
0.05000000000000001,5,13,0.98174770424681035,2.5525440310417071,-0.68446275117039279,-0.30558708257877498,0.91468677756705841,-0.68446275117039324,-0.30558708257877498,4.4408920985006262e-16
0.05000000000000001,5,14,0.98174770424681035,2.748893571891069,-0.76053426032194649,-0.21049204348490294,0.63004721054948032,-0.7605342603219466,-0.21049204348490297,1.1443916996305594e-16
0.05000000000000001,5,15,0.98174770424681035,2.9452431127404308,-0.80737886436185435,-0.10730791320520397,0.32119528256503277,-0.80737886436185469,-0.10730791320520411,3.6082248300317588e-16
0.05000000000000001,5,16,0.98174770424681035,3.1415926535897931,-0.82319635142761982,-6.8224943502627025e-17,2.3549114214673201e-16,-0.82319635142762015,-6.7360744024540002e-17,3.3306802854288296e-16
0.05000000000000001,5,17,0.98174770424681035,3.3379421944391554,-0.80737886436185435,0.1073079132052038,-0.32119528256503238,-0.80737886436185469,0.10730791320520397,3.7238012298709097e-16
0.05000000000000001,5,18,0.98174770424681035,3.5342917352885173,-0.76053426032194638,0.2104920434849028,-0.63004721054947999,-0.76053426032194671,0.21049204348490283,3.3422138886441676e-16
0.05000000000000001,5,19,0.98174770424681035,3.7306412761378791,-0.6844627511703929,0.30558708257877476,-0.91468677756705807,-0.68446275117039335,0.30558708257877487,4.5775667985222375e-16
0.05000000000000001,5,20,0.98174770424681035,3.9269908169872414,-0.5820877223424944,0.388938581464355,-1.1641754446849892,-0.58208772234249462,0.388938581464355,2.2204460492503131e-16
0.05000000000000001,5,21,0.98174770424681035,4.1233403578366037,-0.45734338878352909,0.45734338878352915,-1.368925502340786,-0.45734338878352926,0.45734338878352931,2.3551386880256624e-16
0.05000000000000001,5,22,0.98174770424681035,4.3196898986859651,-0.31502360527474049,0.50817274615287966,-1.5210685206438919,-0.31502360527474083,0.50817274615287966,3.3306690738754696e-16
0.05000000000000001,5,23,0.98174770424681035,4.5160394395353274,-0.16059764128251663,0.53947330987413433,-1.6147577287237094,-0.16059764128251663,0.53947330987413444,1.1102230246251565e-16
0.05000000000000001,5,24,0.98174770424681035,4.7123889803846897,-1.6332726778524624e-16,0.55004221683704368,-1.6463927028552419,-1.5121871652684221e-16,0.5500422168370438,1.1168065480492003e-16
0.05000000000000001,5,25,0.98174770424681035,4.908738521234052,0.16059764128251636,0.53947330987413433,-1.6147577287237094,0.16059764128251633,0.53947330987413444,1.1443916996305594e-16
0.05000000000000001,5,26,0.98174770424681035,5.1050880620834143,0.31502360527474033,0.50817274615287966,-1.5210685206438919,0.31502360527474055,0.50817274615287977,2.4825341532472731e-16
0.05000000000000001,5,27,0.98174770424681035,5.3014376029327757,0.45734338878352893,0.45734338878352931,-1.3689255023407856,0.45734338878352898,0.45734338878352943,1.2412670766236366e-16
0.05000000000000001,5,28,0.98174770424681035,5.497787143782138,0.58208772234249417,0.38893858146435506,-1.1641754446849895,0.58208772234249428,0.38893858146435512,1.2412670766236366e-16
0.05000000000000001,5,29,0.98174770424681035,5.6941366846315002,0.68446275117039268,0.30558708257877493,-0.91468677756705885,0.68446275117039312,0.30558708257877498,4.4754520913118096e-16
0.05000000000000001,5,30,0.98174770424681035,5.8904862254808616,0.76053426032194638,0.21049204348490291,-0.63004721054948054,0.76053426032194649,0.21049204348490325,3.5108334685767012e-16
0.05000000000000001,5,31,0.98174770424681035,6.0868357663302239,0.80737886436185424,0.10730791320520398,-0.32119528256503321,0.80737886436185458,0.10730791320520418,3.8559277963506344e-16
0.05000000000000001,6,0,1.1780972450961724,0,0.91468677756705841,4.8908181857091813e-17,-5.9368122279467218e-16,0.91468677756705863,-0,2.2736714104918417e-16
0.05000000000000001,6,1,1.1780972450961724,0.19634954084936207,0.89711132761723467,-0.073914976189614637,0.35689307595890418,0.89711132761723489,-0.073914976189614678,2.2591401799415137e-16
0.05000000000000001,6,2,1.1780972450961724,0.39269908169872414,0.84506039245290931,-0.14498944129625863,0.70007095115665041,0.84506039245290943,-0.14498944129625868,1.2412670766236366e-16
0.05000000000000001,6,3,1.1780972450961724,0.58904862254808621,0.76053426032194649,-0.21049204348490283,1.0163454923057589,0.76053426032194671,-0.21049204348490289,2.2887833992611187e-16
0.05000000000000001,6,4,1.1780972450961724,0.78539816339744828,0.64678122307933839,-0.26790555448772024,1.2935624461586768,0.64678122307933839,-0.26790555448772024,0
0.05000000000000001,6,5,1.1780972450961724,0.98174770424681035,0.50817274615287966,-0.31502360527474033,1.521068520643893,0.50817274615287988,-0.31502360527474038,2.2887833992611187e-16
0.05000000000000001,6,6,1.1780972450961724,1.1780972450961724,0.35003547557832537,-0.35003547557832543,1.690120784905818,0.35003547557832543,-0.35003547557832543,5.5511151231257827e-17
0.05000000000000001,6,7,1.1780972450961724,1.3744467859455345,0.1784465379794522,-0.37159567885759165,1.7942226552344689,0.1784465379794522,-0.37159567885759165,0
0.05000000000000001,6,8,1.1780972450961724,1.5707963267948966,9.0210284467647388e-17,-0.37887566859161814,1.8293735551341168,5.6008411718495271e-17,-0.3788756685916182,6.520165650172373e-17
0.05000000000000001,6,9,1.1780972450961724,1.7671458676442586,-0.17844653797945204,-0.37159567885759159,1.7942226552344691,-0.17844653797945209,-0.37159567885759165,7.8504622934188758e-17
0.05000000000000001,6,10,1.1780972450961724,1.9634954084936207,-0.35003547557832515,-0.35003547557832543,1.6901207849058175,-0.35003547557832537,-0.35003547557832543,2.2204460492503131e-16
0.05000000000000001,6,11,1.1780972450961724,2.1598449493429825,-0.50817274615287944,-0.31502360527474038,1.5210685206438932,-0.50817274615287955,-0.31502360527474049,1.5700924586837752e-16
0.05000000000000001,6,12,1.1780972450961724,2.3561944901923448,-0.64678122307933816,-0.26790555448772024,1.2935624461586774,-0.64678122307933839,-0.2679055544877203,2.2887833992611187e-16
0.05000000000000001,6,13,1.1780972450961724,2.5525440310417071,-0.76053426032194626,-0.21049204348490291,1.0163454923057595,-0.76053426032194682,-0.21049204348490289,5.5580496856335558e-16
0.05000000000000001,6,14,1.1780972450961724,2.748893571891069,-0.8450603924529092,-0.14498944129625868,0.70007095115665019,-0.84506039245290943,-0.14498944129625874,2.2887833992611187e-16
0.05000000000000001,6,15,1.1780972450961724,2.9452431127404308,-0.89711132761723456,-0.073914976189614734,0.3568930759589044,-0.89711132761723489,-0.073914976189614817,3.4331750988916778e-16
0.05000000000000001,6,16,1.1780972450961724,3.1415926535897931,-0.91468677756705818,-4.4588690965442657e-17,2.4184805044849642e-17,-0.91468677756705863,-4.6398887481553859e-17,4.4409289919641802e-16
0.05000000000000001,6,17,1.1780972450961724,3.3379421944391554,-0.89711132761723456,0.073914976189614623,-0.3568930759589039,-0.89711132761723489,0.07391497618961472,3.4694469519536142e-16
0.05000000000000001,6,18,1.1780972450961724,3.5342917352885173,-0.8450603924529092,0.14498944129625863,-0.70007095115664975,-0.84506039245290954,0.14498944129625865,3.3422138886441676e-16
0.05000000000000001,6,19,1.1780972450961724,3.7306412761378791,-0.76053426032194649,0.2104920434849028,-1.0163454923057591,-0.76053426032194682,0.2104920434849028,3.3306690738754696e-16
0.05000000000000001,6,20,1.1780972450961724,3.9269908169872414,-0.64678122307933827,0.26790555448772013,-1.2935624461586772,-0.6467812230793385,0.26790555448772024,2.4825341532472731e-16
0.05000000000000001,6,21,1.1780972450961724,4.1233403578366037,-0.50817274615287966,0.31502360527474021,-1.5210685206438925,-0.50817274615287977,0.31502360527474038,2.0014830212433605e-16
0.05000000000000001,6,22,1.1780972450961724,4.3196898986859651,-0.35003547557832559,0.35003547557832526,-1.6901207849058166,-0.35003547557832593,0.35003547557832532,3.3766115072321297e-16
0.05000000000000001,6,23,1.1780972450961724,4.5160394395353274,-0.17844653797945251,0.37159567885759159,-1.7942226552344693,-0.17844653797945251,0.37159567885759159,0
0.05000000000000001,6,24,1.1780972450961724,4.7123889803846897,-1.7067927910373048e-16,0.3788756685916182,-1.8293735551341184,-1.680252351554858e-16,0.3788756685916182,2.6540439482446803e-18
0.05000000000000001,6,25,1.1780972450961724,4.908738521234052,0.1784465379794522,0.37159567885759165,-1.7942226552344698,0.1784465379794522,0.37159567885759165,0
0.05000000000000001,6,26,1.1780972450961724,5.1050880620834143,0.35003547557832532,0.35003547557832543,-1.6901207849058171,0.35003547557832559,0.35003547557832537,2.8305244335018379e-16
0.05000000000000001,6,27,1.1780972450961724,5.3014376029327757,0.50817274615287944,0.31502360527474044,-1.5210685206438928,0.50817274615287944,0.31502360527474049,5.5511151231257827e-17
0.05000000000000001,6,28,1.1780972450961724,5.497787143782138,0.64678122307933805,0.2679055544877203,-1.293562446158677,0.64678122307933827,0.2679055544877203,2.2204460492503131e-16
0.05000000000000001,6,29,1.1780972450961724,5.6941366846315002,0.76053426032194626,0.21049204348490291,-1.0163454923057598,0.76053426032194671,0.21049204348490289,4.4495572620543707e-16
0.05000000000000001,6,30,1.1780972450961724,5.8904862254808616,0.84506039245290909,0.14498944129625874,-0.70007095115665074,0.8450603924529092,0.14498944129625893,2.2377260456559048e-16
0.05000000000000001,6,31,1.1780972450961724,6.0868357663302239,0.89711132761723444,0.073914976189614734,-0.35689307595890496,0.89711132761723478,0.073914976189614859,3.5571561302006606e-16
0.05000000000000001,7,0,1.3744467859455345,0,0.9710263038068494,2.3185836664059652e-17,-5.5264715334403673e-16,0.97102630380684951,-0,1.1341752362792427e-16
0.05000000000000001,7,1,1.3744467859455345,0.19634954084936207,0.95236830565811326,-0.037681528091054739,0.37887566859161809,0.95236830565811337,-0.03768152809105476,1.1295700899707568e-16
0.05000000000000001,7,2,1.3744467859455345,0.39269908169872414,0.89711132761723478,-0.073914976189614678,0.74319135771518297,0.89711132761723478,-0.073914976189614706,2.7755575615628914e-17
0.05000000000000001,7,3,1.3744467859455345,0.58904862254808621,0.80737886436185458,-0.10730791320520391,1.078946619748268,0.80737886436185469,-0.10730791320520394,1.1443916996305594e-16
0.05000000000000001,7,4,1.3744467859455345,0.78539816339744828,0.68661928413233198,-0.13657706729528823,1.3732385682646637,0.68661928413233198,-0.13657706729528823,0
0.05000000000000001,7,5,1.3744467859455345,0.98174770424681035,0.53947330987413422,-0.16059764128251633,1.6147577287237092,0.53947330987413455,-0.16059764128251636,3.3422138886441676e-16
0.05000000000000001,7,6,1.3744467859455345,1.1780972450961724,0.37159567885759159,-0.1784465379794522,1.7942226552344689,0.37159567885759165,-0.1784465379794522,5.5511151231257827e-17
0.05000000000000001,7,7,1.3744467859455345,1.3744467859455345,0.1894378342958091,-0.18943783429580913,1.9047366113162258,0.18943783429580913,-0.18943783429580913,2.7755575615628914e-17
0.05000000000000001,7,8,1.3744467859455345,1.5707963267948966,1.0295929182103043e-16,-0.1931491408781395,1.9420526076136986,5.9458212742247176e-17,-0.19314914087813953,5.1601510237331702e-17
0.05000000000000001,7,9,1.3744467859455345,1.7671458676442586,-0.18943783429580893,-0.18943783429580913,1.9047366113162258,-0.18943783429580899,-0.18943783429580913,5.5511151231257827e-17
0.05000000000000001,7,10,1.3744467859455345,1.9634954084936207,-0.37159567885759137,-0.17844653797945223,1.7942226552344687,-0.37159567885759154,-0.1784465379794522,1.6883057536160649e-16
0.05000000000000001,7,11,1.3744467859455345,2.1598449493429825,-0.539473309874134,-0.16059764128251638,1.6147577287237096,-0.53947330987413422,-0.16059764128251641,2.2377260456559048e-16
0.05000000000000001,7,12,1.3744467859455345,2.3561944901923448,-0.68661928413233175,-0.13657706729528826,1.3732385682646646,-0.68661928413233186,-0.13657706729528826,1.1102230246251565e-16
0.05000000000000001,7,13,1.3744467859455345,2.5525440310417071,-0.80737886436185435,-0.10730791320520394,1.0789466197482682,-0.8073788643618548,-0.10730791320520394,4.4408920985006262e-16
0.05000000000000001,7,14,1.3744467859455345,2.748893571891069,-0.89711132761723467,-0.073914976189614734,0.74319135771518274,-0.89711132761723478,-0.073914976189614734,1.1102230246251565e-16
0.05000000000000001,7,15,1.3744467859455345,2.9452431127404308,-0.95236830565811303,-0.037681528091054795,0.3788756685916182,-0.95236830565811337,-0.037681528091054829,3.3486903561235222e-16
0.05000000000000001,7,16,1.3744467859455345,3.1415926535897931,-0.97102630380684907,-2.5275941812788628e-17,-1.333009489043123e-17,-0.97102630380684951,-2.3653947713447476e-17,4.4409217193068292e-16
0.05000000000000001,7,17,1.3744467859455345,3.3379421944391554,-0.95236830565811303,0.037681528091054732,-0.37887566859161775,-0.95236830565811337,0.037681528091054781,3.3659000130511772e-16
0.05000000000000001,7,18,1.3744467859455345,3.5342917352885173,-0.89711132761723467,0.073914976189614678,-0.74319135771518197,-0.89711132761723489,0.073914976189614692,2.2247786310271853e-16
0.05000000000000001,7,19,1.3744467859455345,3.7306412761378791,-0.80737886436185458,0.1073079132052039,-1.0789466197482682,-0.80737886436185491,0.1073079132052039,3.3306690738754696e-16
0.05000000000000001,7,20,1.3744467859455345,3.9269908169872414,-0.68661928413233198,0.13657706729528821,-1.3732385682646644,-0.68661928413233209,0.13657706729528823,1.1443916996305594e-16
0.05000000000000001,7,21,1.3744467859455345,4.1233403578366037,-0.53947330987413422,0.1605976412825163,-1.6147577287237087,-0.53947330987413444,0.16059764128251636,2.2887833992611187e-16
0.05000000000000001,7,22,1.3744467859455345,4.3196898986859651,-0.37159567885759182,0.17844653797945217,-1.7942226552344676,-0.37159567885759215,0.17844653797945217,3.3306690738754696e-16
0.05000000000000001,7,23,1.3744467859455345,4.5160394395353274,-0.18943783429580943,0.18943783429580913,-1.9047366113162263,-0.18943783429580946,0.18943783429580913,2.7755575615628914e-17
0.05000000000000001,7,24,1.3744467859455345,4.7123889803846897,-1.7220558965595594e-16,0.1931491408781395,-1.9420526076137004,-1.7837463822674154e-16,0.19314914087813953,2.8432888316588699e-17
0.05000000000000001,7,25,1.3744467859455345,4.908738521234052,0.18943783429580913,0.1894378342958091,-1.9047366113162267,0.1894378342958091,0.18943783429580913,3.9252311467094379e-17
0.05000000000000001,7,26,1.3744467859455345,5.1050880620834143,0.37159567885759154,0.1784465379794522,-1.7942226552344682,0.37159567885759182,0.1784465379794522,2.7755575615628914e-16
0.05000000000000001,7,27,1.3744467859455345,5.3014376029327757,0.539473309874134,0.16059764128251638,-1.6147577287237087,0.53947330987413411,0.16059764128251641,1.1443916996305594e-16
0.05000000000000001,7,28,1.3744467859455345,5.497787143782138,0.68661928413233175,0.13657706729528826,-1.3732385682646642,0.68661928413233175,0.13657706729528829,2.7755575615628914e-17
0.05000000000000001,7,29,1.3744467859455345,5.6941366846315002,0.80737886436185435,0.10730791320520396,-1.0789466197482687,0.80737886436185469,0.10730791320520394,3.3335590258932494e-16
0.05000000000000001,7,30,1.3744467859455345,5.8904862254808616,0.89711132761723456,0.07391497618961472,-0.74319135771518319,0.89711132761723456,0.073914976189614831,1.1102230246251565e-16
0.05000000000000001,7,31,1.3744467859455345,6.0868357663302239,0.95236830565811303,0.037681528091054788,-0.37887566859161875,0.95236830565811326,0.03768152809105485,2.3065952118587559e-16
0.05000000000000001,8,0,1.5707963267948966,0,0.990049833749168,-2.5097453689609884e-18,-5.1574241665212484e-16,0.99004983374916811,-0,1.1105066621094774e-16
0.05000000000000001,8,1,1.5707963267948966,0.19634954084936207,0.9710263038068494,-1.7259538154912828e-17,0.38629828175627889,0.97102630380684951,-1.1826973856723732e-17,1.1115513662864288e-16
0.05000000000000001,8,2,1.5707963267948966,0.39269908169872414,0.91468677756705852,-3.1222691417971808e-17,0.75775133718323606,0.91468677756705863,-2.3199443740776926e-17,1.1131183291711589e-16
0.05000000000000001,8,3,1.5707963267948966,0.58904862254808621,0.82319635142762004,-4.4973963779187159e-17,1.1000844336740867,0.82319635142762015,-3.3680372012269995e-17,1.115952367221652e-16
0.05000000000000001,8,4,1.5707963267948966,0.78539816339744828,0.70007095115665074,-5.9300744779513598e-17,1.4001419023133015,0.70007095115665086,-4.2866982475501766e-17,1.1223199270949023e-16
0.05000000000000001,8,5,1.5707963267948966,0.98174770424681035,0.55004221683704357,-7.3543381012436871e-17,1.6463927028552405,0.5500422168370438,-5.0406238842280734e-17,2.232468004790108e-16
0.05000000000000001,8,6,1.5707963267948966,1.1780972450961724,0.3788756685916182,-8.2253649550284808e-17,1.8293735551341166,0.3788756685916182,-5.6008411718495259e-17,2.6245237831789549e-17
0.05000000000000001,8,7,1.5707963267948966,1.3744467859455345,0.19314914087813953,-8.4988597853564606e-17,1.9420526076136981,0.19314914087813953,-5.9458212742247176e-17,2.5530385111317429e-17
0.05000000000000001,8,8,1.5707963267948966,1.5707963267948966,1.0616222040371963e-16,-8.555564549356421e-17,1.9800996674983355,6.0623067994864392e-17,-6.0623067994864392e-17,5.1917702403377002e-17
0.05000000000000001,8,9,1.5707963267948966,1.7671458676442586,-0.19314914087813934,-7.977006106980758e-17,1.9420526076136981,-0.19314914087813939,-5.9458212742247176e-17,5.9110566682289524e-17
0.05000000000000001,8,10,1.5707963267948966,1.9634954084936207,-0.37887566859161792,-6.6155988290385349e-17,1.8293735551341164,-0.37887566859161809,-5.6008411718495259e-17,1.6684233428437331e-16
0.05000000000000001,8,11,1.5707963267948966,2.1598449493429825,-0.55004221683704335,-5.6293683975668553e-17,1.6463927028552405,-0.55004221683704346,-5.0406238842280747e-17,1.111782966872445e-16
0.05000000000000001,8,12,1.5707963267948966,2.3561944901923448,-0.70007095115665052,-5.4339931750302414e-17,1.4001419023133022,-0.70007095115665074,-4.2866982475501772e-17,2.2234080853809853e-16
0.05000000000000001,8,13,1.5707963267948966,2.5525440310417071,-0.82319635142761982,-4.8798105634004836e-17,1.1000844336740869,-0.82319635142762027,-3.3680372012269995e-17,4.4434645511707491e-16
0.05000000000000001,8,14,1.5707963267948966,2.748893571891069,-0.91468677756705841,-3.4287696137172559e-17,0.75775133718323584,-0.91468677756705863,-2.3199443740776932e-17,2.2232128984314437e-16
0.05000000000000001,8,15,1.5707963267948966,2.9452431127404308,-0.97102630380684929,-1.7326225011217323e-17,0.386298281756279,-0.97102630380684951,-1.1826973856723754e-17,2.2211269288262982e-16
0.05000000000000001,8,16,1.5707963267948966,3.1415926535897931,-0.99004983374916766,-1.2822753216306555e-18,-2.6396317600503497e-17,-0.99004983374916811,-7.424184617440303e-33,4.440910610846084e-16
0.05000000000000001,8,17,1.5707963267948966,3.3379421944391554,-0.97102630380684929,1.6435971106509865e-17,-0.38629828175627851,-0.97102630380684951,1.182697385672374e-17,2.2209243443206652e-16
0.05000000000000001,8,18,1.5707963267948966,3.5342917352885173,-0.91468677756705841,3.4840429957256532e-17,-0.75775133718323495,-0.91468677756705874,2.319944374077692e-17,3.3327027673766088e-16
0.05000000000000001,8,19,1.5707963267948966,3.7306412761378791,-0.82319635142762004,4.5945413781486581e-17,-1.1000844336740867,-0.82319635142762038,3.3680372012269982e-17,3.3329265825443171e-16
0.05000000000000001,8,20,1.5707963267948966,3.9269908169872414,-0.70007095115665074,4.7395213266277484e-17,-1.4001419023133019,-0.70007095115665097,4.2866982475501766e-17,2.2209077299700627e-16
0.05000000000000001,8,21,1.5707963267948966,4.1233403578366037,-0.55004221683704357,5.419103841215927e-17,-1.6463927028552399,-0.55004221683704368,5.0406238842280734e-17,1.1108679647853052e-16
0.05000000000000001,8,22,1.5707963267948966,4.3196898986859651,-0.37887566859161836,7.6073263653905008e-17,-1.829373555134115,-0.3788756685916187,5.6008411718495247e-17,3.3367074052109319e-16
0.05000000000000001,8,23,1.5707963267948966,4.5160394395353274,-0.19314914087813984,9.275070577123382e-17,-1.9420526076136986,-0.19314914087813986,5.9458212742247164e-17,4.3344689061521935e-17
0.05000000000000001,8,24,1.5707963267948966,4.7123889803846897,-1.6416259500194695e-16,8.6262571796367011e-17,-1.9800996674983375,-1.8186920398459316e-16,6.0623067994864392e-17,3.1159399173469231e-17
0.05000000000000001,8,25,1.5707963267948966,4.908738521234052,0.19314914087813953,7.4428241620661807e-17,-1.9420526076136988,0.1931491408781395,5.9458212742247176e-17,3.1535277743750128e-17
0.05000000000000001,8,26,1.5707963267948966,5.1050880620834143,0.37887566859161809,7.452161743150097e-17,-1.8293735551341159,0.37887566859161836,5.6008411718495259e-17,2.7817249425718119e-16
0.05000000000000001,8,27,1.5707963267948966,5.3014376029327757,0.55004221683704335,7.2949022504235688e-17,-1.6463927028552401,0.55004221683704335,5.0406238842280747e-17,2.2542783661954941e-17
0.05000000000000001,8,28,1.5707963267948966,5.497787143782138,0.70007095115665052,5.9415787551043646e-17,-1.4001419023133019,0.70007095115665063,4.2866982475501778e-17,1.1224889573401866e-16
0.05000000000000001,8,29,1.5707963267948966,5.6941366846315002,0.82319635142761982,4.4193773808591493e-17,-1.1000844336740874,0.82319635142762015,3.3680372012269995e-17,3.3323279612612515e-16
0.05000000000000001,8,30,1.5707963267948966,5.8904862254808616,0.9146867775670583,3.1035350358595325e-17,-0.75775133718323628,0.91468677756705841,2.3199443740776963e-17,1.1129848640750457e-16
0.05000000000000001,8,31,1.5707963267948966,6.0868357663302239,0.97102630380684918,1.4695255391080762e-17,-0.38629828175627956,0.9710263038068494,1.1826973856723761e-17,2.2206312979707725e-16
0.05000000000000001,9,0,1.7671458676442586,0,0.9710263038068494,-2.4105061461924019e-17,-4.8320374496074644e-16,0.97102630380684951,0,1.1360900330590636e-16
0.05000000000000001,9,1,1.7671458676442586,0.19634954084936207,0.95236830565811326,0.037681528091054697,0.37887566859161803,0.95236830565811337,0.037681528091054732,1.1631705747361534e-16
0.05000000000000001,9,2,1.7671458676442586,0.39269908169872414,0.89711132761723478,0.073914976189614609,0.74319135771518274,0.89711132761723478,0.073914976189614651,4.163336342344337e-17
0.05000000000000001,9,3,1.7671458676442586,0.58904862254808621,0.80737886436185458,0.10730791320520382,1.078946619748268,0.80737886436185469,0.10730791320520387,1.2412670766236366e-16
0.05000000000000001,9,4,1.7671458676442586,0.78539816339744828,0.68661928413233198,0.1365770672952881,1.373238568264664,0.68661928413233198,0.13657706729528815,5.5511151231257827e-17
0.05000000000000001,9,5,1.7671458676442586,0.98174770424681035,0.53947330987413422,0.16059764128251619,1.6147577287237089,0.53947330987413455,0.16059764128251625,3.3766115072321297e-16
0.05000000000000001,9,6,1.7671458676442586,1.1780972450961724,0.37159567885759165,0.17844653797945204,1.7942226552344687,0.37159567885759165,0.17844653797945209,5.5511151231257827e-17
0.05000000000000001,9,7,1.7671458676442586,1.3744467859455345,0.18943783429580913,0.18943783429580893,1.9047366113162256,0.18943783429580913,0.18943783429580899,5.5511151231257827e-17
0.05000000000000001,9,8,1.7671458676442586,1.5707963267948966,1.0429630917273253e-16,0.19314914087813928,1.9420526076136981,5.9458212742247176e-17,0.19314914087813939,1.1973473403982578e-16
0.05000000000000001,9,9,1.7671458676442586,1.7671458676442586,-0.18943783429580893,0.1894378342958089,1.9047366113162256,-0.18943783429580899,0.18943783429580899,1.0007415106216802e-16
0.05000000000000001,9,10,1.7671458676442586,1.9634954084936207,-0.37159567885759137,0.17844653797945204,1.7942226552344684,-0.37159567885759154,0.17844653797945209,1.7554167342883506e-16
0.05000000000000001,9,11,1.7671458676442586,2.1598449493429825,-0.539473309874134,0.16059764128251622,1.6147577287237092,-0.53947330987413422,0.1605976412825163,2.3714374201337736e-16
0.05000000000000001,9,12,1.7671458676442586,2.3561944901923448,-0.68661928413233175,0.13657706729528815,1.3732385682646644,-0.68661928413233186,0.13657706729528815,1.1102230246251565e-16
0.05000000000000001,9,13,1.7671458676442586,2.5525440310417071,-0.80737886436185435,0.10730791320520384,1.0789466197482682,-0.8073788643618548,0.10730791320520387,4.4495572620543707e-16
0.05000000000000001,9,14,1.7671458676442586,2.748893571891069,-0.89711132761723467,0.073914976189614637,0.74319135771518263,-0.89711132761723478,0.073914976189614678,1.1857187100668868e-16
0.05000000000000001,9,15,1.7671458676442586,2.9452431127404308,-0.95236830565811315,0.037681528091054746,0.37887566859161809,-0.95236830565811337,0.037681528091054801,2.2887833992611187e-16
0.05000000000000001,9,16,1.7671458676442586,3.1415926535897931,-0.97102630380684918,2.4712029405217668e-17,1.0349547832780214e-17,-0.97102630380684951,2.3653947713447461e-17,3.3306858803191162e-16
0.05000000000000001,9,17,1.7671458676442586,3.3379421944391554,-0.95236830565811315,-0.037681528091054683,-0.37887566859161764,-0.95236830565811337,-0.037681528091054753,2.3263411494723067e-16
0.05000000000000001,9,18,1.7671458676442586,3.5342917352885173,-0.89711132761723467,-0.073914976189614609,-0.74319135771518174,-0.89711132761723489,-0.073914976189614637,2.2377260456559048e-16
0.05000000000000001,9,19,1.7671458676442586,3.7306412761378791,-0.80737886436185458,-0.1073079132052038,-1.078946619748268,-0.80737886436185491,-0.10730791320520383,3.3422138886441676e-16
0.05000000000000001,9,20,1.7671458676442586,3.9269908169872414,-0.68661928413233198,-0.13657706729528807,-1.3732385682646642,-0.68661928413233209,-0.13657706729528815,1.3877787807814457e-16
0.05000000000000001,9,21,1.7671458676442586,4.1233403578366037,-0.53947330987413422,-0.16059764128251613,-1.614757728723708,-0.53947330987413444,-0.16059764128251625,2.4825341532472731e-16
0.05000000000000001,9,22,1.7671458676442586,4.3196898986859651,-0.37159567885759182,-0.17844653797945198,-1.7942226552344671,-0.37159567885759215,-0.17844653797945204,3.3766115072321297e-16
0.05000000000000001,9,23,1.7671458676442586,4.5160394395353274,-0.18943783429580943,-0.18943783429580893,-1.9047366113162263,-0.18943783429580946,-0.18943783429580899,6.2063353831181828e-17
0.05000000000000001,9,24,1.7671458676442586,4.7123889803846897,-1.4430795923412378e-16,-0.19314914087813928,-1.9420526076136999,-1.7837463822674154e-16,-0.19314914087813939,1.1613134917697449e-16
0.05000000000000001,9,25,1.7671458676442586,4.908738521234052,0.18943783429580913,-0.18943783429580896,-1.9047366113162263,0.1894378342958091,-0.18943783429580899,3.9252311467094379e-17
0.05000000000000001,9,26,1.7671458676442586,5.1050880620834143,0.37159567885759154,-0.17844653797945201,-1.794222655234468,0.37159567885759182,-0.17844653797945206,2.8305244335018379e-16
0.05000000000000001,9,27,1.7671458676442586,5.3014376029327757,0.539473309874134,-0.16059764128251622,-1.6147577287237087,0.53947330987413411,-0.1605976412825163,1.3877787807814457e-16
0.05000000000000001,9,28,1.7671458676442586,5.497787143782138,0.68661928413233175,-0.13657706729528815,-1.373238568264664,0.68661928413233175,-0.13657706729528818,2.7755575615628914e-17
0.05000000000000001,9,29,1.7671458676442586,5.6941366846315002,0.80737886436185435,-0.10730791320520384,-1.0789466197482687,0.80737886436185469,-0.10730791320520387,3.3422138886441676e-16
0.05000000000000001,9,30,1.7671458676442586,5.8904862254808616,0.89711132761723456,-0.073914976189614651,-0.74319135771518308,0.89711132761723456,-0.073914976189614776,1.2490009027033011e-16
0.05000000000000001,9,31,1.7671458676442586,6.0868357663302239,0.95236830565811303,-0.037681528091054739,-0.37887566859161864,0.95236830565811326,-0.037681528091054822,2.3714374201337736e-16
0.05000000000000001,10,0,1.9634954084936207,0,0.91468677756705852,-5.72969986133456e-17,-5.5950786774944066e-16,0.91468677756705863,0,1.2493557417395591e-16
0.05000000000000001,10,1,1.9634954084936207,0.19634954084936207,0.89711132761723467,0.073914976189614554,0.35689307595890429,0.89711132761723489,0.073914976189614665,2.4825341532472731e-16
0.05000000000000001,10,2,1.9634954084936207,0.39269908169872414,0.84506039245290943,0.14498944129625851,0.7000709511566503,0.84506039245290943,0.14498944129625865,1.3877787807814457e-16
0.05000000000000001,10,3,1.9634954084936207,0.58904862254808621,0.76053426032194649,0.21049204348490269,1.0163454923057587,0.76053426032194671,0.21049204348490283,2.6184557666721351e-16
0.05000000000000001,10,4,1.9634954084936207,0.78539816339744828,0.64678122307933839,0.26790555448772002,1.2935624461586761,0.64678122307933839,0.26790555448772019,1.6653345369377348e-16
0.05000000000000001,10,5,1.9634954084936207,0.98174770424681035,0.50817274615287966,0.3150236052747401,1.5210685206438928,0.50817274615287988,0.31502360527474033,3.1401849173675503e-16
0.05000000000000001,10,6,1.9634954084936207,1.1780972450961724,0.35003547557832543,0.35003547557832515,1.6901207849058182,0.35003547557832543,0.35003547557832532,1.6653345369377348e-16
0.05000000000000001,10,7,1.9634954084936207,1.3744467859455345,0.17844653797945223,0.37159567885759137,1.7942226552344689,0.1784465379794522,0.37159567885759154,1.6883057536160649e-16
0.05000000000000001,10,8,1.9634954084936207,1.5707963267948966,1.0162390430650306e-16,0.37887566859161786,1.8293735551341166,5.6008411718495271e-17,0.37887566859161809,2.266816704993146e-16
0.05000000000000001,10,9,1.9634954084936207,1.7671458676442586,-0.17844653797945204,0.37159567885759137,1.7942226552344689,-0.17844653797945209,0.37159567885759154,1.7554167342883506e-16
0.05000000000000001,10,10,1.9634954084936207,1.9634954084936207,-0.35003547557832521,0.35003547557832521,1.6901207849058175,-0.35003547557832537,0.35003547557832532,2.0014830212433605e-16
0.05000000000000001,10,11,1.9634954084936207,2.1598449493429825,-0.50817274615287944,0.31502360527474021,1.521068520643893,-0.50817274615287955,0.31502360527474038,2.0014830212433605e-16
0.05000000000000001,10,12,1.9634954084936207,2.3561944901923448,-0.64678122307933816,0.26790555448772013,1.293562446158677,-0.64678122307933839,0.26790555448772019,2.2887833992611187e-16
0.05000000000000001,10,13,1.9634954084936207,2.5525440310417071,-0.76053426032194626,0.21049204348490275,1.0163454923057593,-0.76053426032194682,0.21049204348490283,5.6132177839609234e-16
0.05000000000000001,10,14,1.9634954084936207,2.748893571891069,-0.8450603924529092,0.14498944129625857,0.70007095115665041,-0.84506039245290943,0.14498944129625868,2.4825341532472731e-16
0.05000000000000001,10,15,1.9634954084936207,2.9452431127404308,-0.89711132761723478,0.073914976189614665,0.35689307595890457,-0.89711132761723489,0.073914976189614803,1.7772239894833365e-16
0.05000000000000001,10,16,1.9634954084936207,3.1415926535897931,-0.9146867775670583,6.2662257532612673e-17,2.7048692218967444e-17,-0.91468677756705863,4.6398887481553846e-17,3.3346373416328568e-16
0.05000000000000001,10,17,1.9634954084936207,3.3379421944391554,-0.89711132761723467,-0.07391497618961454,-0.35689307595890413,-0.89711132761723489,-0.073914976189614706,2.7755575615628914e-16
0.05000000000000001,10,18,1.9634954084936207,3.5342917352885173,-0.8450603924529092,-0.14498944129625851,-0.70007095115664963,-0.84506039245290954,-0.1449894412962586,3.4331750988916778e-16
0.05000000000000001,10,19,1.9634954084936207,3.7306412761378791,-0.76053426032194649,-0.21049204348490266,-1.0163454923057589,-0.76053426032194682,-0.21049204348490275,3.4331750988916778e-16
0.05000000000000001,10,20,1.9634954084936207,3.9269908169872414,-0.64678122307933839,-0.26790555448772002,-1.2935624461586765,-0.6467812230793385,-0.26790555448772019,2.0014830212433605e-16
0.05000000000000001,10,21,1.9634954084936207,4.1233403578366037,-0.50817274615287966,-0.31502360527474005,-1.5210685206438921,-0.50817274615287977,-0.31502360527474033,2.9893669801409083e-16
0.05000000000000001,10,22,1.9634954084936207,4.3196898986859651,-0.35003547557832559,-0.35003547557832504,-1.6901207849058169,-0.35003547557832593,-0.35003547557832526,4.002966042486721e-16
0.05000000000000001,10,23,1.9634954084936207,4.5160394395353274,-0.17844653797945254,-0.37159567885759132,-1.7942226552344696,-0.17844653797945251,-0.37159567885759148,1.6883057536160649e-16
0.05000000000000001,10,24,1.9634954084936207,4.7123889803846897,-1.1626161779505907e-16,-0.37887566859161792,-1.8293735551341181,-1.680252351554858e-16,-0.37887566859161809,1.7439284182962577e-16
0.05000000000000001,10,25,1.9634954084936207,4.908738521234052,0.17844653797945223,-0.37159567885759137,-1.7942226552344691,0.1784465379794522,-0.37159567885759154,1.6883057536160649e-16
0.05000000000000001,10,26,1.9634954084936207,5.1050880620834143,0.35003547557832537,-0.35003547557832515,-1.6901207849058171,0.35003547557832559,-0.35003547557832526,2.4825341532472731e-16
0.05000000000000001,10,27,1.9634954084936207,5.3014376029327757,0.50817274615287944,-0.31502360527474021,-1.5210685206438925,0.50817274615287944,-0.31502360527474038,1.6653345369377348e-16
0.05000000000000001,10,28,1.9634954084936207,5.497787143782138,0.64678122307933816,-0.26790555448772008,-1.2935624461586763,0.64678122307933827,-0.26790555448772024,2.0014830212433605e-16
0.05000000000000001,10,29,1.9634954084936207,5.6941366846315002,0.76053426032194626,-0.21049204348490277,-1.0163454923057591,0.76053426032194671,-0.21049204348490283,4.4754520913118096e-16
0.05000000000000001,10,30,1.9634954084936207,5.8904862254808616,0.84506039245290909,-0.1449894412962586,-0.70007095115665063,0.8450603924529092,-0.14498944129625888,2.9893669801409083e-16
0.05000000000000001,10,31,1.9634954084936207,6.0868357663302239,0.89711132761723456,-0.073914976189614665,-0.35689307595890502,0.89711132761723478,-0.073914976189614845,2.8609792490763985e-16
0.05000000000000001,11,0,2.1598449493429825,0,0.82319635142762015,-1.0065916199149397e-16,-3.6855762981151949e-16,0.82319635142762038,0,2.4379514652499353e-16
0.05000000000000001,11,1,2.1598449493429825,0.19634954084936207,0.80737886436185458,0.10730791320520373,0.3211952825650331,0.80737886436185491,0.10730791320520384,3.5108334685767012e-16
0.05000000000000001,11,2,2.1598449493429825,0.39269908169872414,0.7605342603219466,0.21049204348490269,0.63004721054948054,0.76053426032194682,0.21049204348490277,2.3714374201337736e-16
0.05000000000000001,11,3,2.1598449493429825,0.58904862254808621,0.68446275117039312,0.30558708257877465,0.91468677756705752,0.68446275117039335,0.30558708257877476,2.4825341532472731e-16
0.05000000000000001,11,4,2.1598449493429825,0.78539816339744828,0.58208772234249451,0.38893858146435478,1.1641754446849888,0.58208772234249473,0.38893858146435478,2.2204460492503131e-16
0.05000000000000001,11,5,2.1598449493429825,0.98174770424681035,0.4573433887835292,0.45734338878352893,1.3689255023407867,0.45734338878352948,0.45734338878352904,2.9893669801409083e-16
0.05000000000000001,11,6,2.1598449493429825,1.1780972450961724,0.31502360527474044,0.50817274615287955,1.5210685206438932,0.31502360527474049,0.50817274615287955,5.5511151231257827e-17
0.05000000000000001,11,7,2.1598449493429825,1.3744467859455345,0.16059764128251638,0.53947330987413411,1.6147577287237094,0.16059764128251641,0.53947330987413411,2.7755575615628914e-17
0.05000000000000001,11,8,2.1598449493429825,1.5707963267948966,8.7635948306318811e-17,0.55004221683704335,1.6463927028552405,5.0406238842280753e-17,0.55004221683704346,1.1709826177554898e-16
0.05000000000000001,11,9,2.1598449493429825,1.7671458676442586,-0.16059764128251625,0.53947330987413411,1.6147577287237094,-0.1605976412825163,0.53947330987413411,5.5511151231257827e-17
0.05000000000000001,11,10,2.1598449493429825,1.9634954084936207,-0.31502360527474021,0.50817274615287955,1.5210685206438928,-0.31502360527474038,0.50817274615287955,1.6653345369377348e-16
0.05000000000000001,11,11,2.1598449493429825,2.1598449493429825,-0.45734338878352904,0.45734338878352909,1.3689255023407867,-0.4573433887835292,0.45734338878352915,1.7554167342883506e-16
0.05000000000000001,11,12,2.1598449493429825,2.3561944901923448,-0.58208772234249428,0.38893858146435489,1.1641754446849895,-0.58208772234249462,0.38893858146435484,3.3766115072321297e-16
0.05000000000000001,11,13,2.1598449493429825,2.5525440310417071,-0.68446275117039279,0.30558708257877487,0.91468677756705874,-0.68446275117039335,0.30558708257877476,5.6610488670036757e-16
0.05000000000000001,11,14,2.1598449493429825,2.748893571891069,-0.76053426032194649,0.2104920434849028,0.63004721054948098,-0.76053426032194682,0.21049204348490283,3.3422138886441676e-16
0.05000000000000001,11,15,2.1598449493429825,2.9452431127404308,-0.80737886436185458,0.10730791320520393,0.32119528256503316,-0.80737886436185491,0.10730791320520405,3.5571561302006606e-16
0.05000000000000001,11,16,2.1598449493429825,3.1415926535897931,-0.82319635142762004,9.242354812657243e-17,-2.7409238932349256e-16,-0.82319635142762038,6.7360744024539965e-17,3.3400854621725122e-16
0.05000000000000001,11,17,2.1598449493429825,3.3379421944391554,-0.80737886436185446,-0.10730791320520376,-0.32119528256503288,-0.80737886436185491,-0.10730791320520391,4.6959448317919848e-16
0.05000000000000001,11,18,2.1598449493429825,3.5342917352885173,-0.76053426032194649,-0.21049204348490272,-0.63004721054947987,-0.76053426032194693,-0.21049204348490272,4.4408920985006262e-16
0.05000000000000001,11,19,2.1598449493429825,3.7306412761378791,-0.68446275117039312,-0.30558708257877465,-0.91468677756705796,-0.68446275117039346,-0.30558708257877465,3.3306690738754696e-16
0.05000000000000001,11,20,2.1598449493429825,3.9269908169872414,-0.58208772234249462,-0.38893858146435473,-1.1641754446849892,-0.58208772234249473,-0.38893858146435478,1.2412670766236366e-16
0.05000000000000001,11,21,2.1598449493429825,4.1233403578366037,-0.4573433887835292,-0.45734338878352893,-1.3689255023407862,-0.45734338878352937,-0.45734338878352904,2.0014830212433605e-16
0.05000000000000001,11,22,2.1598449493429825,4.3196898986859651,-0.3150236052747406,-0.50817274615287944,-1.5210685206438925,-0.31502360527474088,-0.50817274615287944,2.7755575615628914e-16
0.05000000000000001,11,23,2.1598449493429825,4.5160394395353274,-0.16059764128251663,-0.53947330987413411,-1.61475772872371,-0.16059764128251669,-0.53947330987413411,5.5511151231257827e-17
0.05000000000000001,11,24,2.1598449493429825,4.7123889803846897,-8.5134007060117942e-17,-0.55004221683704346,-1.6463927028552421,-1.5121871652684223e-16,-0.55004221683704346,6.6084709466724293e-17
0.05000000000000001,11,25,2.1598449493429825,4.908738521234052,0.16059764128251636,-0.53947330987413411,-1.6147577287237092,0.16059764128251638,-0.53947330987413411,2.7755575615628914e-17
0.05000000000000001,11,26,2.1598449493429825,5.1050880620834143,0.31502360527474038,-0.50817274615287944,-1.5210685206438925,0.3150236052747406,-0.50817274615287944,2.2204460492503131e-16
0.05000000000000001,11,27,2.1598449493429825,5.3014376029327757,0.45734338878352904,-0.45734338878352898,-1.3689255023407862,0.45734338878352909,-0.45734338878352915,1.7554167342883506e-16
0.05000000000000001,11,28,2.1598449493429825,5.497787143782138,0.58208772234249428,-0.38893858146435484,-1.1641754446849892,0.58208772234249451,-0.38893858146435489,2.2887833992611187e-16
0.05000000000000001,11,29,2.1598449493429825,5.6941366846315002,0.68446275117039279,-0.30558708257877482,-0.91468677756705863,0.68446275117039335,-0.30558708257877476,5.5788016545937291e-16
0.05000000000000001,11,30,2.1598449493429825,5.8904862254808616,0.76053426032194649,-0.2104920434849028,-0.6300472105494811,0.7605342603219466,-0.21049204348490311,3.2487068343022356e-16
0.05000000000000001,11,31,2.1598449493429825,6.0868357663302239,0.80737886436185446,-0.10730791320520393,-0.3211952825650336,0.8073788643618548,-0.10730791320520411,3.7878989011964018e-16
0.05000000000000001,12,0,2.3561944901923448,0,0.70007095115665086,-1.1133761385946225e-16,2.3773621164378939e-17,0.70007095115665086,0,1.1133761385946225e-16
0.05000000000000001,12,1,2.3561944901923448,0.19634954084936207,0.68661928413233209,0.13657706729528807,0.27315413459057702,0.68661928413233209,0.13657706729528818,1.1102230246251565e-16
0.05000000000000001,12,2,2.3561944901923448,0.39269908169872414,0.64678122307933839,0.26790555448772008,0.53581110897544049,0.6467812230793385,0.26790555448772024,2.0014830212433605e-16
0.05000000000000001,12,3,2.3561944901923448,0.58904862254808621,0.58208772234249451,0.38893858146435478,0.77787716292870945,0.58208772234249462,0.388938581464355,2.4825341532472731e-16
0.05000000000000001,12,4,2.3561944901923448,0.78539816339744828,0.49502491687458411,0.49502491687458389,0.99004983374916866,0.49502491687458416,0.495024916874584,1.2412670766236366e-16
0.05000000000000001,12,5,2.3561944901923448,0.98174770424681035,0.388938581464355,0.58208772234249417,1.1641754446849899,0.38893858146435512,0.58208772234249451,3.5108334685767012e-16
0.05000000000000001,12,6,2.3561944901923448,1.1780972450961724,0.2679055544877203,0.64678122307933816,1.293562446158677,0.2679055544877203,0.64678122307933839,2.2204460492503131e-16
0.05000000000000001,12,7,2.3561944901923448,1.3744467859455345,0.13657706729528829,0.68661928413233175,1.3732385682646644,0.13657706729528826,0.68661928413233198,2.2377260456559048e-16
0.05000000000000001,12,8,2.3561944901923448,1.5707963267948966,6.5697838720535227e-17,0.70007095115665052,1.4001419023133022,4.2866982475501778e-17,0.70007095115665074,2.232152650989502e-16
0.05000000000000001,12,9,2.3561944901923448,1.7671458676442586,-0.13657706729528815,0.68661928413233175,1.3732385682646642,-0.13657706729528818,0.68661928413233198,2.2377260456559048e-16
0.05000000000000001,12,10,2.3561944901923448,1.9634954084936207,-0.26790555448772013,0.64678122307933827,1.2935624461586768,-0.26790555448772024,0.64678122307933839,1.5700924586837752e-16
0.05000000000000001,12,11,2.3561944901923448,2.1598449493429825,-0.38893858146435484,0.58208772234249428,1.1641754446849897,-0.38893858146435489,0.58208772234249462,3.3766115072321297e-16
0.05000000000000001,12,12,2.3561944901923448,2.3561944901923448,-0.495024916874584,0.49502491687458394,0.99004983374916888,-0.49502491687458405,0.49502491687458405,1.2412670766236366e-16
0.05000000000000001,12,13,2.3561944901923448,2.5525440310417071,-0.58208772234249428,0.38893858146435495,0.77787716292871012,-0.58208772234249462,0.388938581464355,3.3766115072321297e-16
0.05000000000000001,12,14,2.3561944901923448,2.748893571891069,-0.64678122307933839,0.2679055544877203,0.53581110897544093,-0.6467812230793385,0.2679055544877203,1.1102230246251565e-16
0.05000000000000001,12,15,2.3561944901923448,2.9452431127404308,-0.68661928413233198,0.13657706729528829,0.2731541345905768,-0.68661928413233209,0.13657706729528843,1.7772239894833365e-16
0.05000000000000001,12,16,2.3561944901923448,3.1415926535897931,-0.70007095115665074,8.5477933054598688e-17,-4.580576078488785e-16,-0.70007095115665086,8.5733964951003544e-17,1.11022597683581e-16
0.05000000000000001,12,17,2.3561944901923448,3.3379421944391554,-0.68661928413233198,-0.1365770672952881,-0.27315413459057658,-0.68661928413233209,-0.13657706729528826,2.0014830212433605e-16
0.05000000000000001,12,18,2.3561944901923448,3.5342917352885173,-0.64678122307933839,-0.26790555448772008,-0.53581110897543971,-0.6467812230793385,-0.26790555448772013,1.2412670766236366e-16
0.05000000000000001,12,19,2.3561944901923448,3.7306412761378791,-0.58208772234249451,-0.38893858146435478,-0.77787716292871001,-0.58208772234249473,-0.38893858146435484,2.2887833992611187e-16
0.05000000000000001,12,20,2.3561944901923448,3.9269908169872414,-0.49502491687458411,-0.49502491687458389,-0.99004983374916911,-0.49502491687458422,-0.495024916874584,1.5700924586837752e-16
0.05000000000000001,12,21,2.3561944901923448,4.1233403578366037,-0.388938581464355,-0.58208772234249417,-1.164175444684989,-0.38893858146435506,-0.58208772234249451,3.3766115072321297e-16
0.05000000000000001,12,22,2.3561944901923448,4.3196898986859651,-0.26790555448772052,-0.64678122307933805,-1.2935624461586761,-0.26790555448772063,-0.64678122307933816,1.5700924586837752e-16
0.05000000000000001,12,23,2.3561944901923448,4.5160394395353274,-0.13657706729528851,-0.68661928413233175,-1.3732385682646651,-0.13657706729528848,-0.68661928413233186,1.1443916996305594e-16
0.05000000000000001,12,24,2.3561944901923448,4.7123889803846897,-5.9584022156585751e-17,-0.70007095115665052,-1.400141902313303,-1.2860094742650532e-16,-0.70007095115665074,2.3252342365883677e-16
0.05000000000000001,12,25,2.3561944901923448,4.908738521234052,0.13657706729528829,-0.68661928413233175,-1.3732385682646642,0.13657706729528823,-0.68661928413233198,2.2887833992611187e-16
0.05000000000000001,12,26,2.3561944901923448,5.1050880620834143,0.26790555448772019,-0.64678122307933816,-1.2935624461586765,0.26790555448772041,-0.64678122307933827,2.4825341532472731e-16
0.05000000000000001,12,27,2.3561944901923448,5.3014376029327757,0.38893858146435484,-0.58208772234249428,-1.1641754446849897,0.38893858146435484,-0.58208772234249462,3.3306690738754696e-16
0.05000000000000001,12,28,2.3561944901923448,5.497787143782138,0.495024916874584,-0.49502491687458394,-0.99004983374916877,0.495024916874584,-0.49502491687458416,2.2204460492503131e-16
0.05000000000000001,12,29,2.3561944901923448,5.6941366846315002,0.5820877223424944,-0.38893858146435495,-0.77787716292871056,0.58208772234249462,-0.388938581464355,2.2887833992611187e-16
0.05000000000000001,12,30,2.3561944901923448,5.8904862254808616,0.64678122307933827,-0.2679055544877203,-0.53581110897544126,0.64678122307933827,-0.26790555448772063,3.3306690738754696e-16
0.05000000000000001,12,31,2.3561944901923448,6.0868357663302239,0.68661928413233186,-0.13657706729528829,-0.27315413459057725,0.68661928413233198,-0.13657706729528851,2.4825341532472731e-16
0.05000000000000001,13,0,2.5525440310417071,0,0.5500422168370438,-9.836064258861794e-17,-9.2509750058183663e-18,0.55004221683704368,0,1.483265574822127e-16
0.05000000000000001,13,1,2.5525440310417071,0.19634954084936207,0.53947330987413444,0.16059764128251619,0.21461582641040802,0.53947330987413433,0.1605976412825163,1.5700924586837752e-16
0.05000000000000001,13,2,2.5525440310417071,0.39269908169872414,0.50817274615287988,0.31502360527474016,0.42098408696980555,0.50817274615287977,0.31502360527474038,2.4825341532472731e-16
0.05000000000000001,13,3,2.5525440310417071,0.58904862254808621,0.45734338878352931,0.45734338878352898,0.61117416515754919,0.45734338878352926,0.45734338878352931,3.3766115072321297e-16
0.05000000000000001,13,4,2.5525440310417071,0.78539816339744828,0.38893858146435512,0.58208772234249417,0.7778771629287099,0.388938581464355,0.58208772234249451,3.5108334685767012e-16
0.05000000000000001,13,5,2.5525440310417071,0.98174770424681035,0.30558708257877493,0.68446275117039268,0.91468677756705863,0.30558708257877498,0.68446275117039324,5.5788016545937291e-16
0.05000000000000001,13,6,2.5525440310417071,1.1780972450961724,0.21049204348490291,0.76053426032194638,1.0163454923057593,0.21049204348490289,0.76053426032194671,3.3422138886441676e-16
0.05000000000000001,13,7,2.5525440310417071,1.3744467859455345,0.10730791320520396,0.80737886436185435,1.0789466197482682,0.10730791320520394,0.8073788643618548,4.4430599737083413e-16
0.05000000000000001,13,8,2.5525440310417071,1.5707963267948966,5.3379510007775549e-17,0.82319635142761982,1.1000844336740871,3.3680372012269995e-17,0.82319635142762027,4.4452590739238014e-16
0.05000000000000001,13,9,2.5525440310417071,1.7671458676442586,-0.10730791320520389,0.80737886436185435,1.0789466197482684,-0.10730791320520386,0.8073788643618548,4.4495572620543707e-16
0.05000000000000001,13,10,2.5525440310417071,1.9634954084936207,-0.21049204348490277,0.76053426032194649,1.0163454923057589,-0.21049204348490283,0.76053426032194671,2.2887833992611187e-16
0.05000000000000001,13,11,2.5525440310417071,2.1598449493429825,-0.30558708257877476,0.6844627511703929,0.91468677756705852,-0.30558708257877476,0.68446275117039335,4.4408920985006262e-16
0.05000000000000001,13,12,2.5525440310417071,2.3561944901923448,-0.388938581464355,0.5820877223424944,0.77787716292871034,-0.38893858146435495,0.58208772234249462,2.2887833992611187e-16
0.05000000000000001,13,13,2.5525440310417071,2.5525440310417071,-0.4573433887835292,0.45734338878352926,0.61117416515754963,-0.45734338878352931,0.45734338878352931,1.2412670766236366e-16
0.05000000000000001,13,14,2.5525440310417071,2.748893571891069,-0.50817274615287977,0.31502360527474033,0.42098408696980538,-0.50817274615287977,0.31502360527474049,1.6653345369377348e-16
0.05000000000000001,13,15,2.5525440310417071,2.9452431127404308,-0.53947330987413433,0.16059764128251636,0.21461582641040775,-0.53947330987413433,0.16059764128251661,2.4980018054066022e-16
0.05000000000000001,13,16,2.5525440310417071,3.1415926535897931,-0.55004221683704368,8.2035746114639825e-17,-8.4053853773584995e-17,-0.55004221683704368,1.0081247768456148e-16,1.8776731569921656e-17
0.05000000000000001,13,17,2.5525440310417071,3.3379421944391554,-0.53947330987413433,-0.16059764128251619,-0.21461582641040755,-0.53947330987413433,-0.16059764128251641,2.2204460492503131e-16
0.05000000000000001,13,18,2.5525440310417071,3.5342917352885173,-0.50817274615287977,-0.31502360527474016,-0.42098408696980505,-0.50817274615287977,-0.31502360527474033,1.6653345369377348e-16
0.05000000000000001,13,19,2.5525440310417071,3.7306412761378791,-0.45734338878352931,-0.45734338878352898,-0.61117416515754974,-0.45734338878352937,-0.45734338878352915,1.7554167342883506e-16
0.05000000000000001,13,20,2.5525440310417071,3.9269908169872414,-0.38893858146435506,-0.58208772234249417,-0.77787716292871012,-0.38893858146435506,-0.58208772234249451,3.3306690738754696e-16
0.05000000000000001,13,21,2.5525440310417071,4.1233403578366037,-0.30558708257877493,-0.68446275117039268,-0.91468677756705774,-0.30558708257877493,-0.68446275117039324,5.5511151231257827e-16
0.05000000000000001,13,22,2.5525440310417071,4.3196898986859651,-0.21049204348490305,-0.76053426032194626,-1.0163454923057582,-0.21049204348490316,-0.76053426032194649,2.4825341532472731e-16
0.05000000000000001,13,23,2.5525440310417071,4.5160394395353274,-0.10730791320520414,-0.80737886436185435,-1.0789466197482689,-0.10730791320520412,-0.80737886436185469,3.3335590258932494e-16
0.05000000000000001,13,24,2.5525440310417071,4.7123889803846897,-4.7770297191503758e-17,-0.82319635142761982,-1.1000844336740883,-1.0104111603680999e-16,-0.82319635142762027,4.4727285458174452e-16
0.05000000000000001,13,25,2.5525440310417071,4.908738521234052,0.10730791320520394,-0.80737886436185435,-1.078946619748268,0.10730791320520393,-0.8073788643618548,4.4430599737083413e-16
0.05000000000000001,13,26,2.5525440310417071,5.1050880620834143,0.21049204348490286,-0.76053426032194638,-1.0163454923057589,0.21049204348490297,-0.7605342603219466,2.4825341532472731e-16
0.05000000000000001,13,27,2.5525440310417071,5.3014376029327757,0.30558708257877476,-0.6844627511703929,-0.91468677756705852,0.3055870825787747,-0.68446275117039335,4.4754520913118096e-16
0.05000000000000001,13,28,2.5525440310417071,5.497787143782138,0.38893858146435495,-0.5820877223424944,-0.77787716292871012,0.38893858146435489,-0.58208772234249473,3.3766115072321297e-16
0.05000000000000001,13,29,2.5525440310417071,5.6941366846315002,0.4573433887835292,-0.4573433887835292,-0.61117416515755008,0.45734338878352926,-0.45734338878352931,1.2412670766236366e-16
0.05000000000000001,13,30,2.5525440310417071,5.8904862254808616,0.50817274615287966,-0.31502360527474038,-0.42098408696980599,0.50817274615287966,-0.31502360527474088,4.9960036108132044e-16
0.05000000000000001,13,31,2.5525440310417071,6.0868357663302239,0.53947330987413433,-0.16059764128251636,-0.21461582641040813,0.53947330987413433,-0.16059764128251669,3.3306690738754696e-16
0.05000000000000001,14,0,2.748893571891069,0,0.3788756685916182,-1.1083136137309999e-16,-2.7712616262996748e-16,0.37887566859161825,0,1.2395595417257801e-16
0.05000000000000001,14,1,2.748893571891069,0.19634954084936207,0.3715956788575917,0.17844653797945198,0.14782995237922933,0.3715956788575917,0.17844653797945215,1.6653345369377348e-16
0.05000000000000001,14,2,2.748893571891069,0.39269908169872414,0.35003547557832548,0.35003547557832521,0.28997888259251731,0.35003547557832548,0.35003547557832543,2.2204460492503131e-16
0.05000000000000001,14,3,2.748893571891069,0.58904862254808621,0.31502360527474044,0.50817274615287955,0.42098408696980516,0.31502360527474044,0.50817274615287977,2.2204460492503131e-16
0.05000000000000001,14,4,2.748893571891069,0.78539816339744828,0.26790555448772035,0.64678122307933816,0.53581110897544004,0.2679055544877203,0.64678122307933839,2.2887833992611187e-16
0.05000000000000001,14,5,2.748893571891069,0.98174770424681035,0.21049204348490289,0.76053426032194626,0.63004721054948054,0.21049204348490297,0.76053426032194671,4.5182803598830274e-16
0.05000000000000001,14,6,2.748893571891069,1.1780972450961724,0.14498944129625871,0.84506039245290909,0.70007095115665052,0.14498944129625874,0.84506039245290943,3.3422138886441676e-16
0.05000000000000001,14,7,2.748893571891069,1.3744467859455345,0.073914976189614706,0.89711132761723456,0.74319135771518263,0.07391497618961472,0.89711132761723489,3.3335590258932494e-16
0.05000000000000001,14,8,2.748893571891069,1.5707963267948966,4.6241606284871813e-17,0.9146867775670583,0.75775133718323573,2.3199443740776932e-17,0.91468677756705863,3.3386300491580864e-16
0.05000000000000001,14,9,2.748893571891069,1.7671458676442586,-0.073914976189614665,0.89711132761723467,0.74319135771518297,-0.073914976189614665,0.89711132761723489,2.2204460492503131e-16
0.05000000000000001,14,10,2.748893571891069,1.9634954084936207,-0.14498944129625865,0.84506039245290931,0.70007095115665008,-0.14498944129625868,0.84506039245290943,1.1443916996305594e-16
0.05000000000000001,14,11,2.748893571891069,2.1598449493429825,-0.21049204348490275,0.76053426032194649,0.63004721054948043,-0.21049204348490283,0.76053426032194682,3.4331750988916778e-16
0.05000000000000001,14,12,2.748893571891069,2.3561944901923448,-0.26790555448772019,0.64678122307933839,0.53581110897544071,-0.2679055544877203,0.64678122307933839,1.1102230246251565e-16
0.05000000000000001,14,13,2.748893571891069,2.5525440310417071,-0.31502360527474033,0.50817274615287977,0.42098408696980577,-0.31502360527474049,0.50817274615287977,1.6653345369377348e-16
0.05000000000000001,14,14,2.748893571891069,2.748893571891069,-0.35003547557832543,0.35003547557832537,0.28997888259251697,-0.35003547557832548,0.35003547557832548,1.2412670766236366e-16
0.05000000000000001,14,15,2.748893571891069,2.9452431127404308,-0.37159567885759165,0.1784465379794522,0.14782995237922933,-0.3715956788575917,0.17844653797945248,2.8305244335018379e-16
0.05000000000000001,14,16,2.748893571891069,3.1415926535897931,-0.37887566859161814,1.1307248022636322e-16,1.8391285037631159e-16,-0.37887566859161825,1.1201682343699054e-16,1.1102732121120125e-16
0.05000000000000001,14,17,2.748893571891069,3.3379421944391554,-0.37159567885759165,-0.17844653797945198,-0.14782995237922911,-0.3715956788575917,-0.17844653797945223,2.5589376332604516e-16
0.05000000000000001,14,18,2.748893571891069,3.5342917352885173,-0.35003547557832543,-0.35003547557832521,-0.28997888259251697,-0.35003547557832554,-0.35003547557832532,1.5700924586837752e-16
0.05000000000000001,14,19,2.748893571891069,3.7306412761378791,-0.31502360527474044,-0.50817274615287955,-0.42098408696980533,-0.31502360527474055,-0.50817274615287955,1.1102230246251565e-16
0.05000000000000001,14,20,2.748893571891069,3.9269908169872414,-0.2679055544877203,-0.64678122307933816,-0.53581110897544026,-0.26790555448772035,-0.64678122307933839,2.2887833992611187e-16
0.05000000000000001,14,21,2.748893571891069,4.1233403578366037,-0.21049204348490286,-0.76053426032194626,-0.63004721054948021,-0.21049204348490291,-0.76053426032194671,4.4754520913118096e-16
0.05000000000000001,14,22,2.748893571891069,4.3196898986859651,-0.14498944129625882,-0.84506039245290898,-0.70007095115664986,-0.14498944129625893,-0.8450603924529092,2.4825341532472731e-16
0.05000000000000001,14,23,2.748893571891069,4.5160394395353274,-0.073914976189614817,-0.89711132761723456,-0.74319135771518297,-0.073914976189614845,-0.89711132761723478,2.2377260456559048e-16
0.05000000000000001,14,24,2.748893571891069,4.7123889803846897,-4.0523044519632098e-17,-0.91468677756705841,-0.75775133718323651,-6.9598331222330794e-17,-0.91468677756705863,2.2394012341060583e-16
0.05000000000000001,14,25,2.748893571891069,4.908738521234052,0.073914976189614734,-0.89711132761723467,-0.74319135771518285,0.07391497618961472,-0.89711132761723489,2.2247786310271853e-16
0.05000000000000001,14,26,2.748893571891069,5.1050880620834143,0.14498944129625865,-0.8450603924529092,-0.70007095115664986,0.14498944129625879,-0.84506039245290931,1.7772239894833365e-16
0.05000000000000001,14,27,2.748893571891069,5.3014376029327757,0.21049204348490275,-0.76053426032194649,-0.63004721054948032,0.2104920434849028,-0.76053426032194682,3.3766115072321297e-16
0.05000000000000001,14,28,2.748893571891069,5.497787143782138,0.26790555448772024,-0.64678122307933839,-0.53581110897544049,0.26790555448772024,-0.6467812230793385,1.1102230246251565e-16
0.05000000000000001,14,29,2.748893571891069,5.6941366846315002,0.31502360527474033,-0.50817274615287977,-0.42098408696980577,0.31502360527474044,-0.50817274615287977,1.1102230246251565e-16
0.05000000000000001,14,30,2.748893571891069,5.8904862254808616,0.35003547557832537,-0.35003547557832543,-0.28997888259251725,0.35003547557832537,-0.35003547557832598,5.5511151231257827e-16
0.05000000000000001,14,31,2.748893571891069,6.0868357663302239,0.37159567885759165,-0.1784465379794522,-0.14782995237922952,0.37159567885759165,-0.17844653797945256,3.6082248300317588e-16
0.05000000000000001,15,0,2.9452431127404308,0,0.19314914087813956,-1.3796365237509648e-16,-2.2204400468538906e-16,0.19314914087813981,0,2.8536660557048878e-16
0.05000000000000001,15,1,2.9452431127404308,0.19634954084936207,0.18943783429580918,0.1894378342958089,0.075363056182109533,0.1894378342958094,0.18943783429580904,2.6184557666721351e-16
0.05000000000000001,15,2,2.9452431127404308,0.39269908169872414,0.17844653797945226,0.37159567885759143,0.14782995237922941,0.17844653797945248,0.37159567885759159,2.7755575615628914e-16
0.05000000000000001,15,3,2.9452431127404308,0.58904862254808621,0.16059764128251638,0.53947330987413411,0.21461582641040763,0.16059764128251661,0.53947330987413444,4.002966042486721e-16
0.05000000000000001,15,4,2.9452431127404308,0.78539816339744828,0.13657706729528829,0.68661928413233175,0.27315413459057636,0.13657706729528846,0.68661928413233186,2.0014830212433605e-16
0.05000000000000001,15,5,2.9452431127404308,0.98174770424681035,0.10730791320520398,0.80737886436185435,0.32119528256503288,0.10730791320520412,0.80737886436185469,3.6082248300317588e-16
0.05000000000000001,15,6,2.9452431127404308,1.1780972450961724,0.07391497618961472,0.89711132761723467,0.35689307595890457,0.073914976189614817,0.89711132761723478,1.4752290795525882e-16
0.05000000000000001,15,7,2.9452431127404308,1.3744467859455345,0.037681528091054774,0.95236830565811315,0.37887566859161814,0.037681528091054829,0.95236830565811337,2.2887833992611187e-16
0.05000000000000001,15,8,2.9452431127404308,1.5707963267948966,2.3965932395548354e-17,0.97102630380684929,0.386298281756279,1.1826973856723755e-17,0.97102630380684951,2.223761697905613e-16
0.05000000000000001,15,9,2.9452431127404308,1.7671458676442586,-0.03768152809105476,0.95236830565811315,0.37887566859161848,-0.037681528091054801,0.95236830565811337,2.2591401799415137e-16
0.05000000000000001,15,10,2.9452431127404308,1.9634954084936207,-0.073914976189614678,0.89711132761723478,0.35689307595890424,-0.073914976189614803,0.89711132761723478,1.2490009027033011e-16
0.05000000000000001,15,11,2.9452431127404308,2.1598449493429825,-0.10730791320520389,0.80737886436185458,0.32119528256503266,-0.10730791320520405,0.80737886436185491,3.7238012298709097e-16
0.05000000000000001,15,12,2.9452431127404308,2.3561944901923448,-0.13657706729528821,0.68661928413233198,0.2731541345905768,-0.13657706729528843,0.68661928413233198,2.2204460492503131e-16
0.05000000000000001,15,13,2.9452431127404308,2.5525440310417071,-0.16059764128251636,0.53947330987413433,0.21461582641040816,-0.16059764128251661,0.53947330987413444,2.7336071744532853e-16
0.05000000000000001,15,14,2.9452431127404308,2.748893571891069,-0.17844653797945223,0.37159567885759165,0.14782995237922941,-0.17844653797945248,0.3715956788575917,2.5589376332604516e-16
0.05000000000000001,15,15,2.9452431127404308,2.9452431127404308,-0.18943783429580915,0.18943783429580915,0.07536305618210952,-0.1894378342958094,0.1894378342958094,3.5327080320384938e-16
0.05000000000000001,15,16,2.9452431127404308,3.1415926535897931,-0.1931491408781395,1.335755117557504e-16,1.3307234569325927e-17,-0.19314914087813981,1.1891642548449435e-16,3.0566304670118423e-16
0.05000000000000001,15,17,2.9452431127404308,3.3379421944391554,-0.18943783429580918,-0.1894378342958089,-0.075363056182109506,-0.1894378342958094,-0.18943783429580915,3.3422138886441676e-16
0.05000000000000001,15,18,2.9452431127404308,3.5342917352885173,-0.17844653797945223,-0.37159567885759143,-0.14782995237922916,-0.17844653797945248,-0.37159567885759148,2.5589376332604516e-16
0.05000000000000001,15,19,2.9452431127404308,3.7306412761378791,-0.16059764128251641,-0.53947330987413411,-0.21461582641040763,-0.16059764128251663,-0.53947330987413422,2.4825341532472731e-16
0.05000000000000001,15,20,2.9452431127404308,3.9269908169872414,-0.13657706729528832,-0.68661928413233175,-0.27315413459057658,-0.13657706729528848,-0.68661928413233186,2.0014830212433605e-16
0.05000000000000001,15,21,2.9452431127404308,4.1233403578366037,-0.10730791320520397,-0.80737886436185435,-0.32119528256503282,-0.10730791320520409,-0.80737886436185469,3.5571561302006606e-16
0.05000000000000001,15,22,2.9452431127404308,4.3196898986859651,-0.073914976189614776,-0.89711132761723456,-0.35689307595890435,-0.073914976189614914,-0.89711132761723456,1.3877787807814457e-16
0.05000000000000001,15,23,2.9452431127404308,4.5160394395353274,-0.037681528091054843,-0.95236830565811315,-0.37887566859161836,-0.037681528091054899,-0.95236830565811326,1.2412670766236366e-16
0.05000000000000001,15,24,2.9452431127404308,4.7123889803846897,-2.084378806996306e-17,-0.97102630380684929,-0.38629828175627956,-3.5480921570171265e-17,-0.97102630380684951,2.2252652033727612e-16
0.05000000000000001,15,25,2.9452431127404308,4.908738521234052,0.037681528091054801,-0.95236830565811303,-0.37887566859161831,0.037681528091054829,-0.95236830565811337,3.3422138886441676e-16
0.05000000000000001,15,26,2.9452431127404308,5.1050880620834143,0.073914976189614692,-0.89711132761723467,-0.35689307595890407,0.073914976189614859,-0.89711132761723467,1.6653345369377348e-16
0.05000000000000001,15,27,2.9452431127404308,5.3014376029327757,0.10730791320520387,-0.80737886436185458,-0.32119528256503266,0.10730791320520404,-0.80737886436185491,3.7238012298709097e-16
0.05000000000000001,15,28,2.9452431127404308,5.497787143782138,0.13657706729528826,-0.68661928413233198,-0.2731541345905768,0.1365770672952884,-0.68661928413233209,1.7772239894833365e-16
0.05000000000000001,15,29,2.9452431127404308,5.6941366846315002,0.16059764128251638,-0.53947330987413433,-0.21461582641040799,0.16059764128251661,-0.53947330987413444,2.4825341532472731e-16
0.05000000000000001,15,30,2.9452431127404308,5.8904862254808616,0.17844653797945223,-0.37159567885759165,-0.1478299523792293,0.17844653797945242,-0.3715956788575922,5.8813010296357691e-16
0.05000000000000001,15,31,2.9452431127404308,6.0868357663302239,0.18943783429580913,-0.18943783429580915,-0.075363056182109631,0.18943783429580938,-0.18943783429580952,4.3885418357208762e-16
0.05000000000000001,16,0,3.1415926535897931,0,1.3898926964710677e-16,-1.5412517339958767e-16,-2.017922203921536e-17,1.2124613598972878e-16,0,1.5514312059333004e-16
0.05000000000000001,16,1,3.1415926535897931,0.19634954084936207,1.2575522671812063e-16,0.19314914087813925,-1.8081456376816033e-17,1.1891642548449435e-16,0.19314914087813945,1.9440935191575244e-16
0.05000000000000001,16,2,3.1415926535897931,0.39269908169872414,1.1823714807256515e-16,0.37887566859161798,-6.7122877065579939e-17,1.1201682343699052e-16,0.37887566859161814,1.6664958337106076e-16
0.05000000000000001,16,3,3.1415926535897931,0.58904862254808621,1.00873042262535e-16,0.55004221683704346,4.6576038573398333e-18,1.0081247768456147e-16,0.55004221683704368,2.2204461318478625e-16
0.05000000000000001,16,4,3.1415926535897931,0.78539816339744828,9.5459821881776053e-17,0.70007095115665052,1.1231597306408382e-16,8.5733964951003544e-17,0.70007095115665074,2.2225750576606203e-16
0.05000000000000001,16,5,3.1415926535897931,0.98174770424681035,8.0193082814340587e-17,0.82319635142761982,1.499809493701416e-16,6.7360744024540002e-17,0.82319635142762015,3.3331401668024854e-16
0.05000000000000001,16,6,3.1415926535897931,1.1780972450961724,4.9359390740905916e-17,0.9146867775670583,2.1773129237668231e-16,4.6398887481553859e-17,0.91468677756705863,3.3308006451340409e-16
0.05000000000000001,16,7,3.1415926535897931,1.3744467859455345,1.7693142601197217e-17,0.97102630380684918,1.9531613548530022e-16,2.3653947713447476e-17,0.97102630380684951,3.3312024254657808e-16
0.05000000000000001,16,8,3.1415926535897931,1.5707963267948966,-1.0825488986323912e-17,0.99004983374916777,1.2892672272737341e-16,7.424184617440303e-33,0.99004983374916811,3.3324278838183103e-16
0.05000000000000001,16,9,3.1415926535897931,1.7671458676442586,-3.600064173019241e-17,0.97102630380684918,2.598565195786355e-17,-2.3653947713447458e-17,0.97102630380684951,3.3329567301398903e-16
0.05000000000000001,16,10,3.1415926535897931,1.9634954084936207,-4.8624157656101644e-17,0.91468677756705841,-6.8605829437726367e-17,-4.6398887481553846e-17,0.91468677756705863,2.220557551689732e-16
0.05000000000000001,16,11,3.1415926535897931,2.1598449493429825,-5.7262952135777007e-17,0.82319635142761993,-2.9158326479274652e-17,-6.7360744024539965e-17,0.82319635142762038,4.44203997850404e-16
0.05000000000000001,16,12,3.1415926535897931,2.3561944901923448,-8.4196829412723584e-17,0.70007095115665074,2.1805056799301443e-17,-8.5733964951003532e-17,0.70007095115665086,1.1103294299324572e-16
0.05000000000000001,16,13,3.1415926535897931,2.5525440310417071,-1.1665016163508243e-16,0.55004221683704368,9.3425381061431752e-17,-1.0081247768456148e-16,0.55004221683704368,1.5837683950520948e-17
0.05000000000000001,16,14,3.1415926535897931,2.748893571891069,-1.2483041182910659e-16,0.3788756685916182,9.3348757446064426e-17,-1.1201682343699052e-16,0.37887566859161825,5.6970834279499096e-17
0.05000000000000001,16,15,3.1415926535897931,2.9452431127404308,-1.3688663418802375e-16,0.19314914087813953,1.4188507095690309e-17,-1.1891642548449435e-16,0.19314914087813981,2.7813688388334588e-16
0.05000000000000001,16,16,3.1415926535897931,3.1415926535897931,-1.3606062001901951e-16,1.3286882448006081e-16,-1.2866017055575576e-17,-1.2124613598972878e-16,1.2124613598972878e-16,1.8829652806077082e-17
0.05000000000000001,16,17,3.1415926535897931,3.3379421944391554,-1.2747099408637901e-16,-0.19314914087813925,2.380749149309547e-18,-1.1891642548449435e-16,-0.19314914087813956,3.0543115419404512e-16
0.05000000000000001,16,18,3.1415926535897931,3.5342917352885173,-1.2064651210482647e-16,-0.37887566859161798,1.4761438160815744e-17,-1.1201682343699054e-16,-0.37887566859161803,5.6177926603990582e-17
0.05000000000000001,16,19,3.1415926535897931,3.7306412761378791,-1.0360389216676554e-16,-0.55004221683704346,-2.3091861071986197e-17,-1.0081247768456149e-16,-0.55004221683704346,2.7914144822040486e-18
0.05000000000000001,16,20,3.1415926535897931,3.9269908169872414,-1.0171831459388125e-16,-0.70007095115665052,-1.0421201744894759e-16,-8.5733964951003557e-17,-0.70007095115665074,2.226191950614749e-16
0.05000000000000001,16,21,3.1415926535897931,4.1233403578366037,-8.5559944510582844e-17,-0.82319635142761982,-1.9177082577136911e-16,-6.7360744024539989e-17,-0.82319635142762015,3.3356375057106544e-16
0.05000000000000001,16,22,3.1415926535897931,4.3196898986859651,-5.0906596370082004e-17,-0.91468677756705818,-2.5012894066612887e-16,-4.639888748155392e-17,-0.91468677756705841,2.2209035552165913e-16
0.05000000000000001,16,23,3.1415926535897931,4.5160394395353274,-1.9846075122497707e-17,-0.97102630380684918,-1.6703227391129071e-16,-2.3653947713447516e-17,-0.9710263038068494,2.2207725338265095e-16
0.05000000000000001,16,24,3.1415926535897931,4.7123889803846897,6.5496867647123481e-18,-0.99004983374916777,-9.8109093824236565e-17,-2.2272553852320908e-32,-0.99004983374916811,3.3313130023073581e-16
0.05000000000000001,16,25,3.1415926535897931,4.908738521234052,2.9968260379326554e-17,-0.97102630380684918,-2.4767122083244914e-18,2.365394771344747e-17,-0.97102630380684951,3.3312675566688915e-16
0.05000000000000001,16,26,3.1415926535897931,5.1050880620834143,4.1768155809830207e-17,-0.9146867775670583,7.2553376269899656e-17,4.6398887481553877e-17,-0.91468677756705852,2.220928865410343e-16
0.05000000000000001,16,27,3.1415926535897931,5.3014376029327757,5.7775418309801142e-17,-0.82319635142761993,-3.9959289362909097e-17,6.7360744024539952e-17,-0.82319635142762038,4.4419264376429124e-16
0.05000000000000001,16,28,3.1415926535897931,5.497787143782138,9.5104031340609903e-17,-0.70007095115665074,-8.5818809940082069e-17,8.573396495100352e-17,-0.70007095115665097,2.2224222083226865e-16
0.05000000000000001,16,29,3.1415926535897931,5.6941366846315002,1.2653863127044457e-16,-0.55004221683704368,-7.4066621680366696e-17,1.0081247768456147e-16,-0.55004221683704368,2.57261535858831e-17
0.05000000000000001,16,30,3.1415926535897931,5.8904862254808616,1.2846844604355101e-16,-0.37887566859161814,-9.8447712135131242e-17,1.1201682343699049e-16,-0.37887566859161875,6.1084424620336531e-16
0.05000000000000001,16,31,3.1415926535897931,6.0868357663302239,1.4061151054852736e-16,-0.19314914087813953,-8.4345513883142673e-17,1.1891642548449433e-16,-0.19314914087813992,3.891832272283775e-16
0.05000000000000001,17,0,3.3379421944391554,0,-0.19314914087813928,-1.6838148271902022e-16,1.6349858827187311e-16,-0.19314914087813956,0,3.2463752324422561e-16
0.05000000000000001,17,1,3.3379421944391554,0.19634954084936207,-0.1894378342958089,0.1894378342958089,-0.07536305618210945,-0.18943783429580915,0.18943783429580904,2.8576114088871287e-16
0.05000000000000001,17,2,3.3379421944391554,0.39269908169872414,-0.17844653797945204,0.37159567885759143,-0.1478299523792293,-0.17844653797945223,0.37159567885759159,2.5589376332604516e-16
0.05000000000000001,17,3,3.3379421944391554,0.58904862254808621,-0.16059764128251622,0.53947330987413411,-0.21461582641040741,-0.16059764128251638,0.53947330987413444,3.7238012298709097e-16
0.05000000000000001,17,4,3.3379421944391554,0.78539816339744828,-0.13657706729528812,0.68661928413233175,-0.27315413459057603,-0.13657706729528829,0.68661928413233186,2.0014830212433605e-16
0.05000000000000001,17,5,3.3379421944391554,0.98174770424681035,-0.10730791320520382,0.80737886436185435,-0.32119528256503244,-0.10730791320520398,0.80737886436185469,3.7238012298709097e-16
0.05000000000000001,17,6,3.3379421944391554,1.1780972450961724,-0.073914976189614637,0.89711132761723467,-0.3568930759589039,-0.073914976189614734,0.89711132761723478,1.4752290795525882e-16
0.05000000000000001,17,7,3.3379421944391554,1.3744467859455345,-0.037681528091054732,0.95236830565811315,-0.37887566859161759,-0.037681528091054781,0.95236830565811337,2.2729511820139823e-16
0.05000000000000001,17,8,3.3379421944391554,1.5707963267948966,-3.2746192618932766e-17,0.97102630380684929,-0.38629828175627845,-1.182697385672374e-17,0.97102630380684951,2.2302784644508943e-16
0.05000000000000001,17,9,3.3379421944391554,1.7671458676442586,0.03768152809105469,0.95236830565811315,-0.37887566859161792,0.037681528091054753,0.95236830565811337,2.3065952118587559e-16
0.05000000000000001,17,10,3.3379421944391554,1.9634954084936207,0.073914976189614595,0.89711132761723478,-0.3568930759589039,0.073914976189614706,0.89711132761723478,1.1102230246251565e-16
0.05000000000000001,17,11,3.3379421944391554,2.1598449493429825,0.10730791320520378,0.80737886436185458,-0.32119528256503221,0.10730791320520391,0.80737886436185491,3.6082248300317588e-16
0.05000000000000001,17,12,3.3379421944391554,2.3561944901923448,0.13657706729528804,0.68661928413233198,-0.27315413459057636,0.13657706729528826,0.68661928413233198,2.2204460492503131e-16
0.05000000000000001,17,13,3.3379421944391554,2.5525440310417071,0.16059764128251613,0.53947330987413433,-0.21461582641040777,0.16059764128251641,0.53947330987413444,2.9893669801409083e-16
0.05000000000000001,17,14,3.3379421944391554,2.748893571891069,0.17844653797945201,0.37159567885759165,-0.14782995237922908,0.17844653797945223,0.3715956788575917,2.2887833992611187e-16
0.05000000000000001,17,15,3.3379421944391554,2.9452431127404308,0.18943783429580888,0.18943783429580915,-0.07536305618210927,0.18943783429580915,0.1894378342958094,3.7341307954279784e-16
0.05000000000000001,17,16,3.3379421944391554,3.1415926535897931,0.19314914087813922,1.4621566023035755e-16,3.9943659468190317e-17,0.19314914087813956,1.1891642548449435e-16,3.3418380124478582e-16
0.05000000000000001,17,17,3.3379421944391554,3.3379421944391554,0.1894378342958089,-0.1894378342958089,0.075363056182109367,0.18943783429580915,-0.18943783429580915,3.5327080320384938e-16
0.05000000000000001,17,18,3.3379421944391554,3.5342917352885173,0.17844653797945201,-0.37159567885759143,0.14782995237922911,0.17844653797945226,-0.37159567885759148,2.5589376332604516e-16
0.05000000000000001,17,19,3.3379421944391554,3.7306412761378791,0.16059764128251619,-0.53947330987413411,0.21461582641040758,0.16059764128251644,-0.53947330987413422,2.7336071744532853e-16
0.05000000000000001,17,20,3.3379421944391554,3.9269908169872414,0.1365770672952881,-0.68661928413233175,0.27315413459057625,0.13657706729528829,-0.68661928413233186,2.2377260456559048e-16
0.05000000000000001,17,21,3.3379421944391554,4.1233403578366037,0.1073079132052038,-0.80737886436185435,0.32119528256503238,0.10730791320520396,-0.80737886436185469,3.6638411145107034e-16
0.05000000000000001,17,22,3.3379421944391554,4.3196898986859651,0.073914976189614665,-0.89711132761723456,0.35689307595890368,0.073914976189614831,-0.89711132761723456,1.6653345369377348e-16
0.05000000000000001,17,23,3.3379421944391554,4.5160394395353274,0.037681528091054788,-0.95236830565811315,0.37887566859161781,0.03768152809105485,-0.95236830565811326,1.2738115944464653e-16
0.05000000000000001,17,24,3.3379421944391554,4.7123889803846897,2.4066024838297507e-17,-0.97102630380684929,0.386298281756279,3.5480921570171216e-17,-0.97102630380684951,2.2233782054277804e-16
0.05000000000000001,17,25,3.3379421944391554,4.908738521234052,-0.037681528091054746,-0.95236830565811303,0.37887566859161786,-0.037681528091054774,-0.95236830565811337,3.3422138886441676e-16
0.05000000000000001,17,26,3.3379421944391554,5.1050880620834143,-0.073914976189614609,-0.89711132761723467,0.35689307595890363,-0.073914976189614762,-0.89711132761723467,1.5265566588595902e-16
0.05000000000000001,17,27,3.3379421944391554,5.3014376029327757,-0.10730791320520376,-0.80737886436185458,0.3211952825650321,-0.1073079132052039,-0.80737886436185491,3.6082248300317588e-16
0.05000000000000001,17,28,3.3379421944391554,5.497787143782138,-0.13657706729528804,-0.68661928413233198,0.27315413459057636,-0.13657706729528823,-0.68661928413233209,2.2377260456559048e-16
0.05000000000000001,17,29,3.3379421944391554,5.6941366846315002,-0.16059764128251611,-0.53947330987413433,0.21461582641040766,-0.16059764128251638,-0.53947330987413444,2.9893669801409083e-16
0.05000000000000001,17,30,3.3379421944391554,5.8904862254808616,-0.17844653797945195,-0.37159567885759165,0.14782995237922902,-0.1784465379794522,-0.3715956788575922,6.0872729633235947e-16
0.05000000000000001,17,31,3.3379421944391554,6.0868357663302239,-0.18943783429580885,-0.18943783429580915,0.075363056182109409,-0.18943783429580915,-0.18943783429580952,4.7266042096723034e-16
0.05000000000000001,18,0,3.5342917352885173,0,-0.37887566859161798,-1.6607772489895051e-16,4.6698913335929778e-16,-0.37887566859161803,0,1.7510939043532491e-16
0.05000000000000001,18,1,3.5342917352885173,0.19634954084936207,-0.37159567885759148,0.17844653797945198,-0.14782995237922905,-0.37159567885759148,0.17844653797945217,1.9428902930940239e-16
0.05000000000000001,18,2,3.5342917352885173,0.39269908169872414,-0.35003547557832526,0.35003547557832521,-0.28997888259251697,-0.35003547557832526,0.35003547557832543,2.2204460492503131e-16
0.05000000000000001,18,3,3.5342917352885173,0.58904862254808621,-0.31502360527474021,0.50817274615287955,-0.42098408696980472,-0.31502360527474027,0.50817274615287988,3.3766115072321297e-16
0.05000000000000001,18,4,3.5342917352885173,0.78539816339744828,-0.26790555448772013,0.64678122307933816,-0.53581110897543938,-0.26790555448772019,0.64678122307933839,2.2887833992611187e-16
0.05000000000000001,18,5,3.5342917352885173,0.98174770424681035,-0.21049204348490277,0.76053426032194626,-0.63004721054947987,-0.21049204348490283,0.76053426032194671,4.4754520913118096e-16
0.05000000000000001,18,6,3.5342917352885173,1.1780972450961724,-0.14498944129625865,0.84506039245290931,-0.70007095115664986,-0.14498944129625865,0.84506039245290954,2.2204460492503131e-16
0.05000000000000001,18,7,3.5342917352885173,1.3744467859455345,-0.073914976189614651,0.89711132761723478,-0.74319135771518197,-0.073914976189614678,0.897111327617235,2.2377260456559048e-16
0.05000000000000001,18,8,3.5342917352885173,1.5707963267948966,-3.348892784334181e-17,0.91468677756705852,-0.75775133718323484,-2.319944374077692e-17,0.91468677756705874,2.2228288296540102e-16
0.05000000000000001,18,9,3.5342917352885173,1.7671458676442586,0.073914976189614609,0.89711132761723467,-0.74319135771518208,0.073914976189614623,0.897111327617235,3.3335590258932494e-16
0.05000000000000001,18,10,3.5342917352885173,1.9634954084936207,0.14498944129625854,0.84506039245290931,-0.70007095115664941,0.1449894412962586,0.84506039245290954,2.2887833992611187e-16
0.05000000000000001,18,11,3.5342917352885173,2.1598449493429825,0.21049204348490264,0.76053426032194649,-0.63004721054947954,0.21049204348490272,0.76053426032194693,4.5182803598830274e-16
0.05000000000000001,18,12,3.5342917352885173,2.3561944901923448,0.26790555448771997,0.64678122307933839,-0.53581110897543982,0.26790555448772013,0.6467812230793385,2.0014830212433605e-16
0.05000000000000001,18,13,3.5342917352885173,2.5525440310417071,0.3150236052747401,0.50817274615287977,-0.42098408696980522,0.31502360527474033,0.50817274615287988,2.4825341532472731e-16
0.05000000000000001,18,14,3.5342917352885173,2.748893571891069,0.35003547557832521,0.35003547557832548,-0.28997888259251664,0.35003547557832526,0.35003547557832554,7.8504622934188758e-17
0.05000000000000001,18,15,3.5342917352885173,2.9452431127404308,0.37159567885759143,0.17844653797945226,-0.14782995237922905,0.37159567885759148,0.17844653797945248,2.2887833992611187e-16
0.05000000000000001,18,16,3.5342917352885173,3.1415926535897931,0.37887566859161792,1.5126808572065426e-16,-1.9299774533967181e-16,0.37887566859161803,1.1201682343699054e-16,1.1775658467762757e-16
0.05000000000000001,18,17,3.5342917352885173,3.3379421944391554,0.37159567885759143,-0.17844653797945198,0.14782995237922894,0.37159567885759148,-0.17844653797945226,2.8305244335018379e-16
0.05000000000000001,18,18,3.5342917352885173,3.5342917352885173,0.35003547557832521,-0.35003547557832521,0.28997888259251675,0.35003547557832532,-0.35003547557832532,1.5700924586837752e-16
0.05000000000000001,18,19,3.5342917352885173,3.7306412761378791,0.31502360527474021,-0.50817274615287955,0.42098408696980488,0.31502360527474033,-0.50817274615287966,1.5700924586837752e-16
0.05000000000000001,18,20,3.5342917352885173,3.9269908169872414,0.26790555448772019,-0.64678122307933816,0.5358111089754396,0.26790555448772019,-0.64678122307933839,2.2204460492503131e-16
0.05000000000000001,18,21,3.5342917352885173,4.1233403578366037,0.21049204348490275,-0.76053426032194626,0.63004721054947976,0.2104920434849028,-0.76053426032194671,4.4754520913118096e-16
0.05000000000000001,18,22,3.5342917352885173,4.3196898986859651,0.14498944129625871,-0.8450603924529092,0.70007095115664941,0.14498944129625885,-0.84506039245290931,1.7772239894833365e-16
0.05000000000000001,18,23,3.5342917352885173,4.5160394395353274,0.073914976189614762,-0.89711132761723478,0.7431913577151823,0.073914976189614803,-0.89711132761723489,1.1857187100668868e-16
0.05000000000000001,18,24,3.5342917352885173,4.7123889803846897,3.1509163240509583e-17,-0.91468677756705841,0.75775133718323562,6.9598331222330757e-17,-0.91468677756705874,3.3523775072961603e-16
0.05000000000000001,18,25,3.5342917352885173,4.908738521234052,-0.073914976189614678,-0.89711132761723467,0.74319135771518197,-0.073914976189614665,-0.897111327617235,3.3335590258932494e-16
0.05000000000000001,18,26,3.5342917352885173,5.1050880620834143,-0.1449894412962586,-0.8450603924529092,0.70007095115664897,-0.14498944129625871,-0.84506039245290943,2.4825341532472731e-16
0.05000000000000001,18,27,3.5342917352885173,5.3014376029327757,-0.21049204348490264,-0.76053426032194649,0.63004721054947943,-0.21049204348490266,-0.76053426032194693,4.4495572620543707e-16
0.05000000000000001,18,28,3.5342917352885173,5.497787143782138,-0.26790555448772002,-0.64678122307933839,0.5358111089754396,-0.26790555448772008,-0.64678122307933861,2.2887833992611187e-16
0.05000000000000001,18,29,3.5342917352885173,5.6941366846315002,-0.3150236052747401,-0.50817274615287977,0.42098408696980522,-0.31502360527474027,-0.50817274615287988,2.0014830212433605e-16
0.05000000000000001,18,30,3.5342917352885173,5.8904862254808616,-0.35003547557832515,-0.35003547557832543,0.28997888259251692,-0.35003547557832521,-0.35003547557832598,5.5788016545937291e-16
0.05000000000000001,18,31,3.5342917352885173,6.0868357663302239,-0.37159567885759132,-0.17844653797945226,0.14782995237922947,-0.37159567885759143,-0.17844653797945259,3.5108334685767012e-16
0.05000000000000001,19,0,3.7306412761378791,0,-0.55004221683704357,-1.3180805776954783e-16,7.0467988015049934e-16,-0.55004221683704346,0,1.7233489413655832e-16
0.05000000000000001,19,1,3.7306412761378791,0.19634954084936207,-0.53947330987413422,0.16059764128251619,-0.21461582641040752,-0.53947330987413411,0.16059764128251633,1.7772239894833365e-16
0.05000000000000001,19,2,3.7306412761378791,0.39269908169872414,-0.50817274615287966,0.31502360527474027,-0.42098408696980566,-0.50817274615287955,0.31502360527474044,2.0014830212433605e-16
0.05000000000000001,19,3,3.7306412761378791,0.58904862254808621,-0.45734338878352909,0.45734338878352909,-0.61117416515754919,-0.45734338878352904,0.45734338878352937,2.8305244335018379e-16
0.05000000000000001,19,4,3.7306412761378791,0.78539816339744828,-0.38893858146435489,0.5820877223424944,-0.77787716292870923,-0.38893858146435484,0.58208772234249462,2.2887833992611187e-16
0.05000000000000001,19,5,3.7306412761378791,0.98174770424681035,-0.30558708257877482,0.6844627511703929,-0.91468677756705818,-0.30558708257877487,0.68446275117039335,4.4754520913118096e-16
0.05000000000000001,19,6,3.7306412761378791,1.1780972450961724,-0.21049204348490286,0.7605342603219466,-1.0163454923057593,-0.2104920434849028,0.76053426032194682,2.2887833992611187e-16
0.05000000000000001,19,7,3.7306412761378791,1.3744467859455345,-0.1073079132052039,0.80737886436185458,-1.0789466197482682,-0.1073079132052039,0.80737886436185491,3.3306690738754696e-16
0.05000000000000001,19,8,3.7306412761378791,1.5707963267948966,-4.0066073080978315e-17,0.82319635142762004,-1.1000844336740867,-3.3680372012269982e-17,0.82319635142762038,3.3312811645798332e-16
0.05000000000000001,19,9,3.7306412761378791,1.7671458676442586,0.10730791320520383,0.80737886436185458,-1.078946619748268,0.10730791320520382,0.80737886436185491,3.3335590258932494e-16
0.05000000000000001,19,10,3.7306412761378791,1.9634954084936207,0.21049204348490272,0.76053426032194671,-1.0163454923057584,0.21049204348490275,0.76053426032194682,1.1443916996305594e-16
0.05000000000000001,19,11,3.7306412761378791,2.1598449493429825,0.30558708257877465,0.68446275117039312,-0.91468677756705807,0.30558708257877465,0.68446275117039346,3.3306690738754696e-16
0.05000000000000001,19,12,3.7306412761378791,2.3561944901923448,0.38893858146435478,0.58208772234249462,-0.7778771629287099,0.38893858146435478,0.58208772234249473,1.1102230246251565e-16
0.05000000000000001,19,13,3.7306412761378791,2.5525440310417071,0.45734338878352898,0.45734338878352937,-0.61117416515754963,0.45734338878352909,0.45734338878352937,1.1102230246251565e-16
0.05000000000000001,19,14,3.7306412761378791,2.748893571891069,0.50817274615287955,0.31502360527474044,-0.42098408696980527,0.50817274615287955,0.31502360527474055,1.1102230246251565e-16
0.05000000000000001,19,15,3.7306412761378791,2.9452431127404308,0.53947330987413411,0.16059764128251641,-0.21461582641040786,0.53947330987413411,0.16059764128251663,2.2204460492503131e-16
0.05000000000000001,19,16,3.7306412761378791,3.1415926535897931,0.55004221683704346,1.2288740479605272e-16,-3.2860757070373529e-16,0.55004221683704346,1.0081247768456151e-16,2.2074927111491213e-17
0.05000000000000001,19,17,3.7306412761378791,3.3379421944391554,0.53947330987413411,-0.16059764128251619,0.21461582641040744,0.53947330987413411,-0.16059764128251641,2.2204460492503131e-16
0.05000000000000001,19,18,3.7306412761378791,3.5342917352885173,0.50817274615287955,-0.31502360527474027,0.42098408696980505,0.50817274615287955,-0.31502360527474033,5.5511151231257827e-17
0.05000000000000001,19,19,3.7306412761378791,3.7306412761378791,0.45734338878352909,-0.45734338878352909,0.61117416515754908,0.45734338878352915,-0.4573433887835292,1.2412670766236366e-16
0.05000000000000001,19,20,3.7306412761378791,3.9269908169872414,0.38893858146435495,-0.5820877223424944,0.77787716292870923,0.38893858146435489,-0.58208772234249462,2.2887833992611187e-16
0.05000000000000001,19,21,3.7306412761378791,4.1233403578366037,0.30558708257877482,-0.6844627511703929,0.91468677756705752,0.30558708257877476,-0.68446275117039335,4.4754520913118096e-16
0.05000000000000001,19,22,3.7306412761378791,4.3196898986859651,0.210492043484903,-0.76053426032194649,1.0163454923057582,0.21049204348490308,-0.7605342603219466,1.3877787807814457e-16
0.05000000000000001,19,23,3.7306412761378791,4.5160394395353274,0.10730791320520408,-0.80737886436185458,1.0789466197482684,0.10730791320520408,-0.8073788643618548,2.2204460492503131e-16
0.05000000000000001,19,24,3.7306412761378791,4.7123889803846897,4.138792944954994e-17,-0.82319635142762004,1.1000844336740878,1.0104111603680994e-16,-0.82319635142762038,3.3836676471946716e-16
0.05000000000000001,19,25,3.7306412761378791,4.908738521234052,-0.10730791320520391,-0.80737886436185458,1.0789466197482676,-0.10730791320520387,-0.80737886436185491,3.3565890684838572e-16
0.05000000000000001,19,26,3.7306412761378791,5.1050880620834143,-0.21049204348490275,-0.7605342603219466,1.0163454923057584,-0.21049204348490289,-0.76053426032194671,1.7772239894833365e-16
0.05000000000000001,19,27,3.7306412761378791,5.3014376029327757,-0.30558708257877465,-0.68446275117039312,0.9146867775670583,-0.30558708257877459,-0.68446275117039346,3.3766115072321297e-16
0.05000000000000001,19,28,3.7306412761378791,5.497787143782138,-0.38893858146435484,-0.58208772234249462,0.7778771629287099,-0.38893858146435473,-0.58208772234249473,1.5700924586837752e-16
0.05000000000000001,19,29,3.7306412761378791,5.6941366846315002,-0.45734338878352898,-0.45734338878352931,0.61117416515754963,-0.45734338878352904,-0.45734338878352937,7.8504622934188758e-17
0.05000000000000001,19,30,3.7306412761378791,5.8904862254808616,-0.50817274615287944,-0.31502360527474038,0.42098408696980566,-0.50817274615287944,-0.31502360527474094,5.5511151231257827e-16
0.05000000000000001,19,31,3.7306412761378791,6.0868357663302239,-0.53947330987413411,-0.16059764128251641,0.2146158264104083,-0.53947330987413411,-0.16059764128251672,3.0531133177191805e-16
0.05000000000000001,20,0,3.9269908169872414,0,-0.70007095115665063,-9.4470608879128024e-17,7.9306877283651535e-16,-0.70007095115665074,0,1.4577601855611056e-16
0.05000000000000001,20,1,3.9269908169872414,0.19634954084936207,-0.68661928413233186,0.13657706729528812,-0.27315413459057636,-0.68661928413233198,0.13657706729528823,1.5700924586837752e-16
0.05000000000000001,20,2,3.9269908169872414,0.39269908169872414,-0.64678122307933839,0.26790555448772019,-0.53581110897544093,-0.64678122307933839,0.2679055544877203,1.1102230246251565e-16
0.05000000000000001,20,3,3.9269908169872414,0.58904862254808621,-0.58208772234249428,0.38893858146435489,-0.7778771629287099,-0.58208772234249451,0.38893858146435512,3.1401849173675503e-16
0.05000000000000001,20,4,3.9269908169872414,0.78539816339744828,-0.495024916874584,0.495024916874584,-0.99004983374916844,-0.49502491687458405,0.49502491687458416,1.7554167342883506e-16
0.05000000000000001,20,5,3.9269908169872414,0.98174770424681035,-0.38893858146435489,0.5820877223424944,-1.1641754446849895,-0.38893858146435506,0.58208772234249462,2.7755575615628914e-16
0.05000000000000001,20,6,3.9269908169872414,1.1780972450961724,-0.2679055544877203,0.64678122307933839,-1.293562446158677,-0.26790555448772024,0.6467812230793385,1.2412670766236366e-16
0.05000000000000001,20,7,3.9269908169872414,1.3744467859455345,-0.13657706729528823,0.68661928413233198,-1.3732385682646644,-0.13657706729528823,0.6866192841323322,2.2204460492503131e-16
0.05000000000000001,20,8,3.9269908169872414,1.5707963267948966,-7.203644066382519e-17,0.70007095115665074,-1.4001419023133022,-4.2866982475501772e-17,0.70007095115665097,2.2395236963987138e-16
0.05000000000000001,20,9,3.9269908169872414,1.7671458676442586,0.1365770672952881,0.68661928413233198,-1.3732385682646642,0.13657706729528815,0.6866192841323322,2.2887833992611187e-16
0.05000000000000001,20,10,3.9269908169872414,1.9634954084936207,0.26790555448772002,0.6467812230793385,-1.2935624461586768,0.26790555448772019,0.6467812230793385,1.6653345369377348e-16
0.05000000000000001,20,11,3.9269908169872414,2.1598449493429825,0.38893858146435473,0.58208772234249451,-1.1641754446849897,0.38893858146435484,0.58208772234249484,3.5108334685767012e-16
0.05000000000000001,20,12,3.9269908169872414,2.3561944901923448,0.49502491687458389,0.49502491687458416,-0.99004983374916933,0.495024916874584,0.49502491687458422,1.2412670766236366e-16
0.05000000000000001,20,13,3.9269908169872414,2.5525440310417071,0.58208772234249428,0.38893858146435506,-0.77787716292871034,0.58208772234249451,0.38893858146435512,2.2887833992611187e-16
0.05000000000000001,20,14,3.9269908169872414,2.748893571891069,0.64678122307933816,0.2679055544877203,-0.53581110897544026,0.64678122307933839,0.26790555448772041,2.4825341532472731e-16
0.05000000000000001,20,15,3.9269908169872414,2.9452431127404308,0.68661928413233175,0.13657706729528829,-0.27315413459057658,0.68661928413233198,0.13657706729528848,2.9504581591051765e-16
0.05000000000000001,20,16,3.9269908169872414,3.1415926535897931,0.70007095115665052,9.4361181799474608e-17,-2.9997237244257234e-16,0.70007095115665074,8.5733964951003569e-17,2.2221214063786837e-16
0.05000000000000001,20,17,3.9269908169872414,3.3379421944391554,0.68661928413233175,-0.1365770672952881,0.27315413459057614,0.68661928413233198,-0.13657706729528832,3.1401849173675503e-16
0.05000000000000001,20,18,3.9269908169872414,3.5342917352885173,0.64678122307933816,-0.26790555448772019,0.53581110897544015,0.64678122307933839,-0.26790555448772024,2.2887833992611187e-16
0.05000000000000001,20,19,3.9269908169872414,3.7306412761378791,0.58208772234249428,-0.38893858146435489,0.77787716292871023,0.58208772234249462,-0.38893858146435495,3.3766115072321297e-16
0.05000000000000001,20,20,3.9269908169872414,3.9269908169872414,0.495024916874584,-0.495024916874584,0.99004983374916866,0.49502491687458416,-0.49502491687458416,2.3551386880256624e-16
0.05000000000000001,20,21,3.9269908169872414,4.1233403578366037,0.38893858146435489,-0.5820877223424944,1.1641754446849886,0.388938581464355,-0.58208772234249462,2.4825341532472731e-16
0.05000000000000001,20,22,3.9269908169872414,4.3196898986859651,0.26790555448772041,-0.64678122307933827,1.2935624461586761,0.26790555448772063,-0.64678122307933839,2.4825341532472731e-16
0.05000000000000001,20,23,3.9269908169872414,4.5160394395353274,0.13657706729528846,-0.68661928413233198,1.3732385682646651,0.13657706729528848,-0.68661928413233209,1.1443916996305594e-16
0.05000000000000001,20,24,3.9269908169872414,4.7123889803846897,6.0259111121695562e-17,-0.70007095115665074,1.400141902313303,1.2860094742650529e-16,-0.70007095115665097,2.3232394014786047e-16
0.05000000000000001,20,25,3.9269908169872414,4.908738521234052,-0.13657706729528823,-0.68661928413233198,1.3732385682646642,-0.13657706729528823,-0.6866192841323322,2.2204460492503131e-16
0.05000000000000001,20,26,3.9269908169872414,5.1050880620834143,-0.26790555448772008,-0.64678122307933839,1.2935624461586765,-0.26790555448772041,-0.6467812230793385,3.5108334685767012e-16
0.05000000000000001,20,27,3.9269908169872414,5.3014376029327757,-0.38893858146435473,-0.58208772234249451,1.1641754446849897,-0.38893858146435478,-0.58208772234249484,3.3766115072321297e-16
0.05000000000000001,20,28,3.9269908169872414,5.497787143782138,-0.49502491687458389,-0.49502491687458416,0.99004983374916922,-0.49502491687458394,-0.49502491687458433,1.7554167342883506e-16
0.05000000000000001,20,29,3.9269908169872414,5.6941366846315002,-0.58208772234249417,-0.38893858146435506,0.77787716292871034,-0.58208772234249451,-0.38893858146435512,3.3766115072321297e-16
0.05000000000000001,20,30,3.9269908169872414,5.8904862254808616,-0.64678122307933805,-0.2679055544877203,0.53581110897544038,-0.64678122307933816,-0.26790555448772074,4.5775667985222375e-16
0.05000000000000001,20,31,3.9269908169872414,6.0868357663302239,-0.68661928413233164,-0.13657706729528829,0.27315413459057691,-0.68661928413233186,-0.13657706729528857,3.554447978966673e-16
0.05000000000000001,21,0,4.1233403578366037,0,-0.82319635142761993,-6.4130071887885728e-17,8.5179203696333892e-16,-0.82319635142762015,0,2.3112003958259145e-16
0.05000000000000001,21,1,4.1233403578366037,0.19634954084936207,-0.80737886436185458,0.10730791320520384,-0.32119528256503255,-0.80737886436185469,0.10730791320520389,1.1857187100668868e-16
0.05000000000000001,21,2,4.1233403578366037,0.39269908169872414,-0.7605342603219466,0.2104920434849028,-0.63004721054948054,-0.7605342603219466,0.21049204348490286,5.5511151231257827e-17
0.05000000000000001,21,3,4.1233403578366037,0.58904862254808621,-0.6844627511703929,0.30558708257877476,-0.91468677756705707,-0.68446275117039312,0.30558708257877493,2.7755575615628914e-16
0.05000000000000001,21,4,4.1233403578366037,0.78539816339744828,-0.58208772234249451,0.38893858146435489,-1.1641754446849879,-0.58208772234249451,0.38893858146435495,5.5511151231257827e-17
0.05000000000000001,21,5,4.1233403578366037,0.98174770424681035,-0.45734338878352909,0.45734338878352915,-1.3689255023407858,-0.45734338878352937,0.45734338878352926,2.9893669801409083e-16
0.05000000000000001,21,6,4.1233403578366037,1.1780972450961724,-0.31502360527474033,0.50817274615287977,-1.5210685206438923,-0.31502360527474038,0.50817274615287977,5.5511151231257827e-17
0.05000000000000001,21,7,4.1233403578366037,1.3744467859455345,-0.16059764128251633,0.53947330987413433,-1.614757728723708,-0.16059764128251636,0.53947330987413433,2.7755575615628914e-17
0.05000000000000001,21,8,4.1233403578366037,1.5707963267948966,-9.9790416978801709e-17,0.55004221683704357,-1.6463927028552396,-5.0406238842280734e-17,0.55004221683704368,1.2151028225750258e-16
0.05000000000000001,21,9,4.1233403578366037,1.7671458676442586,0.16059764128251619,0.53947330987413433,-1.6147577287237085,0.16059764128251625,0.53947330987413433,5.5511151231257827e-17
0.05000000000000001,21,10,4.1233403578366037,1.9634954084936207,0.3150236052747401,0.50817274615287977,-1.5210685206438919,0.31502360527474033,0.50817274615287977,2.2204460492503131e-16
0.05000000000000001,21,11,4.1233403578366037,2.1598449493429825,0.45734338878352893,0.4573433887835292,-1.3689255023407862,0.45734338878352909,0.45734338878352937,2.3551386880256624e-16
0.05000000000000001,21,12,4.1233403578366037,2.3561944901923448,0.58208772234249428,0.388938581464355,-1.1641754446849899,0.5820877223424944,0.388938581464355,1.1102230246251565e-16
0.05000000000000001,21,13,4.1233403578366037,2.5525440310417071,0.68446275117039279,0.30558708257877498,-0.91468677756705852,0.68446275117039324,0.30558708257877493,4.4754520913118096e-16
0.05000000000000001,21,14,4.1233403578366037,2.748893571891069,0.76053426032194649,0.21049204348490286,-0.63004721054947965,0.7605342603219466,0.21049204348490291,1.2412670766236366e-16
0.05000000000000001,21,15,4.1233403578366037,2.9452431127404308,0.80737886436185435,0.10730791320520396,-0.32119528256503249,0.80737886436185469,0.10730791320520409,3.6082248300317588e-16
0.05000000000000001,21,16,4.1233403578366037,3.1415926535897931,0.82319635142761982,7.0983383089341519e-17,-4.2720008721736583e-16,0.82319635142762015,6.7360744024539989e-17,3.3308660782219784e-16
0.05000000000000001,21,17,4.1233403578366037,3.3379421944391554,0.80737886436185446,-0.10730791320520382,0.32119528256503233,0.80737886436185469,-0.10730791320520396,2.6184557666721351e-16
0.05000000000000001,21,18,4.1233403578366037,3.5342917352885173,0.76053426032194649,-0.21049204348490277,0.6300472105494801,0.76053426032194671,-0.2104920434849028,2.2377260456559048e-16
0.05000000000000001,21,19,4.1233403578366037,3.7306412761378791,0.6844627511703929,-0.30558708257877476,0.91468677756705818,0.68446275117039335,-0.30558708257877476,4.4408920985006262e-16
0.05000000000000001,21,20,4.1233403578366037,3.9269908169872414,0.5820877223424944,-0.38893858146435484,1.1641754446849888,0.58208772234249462,-0.38893858146435495,2.4825341532472731e-16
0.05000000000000001,21,21,4.1233403578366037,4.1233403578366037,0.45734338878352909,-0.45734338878352915,1.3689255023407854,0.45734338878352926,-0.45734338878352926,2.0014830212433605e-16
0.05000000000000001,21,22,4.1233403578366037,4.3196898986859651,0.31502360527474049,-0.50817274615287966,1.5210685206438916,0.31502360527474083,-0.50817274615287966,3.3306690738754696e-16
0.05000000000000001,21,23,4.1233403578366037,4.5160394395353274,0.16059764128251663,-0.53947330987413433,1.6147577287237092,0.16059764128251663,-0.53947330987413433,0
0.05000000000000001,21,24,4.1233403578366037,4.7123889803846897,8.8359124171655144e-17,-0.55004221683704368,1.6463927028552412,1.5121871652684221e-16,-0.55004221683704368,6.2859592355187065e-17
0.05000000000000001,21,25,4.1233403578366037,4.908738521234052,-0.16059764128251636,-0.53947330987413433,1.6147577287237083,-0.16059764128251633,-0.53947330987413433,2.7755575615628914e-17
0.05000000000000001,21,26,4.1233403578366037,5.1050880620834143,-0.31502360527474027,-0.50817274615287966,1.5210685206438912,-0.31502360527474055,-0.50817274615287966,2.7755575615628914e-16
0.05000000000000001,21,27,4.1233403578366037,5.3014376029327757,-0.45734338878352893,-0.4573433887835292,1.3689255023407854,-0.45734338878352898,-0.45734338878352937,1.7554167342883506e-16
0.05000000000000001,21,28,4.1233403578366037,5.497787143782138,-0.58208772234249428,-0.38893858146435506,1.1641754446849892,-0.58208772234249428,-0.38893858146435506,0
0.05000000000000001,21,29,4.1233403578366037,5.6941366846315002,-0.68446275117039279,-0.30558708257877493,0.91468677756705818,-0.68446275117039312,-0.30558708257877493,3.3306690738754696e-16
0.05000000000000001,21,30,4.1233403578366037,5.8904862254808616,-0.76053426032194626,-0.21049204348490291,0.63004721054947999,-0.76053426032194649,-0.21049204348490319,3.554447978966673e-16
0.05000000000000001,21,31,4.1233403578366037,6.0868357663302239,-0.80737886436185424,-0.10730791320520398,0.32119528256503305,-0.80737886436185458,-0.10730791320520415,3.7238012298709097e-16
0.05000000000000001,22,0,4.3196898986859651,0,-0.91468677756705852,-3.0928000543883979e-17,6.6991534374714186e-16,-0.91468677756705841,0,1.1524969788125606e-16
0.05000000000000001,22,1,4.3196898986859651,0.19634954084936207,-0.89711132761723467,0.073914976189614692,-0.35689307595890452,-0.89711132761723467,0.073914976189614776,8.3266726846886741e-17
0.05000000000000001,22,2,4.3196898986859651,0.39269908169872414,-0.8450603924529092,0.14498944129625868,-0.70007095115665008,-0.8450603924529092,0.14498944129625888,1.9428902930940239e-16
0.05000000000000001,22,3,4.3196898986859651,0.58904862254808621,-0.76053426032194649,0.21049204348490291,-1.0163454923057573,-0.76053426032194649,0.21049204348490316,2.4980018054066022e-16
0.05000000000000001,22,4,4.3196898986859651,0.78539816339744828,-0.64678122307933839,0.26790555448772035,-1.2935624461586748,-0.64678122307933827,0.26790555448772058,2.4825341532472731e-16
0.05000000000000001,22,5,4.3196898986859651,0.98174770424681035,-0.50817274615287966,0.31502360527474044,-1.5210685206438923,-0.50817274615287977,0.31502360527474083,4.0412728104402651e-16
0.05000000000000001,22,6,4.3196898986859651,1.1780972450961724,-0.35003547557832543,0.35003547557832559,-1.6901207849058173,-0.35003547557832537,0.35003547557832587,2.8305244335018379e-16
0.05000000000000001,22,7,4.3196898986859651,1.3744467859455345,-0.17844653797945217,0.37159567885759182,-1.7942226552344676,-0.17844653797945217,0.37159567885759215,3.3306690738754696e-16
0.05000000000000001,22,8,4.3196898986859651,1.5707963267948966,-9.4467444346439268e-17,0.37887566859161831,-1.8293735551341153,-5.6008411718495259e-17,0.3788756685916187,3.9047663800877584e-16
0.05000000000000001,22,9,4.3196898986859651,1.7671458676442586,0.17844653797945204,0.37159567885759182,-1.7942226552344676,0.17844653797945204,0.37159567885759215,3.3306690738754696e-16
0.05000000000000001,22,10,4.3196898986859651,1.9634954084936207,0.35003547557832509,0.35003547557832565,-1.6901207849058162,0.35003547557832526,0.35003547557832587,2.7755575615628914e-16
0.05000000000000001,22,11,4.3196898986859651,2.1598449493429825,0.50817274615287944,0.31502360527474055,-1.5210685206438921,0.50817274615287944,0.31502360527474088,3.3306690738754696e-16
0.05000000000000001,22,12,4.3196898986859651,2.3561944901923448,0.64678122307933816,0.26790555448772035,-1.2935624461586765,0.64678122307933816,0.26790555448772063,2.7755575615628914e-16
0.05000000000000001,22,13,4.3196898986859651,2.5525440310417071,0.76053426032194626,0.21049204348490297,-1.0163454923057584,0.7605342603219466,0.21049204348490316,3.8559277963506344e-16
0.05000000000000001,22,14,4.3196898986859651,2.748893571891069,0.8450603924529092,0.14498944129625879,-0.70007095115664952,0.8450603924529092,0.14498944129625893,1.3877787807814457e-16
0.05000000000000001,22,15,4.3196898986859651,2.9452431127404308,0.89711132761723456,0.073914976189614776,-0.35689307595890435,0.89711132761723467,0.073914976189614914,1.7772239894833365e-16
0.05000000000000001,22,16,4.3196898986859651,3.1415926535897931,0.9146867775670583,3.4815923314328909e-17,-3.2403098935695558e-16,0.91468677756705841,4.639888748155392e-17,1.1162489284643247e-16
0.05000000000000001,22,17,4.3196898986859651,3.3379421944391554,0.89711132761723467,-0.073914976189614651,0.35689307595890402,0.89711132761723467,-0.073914976189614817,1.6653345369377348e-16
0.05000000000000001,22,18,4.3196898986859651,3.5342917352885173,0.8450603924529092,-0.14498944129625863,0.70007095115664941,0.84506039245290931,-0.14498944129625885,2.4825341532472731e-16
0.05000000000000001,22,19,4.3196898986859651,3.7306412761378791,0.76053426032194649,-0.21049204348490283,1.0163454923057575,0.76053426032194671,-0.21049204348490308,3.3422138886441676e-16
0.05000000000000001,22,20,4.3196898986859651,3.9269908169872414,0.64678122307933839,-0.26790555448772024,1.2935624461586752,0.64678122307933839,-0.26790555448772058,3.3306690738754696e-16
0.05000000000000001,22,21,4.3196898986859651,4.1233403578366037,0.50817274615287966,-0.31502360527474038,1.5210685206438916,0.50817274615287966,-0.31502360527474083,4.4408920985006262e-16
0.05000000000000001,22,22,4.3196898986859651,4.3196898986859651,0.35003547557832559,-0.35003547557832548,1.690120784905816,0.35003547557832582,-0.35003547557832582,4.002966042486721e-16
0.05000000000000001,22,23,4.3196898986859651,4.5160394395353274,0.17844653797945248,-0.37159567885759176,1.7942226552344682,0.17844653797945248,-0.37159567885759209,3.3306690738754696e-16
0.05000000000000001,22,24,4.3196898986859651,4.7123889803846897,1.2023281211517651e-16,-0.37887566859161836,1.8293735551341168,1.6802523515548575e-16,-0.3788756685916187,3.3647835071036693e-16
0.05000000000000001,22,25,4.3196898986859651,4.908738521234052,-0.17844653797945217,-0.37159567885759182,1.7942226552344678,-0.17844653797945215,-0.37159567885759215,3.3422138886441676e-16
0.05000000000000001,22,26,4.3196898986859651,5.1050880620834143,-0.35003547557832526,-0.35003547557832559,1.6901207849058157,-0.35003547557832554,-0.35003547557832582,3.554447978966673e-16
0.05000000000000001,22,27,4.3196898986859651,5.3014376029327757,-0.50817274615287944,-0.31502360527474055,1.5210685206438916,-0.50817274615287933,-0.31502360527474088,3.5108334685767012e-16
0.05000000000000001,22,28,4.3196898986859651,5.497787143782138,-0.64678122307933816,-0.26790555448772041,1.2935624461586759,-0.64678122307933805,-0.26790555448772069,2.9893669801409083e-16
0.05000000000000001,22,29,4.3196898986859651,5.6941366846315002,-0.76053426032194626,-0.210492043484903,1.0163454923057587,-0.76053426032194649,-0.21049204348490316,2.7755575615628914e-16
0.05000000000000001,22,30,4.3196898986859651,5.8904862254808616,-0.84506039245290909,-0.14498944129625882,0.70007095115665019,-0.84506039245290898,-0.14498944129625913,3.2487068343022356e-16
0.05000000000000001,22,31,4.3196898986859651,6.0868357663302239,-0.89711132761723456,-0.073914976189614776,0.35689307595890513,-0.89711132761723456,-0.073914976189614956,1.8041124150158794e-16
0.05000000000000001,23,0,4.5160394395353274,0,-0.9710263038068494,-1.4653351418021699e-17,3.5362009758388254e-16,-0.9710263038068494,0,1.4653351418021699e-17
0.05000000000000001,23,1,4.5160394395353274,0.19634954084936207,-0.95236830565811326,0.037681528091054781,-0.3788756685916187,-0.95236830565811326,0.037681528091054829,4.8572257327350599e-17
0.05000000000000001,23,2,4.5160394395353274,0.39269908169872414,-0.89711132761723478,0.073914976189614803,-0.74319135771518319,-0.89711132761723467,0.073914976189614831,1.1443916996305594e-16
0.05000000000000001,23,3,4.5160394395353274,0.58904862254808621,-0.80737886436185458,0.10730791320520412,-1.078946619748268,-0.80737886436185458,0.10730791320520414,1.3877787807814457e-17
0.05000000000000001,23,4,4.5160394395353274,0.78539816339744828,-0.68661928413233198,0.13657706729528848,-1.373238568264664,-0.68661928413233198,0.13657706729528848,0
0.05000000000000001,23,5,4.5160394395353274,0.98174770424681035,-0.53947330987413422,0.16059764128251658,-1.6147577287237098,-0.53947330987413444,0.16059764128251663,2.2887833992611187e-16
0.05000000000000001,23,6,4.5160394395353274,1.1780972450961724,-0.37159567885759165,0.17844653797945248,-1.7942226552344696,-0.37159567885759165,0.17844653797945251,2.7755575615628914e-17
0.05000000000000001,23,7,4.5160394395353274,1.3744467859455345,-0.18943783429580913,0.18943783429580943,-1.9047366113162265,-0.1894378342958091,0.18943783429580946,3.9252311467094379e-17
0.05000000000000001,23,8,4.5160394395353274,1.5707963267948966,-8.7222360166725441e-17,0.19314914087813984,-1.9420526076136986,-5.9458212742247176e-17,0.19314914087813986,3.9258373119158379e-17
0.05000000000000001,23,9,4.5160394395353274,1.7671458676442586,0.18943783429580893,0.18943783429580946,-1.9047366113162261,0.18943783429580899,0.18943783429580946,5.5511151231257827e-17
0.05000000000000001,23,10,4.5160394395353274,1.9634954084936207,0.37159567885759137,0.17844653797945254,-1.7942226552344689,0.37159567885759154,0.17844653797945251,1.6883057536160649e-16
0.05000000000000001,23,11,4.5160394395353274,2.1598449493429825,0.539473309874134,0.16059764128251666,-1.6147577287237096,0.53947330987413411,0.16059764128251669,1.1443916996305594e-16
0.05000000000000001,23,12,4.5160394395353274,2.3561944901923448,0.68661928413233175,0.13657706729528848,-1.3732385682646644,0.68661928413233186,0.13657706729528848,1.1102230246251565e-16
0.05000000000000001,23,13,4.5160394395353274,2.5525440310417071,0.80737886436185435,0.10730791320520412,-1.0789466197482682,0.80737886436185469,0.10730791320520414,3.3335590258932494e-16
0.05000000000000001,23,14,4.5160394395353274,2.748893571891069,0.89711132761723467,0.073914976189614859,-0.74319135771518285,0.89711132761723467,0.073914976189614859,0
0.05000000000000001,23,15,4.5160394395353274,2.9452431127404308,0.95236830565811315,0.037681528091054857,-0.37887566859161864,0.95236830565811326,0.037681528091054899,1.1857187100668868e-16
0.05000000000000001,23,16,4.5160394395353274,3.1415926535897931,0.97102630380684918,1.2312149914198731e-17,1.1557528590948268e-16,0.9710263038068494,2.3653947713447516e-17,2.2233407960461726e-16
0.05000000000000001,23,17,4.5160394395353274,3.3379421944391554,0.95236830565811315,-0.037681528091054795,0.3788756685916182,0.95236830565811326,-0.03768152809105485,1.2412670766236366e-16
0.05000000000000001,23,18,4.5160394395353274,3.5342917352885173,0.89711132761723467,-0.073914976189614803,0.74319135771518174,0.89711132761723478,-0.073914976189614817,1.1188630228279524e-16
0.05000000000000001,23,19,4.5160394395353274,3.7306412761378791,0.80737886436185458,-0.10730791320520411,1.0789466197482671,0.8073788643618548,-0.10730791320520409,2.2247786310271853e-16
0.05000000000000001,23,20,4.5160394395353274,3.9269908169872414,0.68661928413233198,-0.13657706729528846,1.3732385682646637,0.68661928413233209,-0.13657706729528848,1.1443916996305594e-16
0.05000000000000001,23,21,4.5160394395353274,4.1233403578366037,0.53947330987413422,-0.16059764128251658,1.6147577287237085,0.53947330987413433,-0.16059764128251663,1.2412670766236366e-16
0.05000000000000001,23,22,4.5160394395353274,4.3196898986859651,0.37159567885759182,-0.17844653797945248,1.794222655234468,0.37159567885759209,-0.17844653797945248,2.7755575615628914e-16
0.05000000000000001,23,23,4.5160394395353274,4.5160394395353274,0.18943783429580943,-0.18943783429580943,1.9047366113162267,0.18943783429580943,-0.18943783429580943,0
0.05000000000000001,23,24,4.5160394395353274,4.7123889803846897,1.462855576418627e-16,-0.19314914087813984,1.9420526076137004,1.7837463822674152e-16,-0.19314914087813986,4.242736228588505e-17
0.05000000000000001,23,25,4.5160394395353274,4.908738521234052,-0.18943783429580913,-0.18943783429580946,1.9047366113162267,-0.18943783429580907,-0.18943783429580946,5.5511151231257827e-17
0.05000000000000001,23,26,4.5160394395353274,5.1050880620834143,-0.37159567885759154,-0.17844653797945251,1.7942226552344689,-0.37159567885759182,-0.17844653797945251,2.7755575615628914e-16
0.05000000000000001,23,27,4.5160394395353274,5.3014376029327757,-0.539473309874134,-0.16059764128251666,1.6147577287237096,-0.539473309874134,-0.16059764128251669,2.7755575615628914e-17
0.05000000000000001,23,28,4.5160394395353274,5.497787143782138,-0.68661928413233175,-0.13657706729528848,1.3732385682646644,-0.68661928413233175,-0.13657706729528851,2.7755575615628914e-17
0.05000000000000001,23,29,4.5160394395353274,5.6941366846315002,-0.80737886436185435,-0.10730791320520412,1.0789466197482687,-0.80737886436185458,-0.10730791320520414,2.2247786310271853e-16
0.05000000000000001,23,30,4.5160394395353274,5.8904862254808616,-0.89711132761723456,-0.073914976189614845,0.74319135771518374,-0.89711132761723444,-0.073914976189614956,1.5700924586837752e-16
0.05000000000000001,23,31,4.5160394395353274,6.0868357663302239,-0.95236830565811303,-0.037681528091054822,0.37887566859161931,-0.95236830565811315,-0.037681528091054919,1.4752290795525882e-16
0.05000000000000001,24,0,4.7123889803846897,0,-0.990049833749168,-1.0274385756099594e-17,3.9863113569623683e-16,-0.99004983374916811,0,1.1149670240300138e-16
0.05000000000000001,24,1,4.7123889803846897,0.19634954084936207,-0.9710263038068494,1.4051849975617438e-18,-0.38629828175627923,-0.97102630380684951,3.5480921570171197e-17,1.1613400650560621e-16
0.05000000000000001,24,2,4.7123889803846897,0.39269908169872414,-0.91468677756705852,4.4805797372191369e-17,-0.75775133718323673,-0.91468677756705863,6.9598331222330769e-17,1.1375685200808177e-16
0.05000000000000001,24,3,4.7123889803846897,0.58904862254808621,-0.82319635142762004,8.9286808763275346e-17,-1.1000844336740876,-0.82319635142762015,1.0104111603680999e-16,1.1164280265005432e-16
0.05000000000000001,24,4,4.7123889803846897,0.78539816339744828,-0.70007095115665074,1.0929006652827712e-16,-1.4001419023133028,-0.70007095115665086,1.2860094742650529e-16,1.1268922648214365e-16
0.05000000000000001,24,5,4.7123889803846897,0.98174770424681035,-0.55004221683704357,1.1300053239918201e-16,-1.6463927028552419,-0.5500422168370438,1.5121871652684218e-16,2.2530964509831571e-16
0.05000000000000001,24,6,4.7123889803846897,1.1780972450961724,-0.3788756685916182,1.2399009036880192e-16,-1.8293735551341184,-0.3788756685916182,1.6802523515548578e-16,4.403514478668386e-17
0.05000000000000001,24,7,4.7123889803846897,1.3744467859455345,-0.19314914087813953,1.5136950037827724e-16,-1.9420526076136999,-0.19314914087813953,1.7837463822674152e-16,2.7005137848464274e-17
0.05000000000000001,24,8,4.7123889803846897,1.5707963267948966,-1.0765195642983158e-16,1.821816281041551e-16,-1.9800996674983373,-6.0623067994864392e-17,1.8186920398459316e-16,4.7029926177478468e-17
0.05000000000000001,24,9,4.7123889803846897,1.7671458676442586,0.19314914087813934,1.9780942268904522e-16,-1.9420526076136999,0.19314914087813939,1.7837463822674152e-16,5.8814953524726849e-17
0.05000000000000001,24,10,4.7123889803846897,1.9634954084936207,0.37887566859161792,1.928239736224384e-16,-1.8293735551341181,0.37887566859161809,1.6802523515548578e-16,1.683697378649991e-16
0.05000000000000001,24,11,4.7123889803846897,2.1598449493429825,0.55004221683704335,1.802421139644305e-16,-1.6463927028552423,0.55004221683704346,1.5121871652684223e-16,1.1475325373556305e-16
0.05000000000000001,24,12,4.7123889803846897,2.3561944901923448,0.70007095115665052,1.6892210692903599e-16,-1.400141902313303,0.70007095115665074,1.2860094742650529e-16,2.2567587926037146e-16
0.05000000000000001,24,13,4.7123889803846897,2.5525440310417071,0.82319635142761982,1.4000457220025191e-16,-1.1000844336740878,0.82319635142762027,1.0104111603680999e-16,4.4579521893068054e-16
0.05000000000000001,24,14,4.7123889803846897,2.748893571891069,0.91468677756705841,8.2685639335231712e-17,-0.75775133718323673,0.91468677756705863,6.9598331222330794e-17,2.2242995349088045e-16
0.05000000000000001,24,15,4.7123889803846897,2.9452431127404308,0.97102630380684929,3.1901936584118284e-17,-0.38629828175627956,0.97102630380684951,3.5480921570171259e-17,2.2207344665637903e-16
0.05000000000000001,24,16,4.7123889803846897,3.1415926535897931,0.99004983374916788,8.6484503516254867e-18,2.0416732790973274e-16,0.99004983374916811,2.2272553852320908e-32,2.2221296602538243e-16
0.05000000000000001,24,17,4.7123889803846897,3.3379421944391554,0.97102630380684929,-2.7835704921499733e-17,0.38629828175627906,0.97102630380684951,-3.5480921570171216e-17,2.2217618214812849e-16
0.05000000000000001,24,18,4.7123889803846897,3.5342917352885173,0.91468677756705841,-1.0082620742256071e-16,0.75775133718323562,0.91468677756705874,-6.9598331222330757e-17,3.3452764467033465e-16
0.05000000000000001,24,19,4.7123889803846897,3.7306412761378791,0.82319635142762004,-1.6665761982176754e-16,1.1000844336740876,0.82319635142762038,-1.0104111603680994e-16,3.3946883563247178e-16
0.05000000000000001,24,20,4.7123889803846897,3.9269908169872414,0.70007095115665074,-1.9131163667393634e-16,1.4001419023133033,0.70007095115665097,-1.2860094742650529e-16,2.3073022585305354e-16
0.05000000000000001,24,21,4.7123889803846897,4.1233403578366037,0.55004221683704357,-1.8791518535413882e-16,1.6463927028552412,0.55004221683704368,-1.5121871652684218e-16,1.1692981855998522e-16
0.05000000000000001,24,22,4.7123889803846897,4.3196898986859651,0.37887566859161836,-1.7454131216729156e-16,1.8293735551341168,0.3788756685916187,-1.6802523515548573e-16,3.3313064112496252e-16
0.05000000000000001,24,23,4.7123889803846897,4.5160394395353274,0.19314914087813984,-1.6845742186494069e-16,1.9420526076137004,0.19314914087813986,-1.7837463822674149e-16,2.9474109963180633e-17
0.05000000000000001,24,24,4.7123889803846897,4.7123889803846897,1.6264541828017298e-16,-1.7930979982071305e-16,1.9800996674983393,1.8186920398459316e-16,-1.8186920398459316e-16,1.939341348199322e-17
0.05000000000000001,24,25,4.7123889803846897,4.908738521234052,-0.19314914087813953,-1.7699223849182568e-16,1.9420526076137006,-0.1931491408781395,-1.7837463822674152e-16,2.7789980330723335e-17
0.05000000000000001,24,26,4.7123889803846897,5.1050880620834143,-0.37887566859161809,-1.3986907660255751e-16,1.8293735551341177,-0.37887566859161836,-1.6802523515548575e-16,2.7898022696948804e-16
0.05000000000000001,24,27,4.7123889803846897,5.3014376029327757,-0.55004221683704335,-1.0636592169585299e-16,1.6463927028552414,-0.55004221683704335,-1.5121871652684223e-16,4.4852794830989244e-17
0.05000000000000001,24,28,4.7123889803846897,5.497787143782138,-0.70007095115665052,-9.8912612925490309e-17,1.4001419023133028,-0.70007095115665063,-1.2860094742650532e-16,1.1492323024316044e-16
0.05000000000000001,24,29,4.7123889803846897,5.6941366846315002,-0.82319635142761982,-7.7826893555753335e-17,1.1000844336740883,-0.82319635142762015,-1.0104111603680999e-16,3.3387492406903634e-16
0.05000000000000001,24,30,4.7123889803846897,5.8904862254808616,-0.9146867775670583,-3.2016307844718306e-17,0.75775133718323695,-0.91468677756705841,-6.959833122233088e-17,1.1721075089441979e-16
0.05000000000000001,24,31,4.7123889803846897,6.0868357663302239,-0.97102630380684918,-6.6826728719737199e-18,0.38629828175627989,-0.9710263038068494,-3.5480921570171278e-17,2.2390432265679124e-16
0.05000000000000001,25,0,4.908738521234052,0,-0.9710263038068494,1.5685390302970043e-17,5.728008876217873e-16,-0.97102630380684951,-0,1.1212485501901359e-16
0.05000000000000001,25,1,4.908738521234052,0.19634954084936207,-0.95236830565811326,-0.037681528091054739,-0.37887566859161798,-0.95236830565811337,-0.037681528091054753,1.1188630228279524e-16
0.05000000000000001,25,2,4.908738521234052,0.39269908169872414,-0.89711132761723478,-0.073914976189614678,-0.74319135771518297,-0.89711132761723478,-0.073914976189614692,1.3877787807814457e-17
0.05000000000000001,25,3,4.908738521234052,0.58904862254808621,-0.80737886436185458,-0.10730791320520391,-1.078946619748268,-0.80737886436185469,-0.10730791320520393,1.1188630228279524e-16
0.05000000000000001,25,4,4.908738521234052,0.78539816339744828,-0.68661928413233198,-0.13657706729528823,-1.3732385682646642,-0.68661928413233198,-0.13657706729528821,2.7755575615628914e-17
0.05000000000000001,25,5,4.908738521234052,0.98174770424681035,-0.53947330987413422,-0.16059764128251633,-1.6147577287237096,-0.53947330987413455,-0.16059764128251636,3.3422138886441676e-16
0.05000000000000001,25,6,4.908738521234052,1.1780972450961724,-0.3715956788575917,-0.1784465379794522,-1.7942226552344693,-0.37159567885759165,-0.17844653797945217,6.2063353831181828e-17
0.05000000000000001,25,7,4.908738521234052,1.3744467859455345,-0.18943783429580915,-0.18943783429580913,-1.9047366113162263,-0.18943783429580913,-0.1894378342958091,3.9252311467094379e-17
0.05000000000000001,25,8,4.908738521234052,1.5707963267948966,-1.198530109609969e-16,-0.1931491408781395,-1.942052607613699,-5.9458212742247176e-17,-0.1931491408781395,6.0394798218749726e-17
0.05000000000000001,25,9,4.908738521234052,1.7671458676442586,0.18943783429580893,-0.18943783429580913,-1.9047366113162267,0.18943783429580899,-0.1894378342958091,6.2063353831181828e-17
0.05000000000000001,25,10,4.908738521234052,1.9634954084936207,0.37159567885759137,-0.17844653797945223,-1.7942226552344696,0.37159567885759154,-0.17844653797945217,1.7554167342883506e-16
0.05000000000000001,25,11,4.908738521234052,2.1598449493429825,0.539473309874134,-0.16059764128251638,-1.61475772872371,0.53947330987413422,-0.16059764128251638,2.2204460492503131e-16
0.05000000000000001,25,12,4.908738521234052,2.3561944901923448,0.68661928413233175,-0.13657706729528826,-1.3732385682646651,0.68661928413233186,-0.13657706729528823,1.1443916996305594e-16
0.05000000000000001,25,13,4.908738521234052,2.5525440310417071,0.80737886436185435,-0.10730791320520391,-1.0789466197482691,0.8073788643618548,-0.10730791320520393,4.4430599737083413e-16
0.05000000000000001,25,14,4.908738521234052,2.748893571891069,0.89711132761723467,-0.073914976189614706,-0.74319135771518319,0.89711132761723478,-0.07391497618961472,1.1188630228279524e-16
0.05000000000000001,25,15,4.908738521234052,2.9452431127404308,0.95236830565811326,-0.037681528091054781,-0.37887566859161831,0.95236830565811337,-0.037681528091054822,1.1857187100668868e-16
0.05000000000000001,25,16,4.908738521234052,3.1415926535897931,0.97102630380684929,-1.07163205382923e-17,3.8983544507392224e-18,0.97102630380684951,-2.3653947713447473e-17,2.2242119677143307e-16
0.05000000000000001,25,17,4.908738521234052,3.3379421944391554,0.95236830565811326,0.037681528091054746,0.37887566859161786,0.95236830565811337,0.037681528091054774,1.1443916996305594e-16
0.05000000000000001,25,18,4.908738521234052,3.5342917352885173,0.89711132761723467,0.073914976189614678,0.74319135771518241,0.89711132761723489,0.073914976189614678,2.2204460492503131e-16
0.05000000000000001,25,19,4.908738521234052,3.7306412761378791,0.80737886436185458,0.1073079132052039,1.0789466197482687,0.80737886436185491,0.10730791320520389,3.3335590258932494e-16
0.05000000000000001,25,20,4.908738521234052,3.9269908169872414,0.68661928413233198,0.13657706729528821,1.3732385682646653,0.68661928413233209,0.13657706729528821,1.1102230246251565e-16
0.05000000000000001,25,21,4.908738521234052,4.1233403578366037,0.53947330987413422,0.1605976412825163,1.6147577287237096,0.53947330987413444,0.16059764128251636,2.2887833992611187e-16
0.05000000000000001,25,22,4.908738521234052,4.3196898986859651,0.37159567885759182,0.17844653797945217,1.7942226552344684,0.37159567885759215,0.17844653797945215,3.3422138886441676e-16
0.05000000000000001,25,23,4.908738521234052,4.5160394395353274,0.18943783429580943,0.18943783429580913,1.9047366113162267,0.18943783429580946,0.1894378342958091,3.9252311467094379e-17
0.05000000000000001,25,24,4.908738521234052,4.7123889803846897,1.7003438791532309e-16,0.1931491408781395,1.9420526076137008,1.7837463822674154e-16,0.1931491408781395,8.3402503114184547e-18
0.05000000000000001,25,25,4.908738521234052,4.908738521234052,-0.18943783429580913,0.1894378342958091,1.9047366113162272,-0.1894378342958091,0.1894378342958091,2.7755575615628914e-17
0.05000000000000001,25,26,4.908738521234052,5.1050880620834143,-0.37159567885759154,0.1784465379794522,1.7942226552344687,-0.37159567885759182,0.17844653797945217,2.7894008272968645e-16
0.05000000000000001,25,27,4.908738521234052,5.3014376029327757,-0.539473309874134,0.16059764128251638,1.6147577287237087,-0.53947330987413411,0.16059764128251638,1.1102230246251565e-16
0.05000000000000001,25,28,4.908738521234052,5.497787143782138,-0.68661928413233175,0.13657706729528826,1.3732385682646642,-0.68661928413233175,0.13657706729528826,0
0.05000000000000001,25,29,4.908738521234052,5.6941366846315002,-0.80737886436185435,0.10730791320520396,1.0789466197482687,-0.80737886436185469,0.10730791320520393,3.3422138886441676e-16
0.05000000000000001,25,30,4.908738521234052,5.8904862254808616,-0.89711132761723456,0.07391497618961472,0.74319135771518319,-0.89711132761723456,0.073914976189614817,9.7144514654701197e-17
0.05000000000000001,25,31,4.908738521234052,6.0868357663302239,-0.95236830565811303,0.037681528091054774,0.37887566859161875,-0.95236830565811326,0.03768152809105485,2.3479724158959924e-16
0.05000000000000001,26,0,5.1050880620834143,0,-0.91468677756705863,4.874693410468708e-17,5.1444989735350441e-16,-0.91468677756705852,-0,1.2125269163480461e-16
0.05000000000000001,26,1,5.1050880620834143,0.19634954084936207,-0.89711132761723467,-0.073914976189614609,-0.35689307595890418,-0.89711132761723478,-0.07391497618961472,1.5700924586837752e-16
0.05000000000000001,26,2,5.1050880620834143,0.39269908169872414,-0.84506039245290931,-0.14498944129625857,-0.70007095115664997,-0.84506039245290931,-0.14498944129625876,1.9428902930940239e-16
0.05000000000000001,26,3,5.1050880620834143,0.58904862254808621,-0.76053426032194649,-0.21049204348490277,-1.016345492305758,-0.7605342603219466,-0.210492043484903,2.4825341532472731e-16
0.05000000000000001,26,4,5.1050880620834143,0.78539816339744828,-0.64678122307933839,-0.26790555448772013,-1.2935624461586759,-0.64678122307933839,-0.26790555448772035,2.2204460492503131e-16
0.05000000000000001,26,5,5.1050880620834143,0.98174770424681035,-0.50817274615287966,-0.31502360527474021,-1.5210685206438921,-0.50817274615287977,-0.31502360527474055,3.5108334685767012e-16
0.05000000000000001,26,6,5.1050880620834143,1.1780972450961724,-0.35003547557832548,-0.35003547557832532,-1.6901207849058175,-0.35003547557832543,-0.35003547557832559,2.8305244335018379e-16
0.05000000000000001,26,7,5.1050880620834143,1.3744467859455345,-0.1784465379794522,-0.37159567885759154,-1.7942226552344684,-0.1784465379794522,-0.37159567885759182,2.7755575615628914e-16
0.05000000000000001,26,8,5.1050880620834143,1.5707963267948966,-9.6455807873665029e-17,-0.37887566859161803,-1.8293735551341159,-5.6008411718495259e-17,-0.37887566859161836,3.3551386953811316e-16
0.05000000000000001,26,9,5.1050880620834143,1.7671458676442586,0.17844653797945204,-0.37159567885759159,-1.7942226552344682,0.17844653797945206,-0.37159567885759182,2.2377260456559048e-16
0.05000000000000001,26,10,5.1050880620834143,1.9634954084936207,0.35003547557832515,-0.35003547557832543,-1.6901207849058171,0.35003547557832532,-0.35003547557832559,2.3551386880256624e-16
0.05000000000000001,26,11,5.1050880620834143,2.1598449493429825,0.50817274615287944,-0.31502360527474038,-1.5210685206438928,0.50817274615287955,-0.3150236052747406,2.4825341532472731e-16
0.05000000000000001,26,12,5.1050880620834143,2.3561944901923448,0.64678122307933816,-0.26790555448772024,-1.293562446158677,0.64678122307933827,-0.26790555448772041,2.0014830212433605e-16
0.05000000000000001,26,13,5.1050880620834143,2.5525440310417071,0.76053426032194626,-0.21049204348490291,-1.0163454923057591,0.76053426032194671,-0.210492043484903,4.5182803598830274e-16
0.05000000000000001,26,14,5.1050880620834143,2.748893571891069,0.8450603924529092,-0.14498944129625868,-0.70007095115665019,0.84506039245290931,-0.14498944129625879,1.5700924586837752e-16
0.05000000000000001,26,15,5.1050880620834143,2.9452431127404308,0.89711132761723478,-0.073914976189614706,-0.35689307595890429,0.89711132761723478,-0.073914976189614845,1.3877787807814457e-16
0.05000000000000001,26,16,5.1050880620834143,3.1415926535897931,0.91468677756705841,-3.8091540708979661e-17,1.3355604535939679e-17,0.91468677756705852,-4.6398887481553883e-17,1.1133267110097605e-16
0.05000000000000001,26,17,5.1050880620834143,3.3379421944391554,0.89711132761723478,0.073914976189614623,0.35689307595890379,0.89711132761723478,0.073914976189614762,1.3877787807814457e-16
0.05000000000000001,26,18,5.1050880620834143,3.5342917352885173,0.8450603924529092,0.14498944129625863,0.7000709511566493,0.84506039245290943,0.14498944129625871,2.3714374201337736e-16
0.05000000000000001,26,19,5.1050880620834143,3.7306412761378791,0.76053426032194649,0.2104920434849028,1.0163454923057582,0.76053426032194682,0.21049204348490291,3.5108334685767012e-16
0.05000000000000001,26,20,5.1050880620834143,3.9269908169872414,0.6467812230793385,0.26790555448772013,1.2935624461586763,0.6467812230793385,0.26790555448772035,2.2204460492503131e-16
0.05000000000000001,26,21,5.1050880620834143,4.1233403578366037,0.50817274615287966,0.31502360527474021,1.5210685206438921,0.50817274615287977,0.31502360527474055,3.5108334685767012e-16
0.05000000000000001,26,22,5.1050880620834143,4.3196898986859651,0.35003547557832559,0.35003547557832526,1.6901207849058162,0.35003547557832587,0.35003547557832548,3.554447978966673e-16
0.05000000000000001,26,23,5.1050880620834143,4.5160394395353274,0.17844653797945251,0.37159567885759148,1.7942226552344684,0.17844653797945251,0.37159567885759176,2.7755575615628914e-16
0.05000000000000001,26,24,5.1050880620834143,4.7123889803846897,1.6916373441632871e-16,0.37887566859161809,1.8293735551341175,1.6802523515548578e-16,0.37887566859161836,2.7755809113779476e-16
0.05000000000000001,26,25,5.1050880620834143,4.908738521234052,-0.1784465379794522,0.37159567885759154,1.7942226552344689,-0.17844653797945217,0.37159567885759182,2.7894008272968645e-16
0.05000000000000001,26,26,5.1050880620834143,5.1050880620834143,-0.35003547557832532,0.35003547557832532,1.6901207849058166,-0.35003547557832554,0.35003547557832554,3.1401849173675503e-16
0.05000000000000001,26,27,5.1050880620834143,5.3014376029327757,-0.50817274615287944,0.31502360527474033,1.5210685206438923,-0.50817274615287944,0.3150236052747406,2.7755575615628914e-16
0.05000000000000001,26,28,5.1050880620834143,5.497787143782138,-0.64678122307933827,0.26790555448772019,1.2935624461586761,-0.64678122307933816,0.26790555448772047,2.9893669801409083e-16
0.05000000000000001,26,29,5.1050880620834143,5.6941366846315002,-0.76053426032194626,0.21049204348490286,1.0163454923057589,-0.7605342603219466,0.210492043484903,3.6082248300317588e-16
0.05000000000000001,26,30,5.1050880620834143,5.8904862254808616,-0.84506039245290909,0.14498944129625868,0.70007095115665052,-0.84506039245290909,0.14498944129625899,3.0531133177191805e-16
0.05000000000000001,26,31,5.1050880620834143,6.0868357663302239,-0.89711132761723467,0.073914976189614706,0.35689307595890496,-0.89711132761723467,0.073914976189614887,1.8041124150158794e-16
0.05000000000000001,27,0,5.3014376029327757,0,-0.82319635142762015,7.3552768057110718e-17,5.7190888498611621e-16,-0.82319635142762038,-0,2.3390984644767816e-16
0.05000000000000001,27,1,5.3014376029327757,0.19634954084936207,-0.80737886436185469,-0.10730791320520376,-0.32119528256503277,-0.80737886436185491,-0.10730791320520383,2.3263411494723067e-16
0.05000000000000001,27,2,5.3014376029327757,0.39269908169872414,-0.76053426032194671,-0.21049204348490269,-0.63004721054948054,-0.76053426032194682,-0.21049204348490272,1.1443916996305594e-16
0.05000000000000001,27,3,5.3014376029327757,0.58904862254808621,-0.68446275117039312,-0.30558708257877465,-0.91468677756705774,-0.68446275117039335,-0.3055870825787747,2.2887833992611187e-16
0.05000000000000001,27,4,5.3014376029327757,0.78539816339744828,-0.58208772234249451,-0.38893858146435473,-1.1641754446849888,-0.58208772234249473,-0.38893858146435473,2.2204460492503131e-16
0.05000000000000001,27,5,5.3014376029327757,0.98174770424681035,-0.4573433887835292,-0.45734338878352893,-1.368925502340786,-0.45734338878352948,-0.45734338878352898,2.8305244335018379e-16
0.05000000000000001,27,6,5.3014376029327757,1.1780972450961724,-0.31502360527474044,-0.50817274615287955,-1.5210685206438928,-0.31502360527474049,-0.50817274615287944,1.2412670766236366e-16
0.05000000000000001,27,7,5.3014376029327757,1.3744467859455345,-0.16059764128251636,-0.53947330987413411,-1.6147577287237087,-0.16059764128251641,-0.539473309874134,1.2412670766236366e-16
0.05000000000000001,27,8,5.3014376029327757,1.5707963267948966,-7.5008534396291026e-17,-0.55004221683704335,-1.6463927028552399,-5.0406238842280753e-17,-0.55004221683704335,2.4602295554010273e-17
0.05000000000000001,27,9,5.3014376029327757,1.7671458676442586,0.16059764128251622,-0.53947330987413411,-1.6147577287237083,0.1605976412825163,-0.539473309874134,1.3877787807814457e-16
0.05000000000000001,27,10,5.3014376029327757,1.9634954084936207,0.31502360527474016,-0.50817274615287955,-1.5210685206438923,0.31502360527474038,-0.50817274615287944,2.4825341532472731e-16
0.05000000000000001,27,11,5.3014376029327757,2.1598449493429825,0.45734338878352904,-0.45734338878352909,-1.3689255023407865,0.4573433887835292,-0.45734338878352909,1.6653345369377348e-16
0.05000000000000001,27,12,5.3014376029327757,2.3561944901923448,0.58208772234249428,-0.38893858146435489,-1.1641754446849888,0.58208772234249462,-0.38893858146435478,3.5108334685767012e-16
0.05000000000000001,27,13,5.3014376029327757,2.5525440310417071,0.68446275117039279,-0.30558708257877487,-0.91468677756705796,0.68446275117039335,-0.3055870825787747,5.7955343351681902e-16
0.05000000000000001,27,14,5.3014376029327757,2.748893571891069,0.76053426032194649,-0.21049204348490283,-0.63004721054948032,0.76053426032194682,-0.2104920434849028,3.3422138886441676e-16
0.05000000000000001,27,15,5.3014376029327757,2.9452431127404308,0.80737886436185458,-0.10730791320520391,-0.32119528256503288,0.80737886436185491,-0.10730791320520403,3.5108334685767012e-16
0.05000000000000001,27,16,5.3014376029327757,3.1415926535897931,0.82319635142762004,-5.9680843641515416e-17,-6.0321572105018799e-17,0.82319635142762038,-6.7360744024539952e-17,3.3315543769627708e-16
0.05000000000000001,27,17,5.3014376029327757,3.3379421944391554,0.80737886436185458,0.10730791320520378,0.32119528256503238,0.80737886436185491,0.10730791320520389,3.5108334685767012e-16
0.05000000000000001,27,18,5.3014376029327757,3.5342917352885173,0.7605342603219466,0.21049204348490269,0.63004721054947954,0.76053426032194693,0.21049204348490266,3.3422138886441676e-16
0.05000000000000001,27,19,5.3014376029327757,3.7306412761378791,0.68446275117039312,0.30558708257877465,0.91468677756705763,0.68446275117039346,0.30558708257877459,3.3766115072321297e-16
0.05000000000000001,27,20,5.3014376029327757,3.9269908169872414,0.58208772234249462,0.38893858146435478,1.1641754446849888,0.58208772234249473,0.38893858146435473,1.2412670766236366e-16
0.05000000000000001,27,21,5.3014376029327757,4.1233403578366037,0.4573433887835292,0.45734338878352893,1.3689255023407856,0.45734338878352937,0.45734338878352898,1.7554167342883506e-16
0.05000000000000001,27,22,5.3014376029327757,4.3196898986859651,0.3150236052747406,0.50817274615287944,1.5210685206438914,0.31502360527474088,0.50817274615287933,2.9893669801409083e-16
0.05000000000000001,27,23,5.3014376029327757,4.5160394395353274,0.16059764128251663,0.53947330987413411,1.6147577287237089,0.16059764128251669,0.539473309874134,1.2412670766236366e-16
0.05000000000000001,27,24,5.3014376029327757,4.7123889803846897,1.6592719695291806e-16,0.55004221683704346,1.6463927028552414,1.5121871652684223e-16,0.55004221683704335,1.1199237045675284e-16
0.05000000000000001,27,25,5.3014376029327757,4.908738521234052,-0.16059764128251636,0.53947330987413411,1.6147577287237089,-0.16059764128251638,0.539473309874134,1.1443916996305594e-16
0.05000000000000001,27,26,5.3014376029327757,5.1050880620834143,-0.31502360527474033,0.50817274615287944,1.5210685206438919,-0.3150236052747406,0.50817274615287933,2.9893669801409083e-16
0.05000000000000001,27,27,5.3014376029327757,5.3014376029327757,-0.45734338878352904,0.45734338878352909,1.368925502340786,-0.45734338878352909,0.45734338878352909,5.5511151231257827e-17
0.05000000000000001,27,28,5.3014376029327757,5.497787143782138,-0.5820877223424944,0.38893858146435484,1.164175444684989,-0.58208772234249451,0.38893858146435484,1.1102230246251565e-16
0.05000000000000001,27,29,5.3014376029327757,5.6941366846315002,-0.6844627511703929,0.30558708257877482,0.91468677756705841,-0.68446275117039335,0.3055870825787747,4.5775667985222375e-16
0.05000000000000001,27,30,5.3014376029327757,5.8904862254808616,-0.76053426032194638,0.2104920434849028,0.63004721054948054,-0.7605342603219466,0.21049204348490305,3.3422138886441676e-16
0.05000000000000001,27,31,5.3014376029327757,6.0868357663302239,-0.80737886436185446,0.10730791320520393,0.32119528256503344,-0.8073788643618548,0.10730791320520408,3.6638411145107034e-16
0.05000000000000001,28,0,5.497787143782138,0,-0.70007095115665086,1.1288254407071242e-16,6.4784887246525459e-16,-0.70007095115665097,-0,1.5833009947560396e-16
0.05000000000000001,28,1,5.497787143782138,0.19634954084936207,-0.68661928413233209,-0.13657706729528807,-0.27315413459057653,-0.6866192841323322,-0.13657706729528815,1.3877787807814457e-16
0.05000000000000001,28,2,5.497787143782138,0.39269908169872414,-0.6467812230793385,-0.26790555448772008,-0.5358111089754406,-0.6467812230793385,-0.26790555448772019,1.1102230246251565e-16
0.05000000000000001,28,3,5.497787143782138,0.58904862254808621,-0.58208772234249451,-0.38893858146435478,-0.77787716292870968,-0.58208772234249462,-0.38893858146435495,2.0014830212433605e-16
0.05000000000000001,28,4,5.497787143782138,0.78539816339744828,-0.49502491687458411,-0.49502491687458389,-0.99004983374916844,-0.49502491687458422,-0.49502491687458394,1.2412670766236366e-16
0.05000000000000001,28,5,5.497787143782138,0.98174770424681035,-0.388938581464355,-0.58208772234249417,-1.1641754446849895,-0.38893858146435517,-0.5820877223424944,2.7755575615628914e-16
0.05000000000000001,28,6,5.497787143782138,1.1780972450961724,-0.26790555448772035,-0.64678122307933816,-1.2935624461586768,-0.26790555448772035,-0.64678122307933827,1.1102230246251565e-16
0.05000000000000001,28,7,5.497787143782138,1.3744467859455345,-0.13657706729528829,-0.68661928413233175,-1.3732385682646637,-0.13657706729528829,-0.68661928413233186,1.1102230246251565e-16
0.05000000000000001,28,8,5.497787143782138,1.5707963267948966,-7.7940628873647624e-17,-0.70007095115665052,-1.4001419023133015,-4.2866982475501784e-17,-0.70007095115665063,1.1643071895226139e-16
0.05000000000000001,28,9,5.497787143782138,1.7671458676442586,0.13657706729528815,-0.68661928413233175,-1.373238568264664,0.13657706729528818,-0.68661928413233186,1.1443916996305594e-16
0.05000000000000001,28,10,5.497787143782138,1.9634954084936207,0.26790555448772013,-0.64678122307933827,-1.2935624461586765,0.2679055544877203,-0.64678122307933827,1.6653345369377348e-16
0.05000000000000001,28,11,5.497787143782138,2.1598449493429825,0.38893858146435484,-0.58208772234249428,-1.1641754446849895,0.38893858146435495,-0.58208772234249451,2.4825341532472731e-16
0.05000000000000001,28,12,5.497787143782138,2.3561944901923448,0.495024916874584,-0.49502491687458394,-0.99004983374916877,0.49502491687458416,-0.495024916874584,1.7554167342883506e-16
0.05000000000000001,28,13,5.497787143782138,2.5525440310417071,0.5820877223424944,-0.38893858146435495,-0.7778771629287099,0.58208772234249473,-0.38893858146435495,3.3306690738754696e-16
0.05000000000000001,28,14,5.497787143782138,2.748893571891069,0.64678122307933839,-0.26790555448772024,-0.53581110897544049,0.6467812230793385,-0.26790555448772024,1.1102230246251565e-16
0.05000000000000001,28,15,5.497787143782138,2.9452431127404308,0.68661928413233198,-0.13657706729528826,-0.27315413459057686,0.6866192841323322,-0.13657706729528843,2.7755575615628914e-16
0.05000000000000001,28,16,5.497787143782138,3.1415926535897931,0.70007095115665074,-9.8068103643680093e-17,-2.6661905121555676e-16,0.70007095115665097,-8.573396495100352e-17,2.2238690958238395e-16
0.05000000000000001,28,17,5.497787143782138,3.3379421944391554,0.68661928413233198,0.13657706729528807,0.2731541345905763,0.6866192841323322,0.13657706729528823,2.7755575615628914e-16
0.05000000000000001,28,18,5.497787143782138,3.5342917352885173,0.64678122307933839,0.26790555448772008,0.53581110897543993,0.64678122307933861,0.26790555448772013,2.2887833992611187e-16
0.05000000000000001,28,19,5.497787143782138,3.7306412761378791,0.58208772234249451,0.38893858146435478,0.77787716292870979,0.58208772234249484,0.38893858146435478,3.3306690738754696e-16
0.05000000000000001,28,20,5.497787143782138,3.9269908169872414,0.49502491687458411,0.49502491687458383,0.99004983374916877,0.49502491687458433,0.49502491687458394,2.4825341532472731e-16
0.05000000000000001,28,21,5.497787143782138,4.1233403578366037,0.388938581464355,0.58208772234249417,1.1641754446849892,0.38893858146435512,0.5820877223424944,2.4825341532472731e-16
0.05000000000000001,28,22,5.497787143782138,4.3196898986859651,0.26790555448772041,0.64678122307933805,1.2935624461586759,0.26790555448772069,0.64678122307933805,2.7755575615628914e-16
0.05000000000000001,28,23,5.497787143782138,4.5160394395353274,0.13657706729528851,0.68661928413233175,1.373238568264664,0.13657706729528851,0.68661928413233175,0
0.05000000000000001,28,24,5.497787143782138,4.7123889803846897,1.6087286510791177e-16,0.70007095115665052,1.4001419023133028,1.2860094742650534e-16,0.70007095115665063,1.1561759517873471e-16
0.05000000000000001,28,25,5.497787143782138,4.908738521234052,-0.13657706729528829,0.68661928413233175,1.3732385682646644,-0.13657706729528826,0.68661928413233186,1.1443916996305594e-16
0.05000000000000001,28,26,5.497787143782138,5.1050880620834143,-0.2679055544877203,0.64678122307933816,1.2935624461586763,-0.26790555448772047,0.64678122307933816,1.6653345369377348e-16
0.05000000000000001,28,27,5.497787143782138,5.3014376029327757,-0.38893858146435484,0.58208772234249428,1.1641754446849883,-0.38893858146435489,0.58208772234249451,2.2887833992611187e-16
0.05000000000000001,28,28,5.497787143782138,5.497787143782138,-0.495024916874584,0.495024916874584,0.99004983374916877,-0.49502491687458405,0.49502491687458405,7.8504622934188758e-17
0.05000000000000001,28,29,5.497787143782138,5.6941366846315002,-0.5820877223424944,0.38893858146435495,0.77787716292871045,-0.58208772234249462,0.38893858146435495,2.2204460492503131e-16
0.05000000000000001,28,30,5.497787143782138,5.8904862254808616,-0.64678122307933827,0.26790555448772024,0.5358111089754406,-0.64678122307933839,0.26790555448772063,4.0412728104402651e-16
0.05000000000000001,28,31,5.497787143782138,6.0868357663302239,-0.68661928413233186,0.13657706729528826,0.27315413459057702,-0.68661928413233209,0.13657706729528848,3.1401849173675503e-16
0.05000000000000001,29,0,5.6941366846315002,0,-0.5500422168370438,1.4536074678448297e-16,2.871833800397821e-16,-0.55004221683704368,-0,1.8290898925372936e-16
0.05000000000000001,29,1,5.6941366846315002,0.19634954084936207,-0.53947330987413444,-0.16059764128251611,-0.2146158264104078,-0.53947330987413433,-0.1605976412825163,2.2377260456559048e-16
0.05000000000000001,29,2,5.6941366846315002,0.39269908169872414,-0.50817274615287988,-0.31502360527474016,-0.42098408696980544,-0.50817274615287977,-0.31502360527474038,2.4825341532472731e-16
0.05000000000000001,29,3,5.6941366846315002,0.58904862254808621,-0.45734338878352931,-0.45734338878352898,-0.6111741651575493,-0.45734338878352926,-0.45734338878352926,2.8305244335018379e-16
0.05000000000000001,29,4,5.6941366846315002,0.78539816339744828,-0.38893858146435506,-0.58208772234249428,-0.77787716292871001,-0.388938581464355,-0.5820877223424944,1.2412670766236366e-16
0.05000000000000001,29,5,5.6941366846315002,0.98174770424681035,-0.30558708257877493,-0.68446275117039279,-0.91468677756705852,-0.30558708257877498,-0.68446275117039312,3.3766115072321297e-16
0.05000000000000001,29,6,5.6941366846315002,1.1780972450961724,-0.21049204348490294,-0.76053426032194638,-1.0163454923057589,-0.21049204348490289,-0.7605342603219466,2.2887833992611187e-16
0.05000000000000001,29,7,5.6941366846315002,1.3744467859455345,-0.107307913205204,-0.80737886436185435,-1.0789466197482684,-0.10730791320520394,-0.80737886436185469,3.3766115072321297e-16
0.05000000000000001,29,8,5.6941366846315002,1.5707963267948966,-7.0653778207830503e-17,-0.82319635142761982,-1.1000844336740874,-3.3680372012269995e-17,-0.82319635142762015,3.351128131874499e-16
0.05000000000000001,29,9,5.6941366846315002,1.7671458676442586,0.10730791320520386,-0.80737886436185435,-1.0789466197482684,0.10730791320520386,-0.80737886436185469,3.3306690738754696e-16
0.05000000000000001,29,10,5.6941366846315002,1.9634954084936207,0.21049204348490277,-0.76053426032194649,-1.0163454923057591,0.21049204348490283,-0.7605342603219466,1.2412670766236366e-16
0.05000000000000001,29,11,5.6941366846315002,2.1598449493429825,0.30558708257877476,-0.6844627511703929,-0.91468677756705896,0.30558708257877476,-0.68446275117039335,4.4408920985006262e-16
0.05000000000000001,29,12,5.6941366846315002,2.3561944901923448,0.38893858146435495,-0.5820877223424944,-0.77787716292871056,0.38893858146435495,-0.58208772234249451,1.1102230246251565e-16
0.05000000000000001,29,13,5.6941366846315002,2.5525440310417071,0.4573433887835292,-0.45734338878352915,-0.61117416515754996,0.45734338878352931,-0.45734338878352926,1.5700924586837752e-16
0.05000000000000001,29,14,5.6941366846315002,2.748893571891069,0.50817274615287977,-0.31502360527474038,-0.4209840869698056,0.50817274615287977,-0.31502360527474044,5.5511151231257827e-17
0.05000000000000001,29,15,5.6941366846315002,2.9452431127404308,0.53947330987413433,-0.16059764128251638,-0.21461582641040791,0.53947330987413433,-0.16059764128251658,1.9428902930940239e-16
0.05000000000000001,29,16,5.6941366846315002,3.1415926535897931,0.55004221683704368,-1.3655247011008714e-16,-1.1010069125649486e-16,0.55004221683704368,-1.0081247768456147e-16,3.5739992425525667e-17
0.05000000000000001,29,17,5.6941366846315002,3.3379421944391554,0.53947330987413433,0.16059764128251611,0.21461582641040769,0.53947330987413433,0.16059764128251638,2.7755575615628914e-16
0.05000000000000001,29,18,5.6941366846315002,3.5342917352885173,0.50817274615287977,0.31502360527474016,0.42098408696980522,0.50817274615287977,0.31502360527474027,1.1102230246251565e-16
0.05000000000000001,29,19,5.6941366846315002,3.7306412761378791,0.45734338878352931,0.45734338878352898,0.61117416515754952,0.45734338878352937,0.45734338878352909,1.2412670766236366e-16
0.05000000000000001,29,20,5.6941366846315002,3.9269908169872414,0.38893858146435512,0.58208772234249428,0.77787716292871034,0.38893858146435506,0.5820877223424944,1.2412670766236366e-16
0.05000000000000001,29,21,5.6941366846315002,4.1233403578366037,0.30558708257877493,0.68446275117039279,0.91468677756705863,0.30558708257877493,0.68446275117039312,3.3306690738754696e-16
0.05000000000000001,29,22,5.6941366846315002,4.3196898986859651,0.210492043484903,0.76053426032194626,1.0163454923057584,0.21049204348490316,0.76053426032194649,2.7755575615628914e-16
0.05000000000000001,29,23,5.6941366846315002,4.5160394395353274,0.10730791320520416,0.80737886436185435,1.0789466197482684,0.10730791320520412,0.80737886436185458,2.2591401799415137e-16
0.05000000000000001,29,24,5.6941366846315002,4.7123889803846897,1.3661122056704997e-16,0.82319635142761982,1.1000844336740883,1.0104111603680999e-16,0.82319635142762015,3.3496088896018441e-16
0.05000000000000001,29,25,5.6941366846315002,4.908738521234052,-0.10730791320520396,0.80737886436185435,1.0789466197482691,-0.10730791320520393,0.80737886436185469,3.3422138886441676e-16
0.05000000000000001,29,26,5.6941366846315002,5.1050880620834143,-0.21049204348490291,0.76053426032194638,1.0163454923057587,-0.21049204348490297,0.76053426032194649,1.2412670766236366e-16
0.05000000000000001,29,27,5.6941366846315002,5.3014376029327757,-0.30558708257877476,0.6844627511703929,0.91468677756705796,-0.3055870825787747,0.68446275117039335,4.4754520913118096e-16
0.05000000000000001,29,28,5.6941366846315002,5.497787143782138,-0.38893858146435495,0.58208772234249451,0.77787716292871023,-0.38893858146435489,0.58208772234249462,1.2412670766236366e-16
0.05000000000000001,29,29,5.6941366846315002,5.6941366846315002,-0.4573433887835292,0.4573433887835292,0.6111741651575503,-0.45734338878352926,0.45734338878352926,7.8504622934188758e-17
0.05000000000000001,29,30,5.6941366846315002,5.8904862254808616,-0.50817274615287966,0.31502360527474038,0.42098408696980588,-0.50817274615287966,0.31502360527474088,4.9960036108132044e-16
0.05000000000000001,29,31,5.6941366846315002,6.0868357663302239,-0.53947330987413433,0.16059764128251638,0.21461582641040813,-0.53947330987413433,0.16059764128251669,3.0531133177191805e-16
0.05000000000000001,30,0,5.8904862254808616,0,-0.3788756685916182,1.3986847978725952e-16,-1.6505237064393341e-17,-0.37887566859161875,-0,5.7246133733201295e-16
0.05000000000000001,30,1,5.8904862254808616,0.19634954084936207,-0.3715956788575917,-0.17844653797945195,-0.14782995237922944,-0.3715956788575922,-0.17844653797945209,5.1851694305630762e-16
0.05000000000000001,30,2,5.8904862254808616,0.39269908169872414,-0.35003547557832548,-0.35003547557832515,-0.28997888259251708,-0.35003547557832593,-0.35003547557832532,4.7428748402675471e-16
0.05000000000000001,30,3,5.8904862254808616,0.58904862254808621,-0.31502360527474044,-0.50817274615287955,-0.42098408696980555,-0.31502360527474088,-0.50817274615287966,4.5775667985222375e-16
0.05000000000000001,30,4,5.8904862254808616,0.78539816339744828,-0.2679055544877203,-0.64678122307933816,-0.53581110897544049,-0.26790555448772069,-0.64678122307933816,3.8857805861880479e-16
0.05000000000000001,30,5,5.8904862254808616,0.98174770424681035,-0.21049204348490291,-0.76053426032194615,-0.63004721054948065,-0.21049204348490325,-0.76053426032194649,4.7102773760513248e-16
0.05000000000000001,30,6,5.8904862254808616,1.1780972450961724,-0.14498944129625874,-0.84506039245290909,-0.70007095115665074,-0.14498944129625893,-0.8450603924529092,2.2377260456559048e-16
0.05000000000000001,30,7,5.8904862254808616,1.3744467859455345,-0.073914976189614734,-0.89711132761723456,-0.74319135771518341,-0.073914976189614817,-0.89711132761723467,1.3877787807814457e-16
0.05000000000000001,30,8,5.8904862254808616,1.5707963267948966,-3.6613051672230069e-17,-0.9146867775670583,-0.7577513371832364,-2.3199443740776963e-17,-0.91468677756705841,1.1182967639145279e-16
0.05000000000000001,30,9,5.8904862254808616,1.7671458676442586,0.073914976189614665,-0.89711132761723456,-0.74319135771518319,0.073914976189614776,-0.89711132761723467,1.5700924586837752e-16
0.05000000000000001,30,10,5.8904862254808616,1.9634954084936207,0.14498944129625865,-0.8450603924529092,-0.70007095115665063,0.14498944129625888,-0.8450603924529092,2.2204460492503131e-16
0.05000000000000001,30,11,5.8904862254808616,2.1598449493429825,0.2104920434849028,-0.76053426032194649,-0.63004721054948121,0.21049204348490311,-0.76053426032194671,3.7751664318895328e-16
0.05000000000000001,30,12,5.8904862254808616,2.3561944901923448,0.2679055544877203,-0.64678122307933839,-0.53581110897544082,0.26790555448772063,-0.64678122307933827,3.5108334685767012e-16
0.05000000000000001,30,13,5.8904862254808616,2.5525440310417071,0.31502360527474033,-0.50817274615287977,-0.42098408696980583,0.31502360527474088,-0.50817274615287966,5.6610488670036757e-16
0.05000000000000001,30,14,5.8904862254808616,2.748893571891069,0.35003547557832543,-0.35003547557832543,-0.2899788825925172,0.35003547557832593,-0.35003547557832543,4.9960036108132044e-16
0.05000000000000001,30,15,5.8904862254808616,2.9452431127404308,0.37159567885759165,-0.17844653797945223,-0.1478299523792293,0.3715956788575922,-0.17844653797945242,5.8813010296357691e-16
0.05000000000000001,30,16,5.8904862254808616,3.1415926535897931,0.37887566859161814,-1.3922947267057553e-16,1.4594199904914926e-16,0.37887566859161875,-1.1201682343699052e-16,6.1122873419995483e-16
0.05000000000000001,30,17,5.8904862254808616,3.3379421944391554,0.37159567885759165,0.17844653797945195,0.14782995237922925,0.3715956788575922,0.1784465379794522,6.0872729633235947e-16
0.05000000000000001,30,18,5.8904862254808616,3.5342917352885173,0.35003547557832543,0.35003547557832515,0.28997888259251681,0.35003547557832598,0.35003547557832521,5.5788016545937291e-16
0.05000000000000001,30,19,5.8904862254808616,3.7306412761378791,0.31502360527474044,0.50817274615287955,0.42098408696980533,0.31502360527474094,0.50817274615287944,5.1178752665209032e-16
0.05000000000000001,30,20,5.8904862254808616,3.9269908169872414,0.26790555448772035,0.64678122307933816,0.53581110897544049,0.26790555448772074,0.64678122307933816,3.8857805861880479e-16
0.05000000000000001,30,21,5.8904862254808616,4.1233403578366037,0.21049204348490289,0.76053426032194626,0.63004721054948043,0.21049204348490319,0.76053426032194649,3.7751664318895328e-16
0.05000000000000001,30,22,5.8904862254808616,4.3196898986859651,0.14498944129625882,0.84506039245290898,0.70007095115665008,0.14498944129625913,0.84506039245290898,3.0531133177191805e-16
0.05000000000000001,30,23,5.8904862254808616,4.5160394395353274,0.073914976189614845,0.89711132761723456,0.74319135771518319,0.073914976189614942,0.89711132761723456,9.7144514654701197e-17
0.05000000000000001,30,24,5.8904862254808616,4.7123889803846897,8.4834081112084836e-17,0.9146867775670583,0.75775133718323717,6.9598331222330893e-17,0.91468677756705841,1.120628382595294e-16
0.05000000000000001,30,25,5.8904862254808616,4.908738521234052,-0.073914976189614734,0.89711132761723467,0.74319135771518352,-0.073914976189614817,0.89711132761723467,8.3266726846886741e-17
0.05000000000000001,30,26,5.8904862254808616,5.1050880620834143,-0.14498944129625874,0.84506039245290909,0.70007095115665052,-0.14498944129625899,0.84506039245290909,2.4980018054066022e-16
0.05000000000000001,30,27,5.8904862254808616,5.3014376029327757,-0.2104920434849028,0.76053426032194649,0.63004721054948076,-0.21049204348490308,0.76053426032194671,3.554447978966673e-16
0.05000000000000001,30,28,5.8904862254808616,5.497787143782138,-0.26790555448772024,0.64678122307933839,0.53581110897544071,-0.26790555448772058,0.64678122307933839,3.3306690738754696e-16
0.05000000000000001,30,29,5.8904862254808616,5.6941366846315002,-0.31502360527474033,0.50817274615287977,0.42098408696980594,-0.31502360527474088,0.50817274615287966,5.6610488670036757e-16
0.05000000000000001,30,30,5.8904862254808616,5.8904862254808616,-0.35003547557832537,0.35003547557832543,0.28997888259251747,-0.35003547557832587,0.35003547557832587,6.6844277772883352e-16
0.05000000000000001,30,31,5.8904862254808616,6.0868357663302239,-0.37159567885759159,0.17844653797945223,0.14782995237922952,-0.37159567885759215,0.17844653797945254,6.3353279347662809e-16
0.05000000000000001,31,0,6.0868357663302239,0,-0.19314914087813961,1.3689664360338118e-16,9.4407657843192993e-17,-0.19314914087813992,-0,3.3459781878878617e-16
0.05000000000000001,31,1,6.0868357663302239,0.19634954084936207,-0.18943783429580918,-0.18943783429580888,-0.075363056182109714,-0.18943783429580952,-0.18943783429580902,3.6082248300317588e-16
0.05000000000000001,31,2,6.0868357663302239,0.39269908169872414,-0.17844653797945229,-0.37159567885759143,-0.1478299523792295,-0.17844653797945256,-0.37159567885759159,3.2368285245694688e-16
0.05000000000000001,31,3,6.0868357663302239,0.58904862254808621,-0.16059764128251641,-0.53947330987413411,-0.21461582641040786,-0.16059764128251669,-0.53947330987413433,3.554447978966673e-16
0.05000000000000001,31,4,6.0868357663302239,0.78539816339744828,-0.13657706729528832,-0.68661928413233175,-0.2731541345905768,-0.13657706729528854,-0.68661928413233186,2.4825341532472731e-16
0.05000000000000001,31,5,6.0868357663302239,0.98174770424681035,-0.10730791320520398,-0.80737886436185424,-0.32119528256503316,-0.10730791320520418,-0.80737886436185458,3.8559277963506344e-16
0.05000000000000001,31,6,6.0868357663302239,1.1780972450961724,-0.073914976189614762,-0.89711132761723456,-0.35689307595890507,-0.073914976189614873,-0.89711132761723467,1.5700924586837752e-16
0.05000000000000001,31,7,6.0868357663302239,1.3744467859455345,-0.037681528091054788,-0.95236830565811315,-0.37887566859161886,-0.03768152809105485,-0.95236830565811326,1.2738115944464653e-16
0.05000000000000001,31,8,6.0868357663302239,1.5707963267948966,-6.0645547537178554e-18,-0.97102630380684929,-0.38629828175627945,-1.1826973856723763e-17,-0.9710263038068494,1.1117174604186531e-16
0.05000000000000001,31,9,6.0868357663302239,1.7671458676442586,0.037681528091054753,-0.95236830565811315,-0.37887566859161848,0.037681528091054829,-0.95236830565811326,1.3472894910096233e-16
0.05000000000000001,31,10,6.0868357663302239,1.9634954084936207,0.073914976189614692,-0.89711132761723478,-0.35689307595890474,0.073914976189614845,-0.89711132761723467,1.8875832159447664e-16
0.05000000000000001,31,11,6.0868357663302239,2.1598449493429825,0.10730791320520394,-0.80737886436185458,-0.32119528256503316,0.10730791320520412,-0.8073788643618548,2.8609792490763985e-16
0.05000000000000001,31,12,6.0868357663302239,2.3561944901923448,0.13657706729528829,-0.68661928413233198,-0.27315413459057675,0.13657706729528851,-0.68661928413233198,2.2204460492503131e-16
0.05000000000000001,31,13,6.0868357663302239,2.5525440310417071,0.16059764128251636,-0.53947330987413433,-0.21461582641040794,0.16059764128251672,-0.53947330987413433,3.6082248300317588e-16
0.05000000000000001,31,14,6.0868357663302239,2.748893571891069,0.17844653797945223,-0.37159567885759165,-0.14782995237922961,0.17844653797945256,-0.3715956788575917,3.3766115072321297e-16
0.05000000000000001,31,15,6.0868357663302239,2.9452431127404308,0.18943783429580921,-0.18943783429580915,-0.075363056182109714,0.18943783429580952,-0.18943783429580938,3.7751664318895328e-16
0.05000000000000001,31,16,6.0868357663302239,3.1415926535897931,0.19314914087813956,-1.3020912182271359e-16,7.4748767542906053e-17,0.19314914087813992,-1.1891642548449435e-16,3.6099915405879329e-16
0.05000000000000001,31,17,6.0868357663302239,3.3379421944391554,0.18943783429580918,0.18943783429580888,0.075363056182109658,0.18943783429580952,0.18943783429580913,4.163336342344337e-16
0.05000000000000001,31,18,6.0868357663302239,3.5342917352885173,0.17844653797945226,0.37159567885759137,0.14782995237922933,0.17844653797945259,0.37159567885759148,3.5108334685767012e-16
0.05000000000000001,31,19,6.0868357663302239,3.7306412761378791,0.16059764128251641,0.53947330987413411,0.21461582641040786,0.16059764128251675,0.53947330987413411,3.3306690738754696e-16
0.05000000000000001,31,20,6.0868357663302239,3.9269908169872414,0.13657706729528829,0.68661928413233175,0.27315413459057669,0.13657706729528857,0.68661928413233186,2.9893669801409083e-16
0.05000000000000001,31,21,6.0868357663302239,4.1233403578366037,0.107307913205204,0.80737886436185424,0.32119528256503305,0.10730791320520416,0.80737886436185458,3.7238012298709097e-16
0.05000000000000001,31,22,6.0868357663302239,4.3196898986859651,0.073914976189614776,0.89711132761723444,0.3568930759589049,0.073914976189614956,0.89711132761723444,1.8041124150158794e-16
0.05000000000000001,31,23,6.0868357663302239,4.5160394395353274,0.03768152809105485,0.95236830565811315,0.37887566859161886,0.037681528091054919,0.95236830565811315,6.9388939039072284e-17
0.05000000000000001,31,24,6.0868357663302239,4.7123889803846897,2.848412929068538e-17,0.97102630380684929,0.38629828175627989,3.5480921570171284e-17,0.9710263038068494,1.1124255816134661e-16
0.05000000000000001,31,25,6.0868357663302239,4.908738521234052,-0.037681528091054801,0.95236830565811326,0.37887566859161881,-0.03768152809105485,0.95236830565811326,4.8572257327350599e-17
0.05000000000000001,31,26,6.0868357663302239,5.1050880620834143,-0.073914976189614734,0.89711132761723467,0.35689307595890463,-0.0739149761896149,0.89711132761723456,2.0014830212433605e-16
0.05000000000000001,31,27,6.0868357663302239,5.3014376029327757,-0.10730791320520393,0.80737886436185458,0.32119528256503299,-0.10730791320520409,0.8073788643618548,2.7755575615628914e-16
0.05000000000000001,31,28,6.0868357663302239,5.497787143782138,-0.13657706729528826,0.68661928413233198,0.2731541345905768,-0.13657706729528848,0.68661928413233209,2.4825341532472731e-16
0.05000000000000001,31,29,6.0868357663302239,5.6941366846315002,-0.16059764128251636,0.53947330987413433,0.21461582641040799,-0.16059764128251669,0.53947330987413433,3.3306690738754696e-16
0.05000000000000001,31,30,6.0868357663302239,5.8904862254808616,-0.1784465379794522,0.37159567885759165,0.14782995237922961,-0.17844653797945254,0.37159567885759215,6.0044490637300822e-16
0.05000000000000001,31,31,6.0868357663302239,6.0868357663302239,-0.18943783429580918,0.18943783429580913,0.075363056182109839,-0.18943783429580949,0.18943783429580949,4.7266042096723034e-16
0.075000000000000025,0,0,0,0,-1.5279342616338792e-16,1.4825924130163781e-16,8.8608774235794127e-17,0,-0,2.1290052538705475e-16
0.075000000000000025,0,1,0,0.19634954084936207,-1.3596021792248908e-16,-0.19218580551909406,-1.8998817400099852e-16,0,-0.19218580551909417,1.7553100153992466e-16
0.075000000000000025,0,2,0,0.39269908169872414,-1.2569835014043963e-16,-0.37698601831113082,-2.278102550463196e-16,0,-0.37698601831113104,2.5515462332542946e-16
0.075000000000000025,0,3,0,0.58904862254808621,-1.698526179865067e-16,-0.54729886983566556,-1.0996070010706609e-16,0,-0.54729886983566578,2.7955986552647973e-16
0.075000000000000025,0,4,0,0.78539816339744828,-1.1357660658087497e-16,-0.69657933272115802,-2.5244888688091842e-16,0,-0.69657933272115813,1.588256818228877e-16
0.075000000000000025,0,5,0,0.98174770424681035,-9.0515532139020583e-17,-0.81909064249636654,-5.2795077887352821e-16,0,-0.81909064249636687,3.451472531472833e-16
0.075000000000000025,0,6,0,1.1780972450961724,-4.8286024433684921e-17,-0.91012475823176431,-5.2430272406815969e-16,0,-0.91012475823176442,1.2106812875273462e-16
0.075000000000000025,0,7,0,1.3744467859455345,-1.6637232600758935e-17,-0.96618328991215985,-3.4718814020660579e-16,0,-0.96618328991215996,1.1226196663469809e-16
0.075000000000000025,0,8,0,1.5707963267948966,3.0741886890248972e-18,-0.98511193960306254,-3.0342043137633083e-16,0,-0.98511193960306265,1.1106485618850833e-16
0.075000000000000025,0,9,0,1.7671458676442586,2.8226783813806002e-17,-0.96618328991215985,-3.2460631435810678e-16,-0,-0.96618328991215996,1.1455436686809304e-16
0.075000000000000025,0,10,0,1.9634954084936207,5.873671062116581e-17,-0.91012475823176442,-2.5865709784997398e-16,-0,-0.91012475823176442,5.873671062116581e-17
0.075000000000000025,0,11,0,2.1598449493429825,8.3810099213345348e-17,-0.81909064249636687,-1.6679741666792107e-16,-0,-0.81909064249636709,2.3733507812050041e-16
0.075000000000000025,0,12,0,2.3561944901923448,9.9436102753704453e-17,-0.69657933272115824,-1.1748781640587059e-16,-0,-0.69657933272115824,9.9436102753704453e-17
0.075000000000000025,0,13,0,2.5525440310417071,5.1928396128291685e-17,-0.54729886983566578,-1.0982984713640446e-16,-0,-0.54729886983566578,5.1928396128291685e-17
0.075000000000000025,0,14,0,2.748893571891069,1.1475131433463791e-16,-0.37698601831113104,-1.5391579997048734e-16,-0,-0.37698601831113115,1.5966782952619223e-16
0.075000000000000025,0,15,0,2.9452431127404308,1.4444996950780672e-16,-0.19218580551909434,-1.8935218466377137e-16,-0,-0.19218580551909453,2.4210332629023523e-16
0.075000000000000025,0,16,0,3.1415926535897931,1.5164929971025892e-16,-1.305369354256288e-16,-8.5765568981258847e-17,-0,-1.2064141836367314e-16,1.519718110721044e-16
0.075000000000000025,0,17,0,3.3379421944391554,1.4508436118754868e-16,0.19218580551909406,1.4964166030671844e-16,-0,0.19218580551909428,2.652419243587113e-16
0.075000000000000025,0,18,0,3.5342917352885173,1.4223774266907945e-16,0.37698601831113082,3.1914166110490683e-16,-0,0.37698601831113093,1.8043704465456525e-16
0.075000000000000025,0,19,0,3.7306412761378791,1.7332833092915038e-16,0.54729886983566556,3.1637312914997563e-16,-0,0.54729886983566556,1.7332833092915038e-16
0.075000000000000025,0,20,0,3.9269908169872414,1.0306324041230295e-16,0.69657933272115802,3.1885580054359181e-16,-0,0.69657933272115813,1.5148591739288e-16
0.075000000000000025,0,21,0,4.1233403578366037,8.6869085412438384e-17,0.81909064249636654,4.7087845296068989e-16,-0,0.81909064249636687,3.4420895223264939e-16
0.075000000000000025,0,22,0,4.3196898986859651,5.3481230802081021e-17,0.9101247582317642,5.8110986162894404e-16,-0,0.9101247582317642,5.3481230802081021e-17
0.075000000000000025,0,23,0,4.5160394395353274,1.5080513720152625e-17,0.96618328991215985,4.7866997868623553e-16,-0,0.96618328991215985,1.5080513720152625e-17
0.075000000000000025,0,24,0,4.7123889803846897,-1.1288204259998975e-17,0.98511193960306254,3.391009736487963e-16,-0,0.98511193960306265,1.1159469162775516e-16
0.075000000000000025,0,25,0,4.908738521234052,-3.2274119612438433e-17,0.96618328991215985,3.1423632606456698e-16,0,0.96618328991215996,1.1561820981504727e-16
0.075000000000000025,0,26,0,5.1050880620834143,-5.8614527943604199e-17,0.91012475823176431,2.9103844524435881e-16,0,0.91012475823176431,5.8614527943604199e-17
0.075000000000000025,0,27,0,5.3014376029327757,-8.6000444029504609e-17,0.81909064249636676,2.0384672360961357e-16,0,0.81909064249636709,3.4399075739033562e-16
0.075000000000000025,0,28,0,5.497787143782138,-1.0544044292812401e-16,0.69657933272115824,1.219308258583062e-16,0,0.69657933272115835,1.5311315635489095e-16
0.075000000000000025,0,29,0,5.6941366846315002,-5.7276204787937101e-17,0.54729886983566578,9.006463254907778e-17,0,0.54729886983566578,5.7276204787937101e-17
0.075000000000000025,0,30,0,5.8904862254808616,-1.1602486910117279e-16,0.37698601831113104,1.5155451334713802e-16,0,0.37698601831113165,6.2154791245994312e-16
0.075000000000000025,0,31,0,6.0868357663302239,-1.4555379239291627e-16,0.19218580551909434,2.2949492772004161e-16,0,0.19218580551909464,3.382320442954842e-16
0.075000000000000025,1,0,0.19634954084936207,0,0.19218580551909403,1.3777088746434882e-16,-1.3277632154646278e-16,0.19218580551909417,-0,1.955508038249565e-16
0.075000000000000025,1,1,0.19634954084936207,0.19634954084936207,0.18849300915556536,-0.18849300915556538,0.074987181371298145,0.18849300915556549,-0.18849300915556549,1.7772239894833365e-16
0.075000000000000025,1,2,0.19634954084936207,0.39269908169872414,0.17755653215828565,-0.3697423376773798,0.14709264741579298,0.17755653215828579,-0.36974233767738002,2.6184557666721351e-16
0.075000000000000025,1,3,0.19634954084936207,0.58904862254808621,0.15979665720501346,-0.53678267551614434,0.21354542551060596,0.1597966572050136,-0.53678267551614456,2.6184557666721351e-16
0.075000000000000025,1,4,0.19634954084936207,0.78539816339744828,0.13589588633035041,-0.6831947561660161,0.27179177266070093,0.13589588633035052,-0.68319475616601621,1.5700924586837752e-16
0.075000000000000025,1,5,0.19634954084936207,0.98174770424681035,0.10677271275530302,-0.803352045476461,0.3195933144100272,0.10677271275530312,-0.80335204547646133,3.4694469519536142e-16
0.075000000000000025,1,6,0.19634954084936207,1.1780972450961724,0.073546323707896544,-0.89263696620426314,0.35511306431657164,0.073546323707896585,-0.89263696620426336,2.2591401799415137e-16
0.075000000000000025,1,7,0.19634954084936207,1.3744467859455345,0.037493590685649079,-0.94761834891741326,0.37698601831113099,0.037493590685649093,-0.94761834891741348,2.2247786310271853e-16
0.075000000000000025,1,8,0.19634954084936207,1.5707963267948966,1.2625881720141788e-17,-0.96618328991215974,0.38437161103818834,1.176798657852572e-17,-0.96618328991215996,2.2204626220764727e-16
0.075000000000000025,1,9,0.19634954084936207,1.7671458676442586,-0.037493590685649038,-0.94761834891741326,0.37698601831113077,-0.037493590685649066,-0.94761834891741348,2.2377260456559048e-16
0.075000000000000025,1,10,0.19634954084936207,1.9634954084936207,-0.073546323707896474,-0.89263696620426325,0.35511306431657141,-0.073546323707896558,-0.89263696620426336,1.3877787807814457e-16
0.075000000000000025,1,11,0.19634954084936207,2.1598449493429825,-0.10677271275530298,-0.80335204547646122,0.31959331441002725,-0.10677271275530305,-0.80335204547646155,3.4021815010030383e-16
0.075000000000000025,1,12,0.19634954084936207,2.3561944901923448,-0.13589588633035041,-0.68319475616601633,0.27179177266070115,-0.13589588633035049,-0.68319475616601633,8.3266726846886741e-17
0.075000000000000025,1,13,0.19634954084936207,2.5525440310417071,-0.15979665720501349,-0.53678267551614456,0.21354542551060623,-0.1597966572050136,-0.53678267551614456,1.1102230246251565e-16
0.075000000000000025,1,14,0.19634954084936207,2.748893571891069,-0.17755653215828565,-0.36974233767738002,0.1470926474157932,-0.17755653215828579,-0.36974233767738013,1.7772239894833365e-16
0.075000000000000025,1,15,0.19634954084936207,2.9452431127404308,-0.18849300915556533,-0.18849300915556563,0.074987181371298214,-0.18849300915556549,-0.18849300915556583,2.5589376332604516e-16
0.075000000000000025,1,16,0.19634954084936207,3.1415926535897931,-0.19218580551909403,-1.2668183551431883e-16,-8.0362519087179936e-17,-0.19218580551909417,-1.183233273380586e-16,1.3902936417464107e-16
0.075000000000000025,1,17,0.19634954084936207,3.3379421944391554,-0.18849300915556533,0.18849300915556538,-0.074987181371298187,-0.18849300915556549,0.18849300915556558,2.5589376332604516e-16
0.075000000000000025,1,18,0.19634954084936207,3.5342917352885173,-0.17755653215828562,0.36974233767737985,-0.14709264741579284,-0.17755653215828582,0.36974233767737991,2.0206364052201326e-16
0.075000000000000025,1,19,0.19634954084936207,3.7306412761378791,-0.15979665720501343,0.53678267551614434,-0.21354542551060576,-0.15979665720501363,0.53678267551614434,1.9428902930940239e-16
0.075000000000000025,1,20,0.19634954084936207,3.9269908169872414,-0.13589588633035043,0.6831947561660161,-0.27179177266070076,-0.13589588633035052,0.68319475616601621,1.3877787807814457e-16
0.075000000000000025,1,21,0.19634954084936207,4.1233403578366037,-0.10677271275530303,0.803352045476461,-0.31959331441002714,-0.10677271275530309,0.80335204547646133,3.3766115072321297e-16
0.075000000000000025,1,22,0.19634954084936207,4.3196898986859651,-0.073546323707896558,0.89263696620426314,-0.35511306431657141,-0.073546323707896682,0.89263696620426314,1.2490009027033011e-16
0.075000000000000025,1,23,0.19634954084936207,4.5160394395353274,-0.037493590685649128,0.94761834891741326,-0.37698601831113099,-0.037493590685649163,0.94761834891741337,1.1631705747361534e-16
0.075000000000000025,1,24,0.19634954084936207,4.7123889803846897,-4.8188922487577404e-17,0.96618328991215974,-0.38437161103818868,-3.5303959735577156e-17,0.96618328991215996,2.2241813964115803e-16
0.075000000000000025,1,25,0.19634954084936207,4.908738521234052,0.037493590685649072,0.94761834891741337,-0.37698601831113115,0.037493590685649093,0.94761834891741348,1.1295700899707568e-16
0.075000000000000025,1,26,0.19634954084936207,5.1050880620834143,0.073546323707896516,0.89263696620426314,-0.35511306431657141,0.073546323707896613,0.89263696620426325,1.4752290795525882e-16
0.075000000000000025,1,27,0.19634954084936207,5.3014376029327757,0.10677271275530296,0.80335204547646122,-0.31959331441002692,0.10677271275530303,0.80335204547646155,3.4021815010030383e-16
0.075000000000000025,1,28,0.19634954084936207,5.497787143782138,0.13589588633035038,0.68319475616601633,-0.27179177266070104,0.13589588633035046,0.68319475616601644,1.3877787807814457e-16
0.075000000000000025,1,29,0.19634954084936207,5.6941366846315002,0.15979665720501349,0.53678267551614456,-0.21354542551060621,0.1597966572050136,0.53678267551614456,1.1102230246251565e-16
0.075000000000000025,1,30,0.19634954084936207,5.8904862254808616,0.17755653215828565,0.36974233767738002,-0.14709264741579314,0.17755653215828576,0.36974233767738057,5.6610488670036757e-16
0.075000000000000025,1,31,0.19634954084936207,6.0868357663302239,0.18849300915556533,0.18849300915556566,-0.074987181371298325,0.18849300915556547,0.18849300915556594,3.1031676915590914e-16
0.075000000000000025,2,0,0.39269908169872414,0,0.37698601831113088,1.1846144302195104e-16,-9.946977872644329e-17,0.37698601831113104,-0,2.0436855110808794e-16
0.075000000000000025,2,1,0.39269908169872414,0.19634954084936207,0.36974233767737985,-0.17755653215828571,0.14709264741579325,0.36974233767738002,-0.17755653215828579,1.8619006149354548e-16
0.075000000000000025,2,2,0.39269908169872414,0.39269908169872414,0.34828966636057895,-0.34828966636057901,0.28853260688190413,0.34828966636057912,-0.34828966636057912,2.0014830212433605e-16
0.075000000000000025,2,3,0.39269908169872414,0.58904862254808621,0.31345241848863614,-0.50563822400773029,0.41888442007649368,0.31345241848863636,-0.50563822400773051,3.1401849173675503e-16
0.075000000000000025,2,4,0.39269908169872414,0.78539816339744828,0.26656936996031666,-0.64355538827144754,0.5331387399206331,0.26656936996031677,-0.64355538827144765,1.5700924586837752e-16
0.075000000000000025,2,5,0.39269908169872414,0.98174770424681035,0.20944221003824695,-0.7567410798739127,0.62690483697727262,0.20944221003824712,-0.75674107987391293,2.7755575615628914e-16
0.075000000000000025,2,6,0.39269908169872414,1.1780972450961724,0.14426630344095215,-0.84084563616211028,0.69657933272115813,0.14426630344095223,-0.84084563616211039,1.3877787807814457e-16
0.075000000000000025,2,7,0.39269908169872414,1.3744467859455345,0.073546323707896571,-0.89263696620426325,0.73948467535475959,0.073546323707896613,-0.89263696620426336,1.1857187100668868e-16
0.075000000000000025,2,8,0.39269908169872414,1.5707963267948966,3.5801851036784582e-17,-0.91012475823176431,0.75397203662226175,2.3083736032401606e-17,-0.91012475823176442,1.1174838743061585e-16
0.075000000000000025,2,9,0.39269908169872414,1.7671458676442586,-0.073546323707896502,-0.89263696620426325,0.73948467535475948,-0.073546323707896558,-0.89263696620426336,1.2412670766236366e-16
0.075000000000000025,2,10,0.39269908169872414,1.9634954084936207,-0.14426630344095207,-0.84084563616211039,0.6965793327211578,-0.1442663034409522,-0.84084563616211039,1.3877787807814457e-16
0.075000000000000025,2,11,0.39269908169872414,2.1598449493429825,-0.20944221003824692,-0.75674107987391281,0.62690483697727251,-0.20944221003824701,-0.75674107987391304,2.3714374201337736e-16
0.075000000000000025,2,12,0.39269908169872414,2.3561944901923448,-0.2665693699603166,-0.64355538827144776,0.53313873992063343,-0.26656936996031672,-0.64355538827144776,1.1102230246251565e-16
0.075000000000000025,2,13,0.39269908169872414,2.5525440310417071,-0.31345241848863614,-0.50563822400773051,0.41888442007649396,-0.31345241848863636,-0.50563822400773051,2.2204460492503131e-16
0.075000000000000025,2,14,0.39269908169872414,2.748893571891069,-0.3482896663605789,-0.34828966636057912,0.28853260688190435,-0.34828966636057912,-0.34828966636057923,2.4825341532472731e-16
0.075000000000000025,2,15,0.39269908169872414,2.9452431127404308,-0.3697423376773798,-0.17755653215828593,0.14709264741579323,-0.36974233767738002,-0.17755653215828612,2.9504581591051765e-16
0.075000000000000025,2,16,0.39269908169872414,3.1415926535897931,-0.37698601831113082,-1.2236445480950165e-16,-8.1268923319678468e-17,-0.37698601831113104,-1.114581371993289e-16,2.2231229012388675e-16
0.075000000000000025,2,17,0.39269908169872414,3.3379421944391554,-0.3697423376773798,0.17755653215828571,-0.14709264741579314,-0.36974233767738002,0.1775565321582859,2.9504581591051765e-16
0.075000000000000025,2,18,0.39269908169872414,3.5342917352885173,-0.3482896663605789,0.34828966636057901,-0.28853260688190396,-0.34828966636057918,0.34828966636057901,2.7755575615628914e-16
0.075000000000000025,2,19,0.39269908169872414,3.7306412761378791,-0.31345241848863614,0.50563822400773029,-0.41888442007649357,-0.31345241848863642,0.50563822400773029,2.7755575615628914e-16
0.075000000000000025,2,20,0.39269908169872414,3.9269908169872414,-0.2665693699603166,0.64355538827144754,-0.53313873992063332,-0.26656936996031677,0.64355538827144765,2.0014830212433605e-16
0.075000000000000025,2,21,0.39269908169872414,4.1233403578366037,-0.20944221003824695,0.75674107987391259,-0.62690483697727251,-0.20944221003824709,0.75674107987391293,3.6082248300317588e-16
0.075000000000000025,2,22,0.39269908169872414,4.3196898986859651,-0.14426630344095223,0.84084563616211017,-0.69657933272115757,-0.14426630344095243,0.84084563616211017,1.9428902930940239e-16
0.075000000000000025,2,23,0.39269908169872414,4.5160394395353274,-0.073546323707896669,0.89263696620426325,-0.7394846753547597,-0.073546323707896738,0.89263696620426325,6.9388939039072284e-17
0.075000000000000025,2,24,0.39269908169872414,4.7123889803846897,-8.8798880299775033e-17,0.91012475823176431,-0.75397203662226231,-6.9251208097204814e-17,0.91012475823176442,1.1273004538550247e-16
0.075000000000000025,2,25,0.39269908169872414,4.908738521234052,0.073546323707896558,0.89263696620426314,-0.73948467535476003,0.073546323707896599,0.89263696620426336,2.2591401799415137e-16
0.075000000000000025,2,26,0.39269908169872414,5.1050880620834143,0.14426630344095215,0.84084563616211028,-0.69657933272115768,0.14426630344095229,0.84084563616211028,1.3877787807814457e-16
0.075000000000000025,2,27,0.39269908169872414,5.3014376029327757,0.20944221003824692,0.75674107987391281,-0.62690483697727217,0.20944221003824695,0.75674107987391304,2.2377260456559048e-16
0.075000000000000025,2,28,0.39269908169872414,5.497787143782138,0.26656936996031655,0.64355538827144776,-0.53313873992063332,0.26656936996031666,0.64355538827144787,1.5700924586837752e-16
0.075000000000000025,2,29,0.39269908169872414,5.6941366846315002,0.31345241848863614,0.50563822400773051,-0.41888442007649401,0.31345241848863636,0.50563822400773051,2.2204460492503131e-16
0.075000000000000025,2,30,0.39269908169872414,5.8904862254808616,0.3482896663605789,0.34828966636057912,-0.28853260688190446,0.34828966636057906,0.34828966636057967,5.7955343351681902e-16
0.075000000000000025,2,31,0.39269908169872414,6.0868357663302239,0.36974233767737974,0.17755653215828593,-0.14709264741579348,0.36974233767737996,0.17755653215828621,3.554447978966673e-16
0.075000000000000025,3,0,0.58904862254808621,0,0.54729886983566556,1.2143685797272683e-16,-1.0043290528663814e-16,0.54729886983566578,-0,2.5308243133532888e-16
0.075000000000000025,3,1,0.58904862254808621,0.19634954084936207,0.53678267551614434,-0.15979665720501351,0.21354542551060629,0.53678267551614456,-0.1597966572050136,2.3714374201337736e-16
0.075000000000000025,3,2,0.58904862254808621,0.39269908169872414,0.50563822400773029,-0.3134524184886362,0.4188844200764939,0.50563822400773051,-0.31345241848863636,2.7755575615628914e-16
0.075000000000000025,3,3,0.58904862254808621,0.58904862254808621,0.45506237911588199,-0.45506237911588204,0.60812592129193099,0.45506237911588221,-0.45506237911588221,2.7755575615628914e-16
0.075000000000000025,3,4,0.58904862254808621,0.78539816339744828,0.3869987421965328,-0.57918454771562689,0.77399748439306526,0.38699874219653291,-0.57918454771562711,2.4825341532472731e-16
0.075000000000000025,3,5,0.58904862254808621,0.98174770424681035,0.30406296064596566,-0.68104897895709671,0.91012475823176409,0.30406296064596583,-0.68104897895709682,2.0014830212433605e-16
0.075000000000000025,3,6,0.58904862254808621,1.1780972450961724,0.20944221003824703,-0.75674107987391281,1.0112764480154606,0.20944221003824712,-0.75674107987391293,1.3877787807814457e-16
0.075000000000000025,3,7,0.58904862254808621,1.3744467859455345,0.10677271275530312,-0.80335204547646122,1.0735653510322885,0.10677271275530315,-0.80335204547646133,1.1443916996305594e-16
0.075000000000000025,3,8,0.58904862254808621,1.5707963267948966,6.2966726242993868e-17,-0.81909064249636676,1.0945977396713309,3.3512390456060601e-17,-0.81909064249636687,1.1486300335933989e-16
0.075000000000000025,3,9,0.58904862254808621,1.7671458676442586,-0.10677271275530299,-0.80335204547646122,1.0735653510322885,-0.10677271275530306,-0.80335204547646133,1.3092278833360675e-16
0.075000000000000025,3,10,0.58904862254808621,1.9634954084936207,-0.2094422100382469,-0.75674107987391293,1.0112764480154603,-0.20944221003824706,-0.75674107987391293,1.6653345369377348e-16
0.075000000000000025,3,11,0.58904862254808621,2.1598449493429825,-0.3040629606459655,-0.68104897895709682,0.91012475823176431,-0.30406296064596566,-0.68104897895709704,2.7755575615628914e-16
0.075000000000000025,3,12,0.58904862254808621,2.3561944901923448,-0.38699874219653274,-0.57918454771562722,0.7739974843930657,-0.38699874219653285,-0.57918454771562711,1.5700924586837752e-16
0.075000000000000025,3,13,0.58904862254808621,2.5525440310417071,-0.45506237911588199,-0.45506237911588227,0.6081259212919311,-0.45506237911588227,-0.45506237911588221,2.8305244335018379e-16
0.075000000000000025,3,14,0.58904862254808621,2.748893571891069,-0.50563822400773017,-0.31345241848863636,0.41888442007649362,-0.50563822400773051,-0.31345241848863642,3.3766115072321297e-16
0.075000000000000025,3,15,0.58904862254808621,2.9452431127404308,-0.53678267551614434,-0.15979665720501371,0.21354542551060615,-0.53678267551614456,-0.1597966572050139,2.9504581591051765e-16
0.075000000000000025,3,16,0.58904862254808621,3.1415926535897931,-0.54729886983566545,-1.1980510007482815e-16,3.8360462369490099e-17,-0.54729886983566578,-1.0030967335447247e-16,3.3363698305150995e-16
0.075000000000000025,3,17,0.58904862254808621,3.3379421944391554,-0.53678267551614434,0.15979665720501351,-0.21354542551060601,-0.53678267551614456,0.15979665720501368,2.7755575615628914e-16
0.075000000000000025,3,18,0.58904862254808621,3.5342917352885173,-0.50563822400773017,0.3134524184886362,-0.41888442007649357,-0.50563822400773051,0.31345241848863625,3.3766115072321297e-16
0.075000000000000025,3,19,0.58904862254808621,3.7306412761378791,-0.45506237911588199,0.45506237911588204,-0.60812592129193088,-0.45506237911588232,0.45506237911588204,3.3306690738754696e-16
0.075000000000000025,3,20,0.58904862254808621,3.9269908169872414,-0.38699874219653274,0.57918454771562689,-0.77399748439306559,-0.38699874219653296,0.57918454771562711,3.1401849173675503e-16
0.075000000000000025,3,21,0.58904862254808621,4.1233403578366037,-0.30406296064596566,0.68104897895709671,-0.91012475823176375,-0.30406296064596577,0.68104897895709682,1.5700924586837752e-16
0.075000000000000025,3,22,0.58904862254808621,4.3196898986859651,-0.20944221003824712,0.7567410798739127,-1.0112764480154597,-0.2094422100382474,0.7567410798739127,2.7755575615628914e-16
0.075000000000000025,3,23,0.58904862254808621,4.5160394395353274,-0.10677271275530327,0.80335204547646122,-1.073565351032288,-0.10677271275530333,0.80335204547646122,5.5511151231257827e-17
0.075000000000000025,3,24,0.58904862254808621,4.7123889803846897,-1.2865684594510332e-16,0.81909064249636676,-1.0945977396713318,-1.005371713681818e-16,0.81909064249636687,1.1452802164706364e-16
0.075000000000000025,3,25,0.58904862254808621,4.908738521234052,0.10677271275530308,0.80335204547646122,-1.0735653510322891,0.10677271275530313,0.80335204547646133,1.2412670766236366e-16
0.075000000000000025,3,26,0.58904862254808621,5.1050880620834143,0.20944221003824701,0.75674107987391281,-1.0112764480154601,0.2094422100382472,0.75674107987391281,1.9428902930940239e-16
0.075000000000000025,3,27,0.58904862254808621,5.3014376029327757,0.3040629606459655,0.68104897895709682,-0.91012475823176386,0.30406296064596555,0.68104897895709704,2.2887833992611187e-16
0.075000000000000025,3,28,0.58904862254808621,5.497787143782138,0.38699874219653269,0.57918454771562711,-0.77399748439306537,0.3869987421965328,0.57918454771562722,1.5700924586837752e-16
0.075000000000000025,3,29,0.58904862254808621,5.6941366846315002,0.45506237911588199,0.45506237911588227,-0.60812592129193144,0.45506237911588221,0.45506237911588221,2.2887833992611187e-16
0.075000000000000025,3,30,0.58904862254808621,5.8904862254808616,0.50563822400773017,0.31345241848863636,-0.41888442007649401,0.5056382240077304,0.31345241848863686,5.4672143489065705e-16
0.075000000000000025,3,31,0.58904862254808621,6.0868357663302239,0.53678267551614423,0.15979665720501371,-0.2135454255106064,0.53678267551614456,0.15979665720501399,4.335559509131367e-16
0.075000000000000025,4,0,0.78539816339744828,0,0.69657933272115813,1.1913895761003354e-16,-3.9792309313753885e-16,0.69657933272115813,-0,1.1913895761003354e-16
0.075000000000000025,4,1,0.78539816339744828,0.19634954084936207,0.68319475616601621,-0.13589588633035043,0.27179177266070104,0.68319475616601621,-0.13589588633035049,5.5511151231257827e-17
0.075000000000000025,4,2,0.78539816339744828,0.39269908169872414,0.64355538827144754,-0.26656936996031666,0.53313873992063321,0.64355538827144765,-0.26656936996031672,1.2412670766236366e-16
0.075000000000000025,4,3,0.78539816339744828,0.58904862254808621,0.579184547715627,-0.3869987421965328,0.77399748439306515,0.579184547715627,-0.38699874219653285,5.5511151231257827e-17
0.075000000000000025,4,4,0.78539816339744828,0.78539816339744828,0.49255596980153132,-0.49255596980153127,0.98511193960306243,0.49255596980153127,-0.49255596980153127,5.5511151231257827e-17
0.075000000000000025,4,5,0.78539816339744828,0.98174770424681035,0.3869987421965328,-0.579184547715627,1.158369095431254,0.38699874219653291,-0.57918454771562711,1.5700924586837752e-16
0.075000000000000025,4,6,0.78539816339744828,1.1780972450961724,0.26656936996031672,-0.64355538827144776,1.2871107765428951,0.26656936996031672,-0.64355538827144776,0
0.075000000000000025,4,7,0.78539816339744828,1.3744467859455345,0.13589588633035055,-0.68319475616601633,1.3663895123320322,0.13589588633035055,-0.68319475616601633,0
0.075000000000000025,4,8,0.78539816339744828,1.5707963267948966,7.5407585599566353e-17,-0.69657933272115824,1.3931586654423165,4.2653182508458272e-17,-0.69657933272115824,3.2754403091108081e-17
0.075000000000000025,4,9,0.78539816339744828,1.7671458676442586,-0.13589588633035041,-0.68319475616601633,1.3663895123320322,-0.13589588633035043,-0.68319475616601633,2.7755575615628914e-17
0.075000000000000025,4,10,0.78539816339744828,1.9634954084936207,-0.26656936996031649,-0.64355538827144776,1.2871107765428951,-0.26656936996031666,-0.64355538827144776,1.6653345369377348e-16
0.075000000000000025,4,11,0.78539816339744828,2.1598449493429825,-0.38699874219653263,-0.57918454771562722,1.1583690954312544,-0.38699874219653269,-0.57918454771562722,5.5511151231257827e-17
0.075000000000000025,4,12,0.78539816339744828,2.3561944901923448,-0.49255596980153116,-0.49255596980153149,0.98511193960306298,-0.49255596980153121,-0.49255596980153138,1.2412670766236366e-16
0.075000000000000025,4,13,0.78539816339744828,2.5525440310417071,-0.57918454771562689,-0.38699874219653296,0.77399748439306548,-0.57918454771562711,-0.38699874219653285,2.4825341532472731e-16
0.075000000000000025,4,14,0.78539816339744828,2.748893571891069,-0.64355538827144754,-0.26656936996031683,0.53313873992063288,-0.64355538827144765,-0.26656936996031683,1.1102230246251565e-16
0.075000000000000025,4,15,0.78539816339744828,2.9452431127404308,-0.6831947561660161,-0.13589588633035063,0.27179177266070109,-0.68319475616601621,-0.13589588633035074,1.5700924586837752e-16
0.075000000000000025,4,16,0.78539816339744828,3.1415926535897931,-0.69657933272115791,-1.0130766675891717e-16,2.1259899161647902e-16,-0.69657933272115813,-8.5306365016916556e-17,2.2262041288649114e-16
0.075000000000000025,4,17,0.78539816339744828,3.3379421944391554,-0.6831947561660161,0.13589588633035043,-0.27179177266070081,-0.68319475616601621,0.13589588633035057,1.7772239894833365e-16
0.075000000000000025,4,18,0.78539816339744828,3.5342917352885173,-0.64355538827144754,0.26656936996031666,-0.53313873992063288,-0.64355538827144776,0.26656936996031666,2.2204460492503131e-16
0.075000000000000025,4,19,0.78539816339744828,3.7306412761378791,-0.579184547715627,0.3869987421965328,-0.77399748439306537,-0.57918454771562722,0.38699874219653274,2.2887833992611187e-16
0.075000000000000025,4,20,0.78539816339744828,3.9269908169872414,-0.49255596980153132,0.49255596980153132,-0.98511193960306254,-0.49255596980153138,0.49255596980153127,7.8504622934188758e-17
0.075000000000000025,4,21,0.78539816339744828,4.1233403578366037,-0.3869987421965328,0.579184547715627,-1.158369095431254,-0.3869987421965328,0.57918454771562711,1.1102230246251565e-16
0.075000000000000025,4,22,0.78539816339744828,4.3196898986859651,-0.26656936996031677,0.64355538827144765,-1.2871107765428944,-0.26656936996031705,0.64355538827144754,2.9893669801409083e-16
0.075000000000000025,4,23,0.78539816339744828,4.5160394395353274,-0.13589588633035071,0.68319475616601633,-1.3663895123320322,-0.13589588633035077,0.68319475616601621,1.2412670766236366e-16
0.075000000000000025,4,24,0.78539816339744828,4.7123889803846897,-1.577251733140024e-16,0.69657933272115824,-1.3931586654423171,-1.2795954752537482e-16,0.69657933272115824,2.9765625788627587e-17
0.075000000000000025,4,25,0.78539816339744828,4.908738521234052,0.13589588633035049,0.68319475616601633,-1.3663895123320329,0.13589588633035052,0.68319475616601633,2.7755575615628914e-17
0.075000000000000025,4,26,0.78539816339744828,5.1050880620834143,0.26656936996031666,0.64355538827144776,-1.2871107765428946,0.26656936996031683,0.64355538827144765,2.0014830212433605e-16
0.075000000000000025,4,27,0.78539816339744828,5.3014376029327757,0.38699874219653263,0.57918454771562722,-1.1583690954312538,0.38699874219653257,0.57918454771562722,5.5511151231257827e-17
0.075000000000000025,4,28,0.78539816339744828,5.497787143782138,0.49255596980153116,0.49255596980153143,-0.98511193960306254,0.4925559698015311,0.49255596980153143,5.5511151231257827e-17
0.075000000000000025,4,29,0.78539816339744828,5.6941366846315002,0.57918454771562689,0.38699874219653296,-0.7739974843930657,0.579184547715627,0.38699874219653285,1.5700924586837752e-16
0.075000000000000025,4,30,0.78539816339744828,5.8904862254808616,0.64355538827144743,0.26656936996031683,-0.53313873992063332,0.64355538827144743,0.26656936996031716,3.3306690738754696e-16
0.075000000000000025,4,31,0.78539816339744828,6.0868357663302239,0.68319475616601599,0.13589588633035063,-0.27179177266070131,0.6831947561660161,0.13589588633035082,2.2377260456559048e-16
0.075000000000000025,5,0,0.98174770424681035,0,0.81909064249636665,8.7623329665285134e-17,-5.8633438698905499e-16,0.81909064249636687,-0,2.3870830416628678e-16
0.075000000000000025,5,1,0.98174770424681035,0.19634954084936207,0.80335204547646111,-0.10677271275530302,0.31959331441002714,0.80335204547646133,-0.10677271275530312,2.4236514457283391e-16
0.075000000000000025,5,2,0.98174770424681035,0.39269908169872414,0.7567410798739127,-0.20944221003824698,0.62690483697727228,0.75674107987391293,-0.20944221003824712,2.6184557666721351e-16
0.075000000000000025,5,3,0.98174770424681035,0.58904862254808621,0.6810489789570966,-0.30406296064596572,0.91012475823176409,0.68104897895709682,-0.30406296064596583,2.4825341532472731e-16
0.075000000000000025,5,4,0.98174770424681035,0.78539816339744828,0.57918454771562711,-0.3869987421965328,1.1583690954312538,0.57918454771562711,-0.38699874219653291,1.1102230246251565e-16
0.075000000000000025,5,5,0.98174770424681035,0.98174770424681035,0.45506237911588204,-0.4550623791158821,1.3620979579141934,0.45506237911588232,-0.45506237911588227,3.2368285245694688e-16
0.075000000000000025,5,6,0.98174770424681035,1.1780972450961724,0.31345241848863631,-0.5056382240077304,1.5134821597478256,0.31345241848863636,-0.50563822400773062,2.2887833992611187e-16
0.075000000000000025,5,7,0.98174770424681035,1.3744467859455345,0.15979665720501363,-0.53678267551614456,1.606704090952922,0.15979665720501365,-0.53678267551614467,1.1443916996305594e-16
0.075000000000000025,5,8,0.98174770424681035,1.5707963267948966,7.8001192815885365e-17,-0.54729886983566578,1.6381812849927337,5.0154836677236235e-17,-0.54729886983566589,1.1446122135587578e-16
0.075000000000000025,5,9,0.98174770424681035,1.7671458676442586,-0.15979665720501349,-0.53678267551614456,1.606704090952922,-0.15979665720501354,-0.53678267551614467,1.2412670766236366e-16
0.075000000000000025,5,10,0.98174770424681035,1.9634954084936207,-0.31345241848863614,-0.50563822400773051,1.513482159747825,-0.31345241848863631,-0.50563822400773062,2.0014830212433605e-16
0.075000000000000025,5,11,0.98174770424681035,2.1598449493429825,-0.45506237911588188,-0.45506237911588215,1.3620979579141939,-0.45506237911588204,-0.45506237911588243,3.2368285245694688e-16
0.075000000000000025,5,12,0.98174770424681035,2.3561944901923448,-0.57918454771562689,-0.38699874219653285,1.1583690954312547,-0.57918454771562711,-0.38699874219653296,2.4825341532472731e-16
0.075000000000000025,5,13,0.98174770424681035,2.5525440310417071,-0.6810489789570966,-0.30406296064596583,0.91012475823176431,-0.68104897895709693,-0.30406296064596583,3.3306690738754696e-16
0.075000000000000025,5,14,0.98174770424681035,2.748893571891069,-0.75674107987391259,-0.20944221003824712,0.62690483697727228,-0.75674107987391293,-0.20944221003824717,3.3766115072321297e-16
0.075000000000000025,5,15,0.98174770424681035,2.9452431127404308,-0.803352045476461,-0.10677271275530319,0.31959331441002742,-0.80335204547646133,-0.10677271275530331,3.5571561302006606e-16
0.075000000000000025,5,16,0.98174770424681035,3.1415926535897931,-0.81909064249636643,-6.9936547420624792e-17,1.6418678620831819e-16,-0.81909064249636687,-6.7024780912121215e-17,4.4409875555945097e-16
0.075000000000000025,5,17,0.98174770424681035,3.3379421944391554,-0.803352045476461,0.10677271275530302,-0.31959331441002697,-0.80335204547646133,0.10677271275530317,3.6638411145107034e-16
0.075000000000000025,5,18,0.98174770424681035,3.5342917352885173,-0.75674107987391259,0.20944221003824695,-0.62690483697727195,-0.75674107987391304,0.20944221003824706,4.5775667985222375e-16
0.075000000000000025,5,19,0.98174770424681035,3.7306412761378791,-0.6810489789570966,0.30406296064596566,-0.91012475823176386,-0.68104897895709704,0.30406296064596572,4.4754520913118096e-16
0.075000000000000025,5,20,0.98174770424681035,3.9269908169872414,-0.579184547715627,0.38699874219653274,-1.1583690954312542,-0.57918454771562722,0.38699874219653291,2.7755575615628914e-16
0.075000000000000025,5,21,0.98174770424681035,4.1233403578366037,-0.45506237911588204,0.4550623791158821,-1.3620979579141934,-0.45506237911588221,0.45506237911588227,2.3551386880256624e-16
0.075000000000000025,5,22,0.98174770424681035,4.3196898986859651,-0.31345241848863636,0.5056382240077304,-1.5134821597478245,-0.31345241848863681,0.50563822400773051,4.5775667985222375e-16
0.075000000000000025,5,23,0.98174770424681035,4.5160394395353274,-0.1597966572050139,0.53678267551614456,-1.6067040909529222,-0.15979665720501393,0.53678267551614467,1.1443916996305594e-16
0.075000000000000025,5,24,0.98174770424681035,4.7123889803846897,-1.7492128722160702e-16,0.54729886983566578,-1.6381812849927351,-1.5046451003170869e-16,0.54729886983566589,1.1368414838751548e-16
0.075000000000000025,5,25,0.98174770424681035,4.908738521234052,0.15979665720501363,0.53678267551614456,-1.6067040909529229,0.15979665720501363,0.53678267551614467,1.1102230246251565e-16
0.075000000000000025,5,26,0.98174770424681035,5.1050880620834143,0.31345241848863631,0.5056382240077304,-1.5134821597478247,0.31345241848863653,0.50563822400773051,2.4825341532472731e-16
0.075000000000000025,5,27,0.98174770424681035,5.3014376029327757,0.45506237911588188,0.45506237911588215,-1.3620979579141932,0.45506237911588193,0.45506237911588243,2.8305244335018379e-16
0.075000000000000025,5,28,0.98174770424681035,5.497787143782138,0.57918454771562677,0.38699874219653285,-1.1583690954312542,0.579184547715627,0.38699874219653302,2.7755575615628914e-16
0.075000000000000025,5,29,0.98174770424681035,5.6941366846315002,0.6810489789570966,0.30406296064596583,-0.91012475823176442,0.68104897895709682,0.30406296064596583,2.2204460492503131e-16
0.075000000000000025,5,30,0.98174770424681035,5.8904862254808616,0.75674107987391248,0.20944221003824715,-0.62690483697727239,0.7567410798739127,0.20944221003824745,3.7751664318895328e-16
0.075000000000000025,5,31,0.98174770424681035,6.0868357663302239,0.80335204547646089,0.1067727127553032,-0.31959331441002781,0.80335204547646122,0.10677271275530338,3.7878989011964018e-16
0.075000000000000025,6,0,1.1780972450961724,0,0.9101247582317642,5.135234675864218e-17,-5.3867990549952361e-16,0.91012475823176442,-0,2.2790539724616673e-16
0.075000000000000025,6,1,1.1780972450961724,0.19634954084936207,0.89263696620426325,-0.07354632370789653,0.35511306431657153,0.89263696620426336,-0.073546323707896585,1.2412670766236366e-16
0.075000000000000025,6,2,1.1780972450961724,0.39269908169872414,0.84084563616211028,-0.14426630344095215,0.69657933272115791,0.84084563616211039,-0.14426630344095223,1.3877787807814457e-16
0.075000000000000025,6,3,1.1780972450961724,0.58904862254808621,0.7567410798739127,-0.20944221003824703,1.0112764480154603,0.75674107987391293,-0.20944221003824712,2.3714374201337736e-16
0.075000000000000025,6,4,1.1780972450961724,0.78539816339744828,0.64355538827144776,-0.26656936996031677,1.2871107765428953,0.64355538827144776,-0.26656936996031677,0
0.075000000000000025,6,5,1.1780972450961724,0.98174770424681035,0.5056382240077304,-0.31345241848863631,1.5134821597478252,0.50563822400773051,-0.31345241848863642,1.5700924586837752e-16
0.075000000000000025,6,6,1.1780972450961724,1.1780972450961724,0.34828966636057906,-0.34828966636057912,1.6816912723242203,0.34828966636057918,-0.34828966636057918,1.2412670766236366e-16
0.075000000000000025,6,7,1.1780972450961724,1.3744467859455345,0.17755653215828587,-0.36974233767738002,1.7852739324085261,0.17755653215828587,-0.36974233767738007,5.5511151231257827e-17
0.075000000000000025,6,8,1.1780972450961724,1.5707963267948966,8.7725696065477073e-17,-0.37698601831113099,1.8202495164635288,5.5729068599664451e-17,-0.3769860183111311,1.1554105682944181e-16
0.075000000000000025,6,9,1.1780972450961724,1.7671458676442586,-0.17755653215828568,-0.36974233767737996,1.7852739324085261,-0.17755653215828573,-0.36974233767738007,1.2412670766236366e-16
0.075000000000000025,6,10,1.1780972450961724,1.9634954084936207,-0.3482896663605789,-0.34828966636057912,1.6816912723242199,-0.34828966636057906,-0.34828966636057918,1.7554167342883506e-16
0.075000000000000025,6,11,1.1780972450961724,2.1598449493429825,-0.50563822400773017,-0.31345241848863631,1.5134821597478256,-0.50563822400773029,-0.31345241848863648,2.0014830212433605e-16
0.075000000000000025,6,12,1.1780972450961724,2.3561944901923448,-0.64355538827144754,-0.26656936996031672,1.287110776542896,-0.64355538827144765,-0.26656936996031677,1.2412670766236366e-16
0.075000000000000025,6,13,1.1780972450961724,2.5525440310417071,-0.75674107987391259,-0.20944221003824712,1.0112764480154606,-0.75674107987391293,-0.20944221003824712,3.3306690738754696e-16
0.075000000000000025,6,14,1.1780972450961724,2.748893571891069,-0.84084563616211017,-0.1442663034409522,0.69657933272115802,-0.84084563616211039,-0.14426630344095229,2.3714374201337736e-16
0.075000000000000025,6,15,1.1780972450961724,2.9452431127404308,-0.89263696620426303,-0.073546323707896641,0.3551130643165718,-0.89263696620426336,-0.073546323707896724,3.4331750988916778e-16
0.075000000000000025,6,16,1.1780972450961724,3.1415926535897931,-0.91012475823176409,-4.6012351607579484e-17,1.8935364069162487e-17,-0.91012475823176442,-4.6167472064803218e-17,3.3306694350995122e-16
0.075000000000000025,6,17,1.1780972450961724,3.3379421944391554,-0.89263696620426303,0.07354632370789653,-0.3551130643165713,-0.89263696620426336,0.073546323707896627,3.4694469519536142e-16
0.075000000000000025,6,18,1.1780972450961724,3.5342917352885173,-0.84084563616211005,0.14426630344095215,-0.69657933272115724,-0.8408456361621105,0.1442663034409522,4.4754520913118096e-16
0.075000000000000025,6,19,1.1780972450961724,3.7306412761378791,-0.7567410798739127,0.20944221003824703,-1.0112764480154603,-0.75674107987391304,0.20944221003824703,3.3306690738754696e-16
0.075000000000000025,6,20,1.1780972450961724,3.9269908169872414,-0.64355538827144765,0.26656936996031666,-1.2871107765428955,-0.64355538827144787,0.26656936996031677,2.4825341532472731e-16
0.075000000000000025,6,21,1.1780972450961724,4.1233403578366037,-0.5056382240077304,0.3134524184886362,-1.513482159747825,-0.50563822400773051,0.31345241848863642,2.4825341532472731e-16
0.075000000000000025,6,22,1.1780972450961724,4.3196898986859651,-0.34828966636057929,0.34828966636057901,-1.681691272324219,-0.34828966636057962,0.34828966636057912,3.5108334685767012e-16
0.075000000000000025,6,23,1.1780972450961724,4.5160394395353274,-0.1775565321582861,0.36974233767737996,-1.7852739324085261,-0.17755653215828618,0.36974233767738002,1.0007415106216802e-16
0.075000000000000025,6,24,1.1780972450961724,4.7123889803846897,-1.814681871223624e-16,0.37698601831113104,-1.8202495164635302,-1.6718720579899333e-16,0.3769860183111311,5.7318708451761137e-17
0.075000000000000025,6,25,1.1780972450961724,4.908738521234052,0.17755653215828582,0.36974233767738002,-1.7852739324085267,0.17755653215828585,0.36974233767738007,6.2063353831181828e-17
0.075000000000000025,6,26,1.1780972450961724,5.1050880620834143,0.34828966636057906,0.34828966636057912,-1.6816912723242197,0.34828966636057929,0.34828966636057912,2.2204460492503131e-16
0.075000000000000025,6,27,1.1780972450961724,5.3014376029327757,0.50563822400773017,0.31345241848863642,-1.5134821597478247,0.50563822400773017,0.31345241848863648,5.5511151231257827e-17
0.075000000000000025,6,28,1.1780972450961724,5.497787143782138,0.64355538827144743,0.26656936996031677,-1.2871107765428955,0.64355538827144754,0.26656936996031683,1.2412670766236366e-16
0.075000000000000025,6,29,1.1780972450961724,5.6941366846315002,0.75674107987391259,0.20944221003824715,-1.0112764480154608,0.75674107987391293,0.20944221003824712,3.3422138886441676e-16
0.075000000000000025,6,30,1.1780972450961724,5.8904862254808616,0.84084563616211005,0.14426630344095226,-0.69657933272115802,0.84084563616211017,0.14426630344095245,2.2377260456559048e-16
0.075000000000000025,6,31,1.1780972450961724,6.0868357663302239,0.89263696620426292,0.073546323707896641,-0.35511306431657219,0.89263696620426325,0.073546323707896766,3.5571561302006606e-16
0.075000000000000025,7,0,1.3744467859455345,0,0.96618328991215985,2.2829222512960181e-17,-5.0980872370326949e-16,0.96618328991215996,-0,1.1334515889364025e-16
0.075000000000000025,7,1,1.3744467859455345,0.19634954084936207,0.94761834891741337,-0.037493590685649086,0.37698601831113099,0.94761834891741348,-0.037493590685649093,1.1123893155135927e-16
0.075000000000000025,7,2,1.3744467859455345,0.39269908169872414,0.89263696620426325,-0.073546323707896571,0.73948467535475959,0.89263696620426336,-0.073546323707896599,1.1443916996305594e-16
0.075000000000000025,7,3,1.3744467859455345,0.58904862254808621,0.80335204547646111,-0.1067727127553031,1.0735653510322885,0.80335204547646133,-0.10677271275530315,2.2591401799415137e-16
0.075000000000000025,7,4,1.3744467859455345,0.78539816339744828,0.68319475616601633,-0.13589588633035055,1.3663895123320324,0.68319475616601633,-0.13589588633035055,0
0.075000000000000025,7,5,1.3744467859455345,0.98174770424681035,0.53678267551614445,-0.1597966572050136,1.606704090952922,0.53678267551614467,-0.15979665720501365,2.2887833992611187e-16
0.075000000000000025,7,6,1.3744467859455345,1.1780972450961724,0.36974233767737996,-0.17755653215828585,1.7852739324085263,0.36974233767738007,-0.17755653215828587,1.1443916996305594e-16
0.075000000000000025,7,7,1.3744467859455345,1.3744467859455345,0.18849300915556555,-0.18849300915556552,1.8952366978348261,0.18849300915556555,-0.18849300915556558,5.5511151231257827e-17
0.075000000000000025,7,8,1.3744467859455345,1.5707963267948966,1.0053277088803097e-16,-0.19218580551909423,1.9323665798243197,5.91616636690293e-17,-0.19218580551909425,4.9819077573566402e-17
0.075000000000000025,7,9,1.3744467859455345,1.7671458676442586,-0.18849300915556538,-0.18849300915556555,1.8952366978348261,-0.18849300915556544,-0.18849300915556558,6.2063353831181828e-17
0.075000000000000025,7,10,1.3744467859455345,1.9634954084936207,-0.36974233767737974,-0.1775565321582859,1.7852739324085261,-0.36974233767737996,-0.17755653215828587,2.2377260456559048e-16
0.075000000000000025,7,11,1.3744467859455345,2.1598449493429825,-0.53678267551614423,-0.15979665720501368,1.6067040909529224,-0.53678267551614434,-0.15979665720501371,1.1443916996305594e-16
0.075000000000000025,7,12,1.3744467859455345,2.3561944901923448,-0.6831947561660161,-0.13589588633035057,1.3663895123320329,-0.68319475616601621,-0.13589588633035057,1.1102230246251565e-16
0.075000000000000025,7,13,1.3744467859455345,2.5525440310417071,-0.803352045476461,-0.10677271275530317,1.0735653510322887,-0.80335204547646144,-0.10677271275530315,4.4495572620543707e-16
0.075000000000000025,7,14,1.3744467859455345,2.748893571891069,-0.89263696620426314,-0.073546323707896613,0.7394846753547597,-0.89263696620426336,-0.073546323707896627,2.2247786310271853e-16
0.075000000000000025,7,15,1.3744467859455345,2.9452431127404308,-0.94761834891741314,-0.037493590685649128,0.3769860183111311,-0.94761834891741348,-0.037493590685649163,3.3486903561235222e-16
0.075000000000000025,7,16,1.3744467859455345,3.1415926535897931,-0.96618328991215952,-2.6224805811077692e-17,-3.3741212944911854e-18,-0.96618328991215996,-2.353597315705145e-17,4.4409734983029821e-16
0.075000000000000025,7,17,1.3744467859455345,3.3379421944391554,-0.94761834891741314,0.037493590685649079,-0.37698601831113066,-0.94761834891741348,0.037493590685649114,3.3486903561235222e-16
0.075000000000000025,7,18,1.3744467859455345,3.5342917352885173,-0.89263696620426314,0.073546323707896571,-0.73948467535475892,-0.89263696620426347,0.073546323707896585,3.3335590258932494e-16
0.075000000000000025,7,19,1.3744467859455345,3.7306412761378791,-0.80335204547646111,0.1067727127553031,-1.0735653510322887,-0.80335204547646155,0.1067727127553031,4.4408920985006262e-16
0.075000000000000025,7,20,1.3744467859455345,3.9269908169872414,-0.68319475616601633,0.13589588633035057,-1.3663895123320327,-0.68319475616601644,0.13589588633035055,1.1443916996305594e-16
0.075000000000000025,7,21,1.3744467859455345,4.1233403578366037,-0.53678267551614445,0.15979665720501363,-1.6067040909529218,-0.53678267551614456,0.15979665720501365,1.1443916996305594e-16
0.075000000000000025,7,22,1.3744467859455345,4.3196898986859651,-0.36974233767738018,0.17755653215828585,-1.7852739324085249,-0.36974233767738052,0.17755653215828582,3.3422138886441676e-16
0.075000000000000025,7,23,1.3744467859455345,4.5160394395353274,-0.18849300915556583,0.18849300915556555,-1.8952366978348263,-0.18849300915556588,0.18849300915556555,5.5511151231257827e-17
0.075000000000000025,7,24,1.3744467859455345,4.7123889803846897,-1.7779541589500267e-16,0.19218580551909423,-1.932366579824321,-1.7748499100708788e-16,0.19218580551909425,2.7757311493837643e-17
0.075000000000000025,7,25,1.3744467859455345,4.908738521234052,0.18849300915556552,0.18849300915556552,-1.895236697834827,0.18849300915556552,0.18849300915556558,5.5511151231257827e-17
0.075000000000000025,7,26,1.3744467859455345,5.1050880620834143,0.36974233767737991,0.17755653215828587,-1.7852739324085256,0.36974233767738024,0.17755653215828585,3.3422138886441676e-16
0.075000000000000025,7,27,1.3744467859455345,5.3014376029327757,0.53678267551614423,0.15979665720501368,-1.6067040909529218,0.53678267551614423,0.15979665720501371,2.7755575615628914e-17
0.075000000000000025,7,28,1.3744467859455345,5.497787143782138,0.6831947561660161,0.13589588633035057,-1.3663895123320327,0.6831947561660161,0.1358958863303506,2.7755575615628914e-17
0.075000000000000025,7,29,1.3744467859455345,5.6941366846315002,0.803352045476461,0.10677271275530316,-1.0735653510322889,0.80335204547646133,0.10677271275530315,3.3335590258932494e-16
0.075000000000000025,7,30,1.3744467859455345,5.8904862254808616,0.89263696620426303,0.073546323707896599,-0.73948467535475992,0.89263696620426314,0.073546323707896724,1.6711069443220838e-16
0.075000000000000025,7,31,1.3744467859455345,6.0868357663302239,0.94761834891741314,0.037493590685649128,-0.3769860183111316,0.94761834891741337,0.037493590685649184,2.2887833992611187e-16
0.075000000000000025,8,0,1.5707963267948966,0,0.98511193960306254,-2.8393935316053395e-18,-4.8300060133615677e-16,0.98511193960306265,-0,1.1105860524833559e-16
0.075000000000000025,8,1,1.5707963267948966,0.19634954084936207,0.96618328991215985,-1.8943210956556476e-17,0.3843716110381884,0.96618328991215996,-1.176798657852572e-17,1.1125392347667293e-16
0.075000000000000025,8,2,1.5707963267948966,0.39269908169872414,0.91012475823176431,-3.2850370992062663e-17,0.75397203662226175,0.91012475823176442,-2.3083736032401606e-17,1.1145106012287896e-16
0.075000000000000025,8,3,1.5707963267948966,0.58904862254808621,0.81909064249636676,-4.5678355677310455e-17,1.0945977396713311,0.81909064249636687,-3.3512390456060601e-17,1.1168689427969144e-16
0.075000000000000025,8,4,1.5707963267948966,0.78539816339744828,0.69657933272115824,-6.0840549553207937e-17,1.3931586654423163,0.69657933272115824,-4.2653182508458272e-17,1.8187367044749665e-17
0.075000000000000025,8,5,1.5707963267948966,0.98174770424681035,0.54729886983566567,-7.7351878655672447e-17,1.6381812849927337,0.54729886983566589,-5.0154836677236229e-17,2.2370401352834521e-16
0.075000000000000025,8,6,1.5707963267948966,1.1780972450961724,0.37698601831113104,-8.619753592512419e-17,1.8202495164635286,0.3769860183111311,-5.5729068599664451e-17,6.3323103305051186e-17
0.075000000000000025,8,7,1.5707963267948966,1.3744467859455345,0.19218580551909425,-8.7170258499182461e-17,1.932366579824319,0.19218580551909425,-5.91616636690293e-17,2.8008594830153161e-17
0.075000000000000025,8,8,1.5707963267948966,1.5707963267948966,1.0412861267626858e-16,-8.7601369501594755e-17,1.9702238792061249,6.0320709181836568e-17,-6.0320709181836568e-17,5.1607817586674774e-17
0.075000000000000025,8,9,1.5707963267948966,1.7671458676442586,-0.19218580551909406,-8.2502026651099177e-17,1.932366579824319,-0.19218580551909412,-5.91616636690293e-17,6.0218439494513271e-17
0.075000000000000025,8,10,1.5707963267948966,1.9634954084936207,-0.37698601831113077,-6.7577829264304772e-17,1.8202495164635282,-0.37698601831113099,-5.5729068599664451e-17,2.223605174162022e-16
0.075000000000000025,8,11,1.5707963267948966,2.1598449493429825,-0.54729886983566545,-5.6265096158410052e-17,1.638181284992734,-0.54729886983566556,-5.0154836677236247e-17,1.111903184409757e-16
0.075000000000000025,8,12,1.5707963267948966,2.3561944901923448,-0.69657933272115802,-5.5311055207307851e-17,1.3931586654423169,-0.69657933272115813,-4.2653182508458278e-17,1.1174154726572651e-16
0.075000000000000025,8,13,1.5707963267948966,2.5525440310417071,-0.81909064249636654,-5.1583237037958622e-17,1.0945977396713313,-0.81909064249636698,-3.3512390456060601e-17,4.4445672657913439e-16
0.075000000000000025,8,14,1.5707963267948966,2.748893571891069,-0.9101247582317642,-3.7631203746116475e-17,0.75397203662226175,-0.91012475823176442,-2.3083736032401612e-17,2.2252064037566227e-16
0.075000000000000025,8,15,1.5707963267948966,2.9452431127404308,-0.96618328991215974,-1.9987740187843506e-17,0.38437161103818845,-0.96618328991215996,-1.1767986578525742e-17,2.2219669422768451e-16
0.075000000000000025,8,16,1.5707963267948966,3.1415926535897931,-0.98511193960306231,-2.098267051290789e-18,2.2254315793610567e-17,-0.98511193960306265,-7.3871563421834514e-33,3.3307351669162067e-16
0.075000000000000025,8,17,1.5707963267948966,3.3379421944391554,-0.96618328991215974,1.7999188751390223e-17,-0.38437161103818801,-0.96618328991215996,1.1767986578525726e-17,2.2213202033212671e-16
0.075000000000000025,8,18,1.5707963267948966,3.5342917352885173,-0.9101247582317642,3.726638872187896e-17,-0.75397203662226087,-0.91012475823176453,2.3083736032401597e-17,3.3336873343793822e-16
0.075000000000000025,8,19,1.5707963267948966,3.7306412761378791,-0.81909064249636676,4.6855284462372542e-17,-1.0945977396713309,-0.81909064249636709,3.3512390456060583e-17,3.3333406309162053e-16
0.075000000000000025,8,20,1.5707963267948966,3.9269908169872414,-0.69657933272115824,4.675855301793699e-17,-1.3931586654423167,-0.69657933272115835,4.2653182508458272e-17,1.1109818050309558e-16
0.075000000000000025,8,21,1.5707963267948966,4.1233403578366037,-0.54729886983566567,5.525565854421305e-17,-1.6381812849927326,-0.54729886983566578,5.0154836677236229e-17,1.1113941707511759e-16
0.075000000000000025,8,22,1.5707963267948966,4.3196898986859651,-0.37698601831113121,8.1173895164209209e-17,-1.8202495164635271,-0.3769860183111316,5.5729068599664438e-17,3.8941025517936612e-16
0.075000000000000025,8,23,1.5707963267948966,4.5160394395353274,-0.1921858055190945,9.8684924423203034e-17,-1.9323665798243195,-0.19218580551909459,5.9161663669029288e-17,9.2170689161123564e-17
0.075000000000000025,8,24,1.5707963267948966,4.7123889803846897,-1.6421460489412971e-16,8.8081627156517361e-17,-1.9702238792061262,-1.809621275455097e-16,6.0320709181836568e-17,3.2421413938251384e-17
0.075000000000000025,8,25,1.5707963267948966,4.908738521234052,0.1921858055190942,7.3195295525464213e-17,-1.9323665798243197,0.19218580551909423,5.91616636690293e-17,3.1101684855274951e-17
0.075000000000000025,8,26,1.5707963267948966,5.1050880620834143,0.37698601831113093,7.5165916552455451e-17,-1.820249516463528,0.37698601831113127,5.5729068599664438e-17,3.3363356524043668e-16
0.075000000000000025,8,27,1.5707963267948966,5.3014376029327757,0.54729886983566545,7.6022355889988161e-17,-1.6381812849927333,0.54729886983566545,5.0154836677236247e-17,2.5867519212751913e-17
0.075000000000000025,8,28,1.5707963267948966,5.497787143782138,0.69657933272115802,6.1707061075853995e-17,-1.3931586654423165,0.69657933272115802,4.265318250845829e-17,1.9053878567395705e-17
0.075000000000000025,8,29,1.5707963267948966,5.6941366846315002,0.81909064249636654,4.4924726835031682e-17,-1.0945977396713313,0.81909064249636687,3.3512390456060601e-17,3.3326236844013991e-16
0.075000000000000025,8,30,1.5707963267948966,5.8904862254808616,0.91012475823176409,3.1718962055724012e-17,-0.75397203662226198,0.9101247582317642,2.308373603240164e-17,1.1135761658976082e-16
0.075000000000000025,8,31,1.5707963267948966,6.0868357663302239,0.96618328991215963,1.5469198364331439e-17,-0.38437161103818906,0.96618328991215985,1.1767986578525748e-17,2.2207545011773954e-16
0.075000000000000025,9,0,1.7671458676442586,0,0.96618328991215985,-2.4843101963875932e-17,-4.7500591674442069e-16,0.96618328991215996,0,1.1376788368984389e-16
0.075000000000000025,9,1,1.7671458676442586,0.19634954084936207,0.94761834891741337,0.037493590685649038,0.37698601831113093,0.94761834891741348,0.037493590685649066,1.1443916996305594e-16
0.075000000000000025,9,2,1.7671458676442586,0.39269908169872414,0.89263696620426325,0.073546323707896516,0.73948467535475959,0.89263696620426336,0.073546323707896558,1.1857187100668868e-16
0.075000000000000025,9,3,1.7671458676442586,0.58904862254808621,0.80335204547646122,0.10677271275530302,1.0735653510322885,0.80335204547646133,0.10677271275530306,1.1857187100668868e-16
0.075000000000000025,9,4,1.7671458676442586,0.78539816339744828,0.68319475616601633,0.13589588633035043,1.3663895123320322,0.68319475616601633,0.13589588633035043,0
0.075000000000000025,9,5,1.7671458676442586,0.98174770424681035,0.53678267551614445,0.15979665720501346,1.6067040909529222,0.53678267551614467,0.15979665720501354,2.3714374201337736e-16
0.075000000000000025,9,6,1.7671458676442586,1.1780972450961724,0.36974233767738002,0.17755653215828565,1.7852739324085261,0.36974233767738007,0.17755653215828573,1.0007415106216802e-16
0.075000000000000025,9,7,1.7671458676442586,1.3744467859455345,0.18849300915556558,0.18849300915556533,1.8952366978348258,0.18849300915556555,0.18849300915556544,1.1443916996305594e-16
0.075000000000000025,9,8,1.7671458676442586,1.5707963267948966,1.0332322870455454e-16,0.19218580551909403,1.9323665798243193,5.91616636690293e-17,0.19218580551909412,9.425280699364329e-17
0.075000000000000025,9,9,1.7671458676442586,1.7671458676442586,-0.18849300915556538,0.18849300915556533,1.8952366978348258,-0.18849300915556544,0.18849300915556544,1.2412670766236366e-16
0.075000000000000025,9,10,1.7671458676442586,1.9634954084936207,-0.36974233767737974,0.17755653215828568,1.7852739324085258,-0.36974233767737996,0.17755653215828573,2.2887833992611187e-16
0.075000000000000025,9,11,1.7671458676442586,2.1598449493429825,-0.53678267551614423,0.15979665720501351,1.6067040909529222,-0.53678267551614434,0.1597966572050136,1.3877787807814457e-16
0.075000000000000025,9,12,1.7671458676442586,2.3561944901923448,-0.6831947561660161,0.13589588633035043,1.3663895123320329,-0.68319475616601621,0.13589588633035046,1.1443916996305594e-16
0.075000000000000025,9,13,1.7671458676442586,2.5525440310417071,-0.803352045476461,0.10677271275530303,1.0735653510322887,-0.80335204547646144,0.10677271275530306,4.4495572620543707e-16
0.075000000000000025,9,14,1.7671458676442586,2.748893571891069,-0.89263696620426314,0.073546323707896516,0.73948467535475959,-0.89263696620426336,0.073546323707896571,2.2887833992611187e-16
0.075000000000000025,9,15,1.7671458676442586,2.9452431127404308,-0.94761834891741326,0.037493590685649079,0.37698601831113104,-0.94761834891741348,0.037493590685649135,2.2887833992611187e-16
0.075000000000000025,9,16,1.7671458676442586,3.1415926535897931,-0.96618328991215963,2.6365488833695522e-17,6.9480981889014612e-17,-0.96618328991215996,2.3535973157051434e-17,3.3307892601554539e-16
0.075000000000000025,9,17,1.7671458676442586,3.3379421944391554,-0.94761834891741326,-0.037493590685649024,-0.37698601831113054,-0.94761834891741348,-0.037493590685649093,2.3263411494723067e-16
0.075000000000000025,9,18,1.7671458676442586,3.5342917352885173,-0.89263696620426314,-0.073546323707896488,-0.73948467535475881,-0.89263696620426347,-0.07354632370789653,3.3565890684838572e-16
0.075000000000000025,9,19,1.7671458676442586,3.7306412761378791,-0.80335204547646122,-0.10677271275530301,-1.0735653510322882,-0.80335204547646155,-0.10677271275530302,3.3335590258932494e-16
0.075000000000000025,9,20,1.7671458676442586,3.9269908169872414,-0.68319475616601633,-0.13589588633035043,-1.3663895123320324,-0.68319475616601644,-0.13589588633035043,1.1102230246251565e-16
0.075000000000000025,9,21,1.7671458676442586,4.1233403578366037,-0.53678267551614445,-0.15979665720501346,-1.6067040909529211,-0.53678267551614456,-0.15979665720501354,1.3877787807814457e-16
0.075000000000000025,9,22,1.7671458676442586,4.3196898986859651,-0.36974233767738018,-0.17755653215828565,-1.7852739324085247,-0.36974233767738052,-0.17755653215828571,3.3766115072321297e-16
0.075000000000000025,9,23,1.7671458676442586,4.5160394395353274,-0.18849300915556583,-0.18849300915556533,-1.8952366978348265,-0.18849300915556588,-0.18849300915556541,1.0007415106216802e-16
0.075000000000000025,9,24,1.7671458676442586,4.7123889803846897,-1.393021313593059e-16,-0.19218580551909403,-1.9323665798243206,-1.7748499100708788e-16,-0.19218580551909412,9.1603922245045082e-17
0.075000000000000025,9,25,1.7671458676442586,4.908738521234052,0.18849300915556552,-0.18849300915556538,-1.8952366978348265,0.18849300915556552,-0.18849300915556544,5.5511151231257827e-17
0.075000000000000025,9,26,1.7671458676442586,5.1050880620834143,0.36974233767737991,-0.17755653215828568,-1.7852739324085254,0.36974233767738024,-0.17755653215828573,3.3766115072321297e-16
0.075000000000000025,9,27,1.7671458676442586,5.3014376029327757,0.53678267551614423,-0.15979665720501351,-1.6067040909529218,0.53678267551614423,-0.1597966572050136,8.3266726846886741e-17
0.075000000000000025,9,28,1.7671458676442586,5.497787143782138,0.6831947561660161,-0.13589588633035046,-1.3663895123320324,0.6831947561660161,-0.13589588633035049,2.7755575615628914e-17
0.075000000000000025,9,29,1.7671458676442586,5.6941366846315002,0.803352045476461,-0.10677271275530306,-1.0735653510322887,0.80335204547646133,-0.10677271275530306,3.3306690738754696e-16
0.075000000000000025,9,30,1.7671458676442586,5.8904862254808616,0.89263696620426303,-0.073546323707896544,-0.73948467535475981,0.89263696620426314,-0.073546323707896669,1.6711069443220838e-16
0.075000000000000025,9,31,1.7671458676442586,6.0868357663302239,0.94761834891741314,-0.037493590685649086,-0.37698601831113154,0.94761834891741337,-0.037493590685649163,2.3479724158959924e-16
0.075000000000000025,10,0,1.9634954084936207,0,0.91012475823176431,-5.6307599370669238e-17,-5.4593305977518728e-16,0.91012475823176442,0,1.2448492836872302e-16
0.075000000000000025,10,1,1.9634954084936207,0.19634954084936207,0.89263696620426325,0.07354632370789646,0.35511306431657153,0.89263696620426336,0.073546323707896571,1.5700924586837752e-16
0.075000000000000025,10,2,1.9634954084936207,0.39269908169872414,0.84084563616211028,0.14426630344095204,0.69657933272115791,0.84084563616211039,0.1442663034409522,2.0014830212433605e-16
0.075000000000000025,10,3,1.9634954084936207,0.58904862254808621,0.75674107987391293,0.20944221003824695,1.0112764480154601,0.75674107987391293,0.20944221003824706,1.1102230246251565e-16
0.075000000000000025,10,4,1.9634954084936207,0.78539816339744828,0.64355538827144776,0.26656936996031655,1.2871107765428944,0.64355538827144776,0.26656936996031666,1.1102230246251565e-16
0.075000000000000025,10,5,1.9634954084936207,0.98174770424681035,0.5056382240077304,0.31345241848863609,1.5134821597478252,0.50563822400773051,0.31345241848863631,2.4825341532472731e-16
0.075000000000000025,10,6,1.9634954084936207,1.1780972450961724,0.34828966636057912,0.34828966636057884,1.6816912723242203,0.34828966636057918,0.34828966636057906,2.2887833992611187e-16
0.075000000000000025,10,7,1.9634954084936207,1.3744467859455345,0.1775565321582859,0.36974233767737974,1.7852739324085258,0.17755653215828587,0.36974233767737996,2.2377260456559048e-16
0.075000000000000025,10,8,1.9634954084936207,1.5707963267948966,1.0164996457113782e-16,0.37698601831113071,1.8202495164635286,5.5729068599664451e-17,0.37698601831113099,2.8132885821101309e-16
0.075000000000000025,10,9,1.9634954084936207,1.7671458676442586,-0.17755653215828568,0.36974233767737974,1.7852739324085261,-0.17755653215828573,0.36974233767737996,2.2887833992611187e-16
0.075000000000000025,10,10,1.9634954084936207,1.9634954084936207,-0.3482896663605789,0.34828966636057895,1.6816912723242199,-0.34828966636057906,0.34828966636057906,2.0014830212433605e-16
0.075000000000000025,10,11,1.9634954084936207,2.1598449493429825,-0.50563822400773017,0.31345241848863614,1.5134821597478254,-0.50563822400773029,0.31345241848863636,2.4825341532472731e-16
0.075000000000000025,10,12,1.9634954084936207,2.3561944901923448,-0.64355538827144754,0.2665693699603166,1.2871107765428955,-0.64355538827144765,0.26656936996031672,1.5700924586837752e-16
0.075000000000000025,10,13,1.9634954084936207,2.5525440310417071,-0.75674107987391259,0.20944221003824695,1.0112764480154608,-0.75674107987391293,0.20944221003824706,3.5108334685767012e-16
0.075000000000000025,10,14,1.9634954084936207,2.748893571891069,-0.84084563616211017,0.14426630344095212,0.69657933272115813,-0.84084563616211039,0.14426630344095223,2.4825341532472731e-16
0.075000000000000025,10,15,1.9634954084936207,2.9452431127404308,-0.89263696620426325,0.073546323707896571,0.35511306431657191,-0.89263696620426336,0.073546323707896696,1.6711069443220838e-16
0.075000000000000025,10,16,1.9634954084936207,3.1415926535897931,-0.9101247582317642,6.1727598579904661e-17,5.3065365524980684e-17,-0.91012475823176442,4.6167472064803206e-17,2.2258913745616427e-16
0.075000000000000025,10,17,1.9634954084936207,3.3379421944391554,-0.89263696620426314,-0.073546323707896447,-0.35511306431657141,-0.89263696620426336,-0.073546323707896613,2.7755575615628914e-16
0.075000000000000025,10,18,1.9634954084936207,3.5342917352885173,-0.84084563616211017,-0.14426630344095204,-0.69657933272115724,-0.8408456361621105,-0.14426630344095215,3.5108334685767012e-16
0.075000000000000025,10,19,1.9634954084936207,3.7306412761378791,-0.75674107987391293,-0.2094422100382469,-1.0112764480154601,-0.75674107987391304,-0.20944221003824698,1.3877787807814457e-16
0.075000000000000025,10,20,1.9634954084936207,3.9269908169872414,-0.64355538827144776,-0.26656936996031655,-1.2871107765428953,-0.64355538827144787,-0.26656936996031666,1.5700924586837752e-16
0.075000000000000025,10,21,1.9634954084936207,4.1233403578366037,-0.5056382240077304,-0.31345241848863603,-1.5134821597478245,-0.50563822400773051,-0.31345241848863631,2.9893669801409083e-16
0.075000000000000025,10,22,1.9634954084936207,4.3196898986859651,-0.34828966636057929,-0.34828966636057879,-1.6816912723242192,-0.34828966636057962,-0.34828966636057901,4.002966042486721e-16
0.075000000000000025,10,23,1.9634954084936207,4.5160394395353274,-0.1775565321582861,-0.36974233767737968,-1.7852739324085263,-0.17755653215828618,-0.36974233767737991,2.3714374201337736e-16
0.075000000000000025,10,24,1.9634954084936207,4.7123889803846897,-1.0571851699758105e-16,-0.37698601831113077,-1.8202495164635299,-1.6718720579899333e-16,-0.37698601831113099,2.3039576011567164e-16
0.075000000000000025,10,25,1.9634954084936207,4.908738521234052,0.17755653215828585,-0.36974233767737974,-1.7852739324085258,0.17755653215828585,-0.36974233767737996,2.2204460492503131e-16
0.075000000000000025,10,26,1.9634954084936207,5.1050880620834143,0.34828966636057901,-0.34828966636057884,-1.6816912723242194,0.34828966636057929,-0.34828966636057906,3.554447978966673e-16
0.075000000000000025,10,27,1.9634954084936207,5.3014376029327757,0.50563822400773017,-0.3134524184886362,-1.5134821597478247,0.50563822400773017,-0.31345241848863636,1.6653345369377348e-16
0.075000000000000025,10,28,1.9634954084936207,5.497787143782138,0.64355538827144754,-0.26656936996031655,-1.2871107765428951,0.64355538827144754,-0.26656936996031677,2.2204460492503131e-16
0.075000000000000025,10,29,1.9634954084936207,5.6941366846315002,0.75674107987391259,-0.20944221003824701,-1.0112764480154603,0.75674107987391293,-0.20944221003824706,3.3766115072321297e-16
0.075000000000000025,10,30,1.9634954084936207,5.8904862254808616,0.84084563616211005,-0.14426630344095212,-0.69657933272115802,0.84084563616211017,-0.14426630344095243,3.2487068343022356e-16
0.075000000000000025,10,31,1.9634954084936207,6.0868357663302239,0.89263696620426303,-0.073546323707896571,-0.35511306431657225,0.89263696620426325,-0.073546323707896738,2.7755575615628914e-16
0.075000000000000025,11,0,2.1598449493429825,0,0.81909064249636687,-9.5999580294088784e-17,-4.1662430691423377e-16,0.81909064249636709,0,2.4190850748362373e-16
0.075000000000000025,11,1,2.1598449493429825,0.19634954084936207,0.80335204547646122,0.10677271275530295,0.31959331441002753,0.80335204547646155,0.10677271275530305,3.4694469519536142e-16
0.075000000000000025,11,2,2.1598449493429825,0.39269908169872414,0.75674107987391293,0.20944221003824687,0.62690483697727251,0.75674107987391315,0.20944221003824701,2.6184557666721351e-16
0.075000000000000025,11,3,2.1598449493429825,0.58904862254808621,0.68104897895709682,0.30406296064596561,0.91012475823176386,0.68104897895709704,0.30406296064596566,2.2887833992611187e-16
0.075000000000000025,11,4,2.1598449493429825,0.78539816339744828,0.57918454771562711,0.38699874219653263,1.1583690954312538,0.57918454771562733,0.38699874219653269,2.2887833992611187e-16
0.075000000000000025,11,5,2.1598449493429825,0.98174770424681035,0.45506237911588215,0.45506237911588188,1.3620979579141939,0.45506237911588243,0.45506237911588199,2.9893669801409083e-16
0.075000000000000025,11,6,2.1598449493429825,1.1780972450961724,0.31345241848863642,0.50563822400773017,1.5134821597478261,0.31345241848863648,0.50563822400773029,1.2412670766236366e-16
0.075000000000000025,11,7,2.1598449493429825,1.3744467859455345,0.15979665720501368,0.53678267551614434,1.6067040909529227,0.15979665720501371,0.53678267551614434,2.7755575615628914e-17
0.075000000000000025,11,8,2.1598449493429825,1.5707963267948966,8.9126735945778308e-17,0.54729886983566556,1.638181284992734,5.0154836677236247e-17,0.54729886983566556,3.8971899268542061e-17
0.075000000000000025,11,9,2.1598449493429825,1.7671458676442586,-0.15979665720501351,0.53678267551614434,1.6067040909529227,-0.1597966572050136,0.53678267551614434,8.3266726846886741e-17
0.075000000000000025,11,10,2.1598449493429825,1.9634954084936207,-0.3134524184886362,0.50563822400773029,1.5134821597478254,-0.31345241848863636,0.50563822400773029,1.6653345369377348e-16
0.075000000000000025,11,11,2.1598449493429825,2.1598449493429825,-0.45506237911588199,0.45506237911588199,1.3620979579141939,-0.45506237911588215,0.45506237911588215,2.3551386880256624e-16
0.075000000000000025,11,12,2.1598449493429825,2.3561944901923448,-0.57918454771562689,0.38699874219653274,1.1583690954312549,-0.57918454771562722,0.38699874219653274,3.3306690738754696e-16
0.075000000000000025,11,13,2.1598449493429825,2.5525440310417071,-0.6810489789570966,0.30406296064596572,0.91012475823176464,-0.68104897895709715,0.30406296064596566,5.5788016545937291e-16
0.075000000000000025,11,14,2.1598449493429825,2.748893571891069,-0.7567410798739127,0.20944221003824701,0.62690483697727295,-0.75674107987391315,0.20944221003824706,4.4754520913118096e-16
0.075000000000000025,11,15,2.1598449493429825,2.9452431127404308,-0.80335204547646122,0.10677271275530315,0.3195933144100277,-0.80335204547646155,0.10677271275530326,3.5108334685767012e-16
0.075000000000000025,11,16,2.1598449493429825,3.1415926535897931,-0.81909064249636665,8.673680587513426e-17,-1.7114145479046966e-16,-0.81909064249636709,6.7024780912121178e-17,4.4452647866397727e-16
0.075000000000000025,11,17,2.1598449493429825,3.3379421944391554,-0.80335204547646111,-0.10677271275530298,-0.31959331441002736,-0.80335204547646155,-0.10677271275530312,4.6526822989446134e-16
0.075000000000000025,11,18,2.1598449493429825,3.5342917352885173,-0.7567410798739127,-0.2094422100382469,-0.62690483697727195,-0.75674107987391326,-0.20944221003824692,5.5580496856335558e-16
0.075000000000000025,11,19,2.1598449493429825,3.7306412761378791,-0.68104897895709682,-0.30406296064596555,-0.91012475823176409,-0.68104897895709726,-0.3040629606459655,4.4754520913118096e-16
0.075000000000000025,11,20,2.1598449493429825,3.9269908169872414,-0.57918454771562711,-0.38699874219653263,-1.1583690954312547,-0.57918454771562744,-0.38699874219653269,3.3766115072321297e-16
0.075000000000000025,11,21,2.1598449493429825,4.1233403578366037,-0.45506237911588215,-0.45506237911588188,-1.3620979579141936,-0.45506237911588232,-0.45506237911588199,2.0014830212433605e-16
0.075000000000000025,11,22,2.1598449493429825,4.3196898986859651,-0.31345241848863659,-0.50563822400773017,-1.5134821597478252,-0.31345241848863686,-0.50563822400773017,2.7755575615628914e-16
0.075000000000000025,11,23,2.1598449493429825,4.5160394395353274,-0.15979665720501385,-0.53678267551614434,-1.6067040909529233,-0.15979665720501399,-0.53678267551614434,1.3877787807814457e-16
0.075000000000000025,11,24,2.1598449493429825,4.7123889803846897,-7.3479648673567774e-17,-0.54729886983566556,-1.6381812849927353,-1.5046451003170874e-16,-0.54729886983566556,7.6984861358140968e-17
0.075000000000000025,11,25,2.1598449493429825,4.908738521234052,0.15979665720501363,-0.53678267551614434,-1.6067040909529222,0.15979665720501368,-0.53678267551614434,5.5511151231257827e-17
0.075000000000000025,11,26,2.1598449493429825,5.1050880620834143,0.31345241848863625,-0.50563822400773017,-1.5134821597478254,0.31345241848863659,-0.50563822400773017,3.3306690738754696e-16
0.075000000000000025,11,27,2.1598449493429825,5.3014376029327757,0.45506237911588199,-0.45506237911588199,-1.3620979579141936,0.45506237911588204,-0.45506237911588215,1.7554167342883506e-16
0.075000000000000025,11,28,2.1598449493429825,5.497787143782138,0.57918454771562689,-0.38699874219653269,-1.1583690954312542,0.57918454771562711,-0.3869987421965328,2.4825341532472731e-16
0.075000000000000025,11,29,2.1598449493429825,5.6941366846315002,0.6810489789570966,-0.30406296064596572,-0.91012475823176431,0.68104897895709704,-0.30406296064596566,4.4754520913118096e-16
0.075000000000000025,11,30,2.1598449493429825,5.8904862254808616,0.7567410798739127,-0.20944221003824703,-0.62690483697727284,0.75674107987391293,-0.20944221003824734,3.7751664318895328e-16
0.075000000000000025,11,31,2.1598449493429825,6.0868357663302239,0.80335204547646111,-0.10677271275530315,-0.31959331441002808,0.80335204547646144,-0.10677271275530331,3.7238012298709097e-16
0.075000000000000025,12,0,2.3561944901923448,0,0.69657933272115835,-1.1063391643441407e-16,-1.0984686552845193e-16,0.69657933272115824,0,1.5673485607769328e-16
0.075000000000000025,12,1,2.3561944901923448,0.19634954084936207,0.68319475616601644,0.13589588633035038,0.27179177266070165,0.68319475616601633,0.13589588633035049,1.5700924586837752e-16
0.075000000000000025,12,2,2.3561944901923448,0.39269908169872414,0.64355538827144765,0.26656936996031655,0.53313873992063354,0.64355538827144776,0.26656936996031672,2.0014830212433605e-16
0.075000000000000025,12,3,2.3561944901923448,0.58904862254808621,0.57918454771562722,0.38699874219653269,0.77399748439306537,0.57918454771562711,0.3869987421965328,1.5700924586837752e-16
0.075000000000000025,12,4,2.3561944901923448,0.78539816339744828,0.49255596980153143,0.49255596980153116,0.98511193960306298,0.49255596980153138,0.49255596980153121,7.8504622934188758e-17
0.075000000000000025,12,5,2.3561944901923448,0.98174770424681035,0.38699874219653291,0.57918454771562677,1.1583690954312549,0.38699874219653296,0.579184547715627,2.2887833992611187e-16
0.075000000000000025,12,6,2.3561944901923448,1.1780972450961724,0.26656936996031677,0.64355538827144754,1.287110776542896,0.26656936996031677,0.64355538827144765,1.1102230246251565e-16
0.075000000000000025,12,7,2.3561944901923448,1.3744467859455345,0.1358958863303506,0.6831947561660161,1.3663895123320329,0.13589588633035055,0.68319475616601621,1.2412670766236366e-16
0.075000000000000025,12,8,2.3561944901923448,1.5707963267948966,6.7432054500901553e-17,0.69657933272115802,1.3931586654423171,4.2653182508458278e-17,0.69657933272115813,1.1375387528034462e-16
0.075000000000000025,12,9,2.3561944901923448,1.7671458676442586,-0.13589588633035046,0.6831947561660161,1.3663895123320329,-0.13589588633035046,0.68319475616601621,1.1102230246251565e-16
0.075000000000000025,12,10,2.3561944901923448,1.9634954084936207,-0.2665693699603166,0.64355538827144754,1.2871107765428955,-0.26656936996031672,0.64355538827144765,1.5700924586837752e-16
0.075000000000000025,12,11,2.3561944901923448,2.1598449493429825,-0.38699874219653274,0.579184547715627,1.1583690954312547,-0.38699874219653274,0.57918454771562722,2.2204460492503131e-16
0.075000000000000025,12,12,2.3561944901923448,2.3561944901923448,-0.49255596980153127,0.49255596980153127,0.98511193960306342,-0.49255596980153127,0.49255596980153127,0
0.075000000000000025,12,13,2.3561944901923448,2.5525440310417071,-0.57918454771562689,0.38699874219653285,0.77399748439306593,-0.57918454771562722,0.3869987421965328,3.3766115072321297e-16
0.075000000000000025,12,14,2.3561944901923448,2.748893571891069,-0.64355538827144776,0.26656936996031677,0.53313873992063376,-0.64355538827144776,0.26656936996031677,0
0.075000000000000025,12,15,2.3561944901923448,2.9452431127404308,-0.68319475616601633,0.1358958863303506,0.27179177266070131,-0.68319475616601633,0.13589588633035074,1.3877787807814457e-16
0.075000000000000025,12,16,2.3561944901923448,3.1415926535897931,-0.69657933272115813,8.4925371327279713e-17,-2.5931098679480192e-16,-0.69657933272115824,8.5306365016916544e-17,1.1102295618596117e-16
0.075000000000000025,12,17,2.3561944901923448,3.3379421944391554,-0.68319475616601633,-0.13589588633035041,-0.27179177266070115,-0.68319475616601633,-0.13589588633035055,1.3877787807814457e-16
0.075000000000000025,12,18,2.3561944901923448,3.5342917352885173,-0.64355538827144776,-0.26656936996031655,-0.53313873992063288,-0.64355538827144776,-0.2665693699603166,5.5511151231257827e-17
0.075000000000000025,12,19,2.3561944901923448,3.7306412761378791,-0.57918454771562722,-0.38699874219653269,-0.77399748439306593,-0.57918454771562722,-0.38699874219653269,0
0.075000000000000025,12,20,2.3561944901923448,3.9269908169872414,-0.49255596980153143,-0.49255596980153116,-0.98511193960306309,-0.49255596980153143,-0.49255596980153121,5.5511151231257827e-17
0.075000000000000025,12,21,2.3561944901923448,4.1233403578366037,-0.38699874219653291,-0.57918454771562677,-1.158369095431254,-0.38699874219653285,-0.579184547715627,2.2887833992611187e-16
0.075000000000000025,12,22,2.3561944901923448,4.3196898986859651,-0.26656936996031699,-0.64355538827144743,-1.2871107765428953,-0.2665693699603171,-0.64355538827144743,1.1102230246251565e-16
0.075000000000000025,12,23,2.3561944901923448,4.5160394395353274,-0.13589588633035077,-0.6831947561660161,-1.3663895123320338,-0.1358958863303508,-0.6831947561660161,2.7755575615628914e-17
0.075000000000000025,12,24,2.3561944901923448,4.7123889803846897,-5.1737107722552755e-17,-0.69657933272115802,-1.3931586654423178,-1.2795954752537484e-16,-0.69657933272115813,1.3466926885363693e-16
0.075000000000000025,12,25,2.3561944901923448,4.908738521234052,0.13589588633035055,-0.6831947561660161,-1.3663895123320327,0.13589588633035055,-0.68319475616601621,1.1102230246251565e-16
0.075000000000000025,12,26,2.3561944901923448,5.1050880620834143,0.26656936996031666,-0.64355538827144754,-1.2871107765428955,0.26656936996031688,-0.64355538827144754,2.2204460492503131e-16
0.075000000000000025,12,27,2.3561944901923448,5.3014376029327757,0.38699874219653274,-0.579184547715627,-1.1583690954312547,0.38699874219653263,-0.57918454771562722,2.4825341532472731e-16
0.075000000000000025,12,28,2.3561944901923448,5.497787143782138,0.49255596980153127,-0.49255596980153132,-0.98511193960306309,0.49255596980153121,-0.49255596980153138,7.8504622934188758e-17
0.075000000000000025,12,29,2.3561944901923448,5.6941366846315002,0.57918454771562689,-0.38699874219653285,-0.77399748439306604,0.57918454771562711,-0.3869987421965328,2.2887833992611187e-16
0.075000000000000025,12,30,2.3561944901923448,5.8904862254808616,0.64355538827144765,-0.26656936996031672,-0.53313873992063399,0.64355538827144754,-0.2665693699603171,4.0412728104402651e-16
0.075000000000000025,12,31,2.3561944901923448,6.0868357663302239,0.68319475616601621,-0.1358958863303506,-0.27179177266070181,0.68319475616601621,-0.1358958863303508,1.9428902930940239e-16
0.075000000000000025,13,0,2.5525440310417071,0,0.54729886983566578,-1.0345466043381641e-16,-9.0477655814341281e-17,0.54729886983566578,0,1.0345466043381641e-16
0.075000000000000025,13,1,2.5525440310417071,0.19634954084936207,0.53678267551614456,0.15979665720501349,0.21354542551060646,0.53678267551614456,0.15979665720501363,1.3877787807814457e-16
0.075000000000000025,13,2,2.5525440310417071,0.39269908169872414,0.50563822400773051,0.31345241848863609,0.41888442007649412,0.50563822400773051,0.31345241848863636,2.7755575615628914e-16
0.075000000000000025,13,3,2.5525440310417071,0.58904862254808621,0.45506237911588227,0.45506237911588193,0.6081259212919311,0.45506237911588221,0.45506237911588227,3.3766115072321297e-16
0.075000000000000025,13,4,2.5525440310417071,0.78539816339744828,0.38699874219653291,0.57918454771562677,0.77399748439306537,0.38699874219653291,0.57918454771562711,3.3306690738754696e-16
0.075000000000000025,13,5,2.5525440310417071,0.98174770424681035,0.30406296064596577,0.68104897895709648,0.91012475823176442,0.30406296064596583,0.68104897895709693,4.4754520913118096e-16
0.075000000000000025,13,6,2.5525440310417071,1.1780972450961724,0.20944221003824712,0.75674107987391259,1.011276448015461,0.20944221003824712,0.75674107987391304,4.4408920985006262e-16
0.075000000000000025,13,7,2.5525440310417071,1.3744467859455345,0.10677271275530316,0.803352045476461,1.0735653510322887,0.10677271275530315,0.80335204547646144,4.4430599737083413e-16
0.075000000000000025,13,8,2.5525440310417071,1.5707963267948966,5.1537899221115181e-17,0.81909064249636654,1.0945977396713313,3.3512390456060601e-17,0.81909064249636698,4.444548855300074e-16
0.075000000000000025,13,9,2.5525440310417071,1.7671458676442586,-0.10677271275530308,0.803352045476461,1.0735653510322889,-0.10677271275530306,0.80335204547646144,4.4430599737083413e-16
0.075000000000000025,13,10,2.5525440310417071,1.9634954084936207,-0.20944221003824695,0.7567410798739127,1.0112764480154603,-0.20944221003824706,0.75674107987391304,3.5108334685767012e-16
0.075000000000000025,13,11,2.5525440310417071,2.1598449493429825,-0.30406296064596561,0.6810489789570966,0.91012475823176431,-0.30406296064596566,0.68104897895709715,5.5788016545937291e-16
0.075000000000000025,13,12,2.5525440310417071,2.3561944901923448,-0.3869987421965328,0.579184547715627,0.77399748439306604,-0.38699874219653285,0.57918454771562722,2.2887833992611187e-16
0.075000000000000025,13,13,2.5525440310417071,2.5525440310417071,-0.4550623791158821,0.45506237911588215,0.60812592129193144,-0.45506237911588227,0.45506237911588227,2.0014830212433605e-16
0.075000000000000025,13,14,2.5525440310417071,2.748893571891069,-0.5056382240077304,0.31345241848863631,0.41888442007649379,-0.50563822400773051,0.31345241848863648,2.0014830212433605e-16
0.075000000000000025,13,15,2.5525440310417071,2.9452431127404308,-0.53678267551614456,0.15979665720501368,0.21354542551060618,-0.53678267551614456,0.1597966572050139,2.2204460492503131e-16
0.075000000000000025,13,16,2.5525440310417071,3.1415926535897931,-0.54729886983566567,8.7411203346875393e-17,4.2074805548117502e-17,-0.54729886983566578,1.0030967335447248e-16,1.1176905731290387e-16
0.075000000000000025,13,17,2.5525440310417071,3.3379421944391554,-0.53678267551614456,-0.15979665720501349,-0.21354542551060593,-0.53678267551614456,-0.15979665720501371,2.2204460492503131e-16
0.075000000000000025,13,18,2.5525440310417071,3.5342917352885173,-0.5056382240077304,-0.31345241848863609,-0.41888442007649368,-0.50563822400773051,-0.31345241848863631,2.4825341532472731e-16
0.075000000000000025,13,19,2.5525440310417071,3.7306412761378791,-0.45506237911588232,-0.45506237911588193,-0.60812592129193133,-0.45506237911588232,-0.4550623791158821,1.6653345369377348e-16
0.075000000000000025,13,20,2.5525440310417071,3.9269908169872414,-0.38699874219653291,-0.57918454771562677,-0.7739974843930657,-0.38699874219653296,-0.57918454771562711,3.3766115072321297e-16
0.075000000000000025,13,21,2.5525440310417071,4.1233403578366037,-0.30406296064596577,-0.68104897895709648,-0.91012475823176342,-0.30406296064596577,-0.68104897895709693,4.4408920985006262e-16
0.075000000000000025,13,22,2.5525440310417071,4.3196898986859651,-0.20944221003824726,-0.75674107987391248,-1.0112764480154599,-0.2094422100382474,-0.75674107987391281,3.6082248300317588e-16
0.075000000000000025,13,23,2.5525440310417071,4.5160394395353274,-0.1067727127553033,-0.803352045476461,-1.0735653510322893,-0.10677271275530333,-0.80335204547646133,3.3422138886441676e-16
0.075000000000000025,13,24,2.5525440310417071,4.7123889803846897,-4.0980216195965148e-17,-0.81909064249636654,-1.0945977396713322,-1.005371713681818e-16,-0.81909064249636698,4.4806501449526087e-16
0.075000000000000025,13,25,2.5525440310417071,4.908738521234052,0.10677271275530312,-0.803352045476461,-1.0735653510322887,0.10677271275530313,-0.80335204547646144,4.4430599737083413e-16
0.075000000000000025,13,26,2.5525440310417071,5.1050880620834143,0.20944221003824706,-0.75674107987391259,-1.0112764480154603,0.2094422100382472,-0.75674107987391293,3.6082248300317588e-16
0.075000000000000025,13,27,2.5525440310417071,5.3014376029327757,0.30406296064596561,-0.6810489789570966,-0.91012475823176442,0.30406296064596555,-0.68104897895709715,5.5788016545937291e-16
0.075000000000000025,13,28,2.5525440310417071,5.497787143782138,0.3869987421965328,-0.579184547715627,-0.7739974843930657,0.3869987421965328,-0.57918454771562733,3.3306690738754696e-16
0.075000000000000025,13,29,2.5525440310417071,5.6941366846315002,0.4550623791158821,-0.45506237911588215,-0.60812592129193166,0.45506237911588221,-0.45506237911588227,1.5700924586837752e-16
0.075000000000000025,13,30,2.5525440310417071,5.8904862254808616,0.5056382240077304,-0.31345241848863636,-0.41888442007649429,0.5056382240077304,-0.31345241848863686,4.9960036108132044e-16
0.075000000000000025,13,31,2.5525440310417071,6.0868357663302239,0.53678267551614445,-0.15979665720501368,-0.2135454255106066,0.53678267551614456,-0.15979665720501401,3.5108334685767012e-16
0.075000000000000025,14,0,2.748893571891069,0,0.3769860183111311,-1.1226550460219576e-16,-2.8784332070920351e-16,0.37698601831113115,0,1.2523989553894243e-16
0.075000000000000025,14,1,2.748893571891069,0.19634954084936207,0.36974233767738007,0.17755653215828568,0.14709264741579314,0.36974233767738013,0.17755653215828579,1.2412670766236366e-16
0.075000000000000025,14,2,2.748893571891069,0.39269908169872414,0.34828966636057918,0.34828966636057895,0.28853260688190446,0.34828966636057923,0.34828966636057912,1.7554167342883506e-16
0.075000000000000025,14,3,2.748893571891069,0.58904862254808621,0.31345241848863648,0.50563822400773029,0.41888442007649374,0.31345241848863642,0.50563822400773051,2.2887833992611187e-16
0.075000000000000025,14,4,2.748893571891069,0.78539816339744828,0.26656936996031683,0.64355538827144754,0.53313873992063276,0.26656936996031683,0.64355538827144765,1.1102230246251565e-16
0.075000000000000025,14,5,2.748893571891069,0.98174770424681035,0.20944221003824709,0.75674107987391259,0.62690483697727251,0.2094422100382472,0.75674107987391293,3.5108334685767012e-16
0.075000000000000025,14,6,2.748893571891069,1.1780972450961724,0.14426630344095223,0.84084563616211005,0.69657933272115824,0.14426630344095229,0.84084563616211039,3.3766115072321297e-16
0.075000000000000025,14,7,2.748893571891069,1.3744467859455345,0.073546323707896599,0.89263696620426303,0.73948467535475937,0.073546323707896627,0.89263696620426336,3.3422138886441676e-16
0.075000000000000025,14,8,2.748893571891069,1.5707963267948966,4.0739139927211618e-17,0.91012475823176409,0.75397203662226175,2.3083736032401612e-17,0.91012475823176442,3.3353452307578843e-16
0.075000000000000025,14,9,2.748893571891069,1.7671458676442586,-0.073546323707896558,0.89263696620426314,0.7394846753547597,-0.073546323707896571,0.89263696620426336,2.2247786310271853e-16
0.075000000000000025,14,10,2.748893571891069,1.9634954084936207,-0.14426630344095218,0.84084563616211028,0.69657933272115768,-0.14426630344095223,0.84084563616211039,1.2412670766236366e-16
0.075000000000000025,14,11,2.748893571891069,2.1598449493429825,-0.20944221003824698,0.75674107987391281,0.62690483697727228,-0.20944221003824706,0.75674107987391304,2.3714374201337736e-16
0.075000000000000025,14,12,2.748893571891069,2.3561944901923448,-0.26656936996031672,0.64355538827144776,0.53313873992063365,-0.26656936996031677,0.64355538827144776,5.5511151231257827e-17
0.075000000000000025,14,13,2.748893571891069,2.5525440310417071,-0.31345241848863625,0.50563822400773051,0.41888442007649423,-0.31345241848863648,0.50563822400773051,2.2204460492503131e-16
0.075000000000000025,14,14,2.748893571891069,2.748893571891069,-0.34828966636057912,0.34828966636057906,0.28853260688190407,-0.34828966636057923,0.34828966636057923,2.0014830212433605e-16
0.075000000000000025,14,15,2.748893571891069,2.9452431127404308,-0.36974233767738002,0.1775565321582859,0.14709264741579314,-0.36974233767738013,0.17755653215828612,2.4825341532472731e-16
0.075000000000000025,14,16,2.748893571891069,3.1415926535897931,-0.37698601831113104,1.1434341382862274e-16,2.3266859465790549e-16,-0.37698601831113115,1.114581371993289e-16,1.110597877960599e-16
0.075000000000000025,14,17,2.748893571891069,3.3379421944391554,-0.36974233767738002,-0.17755653215828568,-0.14709264741579292,-0.36974233767738013,-0.1775565321582859,2.4825341532472731e-16
0.075000000000000025,14,18,2.748893571891069,3.5342917352885173,-0.34828966636057912,-0.34828966636057895,-0.28853260688190407,-0.34828966636057929,-0.34828966636057901,1.7554167342883506e-16
0.075000000000000025,14,19,2.748893571891069,3.7306412761378791,-0.31345241848863648,-0.50563822400773029,-0.41888442007649379,-0.31345241848863653,-0.50563822400773029,5.5511151231257827e-17
0.075000000000000025,14,20,2.748893571891069,3.9269908169872414,-0.26656936996031677,-0.64355538827144754,-0.53313873992063321,-0.26656936996031688,-0.64355538827144765,1.5700924586837752e-16
0.075000000000000025,14,21,2.748893571891069,4.1233403578366037,-0.20944221003824709,-0.75674107987391259,-0.62690483697727206,-0.20944221003824715,-0.75674107987391293,3.3766115072321297e-16
0.075000000000000025,14,22,2.748893571891069,4.3196898986859651,-0.14426630344095234,-0.84084563616210994,-0.69657933272115757,-0.14426630344095245,-0.84084563616211017,2.4825341532472731e-16
0.075000000000000025,14,23,2.748893571891069,4.5160394395353274,-0.073546323707896696,-0.89263696620426303,-0.73948467535475992,-0.073546323707896752,-0.89263696620426325,2.2887833992611187e-16
0.075000000000000025,14,24,2.748893571891069,4.7123889803846897,-3.1766264400667602e-17,-0.9101247582317642,-0.75397203662226231,-6.9251208097204839e-17,-0.91012475823176442,2.2518642849924549e-16
0.075000000000000025,14,25,2.748893571891069,4.908738521234052,0.073546323707896613,-0.89263696620426314,-0.73948467535475959,0.073546323707896613,-0.89263696620426336,2.2204460492503131e-16
0.075000000000000025,14,26,2.748893571891069,5.1050880620834143,0.14426630344095218,-0.84084563616211017,-0.69657933272115768,0.14426630344095234,-0.84084563616211028,2.0014830212433605e-16
0.075000000000000025,14,27,2.748893571891069,5.3014376029327757,0.20944221003824698,-0.75674107987391281,-0.62690483697727239,0.20944221003824703,-0.75674107987391304,2.2887833992611187e-16
0.075000000000000025,14,28,2.748893571891069,5.497787143782138,0.26656936996031677,-0.64355538827144776,-0.53313873992063354,0.26656936996031677,-0.64355538827144787,1.1102230246251565e-16
0.075000000000000025,14,29,2.748893571891069,5.6941366846315002,0.31345241848863625,-0.50563822400773051,-0.41888442007649407,0.31345241848863642,-0.50563822400773051,1.6653345369377348e-16
0.075000000000000025,14,30,2.748893571891069,5.8904862254808616,0.34828966636057912,-0.34828966636057912,-0.28853260688190424,0.34828966636057918,-0.34828966636057967,5.5788016545937291e-16
0.075000000000000025,14,31,2.748893571891069,6.0868357663302239,0.36974233767738002,-0.1775565321582859,-0.14709264741579331,0.36974233767738007,-0.17755653215828621,3.1031676915590914e-16
0.075000000000000025,15,0,2.9452431127404308,0,0.19218580551909431,-1.3542724697955668e-16,-2.8353418273612429e-16,0.19218580551909453,0,2.6008526640464486e-16
0.075000000000000025,15,1,2.9452431127404308,0.19634954084936207,0.18849300915556561,0.18849300915556536,0.074987181371298187,0.18849300915556585,0.18849300915556549,2.8576114088871287e-16
0.075000000000000025,15,2,2.9452431127404308,0.39269908169872414,0.1775565321582859,0.3697423376773798,0.14709264741579328,0.17755653215828612,0.36974233767738002,3.1401849173675503e-16
0.075000000000000025,15,3,2.9452431127404308,0.58904862254808621,0.15979665720501371,0.53678267551614434,0.21354542551060601,0.15979665720501388,0.53678267551614456,2.7755575615628914e-16
0.075000000000000025,15,4,2.9452431127404308,0.78539816339744828,0.1358958863303506,0.6831947561660161,0.27179177266070087,0.13589588633035077,0.68319475616601621,2.0014830212433605e-16
0.075000000000000025,15,5,2.9452431127404308,0.98174770424681035,0.10677271275530317,0.803352045476461,0.31959331441002736,0.10677271275530331,0.80335204547646133,3.6082248300317588e-16
0.075000000000000025,15,6,2.9452431127404308,1.1780972450961724,0.073546323707896613,0.89263696620426314,0.35511306431657191,0.073546323707896724,0.89263696620426336,2.4825341532472731e-16
0.075000000000000025,15,7,2.9452431127404308,1.3744467859455345,0.037493590685649107,0.94761834891741326,0.37698601831113093,0.037493590685649163,0.94761834891741348,2.2887833992611187e-16
0.075000000000000025,15,8,2.9452431127404308,1.5707963267948966,2.0012822491937633e-17,0.96618328991215974,0.38437161103818845,1.1767986578525742e-17,0.96618328991215996,2.2219762351463692e-16
0.075000000000000025,15,9,2.9452431127404308,1.7671458676442586,-0.0374935906856491,0.94761834891741326,0.37698601831113121,-0.037493590685649142,0.94761834891741348,2.2591401799415137e-16
0.075000000000000025,15,10,2.9452431127404308,1.9634954084936207,-0.073546323707896571,0.89263696620426325,0.35511306431657158,-0.073546323707896696,0.89263696620426336,1.6711069443220838e-16
0.075000000000000025,15,11,2.9452431127404308,2.1598449493429825,-0.10677271275530309,0.80335204547646122,0.31959331441002725,-0.10677271275530326,0.80335204547646155,3.7238012298709097e-16
0.075000000000000025,15,12,2.9452431127404308,2.3561944901923448,-0.13589588633035055,0.68319475616601633,0.27179177266070143,-0.13589588633035074,0.68319475616601633,1.9428902930940239e-16
0.075000000000000025,15,13,2.9452431127404308,2.5525440310417071,-0.1597966572050136,0.53678267551614456,0.21354542551060654,-0.1597966572050139,0.53678267551614456,3.0531133177191805e-16
0.075000000000000025,15,14,2.9452431127404308,2.748893571891069,-0.17755653215828587,0.36974233767738002,0.14709264741579317,-0.17755653215828612,0.36974233767738013,2.7336071744532853e-16
0.075000000000000025,15,15,2.9452431127404308,2.9452431127404308,-0.18849300915556561,0.18849300915556563,0.0749871813712982,-0.18849300915556585,0.18849300915556583,3.1646225226420963e-16
0.075000000000000025,15,16,2.9452431127404308,3.1415926535897931,-0.19218580551909425,1.3216903729423055e-16,1.0506059170304749e-16,-0.19218580551909453,1.183233273380586e-16,2.7790088423695213e-16
0.075000000000000025,15,17,2.9452431127404308,3.3379421944391554,-0.18849300915556561,-0.18849300915556536,-0.074987181371298159,-0.18849300915556585,-0.18849300915556558,3.3422138886441676e-16
0.075000000000000025,15,18,2.9452431127404308,3.5342917352885173,-0.17755653215828587,-0.3697423376773798,-0.14709264741579303,-0.17755653215828615,-0.36974233767737991,2.9893669801409083e-16
0.075000000000000025,15,19,2.9452431127404308,3.7306412761378791,-0.15979665720501376,-0.53678267551614434,-0.2135454255106061,-0.15979665720501393,-0.53678267551614434,1.6653345369377348e-16
0.075000000000000025,15,20,2.9452431127404308,3.9269908169872414,-0.1358958863303506,-0.6831947561660161,-0.27179177266070109,-0.1358958863303508,-0.68319475616601621,2.2377260456559048e-16
0.075000000000000025,15,21,2.9452431127404308,4.1233403578366037,-0.10677271275530317,-0.803352045476461,-0.31959331441002736,-0.1067727127553033,-0.80335204547646133,3.5571561302006606e-16
0.075000000000000025,15,22,2.9452431127404308,4.3196898986859651,-0.073546323707896669,-0.89263696620426303,-0.35511306431657158,-0.073546323707896821,-0.89263696620426314,1.8875832159447664e-16
0.075000000000000025,15,23,2.9452431127404308,4.5160394395353274,-0.037493590685649163,-0.94761834891741326,-0.37698601831113127,-0.037493590685649232,-0.94761834891741337,1.3092278833360675e-16
0.075000000000000025,15,24,2.9452431127404308,4.7123889803846897,-1.4630907635813695e-17,-0.96618328991215974,-0.3843716110381889,-3.5303959735577224e-17,-0.96618328991215996,2.2300489155942919e-16
0.075000000000000025,15,25,2.9452431127404308,4.908738521234052,0.037493590685649128,-0.94761834891741314,-0.3769860183111311,0.037493590685649163,-0.94761834891741348,3.3486903561235222e-16
0.075000000000000025,15,26,2.9452431127404308,5.1050880620834143,0.073546323707896585,-0.89263696620426314,-0.35511306431657147,0.073546323707896752,-0.89263696620426325,2.0014830212433605e-16
0.075000000000000025,15,27,2.9452431127404308,5.3014376029327757,0.10677271275530309,-0.80335204547646122,-0.31959331441002725,0.10677271275530323,-0.80335204547646155,3.6082248300317588e-16
0.075000000000000025,15,28,2.9452431127404308,5.497787143782138,0.1358958863303506,-0.68319475616601633,-0.27179177266070143,0.13589588633035071,-0.68319475616601644,1.5700924586837752e-16
0.075000000000000025,15,29,2.9452431127404308,5.6941366846315002,0.15979665720501363,-0.53678267551614456,-0.21354542551060629,0.15979665720501388,-0.53678267551614456,2.4980018054066022e-16
0.075000000000000025,15,30,2.9452431127404308,5.8904862254808616,0.1775565321582859,-0.36974233767738002,-0.14709264741579303,0.1775565321582861,-0.36974233767738057,5.8813010296357691e-16
0.075000000000000025,15,31,2.9452431127404308,6.0868357663302239,0.18849300915556555,-0.18849300915556561,-0.074987181371298312,0.18849300915556583,-0.18849300915556594,4.335559509131367e-16
0.075000000000000025,16,0,3.1415926535897931,0,1.3877092708313981e-16,-1.5338938008393552e-16,-1.2293978006727282e-16,1.2064141836367314e-16,0,1.5445705231210148e-16
0.075000000000000025,16,1,3.1415926535897931,0.19634954084936207,1.2400609737178196e-16,0.19218580551909401,-1.1682605853184314e-17,1.183233273380586e-16,0.19218580551909417,1.6663038460746702e-16
0.075000000000000025,16,2,3.1415926535897931,0.39269908169872414,1.179602732942714e-16,0.37698601831113082,5.2876399308533283e-17,1.114581371993289e-16,0.37698601831113104,2.2213978560832006e-16
0.075000000000000025,16,3,3.1415926535897931,0.58904862254808621,1.5638703536844572e-16,0.54729886983566556,1.8172618812779478e-17,1.0030967335447246e-16,0.54729886983566578,2.2901632497872165e-16
0.075000000000000025,16,4,3.1415926535897931,0.78539816339744828,9.4036814974386169e-17,0.69657933272115802,4.1508212376903639e-17,8.5306365016916556e-17,0.69657933272115813,1.1136504119578186e-16
0.075000000000000025,16,5,3.1415926535897931,0.98174770424681035,7.8652209114991547e-17,0.81909064249636654,1.5529094697431752e-16,6.7024780912121215e-17,0.81909064249636687,3.3326980343757171e-16
0.075000000000000025,16,6,3.1415926535897931,1.1780972450961724,4.9036200748044131e-17,0.91012475823176409,2.2928764410490266e-16,4.6167472064803218e-17,0.91012475823176442,3.3307926143931993e-16
0.075000000000000025,16,7,3.1415926535897931,1.3744467859455345,1.8178455264388512e-17,0.96618328991215963,2.1605743835133846e-16,2.353597315705145e-17,0.96618328991215996,3.3310999353768268e-16
0.075000000000000025,16,8,3.1415926535897931,1.5707963267948966,-1.0006415803377852e-17,0.98511193960306231,1.6120740529001203e-16,7.3871563421834514e-33,0.98511193960306265,3.33217186162321e-16
0.075000000000000025,16,9,3.1415926535897931,1.7671458676442586,-3.5114874226217797e-17,0.96618328991215963,6.7622115962892684e-17,-2.3535973157051434e-17,0.96618328991215996,3.3326811390631765e-16
0.075000000000000025,16,10,3.1415926535897931,1.9634954084936207,-4.8863161164391124e-17,0.9101247582317642,-2.392843665712119e-17,-4.6167472064803199e-17,0.91012475823176442,2.2206096756529473e-16
0.075000000000000025,16,11,3.1415926535897931,2.1598449493429825,-5.9047395361435402e-17,0.81909064249636665,6.219627179114629e-18,-6.7024780912121166e-17,0.81909064249636709,4.4416085485494697e-16
0.075000000000000025,16,12,3.1415926535897931,2.3561944901923448,-8.5050263836656073e-17,0.69657933272115824,1.12008735614232e-16,-8.5306365016916544e-17,0.69657933272115824,2.5610118026047077e-19
0.075000000000000025,16,13,3.1415926535897931,2.5525440310417071,-5.9567600152705044e-17,0.54729886983566578,9.5942644778692362e-17,-1.0030967335447248e-16,0.54729886983566578,4.0742073201767438e-17
0.075000000000000025,16,14,3.1415926535897931,2.748893571891069,-1.2379099099028079e-16,0.37698601831113104,1.7223574956262849e-18,-1.114581371993289e-16,0.37698601831113115,1.1170519650717824e-16
0.075000000000000025,16,15,3.1415926535897931,2.9452431127404308,-1.3778695726473611e-16,0.19218580551909428,3.0982001541359671e-17,-1.183233273380586e-16,0.19218580551909453,2.5055730499841569e-16
0.075000000000000025,16,16,3.1415926535897931,3.1415926535897931,-1.3554434357236833e-16,1.3372157063613819e-16,8.8961989875305145e-17,-1.2064141836367314e-16,1.2064141836367314e-16,1.9828957694413377e-17
0.075000000000000025,16,17,3.1415926535897931,3.3379421944391554,-1.254746205608413e-16,-0.19218580551909401,-2.9426755537892829e-18,-1.183233273380586e-16,-0.19218580551909428,2.776478682976832e-16
0.075000000000000025,16,18,3.1415926535897931,3.5342917352885173,-1.2113485634434488e-16,-0.37698601831113082,-8.7424499297307335e-17,-1.114581371993289e-16,-0.37698601831113093,1.1144321665085689e-16
0.075000000000000025,16,19,3.1415926535897931,3.7306412761378791,-1.6057552438921851e-16,-0.54729886983566556,-3.7195352101662484e-17,-1.0030967335447249e-16,-0.54729886983566556,6.0265851034746013e-17
0.075000000000000025,16,20,3.1415926535897931,3.9269908169872414,-1.0011337240379771e-16,-0.69657933272115802,-5.279825666817478e-17,-8.5306365016916581e-17,-0.69657933272115813,1.120053530499032e-16
0.075000000000000025,16,21,3.1415926535897931,4.1233403578366037,-8.3516013555275456e-17,-0.81909064249636654,-1.9202739282449543e-16,-6.7024780912121203e-17,-0.81909064249636687,3.3347492492059343e-16
0.075000000000000025,16,22,3.1415926535897931,4.3196898986859651,-5.1670876242673423e-17,-0.91012475823176398,-2.4299111398031206e-16,-4.6167472064803273e-17,-0.9101247582317642,2.2211279574544606e-16
0.075000000000000025,16,23,3.1415926535897931,4.5160394395353274,-2.116791428325515e-17,-0.96618328991215963,-1.7738689387781906e-16,-2.353597315705149e-17,-0.96618328991215985,2.2205723199018539e-16
0.075000000000000025,16,24,3.1415926535897931,4.7123889803846897,5.2903393512097371e-18,-0.98511193960306231,-1.1066324734586241e-16,-2.2161469026550353e-32,-0.98511193960306265,3.3310891985528657e-16
0.075000000000000025,16,25,3.1415926535897931,4.908738521234052,2.7473630949748997e-17,-0.96618328991215963,-3.0497954307243777e-17,2.3535973157051447e-17,-0.96618328991215996,3.3309018290186396e-16
0.075000000000000025,16,26,3.1415926535897931,5.1050880620834143,4.118066895095767e-17,-0.91012475823176409,1.3071244038081063e-17,4.6167472064803236e-17,-0.91012475823176431,2.2210059608566902e-16
0.075000000000000025,16,27,3.1415926535897931,5.3014376029327757,6.0409186959893873e-17,-0.81909064249636676,-8.3426697640833621e-17,6.7024780912121153e-17,-0.81909064249636709,3.3313260254746238e-16
0.075000000000000025,16,28,3.1415926535897931,5.497787143782138,9.5899582653128284e-17,-0.69657933272115824,-1.6813262905021344e-16,8.5306365016916531e-17,-0.69657933272115835,1.1152653452863339e-16
0.075000000000000025,16,29,3.1415926535897931,5.6941366846315002,6.9039873736954207e-17,-0.54729886983566578,-8.6182840520312422e-17,1.0030967335447246e-16,-0.54729886983566578,3.1269799617518251e-17
0.075000000000000025,16,30,3.1415926535897931,5.8904862254808616,1.2870685174372107e-16,-0.37698601831113104,-1.9412828740880188e-17,1.1145813719932888e-16,-0.37698601831113165,6.1086623362795453e-16
0.075000000000000025,16,31,3.1415926535897931,6.0868357663302239,1.4281178946844797e-16,-0.19218580551909428,-9.6591784624702389e-17,1.1832332733805858e-16,-0.19218580551909464,3.6165252524776963e-16
0.075000000000000025,17,0,3.3379421944391554,0,-0.19218580551909403,-1.6618840164633953e-16,6.5867983293282413e-17,-0.19218580551909428,0,3.0003119011181408e-16
0.075000000000000025,17,1,3.3379421944391554,0.19634954084936207,-0.18849300915556538,0.18849300915556536,-0.074987181371298103,-0.18849300915556561,0.18849300915556549,2.6184557666721351e-16
0.075000000000000025,17,2,3.3379421944391554,0.39269908169872414,-0.17755653215828568,0.3697423376773798,-0.14709264741579295,-0.1775565321582859,0.36974233767738002,3.1401849173675503e-16
0.075000000000000025,17,3,3.3379421944391554,0.58904862254808621,-0.15979665720501343,0.53678267551614434,-0.21354542551060579,-0.15979665720501368,0.53678267551614456,3.3422138886441676e-16
0.075000000000000025,17,4,3.3379421944391554,0.78539816339744828,-0.13589588633035043,0.6831947561660161,-0.27179177266070065,-0.1358958863303506,0.68319475616601621,2.0014830212433605e-16
0.075000000000000025,17,5,3.3379421944391554,0.98174770424681035,-0.10677271275530303,0.803352045476461,-0.31959331441002692,-0.10677271275530317,0.80335204547646133,3.6082248300317588e-16
0.075000000000000025,17,6,3.3379421944391554,1.1780972450961724,-0.07354632370789653,0.89263696620426314,-0.35511306431657125,-0.073546323707896627,0.89263696620426336,2.4236514457283391e-16
0.075000000000000025,17,7,3.3379421944391554,1.3744467859455345,-0.037493590685649066,0.94761834891741326,-0.37698601831113038,-0.037493590685649114,0.94761834891741348,2.2729511820139823e-16
0.075000000000000025,17,8,3.3379421944391554,1.5707963267948966,-2.89696706490331e-17,0.96618328991215974,-0.3843716110381879,-1.1767986578525726e-17,0.96618328991215996,2.2270991112021659e-16
0.075000000000000025,17,9,3.3379421944391554,1.7671458676442586,0.037493590685649031,0.94761834891741326,-0.37698601831113066,0.037493590685649093,0.94761834891741348,2.3065952118587559e-16
0.075000000000000025,17,10,3.3379421944391554,1.9634954084936207,0.073546323707896488,0.89263696620426325,-0.35511306431657125,0.073546323707896599,0.89263696620426336,1.5700924586837752e-16
0.075000000000000025,17,11,3.3379421944391554,2.1598449493429825,0.10677271275530298,0.80335204547646122,-0.31959331441002681,0.10677271275530312,0.80335204547646155,3.6082248300317588e-16
0.075000000000000025,17,12,3.3379421944391554,2.3561944901923448,0.13589588633035038,0.68319475616601633,-0.27179177266070087,0.13589588633035057,0.68319475616601633,1.9428902930940239e-16
0.075000000000000025,17,13,3.3379421944391554,2.5525440310417071,0.15979665720501349,0.53678267551614456,-0.21354542551060615,0.15979665720501371,0.53678267551614456,2.2204460492503131e-16
0.075000000000000025,17,14,3.3379421944391554,2.748893571891069,0.17755653215828565,0.36974233767738002,-0.147092647415793,0.1775565321582859,0.36974233767738013,2.7336071744532853e-16
0.075000000000000025,17,15,3.3379421944391554,2.9452431127404308,0.18849300915556533,0.18849300915556563,-0.074987181371297978,0.18849300915556561,0.18849300915556583,3.3879997739887652e-16
0.075000000000000025,17,16,3.3379421944391554,3.1415926535897931,0.19218580551909398,1.4502328795864093e-16,1.250914889735534e-16,0.19218580551909428,1.183233273380586e-16,3.0647658508519513e-16
0.075000000000000025,17,17,3.3379421944391554,3.3379421944391554,0.18849300915556533,-0.18849300915556536,0.074987181371298048,0.18849300915556561,-0.18849300915556558,3.554447978966673e-16
0.075000000000000025,17,18,3.3379421944391554,3.5342917352885173,0.17755653215828565,-0.3697423376773798,0.14709264741579281,0.17755653215828593,-0.36974233767737991,2.9893669801409083e-16
0.075000000000000025,17,19,3.3379421944391554,3.7306412761378791,0.15979665720501343,-0.53678267551614434,0.21354542551060599,0.15979665720501374,-0.53678267551614434,3.0531133177191805e-16
0.075000000000000025,17,20,3.3379421944391554,3.9269908169872414,0.13589588633035043,-0.6831947561660161,0.27179177266070087,0.1358958863303506,-0.68319475616601621,2.0014830212433605e-16
0.075000000000000025,17,21,3.3379421944391554,4.1233403578366037,0.10677271275530301,-0.803352045476461,0.31959331441002692,0.10677271275530316,-0.80335204547646133,3.6638411145107034e-16
0.075000000000000025,17,22,3.3379421944391554,4.3196898986859651,0.073546323707896558,-0.89263696620426303,0.35511306431657103,0.073546323707896724,-0.89263696620426314,2.0014830212433605e-16
0.075000000000000025,17,23,3.3379421944391554,4.5160394395353274,0.037493590685649107,-0.94761834891741326,0.37698601831113071,0.037493590685649184,-0.94761834891741337,1.3472894910096233e-16
0.075000000000000025,17,24,3.3379421944391554,4.7123889803846897,1.7233969928822201e-17,-0.96618328991215974,0.38437161103818834,3.5303959735577181e-17,-0.96618328991215996,2.2277865945356945e-16
0.075000000000000025,17,25,3.3379421944391554,4.908738521234052,-0.037493590685649072,-0.94761834891741314,0.37698601831113066,-0.037493590685649114,-0.94761834891741348,3.3565890684838572e-16
0.075000000000000025,17,26,3.3379421944391554,5.1050880620834143,-0.073546323707896502,-0.89263696620426314,0.35511306431657103,-0.073546323707896655,-0.89263696620426325,1.8875832159447664e-16
0.075000000000000025,17,27,3.3379421944391554,5.3014376029327757,-0.10677271275530295,-0.80335204547646122,0.3195933144100267,-0.10677271275530309,-0.80335204547646155,3.6082248300317588e-16
0.075000000000000025,17,28,3.3379421944391554,5.497787143782138,-0.13589588633035038,-0.68319475616601633,0.27179177266070076,-0.13589588633035055,-0.68319475616601644,2.0014830212433605e-16
0.075000000000000025,17,29,3.3379421944391554,5.6941366846315002,-0.15979665720501346,-0.53678267551614456,0.21354542551060596,-0.15979665720501368,-0.53678267551614456,2.2204460492503131e-16
0.075000000000000025,17,30,3.3379421944391554,5.8904862254808616,-0.17755653215828562,-0.36974233767738002,0.14709264741579292,-0.17755653215828585,-0.36974233767738057,5.9787339602818165e-16
0.075000000000000025,17,31,3.3379421944391554,6.0868357663302239,-0.18849300915556527,-0.18849300915556566,0.074987181371298117,-0.18849300915556558,-0.18849300915556594,4.1261629522333659e-16
0.075000000000000025,18,0,3.5342917352885173,0,-0.37698601831113088,-1.612929257621035e-16,3.3778066871469607e-16,-0.37698601831113093,0,1.7057812231326447e-16
0.075000000000000025,18,1,3.5342917352885173,0.19634954084936207,-0.36974233767737985,0.17755653215828568,-0.14709264741579287,-0.36974233767737991,0.17755653215828582,1.4946834900704541e-16
0.075000000000000025,18,2,3.5342917352885173,0.39269908169872414,-0.34828966636057895,0.34828966636057895,-0.28853260688190402,-0.34828966636057901,0.34828966636057918,2.2887833992611187e-16
0.075000000000000025,18,3,3.5342917352885173,0.58904862254808621,-0.31345241848863614,0.50563822400773029,-0.41888442007649329,-0.31345241848863625,0.50563822400773051,2.4825341532472731e-16
0.075000000000000025,18,4,3.5342917352885173,0.78539816339744828,-0.2665693699603166,0.64355538827144754,-0.53313873992063232,-0.26656936996031666,0.64355538827144776,2.2887833992611187e-16
0.075000000000000025,18,5,3.5342917352885173,0.98174770424681035,-0.20944221003824698,0.75674107987391259,-0.62690483697727184,-0.20944221003824706,0.75674107987391293,3.4331750988916778e-16
0.075000000000000025,18,6,3.5342917352885173,1.1780972450961724,-0.14426630344095218,0.84084563616211028,-0.6965793327211578,-0.1442663034409522,0.8408456361621105,2.2377260456559048e-16
0.075000000000000025,18,7,3.5342917352885173,1.3744467859455345,-0.073546323707896544,0.89263696620426325,-0.73948467535475892,-0.073546323707896585,0.89263696620426347,2.2591401799415137e-16
0.075000000000000025,18,8,3.5342917352885173,1.5707963267948966,-3.0636911936695171e-17,0.91012475823176431,-0.75397203662226087,-2.30837360324016e-17,0.91012475823176453,2.2217303401302877e-16
0.075000000000000025,18,9,3.5342917352885173,1.7671458676442586,0.073546323707896502,0.89263696620426314,-0.73948467535475881,0.07354632370789653,0.89263696620426347,3.3422138886441676e-16
0.075000000000000025,18,10,3.5342917352885173,1.9634954084936207,0.14426630344095207,0.84084563616211028,-0.69657933272115702,0.14426630344095215,0.8408456361621105,2.3714374201337736e-16
0.075000000000000025,18,11,3.5342917352885173,2.1598449493429825,0.20944221003824687,0.75674107987391281,-0.6269048369772714,0.20944221003824695,0.75674107987391315,3.4331750988916778e-16
0.075000000000000025,18,12,3.5342917352885173,2.3561944901923448,0.26656936996031649,0.64355538827144776,-0.53313873992063276,0.26656936996031666,0.64355538827144787,2.0014830212433605e-16
0.075000000000000025,18,13,3.5342917352885173,2.5525440310417071,0.31345241848863614,0.50563822400773051,-0.41888442007649368,0.31345241848863631,0.50563822400773051,1.6653345369377348e-16
0.075000000000000025,18,14,3.5342917352885173,2.748893571891069,0.3482896663605789,0.34828966636057918,-0.28853260688190396,0.34828966636057901,0.34828966636057923,1.2412670766236366e-16
0.075000000000000025,18,15,3.5342917352885173,2.9452431127404308,0.3697423376773798,0.17755653215828596,-0.14709264741579292,0.36974233767737991,0.17755653215828615,2.2377260456559048e-16
0.075000000000000025,18,16,3.5342917352885173,3.1415926535897931,0.37698601831113082,1.4874513608455663e-16,-7.0363553014684902e-17,0.37698601831113093,1.114581371993289e-16,1.1711648871933141e-16
0.075000000000000025,18,17,3.5342917352885173,3.3379421944391554,0.3697423376773798,-0.17755653215828568,0.14709264741579275,0.36974233767737991,-0.1775565321582859,2.4825341532472731e-16
0.075000000000000025,18,18,3.5342917352885173,3.5342917352885173,0.3482896663605789,-0.34828966636057895,0.28853260688190374,0.34828966636057906,-0.34828966636057906,2.0014830212433605e-16
0.075000000000000025,18,19,3.5342917352885173,3.7306412761378791,0.31345241848863614,-0.50563822400773029,0.41888442007649335,0.31345241848863636,-0.50563822400773029,2.2204460492503131e-16
0.075000000000000025,18,20,3.5342917352885173,3.9269908169872414,0.26656936996031666,-0.64355538827144754,0.53313873992063276,0.26656936996031672,-0.64355538827144776,2.2887833992611187e-16
0.075000000000000025,18,21,3.5342917352885173,4.1233403578366037,0.20944221003824698,-0.75674107987391259,0.62690483697727162,0.20944221003824703,-0.75674107987391293,3.3766115072321297e-16
0.075000000000000025,18,22,3.5342917352885173,4.3196898986859651,0.14426630344095223,-0.84084563616211017,0.69657933272115713,0.14426630344095237,-0.84084563616211028,1.7772239894833365e-16
0.075000000000000025,18,23,3.5342917352885173,4.5160394395353274,0.073546323707896641,-0.89263696620426325,0.73948467535475926,0.07354632370789671,-0.89263696620426336,1.3092278833360675e-16
0.075000000000000025,18,24,3.5342917352885173,4.7123889803846897,2.4524707512196673e-17,-0.9101247582317642,0.75397203662226142,6.925120809720479e-17,-0.91012475823176453,3.3605657953875195e-16
0.075000000000000025,18,25,3.5342917352885173,4.908738521234052,-0.073546323707896558,-0.89263696620426314,0.7394846753547587,-0.073546323707896571,-0.89263696620426347,3.3335590258932494e-16
0.075000000000000025,18,26,3.5342917352885173,5.1050880620834143,-0.14426630344095212,-0.84084563616211017,0.6965793327211568,-0.14426630344095226,-0.84084563616211039,2.6184557666721351e-16
0.075000000000000025,18,27,3.5342917352885173,5.3014376029327757,-0.20944221003824687,-0.75674107987391281,0.62690483697727151,-0.2094422100382469,-0.75674107987391315,3.3422138886441676e-16
0.075000000000000025,18,28,3.5342917352885173,5.497787143782138,-0.26656936996031655,-0.64355538827144776,0.53313873992063265,-0.2665693699603166,-0.64355538827144798,2.2887833992611187e-16
0.075000000000000025,18,29,3.5342917352885173,5.6941366846315002,-0.31345241848863614,-0.50563822400773051,0.41888442007649351,-0.31345241848863625,-0.50563822400773051,1.1102230246251565e-16
0.075000000000000025,18,30,3.5342917352885173,5.8904862254808616,-0.3482896663605789,-0.34828966636057912,0.28853260688190413,-0.34828966636057895,-0.34828966636057973,6.1314070582892184e-16
0.075000000000000025,18,31,3.5342917352885173,6.0868357663302239,-0.36974233767737968,-0.17755653215828596,0.14709264741579331,-0.36974233767737985,-0.17755653215828623,3.2368285245694688e-16
0.075000000000000025,19,0,3.7306412761378791,0,-0.54729886983566556,-1.2916226530665042e-16,5.6686079850355409e-16,-0.54729886983566556,0,1.2916226530665042e-16
0.075000000000000025,19,1,3.7306412761378791,0.19634954084936207,-0.53678267551614434,0.15979665720501349,-0.21354542551060596,-0.53678267551614434,0.15979665720501363,1.3877787807814457e-16
0.075000000000000025,19,2,3.7306412761378791,0.39269908169872414,-0.50563822400773029,0.3134524184886362,-0.41888442007649401,-0.50563822400773029,0.31345241848863642,2.2204460492503131e-16
0.075000000000000025,19,3,3.7306412761378791,0.58904862254808621,-0.45506237911588204,0.45506237911588204,-0.6081259212919311,-0.45506237911588199,0.45506237911588232,2.8305244335018379e-16
0.075000000000000025,19,4,3.7306412761378791,0.78539816339744828,-0.3869987421965328,0.579184547715627,-0.77399748439306493,-0.38699874219653274,0.57918454771562722,2.2887833992611187e-16
0.075000000000000025,19,5,3.7306412761378791,0.98174770424681035,-0.30406296064596566,0.68104897895709671,-0.91012475823176398,-0.30406296064596572,0.68104897895709704,3.3766115072321297e-16
0.075000000000000025,19,6,3.7306412761378791,1.1780972450961724,-0.20944221003824706,0.75674107987391281,-1.011276448015461,-0.20944221003824703,0.75674107987391315,3.3422138886441676e-16
0.075000000000000025,19,7,3.7306412761378791,1.3744467859455345,-0.1067727127553031,0.80335204547646122,-1.0735653510322887,-0.1067727127553031,0.80335204547646155,3.3306690738754696e-16
0.075000000000000025,19,8,3.7306412761378791,1.5707963267948966,-4.0689229973271955e-17,0.81909064249636676,-1.0945977396713309,-3.3512390456060589e-17,0.81909064249636709,3.3314422075455636e-16
0.075000000000000025,19,9,3.7306412761378791,1.7671458676442586,0.10677271275530302,0.80335204547646122,-1.0735653510322885,0.10677271275530302,0.80335204547646155,3.3306690738754696e-16
0.075000000000000025,19,10,3.7306412761378791,1.9634954084936207,0.2094422100382469,0.75674107987391293,-1.0112764480154599,0.20944221003824698,0.75674107987391315,2.3714374201337736e-16
0.075000000000000025,19,11,3.7306412761378791,2.1598449493429825,0.3040629606459655,0.68104897895709682,-0.91012475823176386,0.3040629606459655,0.68104897895709726,4.4408920985006262e-16
0.075000000000000025,19,12,3.7306412761378791,2.3561944901923448,0.38699874219653257,0.57918454771562722,-0.77399748439306559,0.38699874219653269,0.57918454771562733,1.5700924586837752e-16
0.075000000000000025,19,13,3.7306412761378791,2.5525440310417071,0.45506237911588199,0.45506237911588227,-0.60812592129193122,0.4550623791158821,0.45506237911588232,1.2412670766236366e-16
0.075000000000000025,19,14,3.7306412761378791,2.748893571891069,0.50563822400773017,0.31345241848863642,-0.41888442007649379,0.50563822400773029,0.31345241848863653,1.5700924586837752e-16
0.075000000000000025,19,15,3.7306412761378791,2.9452431127404308,0.53678267551614434,0.15979665720501374,-0.21354542551060623,0.53678267551614434,0.15979665720501393,1.9428902930940239e-16
0.075000000000000025,19,16,3.7306412761378791,3.1415926535897931,0.54729886983566545,1.2348431777640808e-16,-2.1778554057272312e-16,0.54729886983566556,1.0030967335447249e-16,1.1341523613766125e-16
0.075000000000000025,19,17,3.7306412761378791,3.3379421944391554,0.53678267551614434,-0.15979665720501349,0.21354542551060582,0.53678267551614434,-0.15979665720501374,2.4980018054066022e-16
0.075000000000000025,19,18,3.7306412761378791,3.5342917352885173,0.50563822400773017,-0.3134524184886362,0.41888442007649346,0.50563822400773029,-0.31345241848863636,2.0014830212433605e-16
0.075000000000000025,19,19,3.7306412761378791,3.7306412761378791,0.45506237911588199,-0.45506237911588204,0.60812592129193066,0.45506237911588215,-0.45506237911588215,2.0014830212433605e-16
0.075000000000000025,19,20,3.7306412761378791,3.9269908169872414,0.3869987421965328,-0.579184547715627,0.77399748439306504,0.3869987421965328,-0.57918454771562722,2.2204460492503131e-16
0.075000000000000025,19,21,3.7306412761378791,4.1233403578366037,0.30406296064596566,-0.68104897895709671,0.9101247582317632,0.30406296064596566,-0.68104897895709704,3.3306690738754696e-16
0.075000000000000025,19,22,3.7306412761378791,4.3196898986859651,0.20944221003824715,-0.7567410798739127,1.0112764480154599,0.20944221003824731,-0.75674107987391293,2.7755575615628914e-16
0.075000000000000025,19,23,3.7306412761378791,4.5160394395353274,0.10677271275530324,-0.80335204547646122,1.0735653510322889,0.10677271275530328,-0.80335204547646144,2.2591401799415137e-16
0.075000000000000025,19,24,3.7306412761378791,4.7123889803846897,3.528722803603956e-17,-0.81909064249636676,1.0945977396713318,1.0053717136818175e-16,-0.81909064249636709,3.3939817309695786e-16
0.075000000000000025,19,25,3.7306412761378791,4.908738521234052,-0.10677271275530309,-0.80335204547646122,1.0735653510322882,-0.10677271275530309,-0.80335204547646155,3.3306690738754696e-16
0.075000000000000025,19,26,3.7306412761378791,5.1050880620834143,-0.20944221003824695,-0.75674107987391281,1.0112764480154599,-0.20944221003824712,-0.75674107987391304,2.7755575615628914e-16
0.075000000000000025,19,27,3.7306412761378791,5.3014376029327757,-0.3040629606459655,-0.68104897895709682,0.9101247582317642,-0.30406296064596544,-0.68104897895709726,4.4754520913118096e-16
0.075000000000000025,19,28,3.7306412761378791,5.497787143782138,-0.38699874219653269,-0.57918454771562722,0.77399748439306548,-0.38699874219653263,-0.57918454771562744,2.2887833992611187e-16
0.075000000000000025,19,29,3.7306412761378791,5.6941366846315002,-0.45506237911588199,-0.45506237911588227,0.60812592129193122,-0.45506237911588199,-0.45506237911588232,5.5511151231257827e-17
0.075000000000000025,19,30,3.7306412761378791,5.8904862254808616,-0.50563822400773017,-0.31345241848863636,0.41888442007649407,-0.50563822400773017,-0.31345241848863692,5.5511151231257827e-16
0.075000000000000025,19,31,3.7306412761378791,6.0868357663302239,-0.53678267551614423,-0.15979665720501374,0.21354542551060671,-0.53678267551614434,-0.15979665720501401,2.9893669801409083e-16
0.075000000000000025,20,0,3.9269908169872414,0,-0.69657933272115813,-9.2503744782044268e-17,6.6475463075552419e-16,-0.69657933272115813,0,9.2503744782044268e-17
0.075000000000000025,20,1,3.9269908169872414,0.19634954084936207,-0.68319475616601621,0.13589588633035043,-0.27179177266070098,-0.68319475616601621,0.13589588633035052,8.3266726846886741e-17
0.075000000000000025,20,2,3.9269908169872414,0.39269908169872414,-0.64355538827144765,0.26656936996031666,-0.53313873992063354,-0.64355538827144765,0.26656936996031677,1.1102230246251565e-16
0.075000000000000025,20,3,3.9269908169872414,0.58904862254808621,-0.579184547715627,0.3869987421965328,-0.77399748439306582,-0.579184547715627,0.38699874219653296,1.6653345369377348e-16
0.075000000000000025,20,4,3.9269908169872414,0.78539816339744828,-0.49255596980153132,0.49255596980153127,-0.98511193960306276,-0.49255596980153127,0.49255596980153138,1.2412670766236366e-16
0.075000000000000025,20,5,3.9269908169872414,0.98174770424681035,-0.3869987421965328,0.579184547715627,-1.1583690954312544,-0.38699874219653291,0.57918454771562722,2.4825341532472731e-16
0.075000000000000025,20,6,3.9269908169872414,1.1780972450961724,-0.26656936996031677,0.64355538827144776,-1.2871107765428955,-0.26656936996031672,0.64355538827144787,1.2412670766236366e-16
0.075000000000000025,20,7,3.9269908169872414,1.3744467859455345,-0.13589588633035055,0.68319475616601633,-1.3663895123320329,-0.13589588633035055,0.68319475616601644,1.1102230246251565e-16
0.075000000000000025,20,8,3.9269908169872414,1.5707963267948966,-7.3746213393549607e-17,0.69657933272115824,-1.3931586654423171,-4.2653182508458272e-17,0.69657933272115835,1.1529409444416289e-16
0.075000000000000025,20,9,3.9269908169872414,1.7671458676442586,0.13589588633035041,0.68319475616601633,-1.3663895123320329,0.13589588633035043,0.68319475616601644,1.1443916996305594e-16
0.075000000000000025,20,10,3.9269908169872414,1.9634954084936207,0.26656936996031649,0.64355538827144776,-1.2871107765428955,0.26656936996031666,0.64355538827144787,2.0014830212433605e-16
0.075000000000000025,20,11,3.9269908169872414,2.1598449493429825,0.38699874219653263,0.57918454771562722,-1.1583690954312547,0.38699874219653269,0.57918454771562733,1.2412670766236366e-16
0.075000000000000025,20,12,3.9269908169872414,2.3561944901923448,0.49255596980153116,0.49255596980153149,-0.98511193960306365,0.49255596980153121,0.49255596980153143,7.8504622934188758e-17
0.075000000000000025,20,13,3.9269908169872414,2.5525440310417071,0.57918454771562689,0.38699874219653296,-0.77399748439306615,0.57918454771562711,0.38699874219653296,2.2204460492503131e-16
0.075000000000000025,20,14,3.9269908169872414,2.748893571891069,0.64355538827144754,0.26656936996031677,-0.53313873992063332,0.64355538827144765,0.26656936996031683,1.2412670766236366e-16
0.075000000000000025,20,15,3.9269908169872414,2.9452431127404308,0.6831947561660161,0.1358958863303506,-0.2717917726607012,0.68319475616601621,0.13589588633035077,2.0014830212433605e-16
0.075000000000000025,20,16,3.9269908169872414,3.1415926535897931,0.69657933272115791,9.4358483660252683e-17,-2.2227904717921416e-16,0.69657933272115813,8.5306365016916568e-17,2.2222904271999703e-16
0.075000000000000025,20,17,3.9269908169872414,3.3379421944391554,0.6831947561660161,-0.13589588633035041,0.27179177266070081,0.68319475616601621,-0.1358958863303506,2.2377260456559048e-16
0.075000000000000025,20,18,3.9269908169872414,3.5342917352885173,0.64355538827144754,-0.26656936996031666,0.5331387399206331,0.64355538827144776,-0.26656936996031672,2.2887833992611187e-16
0.075000000000000025,20,19,3.9269908169872414,3.7306412761378791,0.579184547715627,-0.3869987421965328,0.77399748439306593,0.57918454771562722,-0.3869987421965328,2.2204460492503131e-16
0.075000000000000025,20,20,3.9269908169872414,3.9269908169872414,0.49255596980153132,-0.49255596980153127,0.98511193960306287,0.49255596980153138,-0.49255596980153138,1.2412670766236366e-16
0.075000000000000025,20,21,3.9269908169872414,4.1233403578366037,0.3869987421965328,-0.579184547715627,1.1583690954312535,0.3869987421965328,-0.57918454771562722,2.2204460492503131e-16
0.075000000000000025,20,22,3.9269908169872414,4.3196898986859651,0.26656936996031688,-0.64355538827144765,1.2871107765428949,0.26656936996031705,-0.64355538827144765,1.6653345369377348e-16
0.075000000000000025,20,23,3.9269908169872414,4.5160394395353274,0.13589588633035071,-0.68319475616601633,1.3663895123320338,0.13589588633035077,-0.68319475616601633,5.5511151231257827e-17
0.075000000000000025,20,24,3.9269908169872414,4.7123889803846897,5.0200891408426585e-17,-0.69657933272115824,1.3931586654423178,1.2795954752537482e-16,-0.69657933272115835,1.3554467988523977e-16
0.075000000000000025,20,25,3.9269908169872414,4.908738521234052,-0.13589588633035049,-0.68319475616601633,1.3663895123320327,-0.13589588633035052,-0.68319475616601644,1.1443916996305594e-16
0.075000000000000025,20,26,3.9269908169872414,5.1050880620834143,-0.26656936996031655,-0.64355538827144776,1.2871107765428951,-0.26656936996031683,-0.64355538827144776,2.7755575615628914e-16
0.075000000000000025,20,27,3.9269908169872414,5.3014376029327757,-0.38699874219653263,-0.57918454771562722,1.1583690954312547,-0.38699874219653257,-0.57918454771562733,1.2412670766236366e-16
0.075000000000000025,20,28,3.9269908169872414,5.497787143782138,-0.49255596980153116,-0.49255596980153143,0.98511193960306331,-0.4925559698015311,-0.49255596980153149,7.8504622934188758e-17
0.075000000000000025,20,29,3.9269908169872414,5.6941366846315002,-0.57918454771562689,-0.38699874219653296,0.77399748439306582,-0.579184547715627,-0.38699874219653296,1.1102230246251565e-16
0.075000000000000025,20,30,3.9269908169872414,5.8904862254808616,-0.64355538827144743,-0.26656936996031683,0.53313873992063332,-0.64355538827144743,-0.26656936996031722,3.8857805861880479e-16
0.075000000000000025,20,31,3.9269908169872414,6.0868357663302239,-0.68319475616601599,-0.1358958863303506,0.27179177266070159,-0.6831947561660161,-0.13589588633035085,2.7336071744532853e-16
0.075000000000000025,21,0,4.1233403578366037,0,-0.81909064249636665,-6.2475681059312938e-17,6.8212237287991413e-16,-0.81909064249636687,0,2.3066646331909248e-16
0.075000000000000025,21,1,4.1233403578366037,0.19634954084936207,-0.80335204547646122,0.10677271275530306,-0.31959331441002709,-0.80335204547646133,0.10677271275530309,1.1443916996305594e-16
0.075000000000000025,21,2,4.1233403578366037,0.39269908169872414,-0.7567410798739127,0.20944221003824698,-0.62690483697727228,-0.75674107987391293,0.20944221003824709,2.4825341532472731e-16
0.075000000000000025,21,3,4.1233403578366037,0.58904862254808621,-0.6810489789570966,0.30406296064596572,-0.91012475823176342,-0.68104897895709682,0.30406296064596577,2.2887833992611187e-16
0.075000000000000025,21,4,4.1233403578366037,0.78539816339744828,-0.57918454771562711,0.38699874219653274,-1.1583690954312529,-0.57918454771562711,0.38699874219653285,1.1102230246251565e-16
0.075000000000000025,21,5,4.1233403578366037,0.98174770424681035,-0.45506237911588204,0.4550623791158821,-1.362097957914193,-0.45506237911588232,0.45506237911588221,2.9893669801409083e-16
0.075000000000000025,21,6,4.1233403578366037,1.1780972450961724,-0.31345241848863631,0.5056382240077304,-1.5134821597478252,-0.31345241848863636,0.50563822400773051,1.2412670766236366e-16
0.075000000000000025,21,7,4.1233403578366037,1.3744467859455345,-0.15979665720501363,0.53678267551614456,-1.6067040909529213,-0.15979665720501365,0.53678267551614456,2.7755575615628914e-17
0.075000000000000025,21,8,4.1233403578366037,1.5707963267948966,-9.7847004500377336e-17,0.54729886983566578,-1.6381812849927331,-5.0154836677236235e-17,0.54729886983566578,4.7692167823141101e-17
0.075000000000000025,21,9,4.1233403578366037,1.7671458676442586,0.15979665720501346,0.53678267551614456,-1.6067040909529218,0.15979665720501354,0.53678267551614456,8.3266726846886741e-17
0.075000000000000025,21,10,4.1233403578366037,1.9634954084936207,0.31345241848863609,0.50563822400773051,-1.5134821597478245,0.31345241848863631,0.50563822400773051,2.2204460492503131e-16
0.075000000000000025,21,11,4.1233403578366037,2.1598449493429825,0.45506237911588188,0.45506237911588221,-1.3620979579141934,0.45506237911588204,0.45506237911588232,2.0014830212433605e-16
0.075000000000000025,21,12,4.1233403578366037,2.3561944901923448,0.57918454771562689,0.38699874219653285,-1.1583690954312549,0.57918454771562711,0.38699874219653291,2.2887833992611187e-16
0.075000000000000025,21,13,4.1233403578366037,2.5525440310417071,0.6810489789570966,0.30406296064596583,-0.91012475823176442,0.68104897895709693,0.30406296064596577,3.3766115072321297e-16
0.075000000000000025,21,14,4.1233403578366037,2.748893571891069,0.7567410798739127,0.20944221003824706,-0.62690483697727206,0.75674107987391293,0.20944221003824715,2.3714374201337736e-16
0.075000000000000025,21,15,4.1233403578366037,2.9452431127404308,0.803352045476461,0.10677271275530317,-0.31959331441002714,0.80335204547646133,0.1067727127553033,3.5571561302006606e-16
0.075000000000000025,21,16,4.1233403578366037,3.1415926535897931,0.81909064249636643,7.0673201581770615e-17,-3.1431036707614968e-16,0.81909064249636687,6.7024780912121203e-17,4.4410419642088008e-16
0.075000000000000025,21,17,4.1233403578366037,3.3379421944391554,0.80335204547646111,-0.10677271275530303,0.31959331441002692,0.80335204547646133,-0.10677271275530316,2.5476231888929306e-16
0.075000000000000025,21,18,4.1233403578366037,3.5342917352885173,0.7567410798739127,-0.20944221003824695,0.62690483697727217,0.75674107987391304,-0.20944221003824703,3.4331750988916778e-16
0.075000000000000025,21,19,4.1233403578366037,3.7306412761378791,0.6810489789570966,-0.30406296064596566,0.91012475823176409,0.68104897895709704,-0.30406296064596566,4.4408920985006262e-16
0.075000000000000025,21,20,4.1233403578366037,3.9269908169872414,0.57918454771562711,-0.38699874219653274,1.1583690954312542,0.57918454771562722,-0.38699874219653285,1.5700924586837752e-16
0.075000000000000025,21,21,4.1233403578366037,4.1233403578366037,0.45506237911588204,-0.4550623791158821,1.3620979579141927,0.45506237911588221,-0.45506237911588221,2.0014830212433605e-16
0.075000000000000025,21,22,4.1233403578366037,4.3196898986859651,0.31345241848863648,-0.5056382240077304,1.5134821597478243,0.31345241848863681,-0.5056382240077304,3.3306690738754696e-16
0.075000000000000025,21,23,4.1233403578366037,4.5160394395353274,0.15979665720501385,-0.53678267551614456,1.6067040909529224,0.15979665720501393,-0.53678267551614456,8.3266726846886741e-17
0.075000000000000025,21,24,4.1233403578366037,4.7123889803846897,7.4537863004997101e-17,-0.54729886983566578,1.6381812849927344,1.5046451003170869e-16,-0.54729886983566578,7.5926647026711592e-17
0.075000000000000025,21,25,4.1233403578366037,4.908738521234052,-0.15979665720501363,-0.53678267551614456,1.6067040909529213,-0.15979665720501363,-0.53678267551614456,0
0.075000000000000025,21,26,4.1233403578366037,5.1050880620834143,-0.31345241848863614,-0.5056382240077304,1.5134821597478241,-0.31345241848863653,-0.5056382240077304,3.8857805861880479e-16
0.075000000000000025,21,27,4.1233403578366037,5.3014376029327757,-0.45506237911588188,-0.45506237911588221,1.3620979579141927,-0.45506237911588193,-0.45506237911588232,1.2412670766236366e-16
0.075000000000000025,21,28,4.1233403578366037,5.497787143782138,-0.57918454771562689,-0.38699874219653291,1.1583690954312542,-0.579184547715627,-0.38699874219653296,1.2412670766236366e-16
0.075000000000000025,21,29,4.1233403578366037,5.6941366846315002,-0.6810489789570966,-0.30406296064596583,0.91012475823176386,-0.68104897895709682,-0.30406296064596577,2.2887833992611187e-16
0.075000000000000025,21,30,4.1233403578366037,5.8904862254808616,-0.75674107987391248,-0.20944221003824715,0.62690483697727195,-0.7567410798739127,-0.20944221003824742,3.554447978966673e-16
0.075000000000000025,21,31,4.1233403578366037,6.0868357663302239,-0.80335204547646089,-0.1067727127553032,0.31959331441002764,-0.80335204547646122,-0.10677271275530335,3.6638411145107034e-16
0.075000000000000025,22,0,4.3196898986859651,0,-0.91012475823176431,-3.3976331835147623e-17,5.2945059365609187e-16,-0.9101247582317642,0,1.1610487831719379e-16
0.075000000000000025,22,1,4.3196898986859651,0.19634954084936207,-0.89263696620426325,0.073546323707896571,-0.35511306431657175,-0.89263696620426314,0.073546323707896682,1.5700924586837752e-16
0.075000000000000025,22,2,4.3196898986859651,0.39269908169872414,-0.84084563616211028,0.1442663034409522,-0.69657933272115768,-0.84084563616211017,0.14426630344095243,2.4825341532472731e-16
0.075000000000000025,22,3,4.3196898986859651,0.58904862254808621,-0.7567410798739127,0.20944221003824717,-1.0112764480154592,-0.7567410798739127,0.2094422100382474,2.2204460492503131e-16
0.075000000000000025,22,4,4.3196898986859651,0.78539816339744828,-0.64355538827144776,0.26656936996031688,-1.2871107765428935,-0.64355538827144765,0.2665693699603171,2.4825341532472731e-16
0.075000000000000025,22,5,4.3196898986859651,0.98174770424681035,-0.5056382240077304,0.31345241848863642,-1.5134821597478247,-0.5056382240077304,0.31345241848863681,3.8857805861880479e-16
0.075000000000000025,22,6,4.3196898986859651,1.1780972450961724,-0.34828966636057912,0.34828966636057929,-1.6816912723242199,-0.34828966636057906,0.34828966636057962,3.3766115072321297e-16
0.075000000000000025,22,7,4.3196898986859651,1.3744467859455345,-0.17755653215828585,0.36974233767738018,-1.7852739324085249,-0.17755653215828582,0.36974233767738057,3.8956806801599406e-16
0.075000000000000025,22,8,4.3196898986859651,1.5707963267948966,-8.9766306274835722e-17,0.37698601831113115,-1.8202495164635273,-5.5729068599664438e-17,0.3769860183111316,4.4539169261876569e-16
0.075000000000000025,22,9,4.3196898986859651,1.7671458676442586,0.17755653215828568,0.36974233767738018,-1.7852739324085247,0.17755653215828571,0.36974233767738057,3.8956806801599406e-16
0.075000000000000025,22,10,4.3196898986859651,1.9634954084936207,0.3482896663605789,0.34828966636057929,-1.6816912723242186,0.34828966636057895,0.34828966636057962,3.3766115072321297e-16
0.075000000000000025,22,11,4.3196898986859651,2.1598449493429825,0.50563822400773017,0.31345241848863648,-1.5134821597478245,0.50563822400773017,0.31345241848863692,4.4408920985006262e-16
0.075000000000000025,22,12,4.3196898986859651,2.3561944901923448,0.64355538827144754,0.26656936996031683,-1.2871107765428951,0.64355538827144754,0.26656936996031716,3.3306690738754696e-16
0.075000000000000025,22,13,4.3196898986859651,2.5525440310417071,0.75674107987391259,0.20944221003824717,-1.0112764480154603,0.75674107987391281,0.2094422100382474,3.1401849173675503e-16
0.075000000000000025,22,14,4.3196898986859651,2.748893571891069,0.84084563616211017,0.14426630344095229,-0.69657933272115724,0.84084563616211017,0.14426630344095248,1.9428902930940239e-16
0.075000000000000025,22,15,4.3196898986859651,2.9452431127404308,0.89263696620426303,0.073546323707896682,-0.35511306431657158,0.89263696620426314,0.073546323707896821,1.7772239894833365e-16
0.075000000000000025,22,16,4.3196898986859651,3.1415926535897931,0.9101247582317642,3.9014193756303283e-17,-2.6148883420898506e-16,0.9101247582317642,4.6167472064803279e-17,7.1532783084999962e-18
0.075000000000000025,22,17,4.3196898986859651,3.3379421944391554,0.89263696620426314,-0.073546323707896558,0.3551130643165713,0.89263696620426314,-0.073546323707896724,1.6653345369377348e-16
0.075000000000000025,22,18,4.3196898986859651,3.5342917352885173,0.84084563616211017,-0.14426630344095215,0.69657933272115702,0.84084563616211028,-0.1442663034409524,2.7336071744532853e-16
0.075000000000000025,22,19,4.3196898986859651,3.7306412761378791,0.7567410798739127,-0.20944221003824706,1.0112764480154592,0.75674107987391293,-0.20944221003824731,3.3422138886441676e-16
0.075000000000000025,22,20,4.3196898986859651,3.9269908169872414,0.64355538827144776,-0.26656936996031677,1.2871107765428944,0.64355538827144765,-0.2665693699603171,3.5108334685767012e-16
0.075000000000000025,22,21,4.3196898986859651,4.1233403578366037,0.5056382240077304,-0.31345241848863636,1.5134821597478241,0.50563822400773029,-0.31345241848863681,4.5775667985222375e-16
0.075000000000000025,22,22,4.3196898986859651,4.3196898986859651,0.34828966636057929,-0.34828966636057923,1.6816912723242183,0.34828966636057951,-0.34828966636057956,4.002966042486721e-16
0.075000000000000025,22,23,4.3196898986859651,4.5160394395353274,0.1775565321582861,-0.36974233767738013,1.7852739324085254,0.17755653215828612,-0.36974233767738052,3.8956806801599406e-16
0.075000000000000025,22,24,4.3196898986859651,4.7123889803846897,1.1222723240416526e-16,-0.37698601831113121,1.8202495164635286,1.671872057989933e-16,-0.3769860183111316,3.9244554566910236e-16
0.075000000000000025,22,25,4.3196898986859651,4.908738521234052,-0.17755653215828579,-0.36974233767738018,1.7852739324085249,-0.17755653215828579,-0.36974233767738057,3.8857805861880479e-16
0.075000000000000025,22,26,4.3196898986859651,5.1050880620834143,-0.3482896663605789,-0.34828966636057929,1.6816912723242186,-0.34828966636057923,-0.34828966636057962,4.7102773760513248e-16
0.075000000000000025,22,27,4.3196898986859651,5.3014376029327757,-0.50563822400773017,-0.31345241848863653,1.5134821597478243,-0.50563822400773006,-0.31345241848863692,4.0412728104402651e-16
0.075000000000000025,22,28,4.3196898986859651,5.497787143782138,-0.64355538827144754,-0.26656936996031688,1.2871107765428946,-0.64355538827144743,-0.26656936996031722,3.5108334685767012e-16
0.075000000000000025,22,29,4.3196898986859651,5.6941366846315002,-0.75674107987391259,-0.20944221003824723,1.0112764480154599,-0.7567410798739127,-0.2094422100382474,2.0014830212433605e-16
0.075000000000000025,22,30,4.3196898986859651,5.8904862254808616,-0.84084563616211005,-0.14426630344095234,0.6965793327211578,-0.84084563616210994,-0.14426630344095265,3.2487068343022356e-16
0.075000000000000025,22,31,4.3196898986859651,6.0868357663302239,-0.89263696620426303,-0.073546323707896682,0.35511306431657236,-0.89263696620426303,-0.073546323707896863,1.8041124150158794e-16
0.075000000000000025,23,0,4.5160394395353274,0,-0.96618328991215985,-1.8165584262834796e-17,3.3079762406876824e-16,-0.96618328991215985,0,1.8165584262834796e-17
0.075000000000000025,23,1,4.5160394395353274,0.19634954084936207,-0.94761834891741337,0.037493590685649121,-0.37698601831113149,-0.94761834891741337,0.037493590685649163,4.163336342344337e-17
0.075000000000000025,23,2,4.5160394395353274,0.39269908169872414,-0.89263696620426325,0.073546323707896682,-0.73948467535476003,-0.89263696620426325,0.073546323707896738,5.5511151231257827e-17
0.075000000000000025,23,3,4.5160394395353274,0.58904862254808621,-0.80335204547646122,0.1067727127553033,-1.0735653510322885,-0.80335204547646122,0.10677271275530333,2.7755575615628914e-17
0.075000000000000025,23,4,4.5160394395353274,0.78539816339744828,-0.68319475616601633,0.13589588633035077,-1.3663895123320327,-0.68319475616601633,0.1358958863303508,2.7755575615628914e-17
0.075000000000000025,23,5,4.5160394395353274,0.98174770424681035,-0.53678267551614445,0.15979665720501385,-1.6067040909529231,-0.53678267551614456,0.15979665720501393,1.3877787807814457e-16
0.075000000000000025,23,6,4.5160394395353274,1.1780972450961724,-0.36974233767738002,0.1775565321582861,-1.7852739324085269,-0.36974233767738002,0.17755653215828618,8.3266726846886741e-17
0.075000000000000025,23,7,4.5160394395353274,1.3744467859455345,-0.18849300915556558,0.18849300915556583,-1.8952366978348267,-0.18849300915556555,0.18849300915556588,6.2063353831181828e-17
0.075000000000000025,23,8,4.5160394395353274,1.5707963267948966,-8.4213045326150188e-17,0.19218580551909453,-1.9323665798243197,-5.9161663669029288e-17,0.19218580551909459,6.0902049505335292e-17
0.075000000000000025,23,9,4.5160394395353274,1.7671458676442586,0.18849300915556538,0.18849300915556583,-1.8952366978348263,0.18849300915556541,0.18849300915556588,6.2063353831181828e-17
0.075000000000000025,23,10,4.5160394395353274,1.9634954084936207,0.36974233767737974,0.17755653215828618,-1.7852739324085263,0.36974233767737991,0.17755653215828618,1.6653345369377348e-16
0.075000000000000025,23,11,4.5160394395353274,2.1598449493429825,0.53678267551614423,0.1597966572050139,-1.6067040909529227,0.53678267551614423,0.15979665720501399,8.3266726846886741e-17
0.075000000000000025,23,12,4.5160394395353274,2.3561944901923448,0.6831947561660161,0.13589588633035077,-1.3663895123320329,0.68319475616601621,0.1358958863303508,1.1443916996305594e-16
0.075000000000000025,23,13,4.5160394395353274,2.5525440310417071,0.803352045476461,0.10677271275530331,-1.0735653510322887,0.80335204547646133,0.10677271275530333,3.3335590258932494e-16
0.075000000000000025,23,14,4.5160394395353274,2.748893571891069,0.89263696620426314,0.073546323707896738,-0.73948467535475981,0.89263696620426325,0.073546323707896752,1.1188630228279524e-16
0.075000000000000025,23,15,4.5160394395353274,2.9452431127404308,0.94761834891741326,0.03749359068564919,-0.37698601831113138,0.94761834891741337,0.037493590685649232,1.1857187100668868e-16
0.075000000000000025,23,16,4.5160394395353274,3.1415926535897931,0.96618328991215963,1.4669548273498909e-17,3.998000444315705e-17,0.96618328991215985,2.3535973157051493e-17,2.2222155625980328e-16
0.075000000000000025,23,17,4.5160394395353274,3.3379421944391554,0.94761834891741326,-0.037493590685649135,0.37698601831113099,0.94761834891741337,-0.037493590685649184,1.2118257228641695e-16
0.075000000000000025,23,18,4.5160394395353274,3.5342917352885173,0.89263696620426314,-0.073546323707896682,0.73948467535475859,0.89263696620426336,-0.07354632370789671,2.2377260456559048e-16
0.075000000000000025,23,19,4.5160394395353274,3.7306412761378791,0.80335204547646122,-0.10677271275530328,1.0735653510322878,0.80335204547646144,-0.10677271275530328,2.2204460492503131e-16
0.075000000000000025,23,20,4.5160394395353274,3.9269908169872414,0.68319475616601633,-0.13589588633035077,1.366389512332032,0.68319475616601633,-0.1358958863303508,2.7755575615628914e-17
0.075000000000000025,23,21,4.5160394395353274,4.1233403578366037,0.53678267551614445,-0.15979665720501385,1.6067040909529215,0.53678267551614445,-0.15979665720501393,8.3266726846886741e-17
0.075000000000000025,23,22,4.5160394395353274,4.3196898986859651,0.36974233767738018,-0.1775565321582861,1.7852739324085252,0.36974233767738052,-0.17755653215828612,3.3422138886441676e-16
0.075000000000000025,23,23,4.5160394395353274,4.5160394395353274,0.18849300915556583,-0.18849300915556583,1.895236697834827,0.18849300915556585,-0.18849300915556588,6.2063353831181828e-17
0.075000000000000025,23,24,4.5160394395353274,4.7123889803846897,1.4681582846457511e-16,-0.19218580551909453,1.932366579824321,1.7748499100708785e-16,-0.19218580551909459,6.3419913608255913e-17
0.075000000000000025,23,25,4.5160394395353274,4.908738521234052,-0.18849300915556552,-0.18849300915556588,1.895236697834827,-0.18849300915556552,-0.18849300915556588,0
0.075000000000000025,23,26,4.5160394395353274,5.1050880620834143,-0.36974233767737991,-0.17755653215828612,1.7852739324085263,-0.36974233767738018,-0.17755653215828615,2.7894008272968645e-16
0.075000000000000025,23,27,4.5160394395353274,5.3014376029327757,-0.53678267551614423,-0.1597966572050139,1.6067040909529227,-0.53678267551614423,-0.15979665720501399,8.3266726846886741e-17
0.075000000000000025,23,28,4.5160394395353274,5.497787143782138,-0.6831947561660161,-0.1358958863303508,1.3663895123320329,-0.6831947561660161,-0.13589588633035082,2.7755575615628914e-17
0.075000000000000025,23,29,4.5160394395353274,5.6941366846315002,-0.803352045476461,-0.10677271275530331,1.0735653510322891,-0.80335204547646122,-0.10677271275530333,2.2247786310271853e-16
0.075000000000000025,23,30,4.5160394395353274,5.8904862254808616,-0.89263696620426303,-0.07354632370789671,0.73948467535476048,-0.89263696620426303,-0.073546323707896849,1.3877787807814457e-16
0.075000000000000025,23,31,4.5160394395353274,6.0868357663302239,-0.94761834891741314,-0.037493590685649156,0.3769860183111321,-0.94761834891741326,-0.037493590685649253,1.4752290795525882e-16
0.075000000000000025,24,0,4.7123889803846897,0,-0.98511193960306254,-9.1963996963734509e-18,3.9871922634286189e-16,-0.98511193960306265,0,1.1140253772447809e-16
0.075000000000000025,24,1,4.7123889803846897,0.19634954084936207,-0.96618328991215985,7.9939502397695873e-19,-0.38437161103818873,-0.96618328991215996,3.5303959735577162e-17,1.162605549187484e-16
0.075000000000000025,24,2,4.7123889803846897,0.39269908169872414,-0.91012475823176431,3.543210044654451e-17,-0.7539720366222622,-0.91012475823176442,6.9251208097204814e-17,1.1605896641951134e-16
0.075000000000000025,24,3,4.7123889803846897,0.58904862254808621,-0.81909064249636676,7.3115868163034753e-17,-1.094597739671332,-0.81909064249636687,1.005371713681818e-16,1.1435855680073492e-16
0.075000000000000025,24,4,4.7123889803846897,0.78539816339744828,-0.69657933272115824,9.2886722176527798e-17,-1.3931586654423176,-0.69657933272115824,1.2795954752537482e-16,3.5072825348847018e-17
0.075000000000000025,24,5,4.7123889803846897,0.98174770424681035,-0.54729886983566567,9.9599632118814225e-17,-1.6381812849927351,-0.54729886983566589,1.5046451003170869e-16,2.2779605435873314e-16
0.075000000000000025,24,6,4.7123889803846897,1.1780972450961724,-0.37698601831113104,1.1516085032167408e-16,-1.8202495164635299,-0.3769860183111311,1.6718720579899335e-16,7.6080415188614517e-17
0.075000000000000025,24,7,4.7123889803846897,1.3744467859455345,-0.19218580551909425,1.4672385718699246e-16,-1.9323665798243208,-0.19218580551909425,1.7748499100708788e-16,3.0761133820095418e-17
0.075000000000000025,24,8,4.7123889803846897,1.5707963267948966,-1.0684321802488087e-16,1.791919365247856e-16,-1.9702238792061266,-6.0320709181836568e-17,1.809621275455097e-16,4.6556174727966941e-17
0.075000000000000025,24,9,4.7123889803846897,1.7671458676442586,0.19218580551909406,1.987322519693992e-16,-1.9323665798243208,0.19218580551909412,1.7748499100708788e-16,5.9438489292882746e-17
0.075000000000000025,24,10,4.7123889803846897,1.9634954084936207,0.37698601831113077,2.0193090467033931e-16,-1.8202495164635299,0.37698601831113099,1.6718720579899335e-16,2.2474637079956596e-16
0.075000000000000025,24,11,4.7123889803846897,2.1598449493429825,0.54729886983566545,1.9159342914552672e-16,-1.6381812849927353,0.54729886983566556,1.5046451003170874e-16,1.1839569093319777e-16
0.075000000000000025,24,12,4.7123889803846897,2.3561944901923448,0.69657933272115802,1.7341651730344872e-16,-1.3931586654423178,0.69657933272115813,1.2795954752537484e-16,1.1996786130244648e-16
0.075000000000000025,24,13,4.7123889803846897,2.5525440310417071,0.81909064249636654,1.4226941184923267e-16,-1.0945977396713318,0.81909064249636698,1.005371713681818e-16,4.4604574451598709e-16
0.075000000000000025,24,14,4.7123889803846897,2.748893571891069,0.9101247582317642,9.0956725340475005e-17,-0.75397203662226242,0.91012475823176442,6.9251208097204839e-17,2.231029718652603e-16
0.075000000000000025,24,15,4.7123889803846897,2.9452431127404308,0.96618328991215974,3.9037377514229084e-17,-0.3843716110381889,0.96618328991215996,3.5303959735577224e-17,2.2207598921230363e-16
0.075000000000000025,24,16,4.7123889803846897,3.1415926535897931,0.98511193960306231,4.5215180480755955e-18,1.2741113443018102e-16,0.98511193960306265,2.2161469026550353e-32,3.3309759669226655e-16
0.075000000000000025,24,17,4.7123889803846897,3.3379421944391554,0.96618328991215974,-3.6847531027144734e-17,0.38437161103818857,0.96618328991215996,-3.5303959735577181e-17,2.2204997002622044e-16
0.075000000000000025,24,18,4.7123889803846897,3.5342917352885173,0.9101247582317642,-1.0421000981824573e-16,0.75397203662226153,0.91012475823176453,-6.925120809720479e-17,3.3489652523499827e-16
0.075000000000000025,24,19,4.7123889803846897,3.7306412761378791,0.81909064249636676,-1.6766825961266736e-16,1.0945977396713318,0.81909064249636709,-1.0053717136818176e-16,3.3976484192098762e-16
0.075000000000000025,24,20,4.7123889803846897,3.9269908169872414,0.69657933272115824,-1.9716494864645819e-16,1.3931586654423176,0.69657933272115835,-1.2795954752537482e-16,1.30825606012005e-16
0.075000000000000025,24,21,4.7123889803846897,4.1233403578366037,0.54729886983566567,-1.9636223029196486e-16,1.638181284992734,0.54729886983566578,-1.5046451003170869e-16,1.2013555830463785e-16
0.075000000000000025,24,22,4.7123889803846897,4.3196898986859651,0.37698601831113121,-1.8030912736672592e-16,1.8202495164635288,0.3769860183111316,-1.671872057989933e-16,3.8879955306763025e-16
0.075000000000000025,24,23,4.7123889803846897,4.5160394395353274,0.1921858055190945,-1.7043840065297817e-16,1.9323665798243213,0.19218580551909459,-1.7748499100708788e-16,8.3564359839662998e-17
0.075000000000000025,24,24,4.7123889803846897,4.7123889803846897,1.6266220751363399e-16,-1.7746953766935454e-16,1.970223879206128,1.809621275455097e-16,-1.809621275455097e-16,1.8630224293230275e-17
0.075000000000000025,24,25,4.7123889803846897,4.908738521234052,-0.1921858055190942,-1.7217030617168097e-16,1.9323665798243215,-0.19218580551909423,-1.7748499100708788e-16,2.8259827541133342e-17
0.075000000000000025,24,26,4.7123889803846897,5.1050880620834143,-0.37698601831113093,-1.3446983821985732e-16,1.8202495164635293,-0.37698601831113127,-1.6718720579899333e-16,3.3466997316462841e-16
0.075000000000000025,24,27,4.7123889803846897,5.3014376029327757,-0.54729886983566545,-9.8909407546553539e-17,1.6381812849927346,-0.54729886983566545,-1.5046451003170874e-16,5.1555102485155204e-17
0.075000000000000025,24,28,4.7123889803846897,5.497787143782138,-0.69657933272115802,-8.6104868055249025e-17,1.3931586654423174,-0.69657933272115802,-1.2795954752537486e-16,4.185467947012584e-17
0.075000000000000025,24,29,4.7123889803846897,5.6941366846315002,-0.81909064249636654,-6.4635517532945821e-17,1.0945977396713322,-0.81909064249636687,-1.005371713681818e-16,3.3499625900121616e-16
0.075000000000000025,24,30,4.7123889803846897,5.8904862254808616,-0.91012475823176409,-2.6747770368976196e-17,0.75397203662226264,-0.9101247582317642,-6.9251208097204925e-17,1.1888016597732243e-16
0.075000000000000025,24,31,4.7123889803846897,6.0868357663302239,-0.96618328991215963,-7.0147951446403325e-18,0.38437161103818929,-0.96618328991215985,-3.5303959735577242e-17,2.2383941433439813e-16
0.075000000000000025,25,0,4.908738521234052,0,-0.96618328991215985,1.6472858602477109e-17,5.5253634391394193e-16,-0.96618328991215996,-0,1.1223772411544843e-16
0.075000000000000025,25,1,4.908738521234052,0.19634954084936207,-0.94761834891741337,-0.037493590685649072,-0.37698601831113099,-0.94761834891741348,-0.037493590685649093,1.1295700899707568e-16
0.075000000000000025,25,2,4.908738521234052,0.39269908169872414,-0.89263696620426325,-0.073546323707896571,-0.73948467535475959,-0.89263696620426336,-0.073546323707896599,1.1443916996305594e-16
0.075000000000000025,25,3,4.908738521234052,0.58904862254808621,-0.80335204547646133,-0.1067727127553031,-1.0735653510322885,-0.80335204547646133,-0.10677271275530313,2.7755575615628914e-17
0.075000000000000025,25,4,4.908738521234052,0.78539816339744828,-0.68319475616601633,-0.13589588633035055,-1.3663895123320324,-0.68319475616601633,-0.13589588633035052,2.7755575615628914e-17
0.075000000000000025,25,5,4.908738521234052,0.98174770424681035,-0.53678267551614445,-0.1597966572050136,-1.6067040909529224,-0.53678267551614467,-0.15979665720501363,2.2377260456559048e-16
0.075000000000000025,25,6,4.908738521234052,1.1780972450961724,-0.36974233767738007,-0.17755653215828579,-1.7852739324085267,-0.36974233767738007,-0.17755653215828585,5.5511151231257827e-17
0.075000000000000025,25,7,4.908738521234052,1.3744467859455345,-0.18849300915556561,-0.18849300915556552,-1.8952366978348265,-0.18849300915556555,-0.18849300915556555,6.2063353831181828e-17
0.075000000000000025,25,8,4.908738521234052,1.5707963267948966,-1.2080782778093063e-16,-0.19218580551909423,-1.9323665798243201,-5.91616636690293e-17,-0.19218580551909423,6.1646164111901331e-17
0.075000000000000025,25,9,4.908738521234052,1.7671458676442586,0.18849300915556538,-0.18849300915556549,-1.895236697834827,0.18849300915556544,-0.18849300915556555,7.8504622934188758e-17
0.075000000000000025,25,10,4.908738521234052,1.9634954084936207,0.36974233767737974,-0.17755653215828585,-1.7852739324085269,0.36974233767737996,-0.17755653215828585,2.2204460492503131e-16
0.075000000000000025,25,11,4.908738521234052,2.1598449493429825,0.53678267551614423,-0.15979665720501363,-1.6067040909529233,0.53678267551614434,-0.15979665720501368,1.2412670766236366e-16
0.075000000000000025,25,12,4.908738521234052,2.3561944901923448,0.6831947561660161,-0.13589588633035052,-1.3663895123320338,0.68319475616601621,-0.13589588633035055,1.1443916996305594e-16
0.075000000000000025,25,13,4.908738521234052,2.5525440310417071,0.803352045476461,-0.10677271275530312,-1.0735653510322896,0.80335204547646144,-0.10677271275530313,4.4430599737083413e-16
0.075000000000000025,25,14,4.908738521234052,2.748893571891069,0.89263696620426314,-0.073546323707896585,-0.73948467535476015,0.89263696620426336,-0.073546323707896613,2.2377260456559048e-16
0.075000000000000025,25,15,4.908738521234052,2.9452431127404308,0.94761834891741337,-0.037493590685649114,-0.37698601831113132,0.94761834891741348,-0.037493590685649163,1.2118257228641695e-16
0.075000000000000025,25,16,4.908738521234052,3.1415926535897931,0.96618328991215974,-1.35642225009653e-17,-1.9241282256610936e-17,0.96618328991215996,-2.3535973157051447e-17,2.2226840168467582e-16
0.075000000000000025,25,17,4.908738521234052,3.3379421944391554,0.94761834891741337,0.037493590685649079,0.37698601831113088,0.94761834891741348,0.037493590685649114,1.1631705747361534e-16
0.075000000000000025,25,18,4.908738521234052,3.5342917352885173,0.89263696620426314,0.073546323707896544,0.73948467535475937,0.89263696620426347,0.073546323707896571,3.3422138886441676e-16
0.075000000000000025,25,19,4.908738521234052,3.7306412761378791,0.80335204547646133,0.10677271275530308,1.0735653510322891,0.80335204547646155,0.10677271275530309,2.2247786310271853e-16
0.075000000000000025,25,20,4.908738521234052,3.9269908169872414,0.68319475616601633,0.13589588633035052,1.3663895123320335,0.68319475616601644,0.13589588633035052,1.1102230246251565e-16
0.075000000000000025,25,21,4.908738521234052,4.1233403578366037,0.53678267551614445,0.15979665720501357,1.6067040909529227,0.53678267551614456,0.15979665720501363,1.2412670766236366e-16
0.075000000000000025,25,22,4.908738521234052,4.3196898986859651,0.36974233767738018,0.17755653215828579,1.7852739324085258,0.36974233767738052,0.17755653215828579,3.3306690738754696e-16
0.075000000000000025,25,23,4.908738521234052,4.5160394395353274,0.18849300915556583,0.18849300915556549,1.8952366978348272,0.18849300915556588,0.18849300915556552,6.2063353831181828e-17
0.075000000000000025,25,24,4.908738521234052,4.7123889803846897,1.6853473804878493e-16,0.19218580551909423,1.9323665798243215,1.7748499100708788e-16,0.19218580551909423,8.9502529583029487e-18
0.075000000000000025,25,25,4.908738521234052,4.908738521234052,-0.18849300915556552,0.18849300915556552,1.8952366978348274,-0.18849300915556552,0.18849300915556555,2.7755575615628914e-17
0.075000000000000025,25,26,4.908738521234052,5.1050880620834143,-0.36974233767737991,0.17755653215828582,1.7852739324085261,-0.36974233767738024,0.17755653215828582,3.3306690738754696e-16
0.075000000000000025,25,27,4.908738521234052,5.3014376029327757,-0.53678267551614423,0.15979665720501363,1.6067040909529218,-0.53678267551614423,0.15979665720501368,5.5511151231257827e-17
0.075000000000000025,25,28,4.908738521234052,5.497787143782138,-0.6831947561660161,0.13589588633035057,1.3663895123320327,-0.6831947561660161,0.13589588633035057,0
0.075000000000000025,25,29,4.908738521234052,5.6941366846315002,-0.803352045476461,0.10677271275530316,1.0735653510322889,-0.80335204547646133,0.10677271275530313,3.3422138886441676e-16
0.075000000000000025,25,30,4.908738521234052,5.8904862254808616,-0.89263696620426303,0.073546323707896599,0.73948467535475992,-0.89263696620426314,0.07354632370789671,1.5700924586837752e-16
0.075000000000000025,25,31,4.908738521234052,6.0868357663302239,-0.94761834891741314,0.037493590685649114,0.3769860183111316,-0.94761834891741337,0.037493590685649184,2.3263411494723067e-16
0.075000000000000025,26,0,5.1050880620834143,0,-0.91012475823176442,4.8862084470928464e-17,5.4706327976557525e-16,-0.91012475823176431,-0,1.2129903108814373e-16
0.075000000000000025,26,1,5.1050880620834143,0.19634954084936207,-0.89263696620426325,-0.073546323707896502,-0.35511306431657153,-0.89263696620426325,-0.073546323707896613,1.1102230246251565e-16
0.075000000000000025,26,2,5.1050880620834143,0.39269908169872414,-0.84084563616211028,-0.14426630344095209,-0.69657933272115768,-0.84084563616211028,-0.14426630344095229,1.9428902930940239e-16
0.075000000000000025,26,3,5.1050880620834143,0.58904862254808621,-0.75674107987391293,-0.20944221003824698,-1.0112764480154599,-0.75674107987391281,-0.2094422100382472,2.4825341532472731e-16
0.075000000000000025,26,4,5.1050880620834143,0.78539816339744828,-0.64355538827144776,-0.26656936996031666,-1.2871107765428944,-0.64355538827144765,-0.26656936996031688,2.4825341532472731e-16
0.075000000000000025,26,5,5.1050880620834143,0.98174770424681035,-0.5056382240077304,-0.3134524184886362,-1.5134821597478247,-0.50563822400773051,-0.31345241848863653,3.5108334685767012e-16
0.075000000000000025,26,6,5.1050880620834143,1.1780972450961724,-0.34828966636057918,-0.34828966636057901,-1.6816912723242199,-0.34828966636057912,-0.34828966636057934,3.3766115072321297e-16
0.075000000000000025,26,7,5.1050880620834143,1.3744467859455345,-0.17755653215828587,-0.36974233767737991,-1.7852739324085256,-0.17755653215828585,-0.36974233767738024,3.3422138886441676e-16
0.075000000000000025,26,8,5.1050880620834143,1.5707963267948966,-9.9991022173737187e-17,-0.37698601831113088,-1.820249516463528,-5.5729068599664438e-17,-0.37698601831113127,3.910908183199302e-16
0.075000000000000025,26,9,5.1050880620834143,1.7671458676442586,0.17755653215828568,-0.36974233767737996,-1.7852739324085256,0.17755653215828571,-0.36974233767738024,2.7894008272968645e-16
0.075000000000000025,26,10,5.1050880620834143,1.9634954084936207,0.3482896663605789,-0.34828966636057912,-1.6816912723242194,0.34828966636057901,-0.34828966636057934,2.4825341532472731e-16
0.075000000000000025,26,11,5.1050880620834143,2.1598449493429825,0.50563822400773017,-0.31345241848863631,-1.5134821597478252,0.50563822400773017,-0.31345241848863664,3.3306690738754696e-16
0.075000000000000025,26,12,5.1050880620834143,2.3561944901923448,0.64355538827144754,-0.26656936996031672,-1.2871107765428955,0.64355538827144754,-0.26656936996031694,2.2204460492503131e-16
0.075000000000000025,26,13,5.1050880620834143,2.5525440310417071,0.75674107987391259,-0.20944221003824712,-1.0112764480154606,0.75674107987391293,-0.2094422100382472,3.4331750988916778e-16
0.075000000000000025,26,14,5.1050880620834143,2.748893571891069,0.84084563616211017,-0.1442663034409522,-0.6965793327211578,0.84084563616211028,-0.14426630344095234,1.7772239894833365e-16
0.075000000000000025,26,15,5.1050880620834143,2.9452431127404308,0.89263696620426325,-0.073546323707896613,-0.35511306431657169,0.89263696620426325,-0.073546323707896752,1.3877787807814457e-16
0.075000000000000025,26,16,5.1050880620834143,3.1415926535897931,0.91012475823176431,-3.8609732800612962e-17,-6.209987665603616e-17,0.91012475823176431,-4.6167472064803236e-17,7.5577392641902741e-18
0.075000000000000025,26,17,5.1050880620834143,3.3379421944391554,0.89263696620426325,0.07354632370789653,0.35511306431657119,0.89263696620426325,0.073546323707896655,1.2490009027033011e-16
0.075000000000000025,26,18,5.1050880620834143,3.5342917352885173,0.84084563616211028,0.14426630344095215,0.69657933272115702,0.84084563616211039,0.14426630344095226,1.5700924586837752e-16
0.075000000000000025,26,19,5.1050880620834143,3.7306412761378791,0.75674107987391293,0.20944221003824703,1.0112764480154599,0.75674107987391304,0.20944221003824712,1.3877787807814457e-16
0.075000000000000025,26,20,5.1050880620834143,3.9269908169872414,0.64355538827144787,0.26656936996031666,1.2871107765428951,0.64355538827144776,0.26656936996031688,2.4825341532472731e-16
0.075000000000000025,26,21,5.1050880620834143,4.1233403578366037,0.5056382240077304,0.3134524184886362,1.5134821597478245,0.5056382240077304,0.31345241848863653,3.3306690738754696e-16
0.075000000000000025,26,22,5.1050880620834143,4.3196898986859651,0.34828966636057929,0.34828966636057901,1.6816912723242186,0.34828966636057956,0.34828966636057923,3.554447978966673e-16
0.075000000000000025,26,23,5.1050880620834143,4.5160394395353274,0.1775565321582861,0.36974233767737985,1.7852739324085256,0.17755653215828615,0.36974233767738018,3.3766115072321297e-16
0.075000000000000025,26,24,5.1050880620834143,4.7123889803846897,1.7485665511445463e-16,0.37698601831113093,1.8202495164635293,1.6718720579899333e-16,0.37698601831113127,3.3315519694206664e-16
0.075000000000000025,26,25,5.1050880620834143,4.908738521234052,-0.17755653215828582,0.36974233767737991,1.7852739324085258,-0.17755653215828582,0.36974233767738024,3.3306690738754696e-16
0.075000000000000025,26,26,5.1050880620834143,5.1050880620834143,-0.34828966636057906,0.34828966636057901,1.6816912723242192,-0.34828966636057929,0.34828966636057929,3.554447978966673e-16
0.075000000000000025,26,27,5.1050880620834143,5.3014376029327757,-0.50563822400773017,0.31345241848863631,1.5134821597478243,-0.50563822400773006,0.31345241848863664,3.5108334685767012e-16
0.075000000000000025,26,28,5.1050880620834143,5.497787143782138,-0.64355538827144765,0.26656936996031666,1.2871107765428951,-0.64355538827144743,0.26656936996031694,3.554447978966673e-16
0.075000000000000025,26,29,5.1050880620834143,5.6941366846315002,-0.75674107987391259,0.20944221003824709,1.0112764480154603,-0.75674107987391281,0.2094422100382472,2.4825341532472731e-16
0.075000000000000025,26,30,5.1050880620834143,5.8904862254808616,-0.84084563616211005,0.1442663034409522,0.6965793327211578,-0.84084563616211005,0.14426630344095254,3.3306690738754696e-16
0.075000000000000025,26,31,5.1050880620834143,6.0868357663302239,-0.89263696620426314,0.073546323707896613,0.35511306431657219,-0.89263696620426314,0.073546323707896794,1.8041124150158794e-16
0.075000000000000025,27,0,5.3014376029327757,0,-0.81909064249636687,7.6295071915634992e-17,5.9406744012264467e-16,-0.81909064249636709,-0,2.3478659368653302e-16
0.075000000000000025,27,1,5.3014376029327757,0.19634954084936207,-0.80335204547646133,-0.10677271275530299,-0.31959331441002725,-0.80335204547646155,-0.10677271275530303,2.2591401799415137e-16
0.075000000000000025,27,2,5.3014376029327757,0.39269908169872414,-0.75674107987391293,-0.20944221003824687,-0.62690483697727251,-0.75674107987391315,-0.20944221003824695,2.3714374201337736e-16
0.075000000000000025,27,3,5.3014376029327757,0.58904862254808621,-0.68104897895709682,-0.30406296064596561,-0.91012475823176409,-0.68104897895709704,-0.30406296064596555,2.2887833992611187e-16
0.075000000000000025,27,4,5.3014376029327757,0.78539816339744828,-0.57918454771562711,-0.38699874219653257,-1.1583690954312538,-0.57918454771562733,-0.38699874219653263,2.2887833992611187e-16
0.075000000000000025,27,5,5.3014376029327757,0.98174770424681035,-0.45506237911588215,-0.45506237911588188,-1.3620979579141934,-0.45506237911588243,-0.45506237911588193,2.8305244335018379e-16
0.075000000000000025,27,6,5.3014376029327757,1.1780972450961724,-0.31345241848863642,-0.50563822400773017,-1.5134821597478256,-0.31345241848863648,-0.50563822400773017,5.5511151231257827e-17
0.075000000000000025,27,7,5.3014376029327757,1.3744467859455345,-0.15979665720501368,-0.53678267551614434,-1.606704090952922,-0.15979665720501371,-0.53678267551614423,1.1443916996305594e-16
0.075000000000000025,27,8,5.3014376029327757,1.5707963267948966,-7.7275453577486795e-17,-0.54729886983566556,-1.6381812849927333,-5.0154836677236247e-17,-0.54729886983566545,1.1428682997234836e-16
0.075000000000000025,27,9,5.3014376029327757,1.7671458676442586,0.15979665720501349,-0.53678267551614434,-1.6067040909529215,0.1597966572050136,-0.53678267551614423,1.5700924586837752e-16
0.075000000000000025,27,10,5.3014376029327757,1.9634954084936207,0.31345241848863614,-0.50563822400773029,-1.513482159747825,0.31345241848863636,-0.50563822400773017,2.4825341532472731e-16
0.075000000000000025,27,11,5.3014376029327757,2.1598449493429825,0.45506237911588199,-0.45506237911588204,-1.3620979579141934,0.45506237911588215,-0.45506237911588204,1.6653345369377348e-16
0.075000000000000025,27,12,5.3014376029327757,2.3561944901923448,0.57918454771562689,-0.38699874219653274,-1.1583690954312542,0.57918454771562722,-0.38699874219653269,3.3766115072321297e-16
0.075000000000000025,27,13,5.3014376029327757,2.5525440310417071,0.6810489789570966,-0.30406296064596572,-0.91012475823176386,0.68104897895709715,-0.30406296064596555,5.7955343351681902e-16
0.075000000000000025,27,14,5.3014376029327757,2.748893571891069,0.75674107987391281,-0.20944221003824706,-0.62690483697727228,0.75674107987391315,-0.20944221003824701,3.3766115072321297e-16
0.075000000000000025,27,15,5.3014376029327757,2.9452431127404308,0.80335204547646122,-0.10677271275530313,-0.31959331441002742,0.80335204547646155,-0.10677271275530323,3.4694469519536142e-16
0.075000000000000025,27,16,5.3014376029327757,3.1415926535897931,0.81909064249636665,-6.2340070314574623e-17,-1.4396320883304365e-16,0.81909064249636709,-6.7024780912121153e-17,4.4411391874004094e-16
0.075000000000000025,27,17,5.3014376029327757,3.3379421944391554,0.80335204547646122,0.10677271275530299,0.31959331441002686,0.80335204547646155,0.10677271275530309,3.4694469519536142e-16
0.075000000000000025,27,18,5.3014376029327757,3.5342917352885173,0.75674107987391281,0.2094422100382469,0.62690483697727173,0.75674107987391326,0.2094422100382469,4.4408920985006262e-16
0.075000000000000025,27,19,5.3014376029327757,3.7306412761378791,0.68104897895709682,0.30406296064596555,0.91012475823176342,0.68104897895709726,0.30406296064596544,4.5775667985222375e-16
0.075000000000000025,27,20,5.3014376029327757,3.9269908169872414,0.57918454771562722,0.38699874219653263,1.1583690954312538,0.57918454771562744,0.38699874219653263,2.2204460492503131e-16
0.075000000000000025,27,21,5.3014376029327757,4.1233403578366037,0.45506237911588215,0.45506237911588188,1.362097957914193,0.45506237911588232,0.45506237911588193,1.7554167342883506e-16
0.075000000000000025,27,22,5.3014376029327757,4.3196898986859651,0.31345241848863648,0.50563822400773017,1.5134821597478241,0.31345241848863686,0.50563822400773006,4.0412728104402651e-16
0.075000000000000025,27,23,5.3014376029327757,4.5160394395353274,0.1597966572050139,0.53678267551614434,1.6067040909529218,0.15979665720501399,0.53678267551614423,1.3877787807814457e-16
0.075000000000000025,27,24,5.3014376029327757,4.7123889803846897,1.7711667623330937e-16,0.54729886983566556,1.6381812849927346,1.5046451003170874e-16,0.54729886983566545,1.1417657205975336e-16
0.075000000000000025,27,25,5.3014376029327757,4.908738521234052,-0.15979665720501363,0.53678267551614434,1.6067040909529224,-0.15979665720501368,0.53678267551614423,1.2412670766236366e-16
0.075000000000000025,27,26,5.3014376029327757,5.1050880620834143,-0.31345241848863631,0.50563822400773017,1.5134821597478247,-0.31345241848863659,0.50563822400773006,2.9893669801409083e-16
0.075000000000000025,27,27,5.3014376029327757,5.3014376029327757,-0.45506237911588199,0.45506237911588204,1.3620979579141932,-0.45506237911588204,0.45506237911588204,5.5511151231257827e-17
0.075000000000000025,27,28,5.3014376029327757,5.497787143782138,-0.579184547715627,0.38699874219653274,1.1583690954312542,-0.57918454771562711,0.38699874219653274,1.1102230246251565e-16
0.075000000000000025,27,29,5.3014376029327757,5.6941366846315002,-0.6810489789570966,0.30406296064596572,0.9101247582317642,-0.68104897895709704,0.30406296064596555,4.7428748402675471e-16
0.075000000000000025,27,30,5.3014376029327757,5.8904862254808616,-0.7567410798739127,0.20944221003824703,0.62690483697727239,-0.75674107987391293,0.20944221003824728,3.3422138886441676e-16
0.075000000000000025,27,31,5.3014376029327757,6.0868357663302239,-0.80335204547646111,0.10677271275530315,0.31959331441002792,-0.80335204547646144,0.10677271275530328,3.6082248300317588e-16
0.075000000000000025,28,0,5.497787143782138,0,-0.69657933272115835,1.1202718857934484e-16,6.1361776219524736e-16,-0.69657933272115835,-0,1.1202718857934484e-16
0.075000000000000025,28,1,5.497787143782138,0.19634954084936207,-0.68319475616601644,-0.13589588633035038,-0.27179177266070115,-0.68319475616601644,-0.13589588633035046,8.3266726846886741e-17
0.075000000000000025,28,2,5.497787143782138,0.39269908169872414,-0.64355538827144776,-0.26656936996031655,-0.53313873992063343,-0.64355538827144787,-0.26656936996031666,1.5700924586837752e-16
0.075000000000000025,28,3,5.497787143782138,0.58904862254808621,-0.57918454771562722,-0.38699874219653269,-0.77399748439306559,-0.57918454771562722,-0.38699874219653274,5.5511151231257827e-17
0.075000000000000025,28,4,5.497787143782138,0.78539816339744828,-0.49255596980153143,-0.49255596980153116,-0.98511193960306287,-0.49255596980153143,-0.4925559698015311,5.5511151231257827e-17
0.075000000000000025,28,5,5.497787143782138,0.98174770424681035,-0.38699874219653291,-0.57918454771562677,-1.1583690954312544,-0.38699874219653302,-0.57918454771562689,1.5700924586837752e-16
0.075000000000000025,28,6,5.497787143782138,1.1780972450961724,-0.26656936996031683,-0.64355538827144754,-1.2871107765428955,-0.26656936996031683,-0.64355538827144754,0
0.075000000000000025,28,7,5.497787143782138,1.3744467859455345,-0.1358958863303506,-0.6831947561660161,-1.3663895123320327,-0.13589588633035057,-0.6831947561660161,2.7755575615628914e-17
0.075000000000000025,28,8,5.497787143782138,1.5707963267948966,-7.4630524928344136e-17,-0.69657933272115802,-1.3931586654423169,-4.2653182508458284e-17,-0.69657933272115802,3.1977342419885852e-17
0.075000000000000025,28,9,5.497787143782138,1.7671458676442586,0.13589588633035046,-0.6831947561660161,-1.3663895123320327,0.13589588633035049,-0.6831947561660161,2.7755575615628914e-17
0.075000000000000025,28,10,5.497787143782138,1.9634954084936207,0.2665693699603166,-0.64355538827144754,-1.2871107765428951,0.26656936996031672,-0.64355538827144754,1.1102230246251565e-16
0.075000000000000025,28,11,5.497787143782138,2.1598449493429825,0.38699874219653274,-0.579184547715627,-1.1583690954312549,0.3869987421965328,-0.57918454771562711,1.2412670766236366e-16
0.075000000000000025,28,12,5.497787143782138,2.3561944901923448,0.49255596980153127,-0.49255596980153127,-0.9851119396030632,0.49255596980153138,-0.49255596980153121,1.2412670766236366e-16
0.075000000000000025,28,13,5.497787143782138,2.5525440310417071,0.57918454771562689,-0.38699874219653285,-0.7739974843930657,0.57918454771562733,-0.38699874219653274,4.5775667985222375e-16
0.075000000000000025,28,14,5.497787143782138,2.748893571891069,0.64355538827144776,-0.26656936996031672,-0.53313873992063332,0.64355538827144787,-0.26656936996031672,1.1102230246251565e-16
0.075000000000000025,28,15,5.497787143782138,2.9452431127404308,0.68319475616601633,-0.13589588633035057,-0.27179177266070143,0.68319475616601644,-0.13589588633035071,1.7772239894833365e-16
0.075000000000000025,28,16,5.497787143782138,3.1415926535897931,0.69657933272115813,-9.7707257255846517e-17,-2.9961397167370299e-16,0.69657933272115835,-8.5306365016916531e-17,2.2239062189003114e-16
0.075000000000000025,28,17,5.497787143782138,3.3379421944391554,0.68319475616601633,0.13589588633035038,0.27179177266070093,0.68319475616601644,0.13589588633035055,2.0014830212433605e-16
0.075000000000000025,28,18,5.497787143782138,3.5342917352885173,0.64355538827144776,0.26656936996031655,0.5331387399206331,0.64355538827144787,0.26656936996031655,1.1102230246251565e-16
0.075000000000000025,28,19,5.497787143782138,3.7306412761378791,0.57918454771562722,0.38699874219653269,0.77399748439306559,0.57918454771562733,0.38699874219653257,1.5700924586837752e-16
0.075000000000000025,28,20,5.497787143782138,3.9269908169872414,0.49255596980153143,0.4925559698015311,0.98511193960306298,0.49255596980153149,0.4925559698015311,5.5511151231257827e-17
0.075000000000000025,28,21,5.497787143782138,4.1233403578366037,0.38699874219653291,0.57918454771562677,1.1583690954312544,0.38699874219653296,0.57918454771562689,1.2412670766236366e-16
0.075000000000000025,28,22,5.497787143782138,4.3196898986859651,0.26656936996031688,0.64355538827144743,1.2871107765428949,0.26656936996031716,0.64355538827144743,2.7755575615628914e-16
0.075000000000000025,28,23,5.497787143782138,4.5160394395353274,0.13589588633035077,0.6831947561660161,1.3663895123320327,0.13589588633035082,0.68319475616601599,1.2412670766236366e-16
0.075000000000000025,28,24,5.497787143782138,4.7123889803846897,1.6899989100517241e-16,0.69657933272115802,1.3931586654423176,1.2795954752537484e-16,0.69657933272115802,4.1040343479797573e-17
0.075000000000000025,28,25,5.497787143782138,4.908738521234052,-0.13589588633035055,0.6831947561660161,1.3663895123320333,-0.13589588633035057,0.6831947561660161,2.7755575615628914e-17
0.075000000000000025,28,26,5.497787143782138,5.1050880620834143,-0.26656936996031677,0.64355538827144754,1.2871107765428951,-0.26656936996031694,0.64355538827144743,2.0014830212433605e-16
0.075000000000000025,28,27,5.497787143782138,5.3014376029327757,-0.38699874219653274,0.579184547715627,1.1583690954312538,-0.38699874219653269,0.57918454771562711,1.2412670766236366e-16
0.075000000000000025,28,28,5.497787143782138,5.497787143782138,-0.49255596980153127,0.49255596980153132,0.98511193960306298,-0.49255596980153127,0.49255596980153127,5.5511151231257827e-17
0.075000000000000025,28,29,5.497787143782138,5.6941366846315002,-0.57918454771562689,0.38699874219653285,0.77399748439306615,-0.57918454771562722,0.38699874219653274,3.5108334685767012e-16
0.075000000000000025,28,30,5.497787143782138,5.8904862254808616,-0.64355538827144765,0.26656936996031672,0.53313873992063354,-0.64355538827144765,0.26656936996031705,3.3306690738754696e-16
0.075000000000000025,28,31,5.497787143782138,6.0868357663302239,-0.68319475616601621,0.13589588633035057,0.27179177266070165,-0.68319475616601633,0.1358958863303508,2.4825341532472731e-16
0.075000000000000025,29,0,5.6941366846315002,0,-0.54729886983566578,1.3961651458493235e-16,3.3002204026249141e-16,-0.54729886983566578,-0,1.3961651458493235e-16
0.075000000000000025,29,1,5.6941366846315002,0.19634954084936207,-0.53678267551614456,-0.15979665720501346,-0.21354542551060623,-0.53678267551614456,-0.1597966572050136,1.3877787807814457e-16
0.075000000000000025,29,2,5.6941366846315002,0.39269908169872414,-0.50563822400773051,-0.31345241848863609,-0.41888442007649401,-0.50563822400773051,-0.31345241848863636,2.7755575615628914e-16
0.075000000000000025,29,3,5.6941366846315002,0.58904862254808621,-0.45506237911588232,-0.45506237911588193,-0.60812592129193122,-0.45506237911588221,-0.45506237911588221,2.9893669801409083e-16
0.075000000000000025,29,4,5.6941366846315002,0.78539816339744828,-0.38699874219653291,-0.57918454771562689,-0.77399748439306548,-0.38699874219653291,-0.57918454771562711,2.2204460492503131e-16
0.075000000000000025,29,5,5.6941366846315002,0.98174770424681035,-0.30406296064596577,-0.68104897895709648,-0.91012475823176431,-0.30406296064596583,-0.68104897895709682,3.3766115072321297e-16
0.075000000000000025,29,6,5.6941366846315002,1.1780972450961724,-0.20944221003824715,-0.75674107987391259,-1.0112764480154606,-0.20944221003824712,-0.75674107987391293,3.3422138886441676e-16
0.075000000000000025,29,7,5.6941366846315002,1.3744467859455345,-0.1067727127553032,-0.803352045476461,-1.0735653510322889,-0.10677271275530315,-0.80335204547646133,3.3766115072321297e-16
0.075000000000000025,29,8,5.6941366846315002,1.5707963267948966,-6.6262454642788022e-17,-0.81909064249636654,-1.0945977396713313,-3.3512390456060601e-17,-0.81909064249636687,3.3467317116993342e-16
0.075000000000000025,29,9,5.6941366846315002,1.7671458676442586,0.10677271275530305,-0.803352045476461,-1.0735653510322889,0.10677271275530306,-0.80335204547646133,3.3335590258932494e-16
0.075000000000000025,29,10,5.6941366846315002,1.9634954084936207,0.20944221003824695,-0.7567410798739127,-1.0112764480154608,0.20944221003824706,-0.75674107987391293,2.4825341532472731e-16
0.075000000000000025,29,11,5.6941366846315002,2.1598449493429825,0.30406296064596561,-0.6810489789570966,-0.91012475823176475,0.30406296064596566,-0.68104897895709704,4.4754520913118096e-16
0.075000000000000025,29,12,5.6941366846315002,2.3561944901923448,0.38699874219653285,-0.579184547715627,-0.77399748439306637,0.38699874219653285,-0.57918454771562711,1.1102230246251565e-16
0.075000000000000025,29,13,5.6941366846315002,2.5525440310417071,0.4550623791158821,-0.45506237911588215,-0.60812592129193155,0.45506237911588227,-0.45506237911588221,1.7554167342883506e-16
0.075000000000000025,29,14,5.6941366846315002,2.748893571891069,0.5056382240077304,-0.31345241848863636,-0.41888442007649396,0.50563822400773051,-0.31345241848863642,1.2412670766236366e-16
0.075000000000000025,29,15,5.6941366846315002,2.9452431127404308,0.53678267551614456,-0.15979665720501371,-0.21354542551060637,0.53678267551614456,-0.1597966572050139,1.9428902930940239e-16
0.075000000000000025,29,16,5.6941366846315002,3.1415926535897931,0.54729886983566567,-1.3221884952055614e-16,-2.0121919611109048e-16,0.54729886983566578,-1.0030967335447247e-16,1.1551686962377604e-16
0.075000000000000025,29,17,5.6941366846315002,3.3379421944391554,0.53678267551614456,0.15979665720501346,0.21354542551060607,0.53678267551614456,0.15979665720501368,2.2204460492503131e-16
0.075000000000000025,29,18,5.6941366846315002,3.5342917352885173,0.5056382240077304,0.31345241848863609,0.41888442007649379,0.50563822400773051,0.31345241848863625,2.0014830212433605e-16
0.075000000000000025,29,19,5.6941366846315002,3.7306412761378791,0.45506237911588232,0.45506237911588193,0.6081259212919311,0.45506237911588232,0.45506237911588204,1.1102230246251565e-16
0.075000000000000025,29,20,5.6941366846315002,3.9269908169872414,0.38699874219653296,0.57918454771562689,0.77399748439306604,0.38699874219653296,0.57918454771562711,2.2204460492503131e-16
0.075000000000000025,29,21,5.6941366846315002,4.1233403578366037,0.30406296064596577,0.68104897895709648,0.9101247582317642,0.30406296064596577,0.68104897895709682,3.3306690738754696e-16
0.075000000000000025,29,22,5.6941366846315002,4.3196898986859651,0.20944221003824717,0.75674107987391248,1.0112764480154601,0.2094422100382474,0.7567410798739127,3.1401849173675503e-16
0.075000000000000025,29,23,5.6941366846315002,4.5160394395353274,0.10677271275530333,0.803352045476461,1.0735653510322885,0.10677271275530333,0.80335204547646122,2.2204460492503131e-16
0.075000000000000025,29,24,5.6941366846315002,4.7123889803846897,1.4303379809604983e-16,0.81909064249636654,1.0945977396713322,1.005371713681818e-16,0.81909064249636687,3.3576707414508729e-16
0.075000000000000025,29,25,5.6941366846315002,4.908738521234052,-0.10677271275530313,0.803352045476461,1.0735653510322896,-0.10677271275530313,0.80335204547646133,3.3306690738754696e-16
0.075000000000000025,29,26,5.6941366846315002,5.1050880620834143,-0.20944221003824712,0.75674107987391259,1.0112764480154601,-0.2094422100382472,0.75674107987391281,2.3714374201337736e-16
0.075000000000000025,29,27,5.6941366846315002,5.3014376029327757,-0.30406296064596561,0.6810489789570966,0.91012475823176386,-0.30406296064596555,0.68104897895709704,4.4754520913118096e-16
0.075000000000000025,29,28,5.6941366846315002,5.497787143782138,-0.3869987421965328,0.57918454771562711,0.77399748439306582,-0.3869987421965328,0.57918454771562722,1.1102230246251565e-16
0.075000000000000025,29,29,5.6941366846315002,5.6941366846315002,-0.4550623791158821,0.45506237911588215,0.60812592129193188,-0.45506237911588221,0.45506237911588221,1.2412670766236366e-16
0.075000000000000025,29,30,5.6941366846315002,5.8904862254808616,-0.5056382240077304,0.31345241848863636,0.41888442007649412,-0.5056382240077304,0.31345241848863686,4.9960036108132044e-16
0.075000000000000025,29,31,5.6941366846315002,6.0868357663302239,-0.53678267551614445,0.15979665720501371,0.21354542551060657,-0.53678267551614456,0.15979665720501399,2.9893669801409083e-16
0.075000000000000025,30,0,5.8904862254808616,0,-0.3769860183111311,1.3814855100419075e-16,1.065086112516433e-16,-0.37698601831113165,-0,5.7204354139043931e-16
0.075000000000000025,30,1,5.8904862254808616,0.19634954084936207,-0.36974233767738007,-0.17755653215828565,-0.1470926474157932,-0.36974233767738063,-0.17755653215828573,5.6132177839609234e-16
0.075000000000000025,30,2,5.8904862254808616,0.39269908169872414,-0.34828966636057918,-0.3482896663605789,-0.28853260688190435,-0.34828966636057967,-0.34828966636057901,5.1178752665209032e-16
0.075000000000000025,30,3,5.8904862254808616,0.58904862254808621,-0.31345241848863648,-0.50563822400773029,-0.41888442007649401,-0.31345241848863686,-0.50563822400773029,3.8857805861880479e-16
0.075000000000000025,30,4,5.8904862254808616,0.78539816339744828,-0.26656936996031677,-0.64355538827144754,-0.53313873992063332,-0.26656936996031716,-0.64355538827144754,3.8857805861880479e-16
0.075000000000000025,30,5,5.8904862254808616,0.98174770424681035,-0.20944221003824712,-0.75674107987391248,-0.62690483697727262,-0.20944221003824748,-0.7567410798739127,4.236704743275018e-16
0.075000000000000025,30,6,5.8904862254808616,1.1780972450961724,-0.14426630344095226,-0.84084563616211005,-0.69657933272115835,-0.14426630344095248,-0.84084563616211017,2.4825341532472731e-16
0.075000000000000025,30,7,5.8904862254808616,1.3744467859455345,-0.073546323707896627,-0.89263696620426303,-0.73948467535476003,-0.073546323707896724,-0.89263696620426314,1.4752290795525882e-16
0.075000000000000025,30,8,5.8904862254808616,1.5707963267948966,-3.7033699369388845e-17,-0.91012475823176409,-0.7539720366222622,-2.3083736032401643e-17,-0.9101247582317642,1.118952774748854e-16
0.075000000000000025,30,9,5.8904862254808616,1.7671458676442586,0.073546323707896558,-0.89263696620426303,-0.73948467535475992,0.073546323707896669,-0.89263696620426314,1.5700924586837752e-16
0.075000000000000025,30,10,5.8904862254808616,1.9634954084936207,0.14426630344095218,-0.84084563616211017,-0.69657933272115824,0.14426630344095243,-0.84084563616211017,2.4980018054066022e-16
0.075000000000000025,30,11,5.8904862254808616,2.1598449493429825,0.20944221003824703,-0.75674107987391281,-0.62690483697727295,0.20944221003824734,-0.75674107987391293,3.2487068343022356e-16
0.075000000000000025,30,12,5.8904862254808616,2.3561944901923448,0.26656936996031683,-0.64355538827144776,-0.53313873992063388,0.26656936996031716,-0.64355538827144765,3.5108334685767012e-16
0.075000000000000025,30,13,5.8904862254808616,2.5525440310417071,0.31345241848863625,-0.50563822400773051,-0.41888442007649418,0.31345241848863692,-0.50563822400773029,7.0216669371534024e-16
0.075000000000000025,30,14,5.8904862254808616,2.748893571891069,0.34828966636057912,-0.34828966636057912,-0.28853260688190435,0.34828966636057967,-0.34828966636057912,5.5511151231257827e-16
0.075000000000000025,30,15,5.8904862254808616,2.9452431127404308,0.36974233767738002,-0.17755653215828593,-0.14709264741579317,0.36974233767738063,-0.17755653215828607,6.2619432820590226e-16
0.075000000000000025,30,16,5.8904862254808616,3.1415926535897931,0.37698601831113104,-1.3887600356351627e-16,-9.9216687346537877e-19,0.37698601831113165,-1.1145813719932888e-16,6.1123790509860666e-16
0.075000000000000025,30,17,5.8904862254808616,3.3379421944391554,0.36974233767738002,0.17755653215828565,0.14709264741579309,0.36974233767738063,0.17755653215828585,6.4078722220668437e-16
0.075000000000000025,30,18,5.8904862254808616,3.5342917352885173,0.34828966636057912,0.3482896663605789,0.28853260688190407,0.34828966636057973,0.3482896663605789,6.106226635438361e-16
0.075000000000000025,30,19,5.8904862254808616,3.7306412761378791,0.31345241848863648,0.50563822400773029,0.41888442007649379,0.31345241848863692,0.50563822400773017,4.5775667985222375e-16
0.075000000000000025,30,20,5.8904862254808616,3.9269908169872414,0.26656936996031683,0.64355538827144754,0.53313873992063354,0.26656936996031722,0.64355538827144754,3.8857805861880479e-16
0.075000000000000025,30,21,5.8904862254808616,4.1233403578366037,0.20944221003824712,0.75674107987391259,0.62690483697727251,0.20944221003824742,0.7567410798739127,3.2487068343022356e-16
0.075000000000000025,30,22,5.8904862254808616,4.3196898986859651,0.14426630344095234,0.84084563616210994,0.69657933272115757,0.14426630344095265,0.84084563616210994,3.0531133177191805e-16
0.075000000000000025,30,23,5.8904862254808616,4.5160394395353274,0.073546323707896724,0.89263696620426303,0.73948467535475992,0.073546323707896849,0.89263696620426303,1.2490009027033011e-16
0.075000000000000025,30,24,5.8904862254808616,4.7123889803846897,9.3380145316530401e-17,0.91012475823176409,0.75397203662226275,6.9251208097204925e-17,0.9101247582317642,1.1361407155547442e-16
0.075000000000000025,30,25,5.8904862254808616,4.908738521234052,-0.073546323707896613,0.89263696620426314,0.73948467535476048,-0.07354632370789671,0.89263696620426314,9.7144514654701197e-17
0.075000000000000025,30,26,5.8904862254808616,5.1050880620834143,-0.14426630344095226,0.84084563616211005,0.69657933272115813,-0.14426630344095254,0.84084563616211005,2.7755575615628914e-16
0.075000000000000025,30,27,5.8904862254808616,5.3014376029327757,-0.20944221003824703,0.75674107987391281,0.62690483697727262,-0.20944221003824731,0.75674107987391293,2.9893669801409083e-16
0.075000000000000025,30,28,5.8904862254808616,5.497787143782138,-0.26656936996031677,0.64355538827144776,0.53313873992063376,-0.2665693699603171,0.64355538827144765,3.5108334685767012e-16
0.075000000000000025,30,29,5.8904862254808616,5.6941366846315002,-0.31345241848863625,0.50563822400773051,0.41888442007649423,-0.31345241848863686,0.50563822400773029,6.4974136686044713e-16
0.075000000000000025,30,30,5.8904862254808616,5.8904862254808616,-0.34828966636057912,0.34828966636057912,0.28853260688190435,-0.34828966636057962,0.34828966636057956,6.6844277772883352e-16
0.075000000000000025,30,31,5.8904862254808616,6.0868357663302239,-0.36974233767737996,0.17755653215828593,0.14709264741579336,-0.36974233767738057,0.17755653215828618,6.5974250085280645e-16
0.075000000000000025,31,0,6.0868357663302239,0,-0.19218580551909431,1.3751639587635004e-16,1.7358693882760442e-16,-0.19218580551909464,-0,3.6033917901267106e-16
0.075000000000000025,31,1,6.0868357663302239,0.19634954084936207,-0.18849300915556563,-0.18849300915556533,-0.074987181371298367,-0.18849300915556594,-0.18849300915556547,3.3537189618722464e-16
0.075000000000000025,31,2,6.0868357663302239,0.39269908169872414,-0.17755653215828593,-0.3697423376773798,-0.14709264741579336,-0.17755653215828623,-0.36974233767737996,3.4777636565401969e-16
0.075000000000000025,31,3,6.0868357663302239,0.58904862254808621,-0.15979665720501379,-0.53678267551614434,-0.21354542551060629,-0.15979665720501399,-0.53678267551614445,2.2377260456559048e-16
0.075000000000000025,31,4,6.0868357663302239,0.78539816339744828,-0.13589588633035063,-0.6831947561660161,-0.27179177266070126,-0.13589588633035085,-0.68319475616601621,2.4825341532472731e-16
0.075000000000000025,31,5,6.0868357663302239,0.98174770424681035,-0.10677271275530319,-0.803352045476461,-0.31959331441002775,-0.10677271275530338,-0.80335204547646122,2.9504581591051765e-16
0.075000000000000025,31,6,6.0868357663302239,1.1780972450961724,-0.073546323707896655,-0.89263696620426314,-0.35511306431657241,-0.073546323707896766,-0.89263696620426325,1.5700924586837752e-16
0.075000000000000025,31,7,6.0868357663302239,1.3744467859455345,-0.037493590685649121,-0.94761834891741326,-0.37698601831113165,-0.03749359068564919,-0.94761834891741337,1.3092278833360675e-16
0.075000000000000025,31,8,6.0868357663302239,1.5707963267948966,-8.7577904188365733e-18,-0.96618328991215974,-0.3843716110381889,-1.176798657852575e-17,-0.96618328991215985,1.1106310334669258e-16
0.075000000000000025,31,9,6.0868357663302239,1.7671458676442586,0.037493590685649093,-0.94761834891741326,-0.37698601831113132,0.037493590685649163,-0.94761834891741337,1.3092278833360675e-16
0.075000000000000025,31,10,6.0868357663302239,1.9634954084936207,0.073546323707896585,-0.89263696620426325,-0.35511306431657208,0.073546323707896738,-0.89263696620426325,1.5265566588595902e-16
0.075000000000000025,31,11,6.0868357663302239,2.1598449493429825,0.10677271275530315,-0.80335204547646122,-0.3195933144100277,0.10677271275530331,-0.80335204547646144,2.7755575615628914e-16
0.075000000000000025,31,12,6.0868357663302239,2.3561944901923448,0.13589588633035063,-0.68319475616601633,-0.27179177266070137,0.13589588633035082,-0.68319475616601633,1.9428902930940239e-16
0.075000000000000025,31,13,6.0868357663302239,2.5525440310417071,0.1597966572050136,-0.53678267551614456,-0.21354542551060635,0.15979665720501401,-0.53678267551614445,4.3088240465227812e-16
0.075000000000000025,31,14,6.0868357663302239,2.748893571891069,0.17755653215828587,-0.36974233767738002,-0.14709264741579331,0.17755653215828623,-0.36974233767738007,3.6506759942727966e-16
0.075000000000000025,31,15,6.0868357663302239,2.9452431127404308,0.18849300915556561,-0.18849300915556563,-0.074987181371298353,0.18849300915556594,-0.1884930091555658,3.7238012298709097e-16
0.075000000000000025,31,16,6.0868357663302239,3.1415926535897931,0.19218580551909431,-1.3191684313506881e-16,-2.0124603847143245e-17,0.19218580551909464,-1.1832332733805858e-16,3.3334418919253469e-16
0.075000000000000025,31,17,6.0868357663302239,3.3379421944391554,0.18849300915556561,0.18849300915556533,0.074987181371298298,0.18849300915556594,0.18849300915556558,4.163336342344337e-16
0.075000000000000025,31,18,6.0868357663302239,3.5342917352885173,0.1775565321582859,0.36974233767737974,0.14709264741579323,0.17755653215828626,0.36974233767737985,3.7751664318895328e-16
0.075000000000000025,31,19,6.0868357663302239,3.7306412761378791,0.15979665720501376,0.53678267551614434,0.21354542551060621,0.15979665720501401,0.53678267551614423,2.7336071744532853e-16
0.075000000000000025,31,20,6.0868357663302239,3.9269908169872414,0.1358958863303506,0.6831947561660161,0.2717917726607012,0.13589588633035085,0.68319475616601621,2.7336071744532853e-16
0.075000000000000025,31,21,6.0868357663302239,4.1233403578366037,0.1067727127553032,0.803352045476461,0.31959331441002758,0.10677271275530335,0.80335204547646122,2.6945789820192466e-16
0.075000000000000025,31,22,6.0868357663302239,4.3196898986859651,0.073546323707896669,0.89263696620426292,0.35511306431657208,0.073546323707896863,0.89263696620426303,2.2377260456559048e-16
0.075000000000000025,31,23,6.0868357663302239,4.5160394395353274,0.03749359068564917,0.94761834891741326,0.37698601831113165,0.037493590685649253,0.94761834891741326,8.3266726846886741e-17
0.075000000000000025,31,24,6.0868357663302239,4.7123889803846897,3.4820404216084598e-17,0.96618328991215974,0.38437161103818923,3.5303959735577242e-17,0.96618328991215985,1.1102335551593972e-16
0.075000000000000025,31,25,6.0868357663302239,4.908738521234052,-0.037493590685649128,0.94761834891741337,0.37698601831113171,-0.037493590685649184,0.94761834891741337,5.5511151231257827e-17
0.075000000000000025,31,26,6.0868357663302239,5.1050880620834143,-0.073546323707896627,0.89263696620426314,0.35511306431657197,-0.073546323707896794,0.89263696620426314,1.6653345369377348e-16
0.075000000000000025,31,27,6.0868357663302239,5.3014376029327757,-0.10677271275530313,0.80335204547646122,0.31959331441002747,-0.1067727127553033,0.80335204547646144,2.7755575615628914e-16
0.075000000000000025,31,28,6.0868357663302239,5.497787143782138,-0.1358958863303506,0.68319475616601633,0.27179177266070137,-0.1358958863303508,0.68319475616601633,1.9428902930940239e-16
0.075000000000000025,31,29,6.0868357663302239,5.6941366846315002,-0.1597966572050136,0.53678267551614456,0.21354542551060637,-0.15979665720501399,0.53678267551614445,4.0412728104402651e-16
0.075000000000000025,31,30,6.0868357663302239,5.8904862254808616,-0.17755653215828587,0.36974233767738002,0.14709264741579325,-0.17755653215828618,0.36974233767738057,6.3353279347662809e-16
0.075000000000000025,31,31,6.0868357663302239,6.0868357663302239,-0.18849300915556561,0.18849300915556561,0.074987181371298492,-0.18849300915556594,0.18849300915556591,4.5182803598830274e-16
0.10000000000000001,0,0,0,0,-1.4997824092293989e-16,1.4571414943686878e-16,-4.2407109270904218e-17,0,-0,2.0910783365634471e-16
0.10000000000000001,0,1,0,0.19634954084936207,-1.4728751328500187e-16,-0.19122727481519644,-1.6310518838832173e-16,0,-0.19122727481519658,2.0236825594334691e-16
0.10000000000000001,0,2,0,0.39269908169872414,-9.912500255826631e-17,-0.37510579270073624,-9.4775913702327686e-17,0,-0.37510579270073641,1.9380185069124726e-16
0.10000000000000001,0,3,0,0.58904862254808621,-1.1527252050480655e-16,-0.54456920533453868,-1.378030475734917e-16,0,-0.5445692053345389,2.5018305410208001e-16
0.10000000000000001,0,4,0,0.78539816339744828,-1.1052848043254064e-16,-0.69310512880526376,-3.4245160951407823e-16,0,-0.69310512880526387,1.5666045011682057e-16
0.10000000000000001,0,5,0,0.98174770424681035,-8.7732449147984074e-17,-0.81500541087383671,-4.7992682348294176e-16,0,-0.81500541087383693,2.3874838053862656e-16
0.10000000000000001,0,6,0,1.1780972450961724,-4.9275043148303551e-17,-0.90558549206282846,-4.2413627660315336e-16,0,-0.90558549206282857,1.2146596857287017e-16
0.10000000000000001,0,7,0,1.3744467859455345,-1.8608764993691599e-17,-0.96136443065004029,-3.1433834428469347e-16,0,-0.9613644306500404,1.1257103436794365e-16
0.10000000000000001,0,8,0,1.5707963267948966,2.3225316557404064e-18,-0.98019867330675514,-3.0215070732474396e-16,0,-0.98019867330675525,1.110465929120305e-16
0.10000000000000001,0,9,0,1.7671458676442586,2.7762574984615461e-17,-0.96136443065004029,-3.4366840464745181e-16,-0,-0.9613644306500404,1.1444086776084278e-16
0.10000000000000001,0,10,0,1.9634954084936207,5.7989436026641242e-17,-0.90558549206282857,-3.1599413617857843e-16,-0,-0.90558549206282857,5.7989436026641242e-17
0.10000000000000001,0,11,0,2.1598449493429825,8.2635339202411124e-17,-0.81500541087383704,-1.7412163292163088e-16,-0,-0.81500541087383715,1.3839996722967768e-16
0.10000000000000001,0,12,0,2.3561944901923448,9.788844433132963e-17,-0.69310512880526398,-4.1484302901109578e-17,-0,-0.69310512880526398,9.788844433132963e-17
0.10000000000000001,0,13,0,2.5525440310417071,1.0681423262457423e-16,-0.5445692053345389,-1.0742970678677266e-16,-0,-0.5445692053345389,1.0681423262457423e-16
0.10000000000000001,0,14,0,2.748893571891069,1.4320905489883659e-16,-0.37510579270073646,-2.4942045245706253e-16,-0,-0.37510579270073652,1.5359141029379726e-16
0.10000000000000001,0,15,0,2.9452431127404308,1.3043477125571817e-16,-0.19122727481519669,-1.5891827910829428e-16,-0,-0.19122727481519694,2.8180376106552934e-16
0.10000000000000001,0,16,0,3.1415926535897931,1.4895595906556613e-16,-1.2986305286840265e-16,4.2792369884247099e-17,-0,-1.2003971677936001e-16,1.4927952194812555e-16
0.10000000000000001,0,17,0,3.3379421944391554,1.5563039310721578e-16,0.19122727481519644,1.28279913402682e-16,-0,0.19122727481519669,2.943143718149913e-16
0.10000000000000001,0,18,0,3.5342917352885173,1.1383289679808829e-16,0.37510579270073624,1.7213979804800928e-16,-0,0.3751057927007363,1.2664681719042054e-16
0.10000000000000001,0,19,0,3.7306412761378791,1.1904620485511189e-16,0.54456920533453868,3.0879415967008863e-16,-0,0.54456920533453868,1.1904620485511189e-16
0.10000000000000001,0,20,0,3.9269908169872414,1.0212198394664401e-16,0.69310512880526376,3.9729053326272643e-16,-0,0.69310512880526387,1.5084711216750862e-16
0.10000000000000001,0,21,0,4.1233403578366037,8.4344181060267149e-17,0.81500541087383671,4.2617316715580988e-16,-0,0.81500541087383693,2.3752420393517873e-16
0.10000000000000001,0,22,0,4.3196898986859651,5.3976369167667008e-17,0.90558549206282823,4.6518076260951959e-16,-0,0.90558549206282835,1.2344796504034638e-16
0.10000000000000001,0,23,0,4.5160394395353274,1.7768525519493845e-17,0.96136443065004018,4.3883216320931688e-16,-0,0.96136443065004029,1.1243519085773464e-16
0.10000000000000001,0,24,0,4.7123889803846897,-1.0866573381683663e-17,0.98019867330675514,3.5171156816946791e-16,-0,0.98019867330675525,1.1155283080737048e-16
0.10000000000000001,0,25,0,4.908738521234052,-3.3006419511836623e-17,0.96136443065004029,3.3332754774956298e-16,0,0.9613644306500404,1.1582476148505406e-16
0.10000000000000001,0,26,0,5.1050880620834143,-5.7509098210376862e-17,0.90558549206282846,3.4562784744040506e-16,0,0.90558549206282846,5.7509098210376862e-17
0.10000000000000001,0,27,0,5.3014376029327757,-8.486014150648629e-17,0.81500541087383693,2.2914628396428654e-16,0,0.81500541087383715,2.3770790940314567e-16
0.10000000000000001,0,28,0,5.497787143782138,-1.0585257224102696e-16,0.69310512880526398,5.6626298930546049e-17,0,0.69310512880526409,1.5339725777901033e-16
0.10000000000000001,0,29,0,5.6941366846315002,-1.1342855081437276e-16,0.5445692053345389,8.2765616605039977e-17,0,0.5445692053345389,1.1342855081437276e-16
0.10000000000000001,0,30,0,5.8904862254808616,-1.4444633896675771e-16,0.37510579270073646,2.4831387936423331e-16,0,0.37510579270073702,5.7359701528412545e-16
0.10000000000000001,0,31,0,6.0868357663302239,-1.3152453681661013e-16,0.19122727481519669,1.9885512519400849e-16,0,0.19122727481519702,3.5809533448724045e-16
0.10000000000000001,1,0,0.19634954084936207,0,0.19122727481519644,1.3649279319660482e-16,-2.2018874396294483e-16,0.19122727481519658,-0,1.9465246476344319e-16
0.10000000000000001,1,1,0.19634954084936207,0.19634954084936207,0.18755289635036804,-0.18755289635036804,0.074613181243926657,0.18755289635036818,-0.18755289635036818,1.9626155733547189e-16
0.10000000000000001,1,2,0.19634954084936207,0.39269908169872414,0.17667096525967108,-0.3678982400748676,0.14635901977620336,0.17667096525967116,-0.36789824007486777,1.8619006149354548e-16
0.10000000000000001,1,3,0.19634954084936207,0.58904862254808621,0.1589996680522637,-0.53410546075299992,0.21248036325756431,0.15899966805226376,-0.53410546075300014,2.2887833992611187e-16
0.10000000000000001,1,4,0.19634954084936207,0.78539816339744828,0.13521810276964891,-0.67978730810418775,0.27043620553929781,0.13521810276964902,-0.67978730810418786,1.5700924586837752e-16
0.10000000000000001,1,5,0.19634954084936207,0.98174770424681035,0.10624018162878221,-0.799345310434046,0.31799933610452752,0.10624018162878229,-0.79934531043404622,2.3714374201337736e-16
0.10000000000000001,1,6,0.19634954084936207,1.1780972450961724,0.073179509888101679,-0.88818492076193856,0.35334193051934237,0.073179509888101721,-0.88818492076193867,1.1857187100668868e-16
0.10000000000000001,1,7,0.19634954084936207,1.3744467859455345,0.037306590621963349,-0.94289208268479163,0.37510579270073635,0.03730659062196337,-0.94289208268479185,2.2301825219878386e-16
0.10000000000000001,1,8,0.19634954084936207,1.5707963267948966,1.3249228104026105e-17,-0.96136443065004018,0.38245454963039299,1.1709293500605088e-17,-0.9613644306500404,2.2204994477571042e-16
0.10000000000000001,1,9,0.19634954084936207,1.7671458676442586,-0.037306590621963301,-0.94289208268479163,0.37510579270073607,-0.037306590621963343,-0.94289208268479185,2.2591401799415137e-16
0.10000000000000001,1,10,0.19634954084936207,1.9634954084936207,-0.073179509888101624,-0.88818492076193867,0.35334193051934221,-0.073179509888101707,-0.88818492076193867,8.3266726846886741e-17
0.10000000000000001,1,11,0.19634954084936207,2.1598449493429825,-0.10624018162878215,-0.79934531043404622,0.31799933610452763,-0.10624018162878222,-0.79934531043404644,2.3263411494723067e-16
0.10000000000000001,1,12,0.19634954084936207,2.3561944901923448,-0.13521810276964891,-0.67978730810418797,0.27043620553929815,-0.13521810276964899,-0.67978730810418797,8.3266726846886741e-17
0.10000000000000001,1,13,0.19634954084936207,2.5525440310417071,-0.15899966805226362,-0.53410546075300014,0.21248036325756456,-0.15899966805226379,-0.53410546075300014,1.6653345369377348e-16
0.10000000000000001,1,14,0.19634954084936207,2.748893571891069,-0.17667096525967102,-0.36789824007486782,0.1463590197762033,-0.17667096525967116,-0.36789824007486788,1.4946834900704541e-16
0.10000000000000001,1,15,0.19634954084936207,2.9452431127404308,-0.18755289635036801,-0.18755289635036829,0.074613181243926713,-0.18755289635036818,-0.18755289635036851,2.7755575615628914e-16
0.10000000000000001,1,16,0.19634954084936207,3.1415926535897931,-0.19122727481519639,-1.2657113098909776e-16,3.3348775343589496e-17,-0.19122727481519658,-1.1773318728096896e-16,1.944899384517818e-16
0.10000000000000001,1,17,0.19634954084936207,3.3379421944391554,-0.18755289635036801,0.18755289635036804,-0.074613181243926685,-0.18755289635036818,0.18755289635036829,3.0022245318650411e-16
0.10000000000000001,1,18,0.19634954084936207,3.5342917352885173,-0.17667096525967105,0.3678982400748676,-0.14635901977620328,-0.17667096525967119,0.36789824007486766,1.4946834900704541e-16
0.10000000000000001,1,19,0.19634954084936207,3.7306412761378791,-0.15899966805226368,0.53410546075299992,-0.21248036325756411,-0.15899966805226382,0.53410546075299992,1.3877787807814457e-16
0.10000000000000001,1,20,0.19634954084936207,3.9269908169872414,-0.13521810276964891,0.67978730810418775,-0.2704362055392977,-0.13521810276964902,0.67978730810418786,1.5700924586837752e-16
0.10000000000000001,1,21,0.19634954084936207,4.1233403578366037,-0.10624018162878222,0.799345310434046,-0.31799933610452746,-0.10624018162878227,0.79934531043404622,2.2591401799415137e-16
0.10000000000000001,1,22,0.19634954084936207,4.3196898986859651,-0.073179509888101707,0.88818492076193845,-0.35334193051934221,-0.073179509888101818,0.88818492076193845,1.1102230246251565e-16
0.10000000000000001,1,23,0.19634954084936207,4.5160394395353274,-0.037306590621963398,0.94289208268479163,-0.3751057927007363,-0.037306590621963433,0.94289208268479174,1.1631705747361534e-16
0.10000000000000001,1,24,0.19634954084936207,4.7123889803846897,-5.2592635389802478e-17,0.96136443065004018,-0.38245454963039349,-3.5127880501815262e-17,0.9613644306500404,2.2273038463490048e-16
0.10000000000000001,1,25,0.19634954084936207,4.908738521234052,0.037306590621963329,0.94289208268479174,-0.37510579270073652,0.037306590621963363,0.94289208268479185,1.1631705747361534e-16
0.10000000000000001,1,26,0.19634954084936207,5.1050880620834143,0.073179509888101679,0.88818492076193856,-0.3533419305193421,0.073179509888101762,0.88818492076193856,8.3266726846886741e-17
0.10000000000000001,1,27,0.19634954084936207,5.3014376029327757,0.10624018162878215,0.79934531043404622,-0.31799933610452724,0.10624018162878221,0.79934531043404644,2.2887833992611187e-16
0.10000000000000001,1,28,0.19634954084936207,5.497787143782138,0.13521810276964885,0.67978730810418797,-0.27043620553929809,0.13521810276964896,0.67978730810418808,1.5700924586837752e-16
0.10000000000000001,1,29,0.19634954084936207,5.6941366846315002,0.15899966805226362,0.53410546075300014,-0.21248036325756459,0.15899966805226376,0.53410546075300014,1.3877787807814457e-16
0.10000000000000001,1,30,0.19634954084936207,5.8904862254808616,0.17667096525967099,0.36789824007486782,-0.14635901977620333,0.17667096525967113,0.36789824007486838,5.7219584981527971e-16
0.10000000000000001,1,31,0.19634954084936207,6.0868357663302239,0.18755289635036801,0.18755289635036829,-0.074613181243926852,0.18755289635036815,0.18755289635036862,3.6082248300317588e-16
0.10000000000000001,2,0,0.39269908169872414,0,0.37510579270073624,1.187705505394277e-16,-2.0815327792132836e-16,0.37510579270073641,-0,2.0454787917408223e-16
0.10000000000000001,2,1,0.39269908169872414,0.19634954084936207,0.36789824007486766,-0.17667096525967105,0.14635901977620347,0.36789824007486777,-0.17667096525967119,1.7772239894833365e-16
0.10000000000000001,2,2,0.39269908169872414,0.39269908169872414,0.34655256440263188,-0.34655256440263188,0.2870935445014911,0.34655256440263199,-0.34655256440263199,1.5700924586837752e-16
0.10000000000000001,2,3,0.39269908169872414,0.58904862254808621,0.31188906802932009,-0.50311634284451656,0.41679522531550101,0.3118890680293202,-0.50311634284451678,2.4825341532472731e-16
0.10000000000000001,2,4,0.39269908169872414,0.78539816339744828,0.26523984968104597,-0.64034564238178227,0.53047969936209194,0.26523984968104608,-0.64034564238178249,2.4825341532472731e-16
0.10000000000000001,2,5,0.39269908169872414,0.98174770424681035,0.20839761265775061,-0.75296681799228959,0.62377813605864041,0.20839761265775075,-0.75296681799228971,1.7772239894833365e-16
0.10000000000000001,2,6,0.39269908169872414,1.1780972450961724,0.14354677225074561,-0.83665190105600951,0.69310512880526376,0.14354677225074566,-0.83665190105600962,1.2412670766236366e-16
0.10000000000000001,2,7,0.39269908169872414,1.3744467859455345,0.073179509888101707,-0.88818492076193856,0.7357964801497352,0.073179509888101749,-0.88818492076193867,1.1857187100668868e-16
0.10000000000000001,2,8,0.39269908169872414,1.5707963267948966,3.539370621563882e-17,-0.90558549206282846,0.75021158540147248,2.2968605418629373e-17,-0.90558549206282857,1.1171541869363491e-16
0.10000000000000001,2,9,0.39269908169872414,1.7671458676442586,-0.073179509888101624,-0.88818492076193856,0.73579648014973509,-0.073179509888101693,-0.88818492076193867,1.3092278833360675e-16
0.10000000000000001,2,10,0.39269908169872414,1.9634954084936207,-0.1435467722507455,-0.83665190105600962,0.69310512880526354,-0.14354677225074564,-0.83665190105600962,1.3877787807814457e-16
0.10000000000000001,2,11,0.39269908169872414,2.1598449493429825,-0.20839761265775059,-0.75296681799228959,0.62377813605864041,-0.20839761265775064,-0.75296681799228993,3.3766115072321297e-16
0.10000000000000001,2,12,0.39269908169872414,2.3561944901923448,-0.26523984968104591,-0.64034564238178249,0.53047969936209227,-0.26523984968104602,-0.64034564238178249,1.1102230246251565e-16
0.10000000000000001,2,13,0.39269908169872414,2.5525440310417071,-0.31188906802931998,-0.50311634284451667,0.41679522531550128,-0.31188906802932026,-0.50311634284451678,2.9893669801409083e-16
0.10000000000000001,2,14,0.39269908169872414,2.748893571891069,-0.34655256440263182,-0.34655256440263205,0.28709354450149105,-0.34655256440263199,-0.3465525644026321,1.7554167342883506e-16
0.10000000000000001,2,15,0.39269908169872414,2.9452431127404308,-0.3678982400748676,-0.17667096525967127,0.14635901977620344,-0.36789824007486777,-0.17667096525967149,2.7755575615628914e-16
0.10000000000000001,2,16,0.39269908169872414,3.1415926535897931,-0.37510579270073618,-1.2278269420489763e-16,4.9012814753595813e-17,-0.37510579270073641,-1.1090223742090239e-16,2.2236220863651632e-16
0.10000000000000001,2,17,0.39269908169872414,3.3379421944391554,-0.3678982400748676,0.17667096525967105,-0.14635901977620336,-0.36789824007486777,0.17667096525967127,2.7755575615628914e-16
0.10000000000000001,2,18,0.39269908169872414,3.5342917352885173,-0.34655256440263182,0.34655256440263188,-0.28709354450149099,-0.34655256440263205,0.34655256440263188,2.2204460492503131e-16
0.10000000000000001,2,19,0.39269908169872414,3.7306412761378791,-0.31188906802932009,0.50311634284451656,-0.41679522531550101,-0.31188906802932026,0.50311634284451656,1.6653345369377348e-16
0.10000000000000001,2,20,0.39269908169872414,3.9269908169872414,-0.26523984968104597,0.64034564238178227,-0.53047969936209183,-0.26523984968104614,0.64034564238178249,2.7755575615628914e-16
0.10000000000000001,2,21,0.39269908169872414,4.1233403578366037,-0.20839761265775061,0.75296681799228948,-0.62377813605864019,-0.20839761265775072,0.75296681799228971,2.4825341532472731e-16
0.10000000000000001,2,22,0.39269908169872414,4.3196898986859651,-0.14354677225074569,0.83665190105600939,-0.69310512880526343,-0.14354677225074586,0.83665190105600939,1.6653345369377348e-16
0.10000000000000001,2,23,0.39269908169872414,4.5160394395353274,-0.073179509888101804,0.88818492076193856,-0.7357964801497352,-0.073179509888101874,0.88818492076193867,1.3092278833360675e-16
0.10000000000000001,2,24,0.39269908169872414,4.7123889803846897,-9.5350655649551722e-17,0.90558549206282846,-0.75021158540147304,-6.8905816255888115e-17,0.90558549206282857,1.1412835394692667e-16
0.10000000000000001,2,25,0.39269908169872414,4.908738521234052,0.073179509888101679,0.88818492076193856,-0.73579648014973564,0.073179509888101735,0.88818492076193867,1.2412670766236366e-16
0.10000000000000001,2,26,0.39269908169872414,5.1050880620834143,0.14354677225074561,0.83665190105600951,-0.69310512880526365,0.14354677225074572,0.83665190105600951,1.1102230246251565e-16
0.10000000000000001,2,27,0.39269908169872414,5.3014376029327757,0.20839761265775059,0.75296681799228959,-0.62377813605863996,0.20839761265775059,0.75296681799228993,3.3306690738754696e-16
0.10000000000000001,2,28,0.39269908169872414,5.497787143782138,0.26523984968104586,0.64034564238178249,-0.53047969936209205,0.26523984968104602,0.6403456423817826,2.0014830212433605e-16
0.10000000000000001,2,29,0.39269908169872414,5.6941366846315002,0.31188906802931998,0.50311634284451667,-0.41679522531550145,0.3118890680293202,0.50311634284451678,2.4825341532472731e-16
0.10000000000000001,2,30,0.39269908169872414,5.8904862254808616,0.34655256440263171,0.34655256440263205,-0.28709354450149122,0.34655256440263188,0.34655256440263255,5.2662502028650516e-16
0.10000000000000001,2,31,0.39269908169872414,6.0868357663302239,0.36789824007486754,0.17667096525967127,-0.14635901977620369,0.36789824007486777,0.1766709652596716,4.002966042486721e-16
0.10000000000000001,3,0,0.58904862254808621,0,0.54456920533453879,1.1771502147428844e-16,-2.0119744426465144e-16,0.5445692053345389,-0,1.6181093264909667e-16
0.10000000000000001,3,1,0.58904862254808621,0.19634954084936207,0.53410546075299992,-0.15899966805226365,0.21248036325756453,0.53410546075300014,-0.15899966805226376,2.4825341532472731e-16
0.10000000000000001,3,2,0.58904862254808621,0.39269908169872414,0.50311634284451656,-0.31188906802932009,0.41679522531550112,0.50311634284451667,-0.3118890680293202,1.5700924586837752e-16
0.10000000000000001,3,3,0.58904862254808621,0.58904862254808621,0.45279274603141406,-0.45279274603141406,0.6050928806060184,0.45279274603141423,-0.45279274603141417,2.0014830212433605e-16
0.10000000000000001,3,4,0.58904862254808621,0.78539816339744828,0.38506857791742183,-0.5762958527326183,0.77013715583484332,0.38506857791742188,-0.57629585273261841,1.2412670766236366e-16
0.10000000000000001,3,5,0.58904862254808621,0.98174770424681035,0.30254644030300931,-0.67765223300374566,0.90558549206282801,0.30254644030300942,-0.67765223300374577,1.5700924586837752e-16
0.10000000000000001,3,6,0.58904862254808621,1.1780972450961724,0.2083976126577507,-0.75296681799228971,1.0062326856890331,0.20839761265775072,-0.75296681799228959,1.1443916996305594e-16
0.10000000000000001,3,7,0.58904862254808621,1.3744467859455345,0.10624018162878228,-0.79934531043404611,1.0682109215059996,0.10624018162878231,-0.79934531043404622,1.1443916996305594e-16
0.10000000000000001,3,8,0.58904862254808621,1.5707963267948966,6.0852368559058595e-17,-0.81500541087383693,1.0891384106690774,3.3345246711358042e-17,-0.81500541087383693,2.7507121847700553e-17
0.10000000000000001,3,9,0.58904862254808621,1.7671458676442586,-0.10624018162878215,-0.79934531043404611,1.0682109215059996,-0.10624018162878222,-0.79934531043404622,1.3092278833360675e-16
0.10000000000000001,3,10,0.58904862254808621,1.9634954084936207,-0.20839761265775056,-0.75296681799228971,1.0062326856890331,-0.20839761265775067,-0.75296681799228959,1.5700924586837752e-16
0.10000000000000001,3,11,0.58904862254808621,2.1598449493429825,-0.3025464403030092,-0.67765223300374589,0.90558549206282846,-0.30254644030300926,-0.677652233003746,1.2412670766236366e-16
0.10000000000000001,3,12,0.58904862254808621,2.3561944901923448,-0.38506857791742177,-0.57629585273261863,0.77013715583484377,-0.38506857791742183,-0.57629585273261852,1.2412670766236366e-16
0.10000000000000001,3,13,0.58904862254808621,2.5525440310417071,-0.45279274603141395,-0.45279274603141428,0.6050928806060184,-0.45279274603141428,-0.45279274603141417,3.5108334685767012e-16
0.10000000000000001,3,14,0.58904862254808621,2.748893571891069,-0.50311634284451656,-0.31188906802932026,0.41679522531550084,-0.50311634284451667,-0.31188906802932026,1.1102230246251565e-16
0.10000000000000001,3,15,0.58904862254808621,2.9452431127404308,-0.53410546075299992,-0.15899966805226387,0.21248036325756445,-0.53410546075300014,-0.15899966805226406,2.9504581591051765e-16
0.10000000000000001,3,16,0.58904862254808621,3.1415926535897931,-0.54456920533453868,-1.1795298025305879e-16,1.4781433581703767e-16,-0.5445692053345389,-9.9809376771441782e-17,2.2278464247701496e-16
0.10000000000000001,3,17,0.58904862254808621,3.3379421944391554,-0.53410546075299992,0.15899966805226365,-0.21248036325756431,-0.53410546075300014,0.15899966805226384,2.9504581591051765e-16
0.10000000000000001,3,18,0.58904862254808621,3.5342917352885173,-0.50311634284451656,0.31188906802932009,-0.41679522531550089,-0.50311634284451678,0.31188906802932009,2.2204460492503131e-16
0.10000000000000001,3,19,0.58904862254808621,3.7306412761378791,-0.45279274603141406,0.45279274603141406,-0.60509288060601829,-0.45279274603141434,0.45279274603141401,2.8305244335018379e-16
0.10000000000000001,3,20,0.58904862254808621,3.9269908169872414,-0.38506857791742177,0.57629585273261841,-0.77013715583484366,-0.38506857791742194,0.57629585273261841,1.6653345369377348e-16
0.10000000000000001,3,21,0.58904862254808621,4.1233403578366037,-0.30254644030300931,0.67765223300374566,-0.90558549206282801,-0.30254644030300937,0.67765223300374577,1.2412670766236366e-16
0.10000000000000001,3,22,0.58904862254808621,4.3196898986859651,-0.20839761265775075,0.75296681799228959,-1.0062326856890325,-0.208397612657751,0.75296681799228948,2.7336071744532853e-16
0.10000000000000001,3,23,0.58904862254808621,4.5160394395353274,-0.10624018162878242,0.79934531043404611,-1.0682109215059992,-0.10624018162878249,0.79934531043404611,6.9388939039072284e-17
0.10000000000000001,3,24,0.58904862254808621,4.7123889803846897,-1.35102584534206e-16,0.81500541087383693,-1.0891384106690778,-1.0003574013407412e-16,0.81500541087383693,3.5066844400131885e-17
0.10000000000000001,3,25,0.58904862254808621,4.908738521234052,0.10624018162878222,0.79934531043404611,-1.0682109215060003,0.10624018162878229,0.79934531043404622,1.3092278833360675e-16
0.10000000000000001,3,26,0.58904862254808621,5.1050880620834143,0.2083976126577507,0.75296681799228971,-1.0062326856890329,0.20839761265775084,0.75296681799228959,1.7772239894833365e-16
0.10000000000000001,3,27,0.58904862254808621,5.3014376029327757,0.3025464403030092,0.67765223300374589,-0.90558549206282779,0.3025464403030092,0.677652233003746,1.1102230246251565e-16
0.10000000000000001,3,28,0.58904862254808621,5.497787143782138,0.38506857791742172,0.57629585273261852,-0.77013715583484366,0.38506857791742177,0.57629585273261863,1.2412670766236366e-16
0.10000000000000001,3,29,0.58904862254808621,5.6941366846315002,0.45279274603141395,0.45279274603141428,-0.60509288060601873,0.45279274603141423,0.45279274603141417,2.9893669801409083e-16
0.10000000000000001,3,30,0.58904862254808621,5.8904862254808616,0.50311634284451645,0.31188906802932026,-0.41679522531550112,0.50311634284451656,0.3118890680293207,4.5775667985222375e-16
0.10000000000000001,3,31,0.58904862254808621,6.0868357663302239,0.53410546075299981,0.15899966805226387,-0.2124803632575647,0.53410546075300003,0.15899966805226415,3.554447978966673e-16
0.10000000000000001,4,0,0.78539816339744828,0,0.69310512880526387,1.1483002572294697e-16,-4.1712522325085419e-16,0.69310512880526387,-0,1.1483002572294697e-16
0.10000000000000001,4,1,0.78539816339744828,0.19634954084936207,0.67978730810418786,-0.13521810276964891,0.27043620553929798,0.67978730810418786,-0.13521810276964899,8.3266726846886741e-17
0.10000000000000001,4,2,0.78539816339744828,0.39269908169872414,0.64034564238178238,-0.26523984968104602,0.53047969936209205,0.64034564238178238,-0.26523984968104608,5.5511151231257827e-17
0.10000000000000001,4,3,0.78539816339744828,0.58904862254808621,0.57629585273261841,-0.38506857791742177,0.77013715583484332,0.57629585273261841,-0.38506857791742188,1.1102230246251565e-16
0.10000000000000001,4,4,0.78539816339744828,0.78539816339744828,0.49009933665337763,-0.49009933665337757,0.98019867330675481,0.49009933665337757,-0.49009933665337757,5.5511151231257827e-17
0.10000000000000001,4,5,0.78539816339744828,0.98174770424681035,0.38506857791742183,-0.57629585273261852,1.1525917054652368,0.38506857791742188,-0.57629585273261852,5.5511151231257827e-17
0.10000000000000001,4,6,0.78539816339744828,1.1780972450961724,0.26523984968104608,-0.64034564238178249,1.2806912847635648,0.26523984968104608,-0.64034564238178249,0
0.10000000000000001,4,7,0.78539816339744828,1.3744467859455345,0.13521810276964902,-0.67978730810418797,1.3595746162083755,0.13521810276964905,-0.67978730810418797,2.7755575615628914e-17
0.10000000000000001,4,8,0.78539816339744828,1.5707963267948966,7.2982487711560847e-17,-0.69310512880526398,1.3862102576105275,4.2440448873199019e-17,-0.69310512880526398,3.0542038838361828e-17
0.10000000000000001,4,9,0.78539816339744828,1.7671458676442586,-0.13521810276964888,-0.67978730810418797,1.3595746162083755,-0.13521810276964893,-0.67978730810418797,5.5511151231257827e-17
0.10000000000000001,4,10,0.78539816339744828,1.9634954084936207,-0.26523984968104586,-0.6403456423817826,1.2806912847635645,-0.26523984968104602,-0.64034564238178249,2.0014830212433605e-16
0.10000000000000001,4,11,0.78539816339744828,2.1598449493429825,-0.38506857791742166,-0.57629585273261863,1.1525917054652373,-0.38506857791742166,-0.57629585273261863,0
0.10000000000000001,4,12,0.78539816339744828,2.3561944901923448,-0.49009933665337746,-0.49009933665337774,0.98019867330675559,-0.49009933665337752,-0.49009933665337768,7.8504622934188758e-17
0.10000000000000001,4,13,0.78539816339744828,2.5525440310417071,-0.5762958527326183,-0.38506857791742194,0.77013715583484366,-0.57629585273261852,-0.38506857791742188,2.2887833992611187e-16
0.10000000000000001,4,14,0.78539816339744828,2.748893571891069,-0.64034564238178227,-0.26523984968104619,0.53047969936209172,-0.64034564238178238,-0.26523984968104614,1.2412670766236366e-16
0.10000000000000001,4,15,0.78539816339744828,2.9452431127404308,-0.67978730810418775,-0.1352181027696491,0.27043620553929798,-0.67978730810418786,-0.13521810276964924,1.7772239894833365e-16
0.10000000000000001,4,16,0.78539816339744828,3.1415926535897931,-0.69310512880526365,-9.9977502239993029e-17,2.6674627179330027e-16,-0.69310512880526387,-8.4880897746398051e-17,2.2255721521341263e-16
0.10000000000000001,4,17,0.78539816339744828,3.3379421944391554,-0.67978730810418775,0.13521810276964891,-0.2704362055392977,-0.67978730810418786,0.13521810276964907,2.0014830212433605e-16
0.10000000000000001,4,18,0.78539816339744828,3.5342917352885173,-0.64034564238178227,0.26523984968104602,-0.53047969936209161,-0.64034564238178249,0.26523984968104602,2.2204460492503131e-16
0.10000000000000001,4,19,0.78539816339744828,3.7306412761378791,-0.57629585273261841,0.38506857791742177,-0.77013715583484332,-0.57629585273261863,0.38506857791742172,2.2887833992611187e-16
0.10000000000000001,4,20,0.78539816339744828,3.9269908169872414,-0.49009933665337763,0.49009933665337757,-0.98019867330675514,-0.49009933665337768,0.49009933665337757,5.5511151231257827e-17
0.10000000000000001,4,21,0.78539816339744828,4.1233403578366037,-0.38506857791742183,0.57629585273261852,-1.1525917054652368,-0.38506857791742183,0.57629585273261852,0
0.10000000000000001,4,22,0.78539816339744828,4.3196898986859651,-0.26523984968104614,0.64034564238178238,-1.2806912847635639,-0.26523984968104641,0.64034564238178227,2.9893669801409083e-16
0.10000000000000001,4,23,0.78539816339744828,4.5160394395353274,-0.13521810276964918,0.67978730810418797,-1.3595746162083753,-0.13521810276964927,0.67978730810418786,1.3877787807814457e-16
0.10000000000000001,4,24,0.78539816339744828,4.7123889803846897,-1.6405471184757741e-16,0.69310512880526398,-1.3862102576105284,-1.2732134661959703e-16,0.69310512880526398,3.6733365227980375e-17
0.10000000000000001,4,25,0.78539816339744828,4.908738521234052,0.13521810276964899,0.67978730810418797,-1.3595746162083759,0.13521810276964902,0.67978730810418797,2.7755575615628914e-17
0.10000000000000001,4,26,0.78539816339744828,5.1050880620834143,0.26523984968104608,0.64034564238178249,-1.2806912847635641,0.26523984968104619,0.64034564238178238,1.5700924586837752e-16
0.10000000000000001,4,27,0.78539816339744828,5.3014376029327757,0.38506857791742166,0.57629585273261863,-1.1525917054652364,0.38506857791742161,0.57629585273261863,5.5511151231257827e-17
0.10000000000000001,4,28,0.78539816339744828,5.497787143782138,0.49009933665337746,0.49009933665337774,-0.98019867330675536,0.49009933665337746,0.49009933665337774,0
0.10000000000000001,4,29,0.78539816339744828,5.6941366846315002,0.5762958527326183,0.38506857791742194,-0.77013715583484377,0.57629585273261841,0.38506857791742188,1.2412670766236366e-16
0.10000000000000001,4,30,0.78539816339744828,5.8904862254808616,0.64034564238178215,0.26523984968104619,-0.53047969936209183,0.64034564238178227,0.26523984968104652,3.5108334685767012e-16
0.10000000000000001,4,31,0.78539816339744828,6.0868357663302239,0.67978730810418764,0.1352181027696491,-0.27043620553929826,0.67978730810418775,0.13521810276964932,2.4825341532472731e-16
0.10000000000000001,5,0,0.98174770424681035,0,0.81500541087383682,8.8318967546319952e-17,-5.8502534099072175e-16,0.81500541087383693,-0,1.4186680962270995e-16
0.10000000000000001,5,1,0.98174770424681035,0.19634954084936207,0.799345310434046,-0.10624018162878218,0.31799933610452741,0.79934531043404622,-0.10624018162878228,2.4236514457283391e-16
0.10000000000000001,5,2,0.98174770424681035,0.39269908169872414,0.75296681799228948,-0.20839761265775067,0.62377813605864008,0.75296681799228959,-0.20839761265775075,1.3877787807814457e-16
0.10000000000000001,5,3,0.98174770424681035,0.58904862254808621,0.67765223300374566,-0.30254644030300931,0.90558549206282823,0.67765223300374577,-0.30254644030300942,1.5700924586837752e-16
0.10000000000000001,5,4,0.98174770424681035,0.78539816339744828,0.57629585273261852,-0.38506857791742188,1.1525917054652368,0.57629585273261852,-0.38506857791742188,0
0.10000000000000001,5,5,0.98174770424681035,0.98174770424681035,0.45279274603141417,-0.45279274603141417,1.3553044660074915,0.45279274603141428,-0.45279274603141428,1.5700924586837752e-16
0.10000000000000001,5,6,0.98174770424681035,1.1780972450961724,0.3118890680293202,-0.50311634284451678,1.5059336359845792,0.3118890680293202,-0.50311634284451678,0
0.10000000000000001,5,7,0.98174770424681035,1.3744467859455345,0.15899966805226379,-0.53410546075300014,1.598690620868092,0.15899966805226382,-0.53410546075300025,1.1443916996305594e-16
0.10000000000000001,5,8,0.98174770424681035,1.5707963267948966,7.6418242555552276e-17,-0.5445692053345389,1.6300108217476739,4.9904688385720891e-17,-0.54456920533453901,1.1414429551578517e-16
0.10000000000000001,5,9,0.98174770424681035,1.7671458676442586,-0.15899966805226365,-0.53410546075300014,1.598690620868092,-0.1589996680522637,-0.53410546075300025,1.2412670766236366e-16
0.10000000000000001,5,10,0.98174770424681035,1.9634954084936207,-0.31188906802932004,-0.50311634284451678,1.5059336359845787,-0.31188906802932015,-0.50311634284451678,1.1102230246251565e-16
0.10000000000000001,5,11,0.98174770424681035,2.1598449493429825,-0.45279274603141395,-0.45279274603141417,1.355304466007492,-0.45279274603141401,-0.45279274603141439,2.2887833992611187e-16
0.10000000000000001,5,12,0.98174770424681035,2.3561944901923448,-0.5762958527326183,-0.38506857791742194,1.1525917054652375,-0.57629585273261841,-0.38506857791742199,1.2412670766236366e-16
0.10000000000000001,5,13,0.98174770424681035,2.5525440310417071,-0.67765223300374555,-0.30254644030300942,0.90558549206282857,-0.67765223300374589,-0.30254644030300942,3.3306690738754696e-16
0.10000000000000001,5,14,0.98174770424681035,2.748893571891069,-0.75296681799228948,-0.20839761265775078,0.62377813605864008,-0.75296681799228959,-0.20839761265775081,1.1443916996305594e-16
0.10000000000000001,5,15,0.98174770424681035,2.9452431127404308,-0.79934531043404589,-0.10624018162878235,0.31799933610452769,-0.79934531043404622,-0.10624018162878247,3.5571561302006606e-16
0.10000000000000001,5,16,0.98174770424681035,3.1415926535897931,-0.8150054108738366,-7.1212788783333212e-17,2.205326308211e-16,-0.81500541087383693,-6.6690493422716096e-17,3.3309760724453343e-16
0.10000000000000001,5,17,0.98174770424681035,3.3379421944391554,-0.79934531043404589,0.10624018162878218,-0.31799933610452724,-0.79934531043404622,0.10624018162878233,3.6638411145107034e-16
0.10000000000000001,5,18,0.98174770424681035,3.5342917352885173,-0.75296681799228959,0.20839761265775061,-0.62377813605863952,-0.75296681799228971,0.2083976126577507,1.3877787807814457e-16
0.10000000000000001,5,19,0.98174770424681035,3.7306412761378791,-0.67765223300374566,0.30254644030300931,-0.90558549206282801,-0.677652233003746,0.30254644030300931,3.3306690738754696e-16
0.10000000000000001,5,20,0.98174770424681035,3.9269908169872414,-0.57629585273261841,0.38506857791742183,-1.152591705465237,-0.57629585273261863,0.38506857791742188,2.2887833992611187e-16
0.10000000000000001,5,21,0.98174770424681035,4.1233403578366037,-0.45279274603141417,0.45279274603141406,-1.3553044660074913,-0.45279274603141417,0.45279274603141428,2.2204460492503131e-16
0.10000000000000001,5,22,0.98174770424681035,4.3196898986859651,-0.31188906802932026,0.50311634284451667,-1.5059336359845781,-0.31188906802932065,0.50311634284451667,3.8857805861880479e-16
0.10000000000000001,5,23,0.98174770424681035,4.5160394395353274,-0.15899966805226406,0.53410546075300014,-1.598690620868092,-0.15899966805226409,0.53410546075300014,2.7755575615628914e-17
0.10000000000000001,5,24,0.98174770424681035,4.7123889803846897,-1.8246463743010371e-16,0.5445692053345389,-1.630010821747675,-1.4971406515716267e-16,0.54456920533453901,1.1575211284587182e-16
0.10000000000000001,5,25,0.98174770424681035,4.908738521234052,0.15899966805226376,0.53410546075300014,-1.5986906208680924,0.15899966805226382,0.53410546075300025,1.2412670766236366e-16
0.10000000000000001,5,26,0.98174770424681035,5.1050880620834143,0.3118890680293202,0.50311634284451678,-1.505933635984579,0.31188906802932037,0.50311634284451678,1.6653345369377348e-16
0.10000000000000001,5,27,0.98174770424681035,5.3014376029327757,0.45279274603141395,0.45279274603141417,-1.3553044660074911,0.45279274603141395,0.45279274603141439,2.2204460492503131e-16
0.10000000000000001,5,28,0.98174770424681035,5.497787143782138,0.57629585273261819,0.38506857791742194,-1.152591705465237,0.5762958527326183,0.38506857791742205,1.5700924586837752e-16
0.10000000000000001,5,29,0.98174770424681035,5.6941366846315002,0.67765223300374544,0.30254644030300942,-0.90558549206282868,0.67765223300374577,0.30254644030300942,3.3306690738754696e-16
0.10000000000000001,5,30,0.98174770424681035,5.8904862254808616,0.75296681799228937,0.20839761265775081,-0.62377813605864008,0.75296681799228948,0.20839761265775109,2.9893669801409083e-16
0.10000000000000001,5,31,0.98174770424681035,6.0868357663302239,0.79934531043404589,0.10624018162878236,-0.31799933610452807,0.79934531043404611,0.10624018162878254,2.8609792490763985e-16
0.10000000000000001,6,0,1.1780972450961724,0,0.90558549206282835,5.3130816904869923e-17,-5.6384988824322757e-16,0.90558549206282857,-0,2.2831270284697708e-16
0.10000000000000001,6,1,1.1780972450961724,0.19634954084936207,0.88818492076193845,-0.073179509888101665,0.35334193051934226,0.88818492076193867,-0.073179509888101721,2.2887833992611187e-16
0.10000000000000001,6,2,1.1780972450961724,0.39269908169872414,0.83665190105600951,-0.14354677225074561,0.69310512880526354,0.83665190105600962,-0.14354677225074566,1.2412670766236366e-16
0.10000000000000001,6,3,1.1780972450961724,0.58904862254808621,0.75296681799228959,-0.20839761265775067,1.0062326856890331,0.75296681799228971,-0.20839761265775075,1.3877787807814457e-16
0.10000000000000001,6,4,1.1780972450961724,0.78539816339744828,0.64034564238178249,-0.26523984968104608,1.2806912847635645,0.64034564238178249,-0.26523984968104608,0
0.10000000000000001,6,5,1.1780972450961724,0.98174770424681035,0.50311634284451667,-0.3118890680293202,1.5059336359845792,0.5031163428445169,-0.31188906802932026,2.2887833992611187e-16
0.10000000000000001,6,6,1.1780972450961724,1.1780972450961724,0.34655256440263199,-0.34655256440263205,1.6733038021120186,0.34655256440263205,-0.34655256440263205,5.5511151231257827e-17
0.10000000000000001,6,7,1.1780972450961724,1.3744467859455345,0.17667096525967119,-0.36789824007486777,1.7763698415238767,0.17667096525967124,-0.36789824007486782,7.8504622934188758e-17
0.10000000000000001,6,8,1.1780972450961724,1.5707963267948966,8.6230249591338154e-17,-0.37510579270073641,1.8111709841256567,5.5451118710451194e-17,-0.37510579270073646,6.3473166053083772e-17
0.10000000000000001,6,9,1.1780972450961724,1.7671458676442586,-0.17667096525967105,-0.36789824007486777,1.7763698415238767,-0.17667096525967113,-0.36789824007486782,1.0007415106216802e-16
0.10000000000000001,6,10,1.1780972450961724,1.9634954084936207,-0.34655256440263177,-0.34655256440263205,1.6733038021120183,-0.34655256440263194,-0.34655256440263205,1.6653345369377348e-16
0.10000000000000001,6,11,1.1780972450961724,2.1598449493429825,-0.50311634284451656,-0.3118890680293202,1.5059336359845794,-0.50311634284451656,-0.31188906802932032,1.1102230246251565e-16
0.10000000000000001,6,12,1.1780972450961724,2.3561944901923448,-0.64034564238178227,-0.26523984968104608,1.2806912847635656,-0.64034564238178249,-0.26523984968104614,2.2887833992611187e-16
0.10000000000000001,6,13,1.1780972450961724,2.5525440310417071,-0.75296681799228948,-0.20839761265775072,1.0062326856890331,-0.75296681799228982,-0.20839761265775075,3.3422138886441676e-16
0.10000000000000001,6,14,1.1780972450961724,2.748893571891069,-0.83665190105600928,-0.14354677225074569,0.69310512880526354,-0.83665190105600962,-0.14354677225074572,3.3422138886441676e-16
0.10000000000000001,6,15,1.1780972450961724,2.9452431127404308,-0.88818492076193833,-0.073179509888101776,0.35334193051934237,-0.88818492076193867,-0.07317950988810186,3.4331750988916778e-16
0.10000000000000001,6,16,1.1780972450961724,3.1415926535897931,-0.90558549206282812,-4.7388040905715543e-17,8.8381955471167784e-17,-0.90558549206282857,-4.5937210837258752e-17,4.4409157975933352e-16
0.10000000000000001,6,17,1.1780972450961724,3.3379421944391554,-0.88818492076193833,0.073179509888101665,-0.35334193051934193,-0.88818492076193867,0.073179509888101762,3.4694469519536142e-16
0.10000000000000001,6,18,1.1780972450961724,3.5342917352885173,-0.83665190105600939,0.14354677225074561,-0.69310512880526309,-0.83665190105600973,0.14354677225074564,3.3422138886441676e-16
0.10000000000000001,6,19,1.1780972450961724,3.7306412761378791,-0.75296681799228948,0.20839761265775064,-1.0062326856890333,-0.75296681799228993,0.20839761265775067,4.4495572620543707e-16
0.10000000000000001,6,20,1.1780972450961724,3.9269908169872414,-0.64034564238178238,0.26523984968104597,-1.280691284763565,-0.6403456423817826,0.26523984968104608,2.4825341532472731e-16
0.10000000000000001,6,21,1.1780972450961724,4.1233403578366037,-0.50311634284451667,0.31188906802932009,-1.5059336359845785,-0.50311634284451678,0.31188906802932026,2.0014830212433605e-16
0.10000000000000001,6,22,1.1780972450961724,4.3196898986859651,-0.34655256440263221,0.34655256440263188,-1.6733038021120177,-0.34655256440263249,0.34655256440263194,2.8305244335018379e-16
0.10000000000000001,6,23,1.1780972450961724,4.5160394395353274,-0.17667096525967146,0.36789824007486777,-1.7763698415238767,-0.17667096525967155,0.36789824007486782,1.0007415106216802e-16
0.10000000000000001,6,24,1.1780972450961724,4.7123889803846897,-1.8907967125297969e-16,0.37510579270073646,-1.8111709841256578,-1.6635335613135356e-16,0.37510579270073646,2.272631512162613e-17
0.10000000000000001,6,25,1.1780972450961724,4.908738521234052,0.17667096525967116,0.36789824007486782,-1.7763698415238773,0.17667096525967121,0.36789824007486782,5.5511151231257827e-17
0.10000000000000001,6,26,1.1780972450961724,5.1050880620834143,0.34655256440263199,0.34655256440263205,-1.6733038021120186,0.34655256440263221,0.34655256440263199,2.2887833992611187e-16
0.10000000000000001,6,27,1.1780972450961724,5.3014376029327757,0.50311634284451656,0.31188906802932026,-1.5059336359845785,0.50311634284451645,0.31188906802932032,1.2412670766236366e-16
0.10000000000000001,6,28,1.1780972450961724,5.497787143782138,0.64034564238178227,0.26523984968104614,-1.280691284763565,0.64034564238178238,0.26523984968104619,1.2412670766236366e-16
0.10000000000000001,6,29,1.1780972450961724,5.6941366846315002,0.75296681799228948,0.20839761265775075,-1.0062326856890336,0.75296681799228971,0.20839761265775075,2.2204460492503131e-16
0.10000000000000001,6,30,1.1780972450961724,5.8904862254808616,0.83665190105600928,0.14354677225074569,-0.69310512880526387,0.83665190105600939,0.14354677225074591,2.4825341532472731e-16
0.10000000000000001,6,31,1.1780972450961724,6.0868357663302239,0.88818492076193833,0.073179509888101776,-0.35334193051934293,0.88818492076193867,0.073179509888101901,3.5571561302006606e-16
0.10000000000000001,7,0,1.3744467859455345,0,0.96136443065004029,2.266239640909492e-17,-5.0983411849412882e-16,0.9613644306500404,-0,1.133116757226777e-16
0.10000000000000001,7,1,1.3744467859455345,0.19634954084936207,0.94289208268479174,-0.037306590621963343,0.37510579270073624,0.94289208268479185,-0.03730659062196337,1.1443916996305594e-16
0.10000000000000001,7,2,1.3744467859455345,0.39269908169872414,0.88818492076193867,-0.073179509888101721,0.7357964801497352,0.88818492076193867,-0.073179509888101749,2.7755575615628914e-17
0.10000000000000001,7,3,1.3744467859455345,0.58904862254808621,0.79934531043404622,-0.10624018162878227,1.0682109215059998,0.79934531043404622,-0.10624018162878231,4.163336342344337e-17
0.10000000000000001,7,4,1.3744467859455345,0.78539816339744828,0.67978730810418797,-0.13521810276964902,1.3595746162083757,0.67978730810418797,-0.13521810276964905,2.7755575615628914e-17
0.10000000000000001,7,5,1.3744467859455345,0.98174770424681035,0.53410546075300014,-0.15899966805226382,1.598690620868092,0.53410546075300025,-0.15899966805226384,1.1443916996305594e-16
0.10000000000000001,7,6,1.3744467859455345,1.1780972450961724,0.36789824007486777,-0.17667096525967124,1.7763698415238767,0.36789824007486782,-0.17667096525967124,5.5511151231257827e-17
0.10000000000000001,7,7,1.3744467859455345,1.3744467859455345,0.1875528963503682,-0.18755289635036823,1.8857841653695828,0.18755289635036826,-0.18755289635036826,6.2063353831181828e-17
0.10000000000000001,7,8,1.3744467859455345,1.5707963267948966,9.8384216224445641e-17,-0.19122727481519664,1.9227288613000804,5.8866593640484479e-17,-0.19122727481519666,4.8290935717205682e-17
0.10000000000000001,7,9,1.3744467859455345,1.7671458676442586,-0.18755289635036804,-0.18755289635036823,1.8857841653695828,-0.18755289635036812,-0.18755289635036826,8.7770836714417531e-17
0.10000000000000001,7,10,1.3744467859455345,1.9634954084936207,-0.36789824007486754,-0.17667096525967127,1.7763698415238771,-0.36789824007486771,-0.17667096525967124,1.6883057536160649e-16
0.10000000000000001,7,11,1.3744467859455345,2.1598449493429825,-0.53410546075299992,-0.15899966805226387,1.5986906208680927,-0.53410546075299992,-0.15899966805226387,0
0.10000000000000001,7,12,1.3744467859455345,2.3561944901923448,-0.67978730810418775,-0.13521810276964907,1.3595746162083762,-0.67978730810418786,-0.13521810276964907,1.1102230246251565e-16
0.10000000000000001,7,13,1.3744467859455345,2.5525440310417071,-0.799345310434046,-0.10624018162878233,1.0682109215060003,-0.79934531043404633,-0.10624018162878231,3.3422138886441676e-16
0.10000000000000001,7,14,1.3744467859455345,2.748893571891069,-0.88818492076193845,-0.073179509888101762,0.73579648014973509,-0.88818492076193867,-0.073179509888101776,2.2247786310271853e-16
0.10000000000000001,7,15,1.3744467859455345,2.9452431127404308,-0.94289208268479152,-0.037306590621963398,0.37510579270073635,-0.94289208268479185,-0.03730659062196344,3.3565890684838572e-16
0.10000000000000001,7,16,1.3744467859455345,3.1415926535897931,-0.96136443065003996,-2.7533039654193792e-17,4.5549053687630703e-17,-0.9613644306500404,-2.3418587001210185e-17,4.4410826948604169e-16
0.10000000000000001,7,17,1.3744467859455345,3.3379421944391554,-0.94289208268479152,0.037306590621963343,-0.37510579270073596,-0.94289208268479185,0.037306590621963391,3.3659000130511772e-16
0.10000000000000001,7,18,1.3744467859455345,3.5342917352885173,-0.88818492076193856,0.073179509888101721,-0.73579648014973453,-0.88818492076193878,0.073179509888101721,2.2204460492503131e-16
0.10000000000000001,7,19,1.3744467859455345,3.7306412761378791,-0.79934531043404622,0.10624018162878227,-1.0682109215060001,-0.79934531043404644,0.10624018162878227,2.2204460492503131e-16
0.10000000000000001,7,20,1.3744467859455345,3.9269908169872414,-0.67978730810418797,0.13521810276964902,-1.3595746162083759,-0.67978730810418808,0.13521810276964905,1.1443916996305594e-16
0.10000000000000001,7,21,1.3744467859455345,4.1233403578366037,-0.53410546075300014,0.15899966805226379,-1.5986906208680918,-0.53410546075300014,0.15899966805226384,5.5511151231257827e-17
0.10000000000000001,7,22,1.3744467859455345,4.3196898986859651,-0.36789824007486799,0.17667096525967121,-1.7763698415238758,-0.36789824007486832,0.17667096525967121,3.3306690738754696e-16
0.10000000000000001,7,23,1.3744467859455345,4.5160394395353274,-0.18755289635036848,0.18755289635036823,-1.885784165369583,-0.18755289635036856,0.18755289635036823,8.3266726846886741e-17
0.10000000000000001,7,24,1.3744467859455345,4.7123889803846897,-1.8230720231856747e-16,0.19122727481519664,-1.9227288613000819,-1.7659978092145343e-16,0.19122727481519666,2.8336313041027932e-17
0.10000000000000001,7,25,1.3744467859455345,4.908738521234052,0.18755289635036815,0.1875528963503682,-1.8857841653695837,0.18755289635036823,0.18755289635036826,1.0007415106216802e-16
0.10000000000000001,7,26,1.3744467859455345,5.1050880620834143,0.36789824007486771,0.17667096525967124,-1.7763698415238764,0.36789824007486799,0.17667096525967121,2.7894008272968645e-16
0.10000000000000001,7,27,1.3744467859455345,5.3014376029327757,0.53410546075299992,0.15899966805226387,-1.5986906208680918,0.53410546075299981,0.15899966805226387,1.1102230246251565e-16
0.10000000000000001,7,28,1.3744467859455345,5.497787143782138,0.67978730810418775,0.13521810276964907,-1.3595746162083759,0.67978730810418775,0.1352181027696491,2.7755575615628914e-17
0.10000000000000001,7,29,1.3744467859455345,5.6941366846315002,0.799345310434046,0.10624018162878232,-1.0682109215060003,0.79934531043404622,0.10624018162878231,2.2247786310271853e-16
0.10000000000000001,7,30,1.3744467859455345,5.8904862254808616,0.88818492076193845,0.073179509888101776,-0.73579648014973542,0.88818492076193845,0.07317950988810186,8.3266726846886741e-17
0.10000000000000001,7,31,1.3744467859455345,6.0868357663302239,0.94289208268479152,0.037306590621963391,-0.37510579270073691,0.94289208268479174,0.03730659062196346,2.3263411494723067e-16
0.10000000000000001,8,0,1.5707963267948966,0,0.98019867330675514,-3.1414060314130524e-18,-4.5401523916426192e-16,0.98019867330675525,-0,1.110667370364886e-16
0.10000000000000001,8,1,1.5707963267948966,0.19634954084936207,0.96136443065004029,-2.0561779964535684e-17,0.3824545496303931,0.9613644306500404,-1.1709293500605089e-17,1.1137467468267813e-16
0.10000000000000001,8,2,1.5707963267948966,0.39269908169872414,0.90558549206282846,-3.5211440729627518e-17,0.75021158540147248,0.90558549206282857,-2.2968605418629376e-17,1.1169529381549848e-16
0.10000000000000001,8,3,1.5707963267948966,0.58904862254808621,0.81500541087383693,-4.7252075440345818e-17,1.0891384106690776,0.81500541087383693,-3.3345246711358042e-17,1.3906828728987776e-17
0.10000000000000001,8,4,1.5707963267948966,0.78539816339744828,0.69310512880526398,-6.1547713662546537e-17,1.3862102576105277,0.69310512880526398,-4.2440448873199025e-17,1.9107264789347511e-17
0.10000000000000001,8,5,1.5707963267948966,0.98174770424681035,0.5445692053345389,-7.8539596672948676e-17,1.6300108217476739,0.54456920533453901,-4.9904688385720897e-17,1.1465561310592803e-16
0.10000000000000001,8,6,1.5707963267948966,1.1780972450961724,0.37510579270073646,-8.7960808934989811e-17,1.8111709841256567,0.37510579270073646,-5.5451118710451194e-17,3.2509690224538617e-17
0.10000000000000001,8,7,1.5707963267948966,1.3744467859455345,0.19122727481519664,-8.8858223128242615e-17,1.9227288613000799,0.19122727481519666,-5.8866593640484479e-17,4.0864040635818894e-17
0.10000000000000001,8,8,1.5707963267948966,1.5707963267948966,1.0217750087387242e-16,-8.9670716755957751e-17,1.9603973466135098,6.0019858389680004e-17,-6.0019858389680004e-17,5.1540665708565008e-17
0.10000000000000001,8,9,1.5707963267948966,1.7671458676442586,-0.19122727481519644,-8.5081812523140335e-17,1.9227288613000799,-0.19122727481519652,-5.8866593640484479e-17,8.7295964974674553e-17
0.10000000000000001,8,10,1.5707963267948966,1.9634954084936207,-0.37510579270073618,-6.974888975690926e-17,1.8111709841256565,-0.37510579270073635,-5.5451118710451194e-17,1.6714609614368243e-16
0.10000000000000001,8,11,1.5707963267948966,2.1598449493429825,-0.54456920533453868,-5.7900386769903013e-17,1.6300108217476741,-0.54456920533453868,-4.9904688385720916e-17,7.9956983841820979e-18
0.10000000000000001,8,12,1.5707963267948966,2.3561944901923448,-0.69310512880526376,-5.705231535102295e-17,1.3862102576105282,-0.69310512880526387,-4.2440448873199031e-17,1.1197972265568471e-16
0.10000000000000001,8,13,1.5707963267948966,2.5525440310417071,-0.81500541087383671,-5.3777184595398613e-17,1.0891384106690778,-0.81500541087383704,-3.3345246711358042e-17,3.336930159329111e-16
0.10000000000000001,8,14,1.5707963267948966,2.748893571891069,-0.90558549206282835,-4.0447619837670292e-17,0.75021158540147248,-0.90558549206282857,-2.2968605418629382e-17,2.2273150320817725e-16
0.10000000000000001,8,15,1.5707963267948966,2.9452431127404308,-0.96136443065004018,-2.2650505845355777e-17,0.38245454963039316,-0.9613644306500404,-1.1709293500605111e-17,2.2231400474078585e-16
0.10000000000000001,8,16,1.5707963267948966,3.1415926535897931,-0.98019867330675492,-2.9389300305331924e-18,6.2934438111226029e-17,-0.98019867330675525,-7.3503127462199032e-33,3.3307987346345195e-16
0.10000000000000001,8,17,1.5707963267948966,3.3379421944391554,-0.96136443065004018,1.8973300390102694e-17,-0.38245454963039272,-0.9613644306500404,1.1709293500605095e-17,2.2216339116155905e-16
0.10000000000000001,8,18,1.5707963267948966,3.5342917352885173,-0.90558549206282835,3.8290374746866765e-17,-0.75021158540147159,-0.90558549206282868,2.2968605418629367e-17,3.3341913774115079e-16
0.10000000000000001,8,19,1.5707963267948966,3.7306412761378791,-0.81500541087383693,4.7259282597799606e-17,-1.0891384106690774,-0.81500541087383715,3.3345246711358029e-17,2.2248012713715001e-16
0.10000000000000001,8,20,1.5707963267948966,3.9269908169872414,-0.69310512880526398,4.7516284719011292e-17,-1.3862102576105282,-0.69310512880526409,4.2440448873199025e-17,1.1113827312682136e-16
0.10000000000000001,8,21,1.5707963267948966,4.1233403578366037,-0.5445692053345389,5.782659985320778e-17,-1.630010821747673,-0.5445692053345389,4.9904688385720897e-17,7.9219114674868828e-18
0.10000000000000001,8,22,1.5707963267948966,4.3196898986859651,-0.37510579270073663,8.6222655287380587e-17,-1.8111709841256554,-0.37510579270073696,5.5451118710451182e-17,3.3448535432812316e-16
0.10000000000000001,8,23,1.5707963267948966,4.5160394395353274,-0.19122727481519688,1.0394632539054843e-16,-1.9227288613000804,-0.191227274815197,5.8866593640484479e-17,1.1982543076799697e-16
0.10000000000000001,8,24,1.5707963267948966,4.7123889803846897,-1.6450053253896639e-16,8.995098629320301e-17,-1.9603973466135114,-1.8005957516903999e-16,6.0019858389680004e-17,3.3733606761529384e-17
0.10000000000000001,8,25,1.5707963267948966,4.908738521234052,0.19122727481519658,7.2136681038310094e-17,-1.9227288613000806,0.19122727481519664,5.8866593640484479e-17,5.707524095932936e-17
0.10000000000000001,8,26,1.5707963267948966,5.1050880620834143,0.37510579270073635,7.4896512497048249e-17,-1.8111709841256562,0.37510579270073663,5.5451118710451188e-17,2.782360888076981e-16
0.10000000000000001,8,27,1.5707963267948966,5.3014376029327757,0.54456920533453868,7.7298746996120863e-17,-1.6300108217476734,0.54456920533453856,4.9904688385720916e-17,1.1435202705342979e-16
0.10000000000000001,8,28,1.5707963267948966,5.497787143782138,0.69310512880526376,6.2435386280904577e-17,-1.386210257610528,0.69310512880526376,4.2440448873199038e-17,1.999493740770554e-17
0.10000000000000001,8,29,1.5707963267948966,5.6941366846315002,0.81500541087383671,4.4730842916943062e-17,-1.0891384106690778,0.81500541087383693,3.3345246711358042e-17,2.2233631816972654e-16
0.10000000000000001,8,30,1.5707963267948966,5.8904862254808616,0.90558549206282823,3.172819149047486e-17,-0.7502115854014727,0.90558549206282835,2.296860541862941e-17,1.1136732910610893e-16
0.10000000000000001,8,31,1.5707963267948966,6.0868357663302239,0.96136443065004007,1.5770335981057019e-17,-0.38245454963039371,0.96136443065004029,1.1709293500605117e-17,2.2208173865120309e-16
0.10000000000000001,9,0,1.7671458676442586,0,0.96136443065004029,-2.5371804399158466e-17,-4.2893318605685556e-16,0.9613644306500404,0,1.1388450334680073e-16
0.10000000000000001,9,1,1.7671458676442586,0.19634954084936207,0.94289208268479174,0.037306590621963301,0.37510579270073624,0.94289208268479185,0.037306590621963343,1.1857187100668868e-16
0.10000000000000001,9,2,1.7671458676442586,0.39269908169872414,0.88818492076193867,0.073179509888101651,0.73579648014973509,0.88818492076193867,0.073179509888101693,4.163336342344337e-17
0.10000000000000001,9,3,1.7671458676442586,0.58904862254808621,0.79934531043404622,0.10624018162878218,1.0682109215059998,0.79934531043404622,0.10624018162878224,5.5511151231257827e-17
0.10000000000000001,9,4,1.7671458676442586,0.78539816339744828,0.67978730810418797,0.13521810276964891,1.3595746162083755,0.67978730810418797,0.13521810276964893,2.7755575615628914e-17
0.10000000000000001,9,5,1.7671458676442586,0.98174770424681035,0.53410546075300014,0.15899966805226368,1.5986906208680922,0.53410546075300025,0.15899966805226373,1.2412670766236366e-16
0.10000000000000001,9,6,1.7671458676442586,1.1780972450961724,0.36789824007486782,0.17667096525967108,1.7763698415238769,0.36789824007486782,0.17667096525967113,5.5511151231257827e-17
0.10000000000000001,9,7,1.7671458676442586,1.3744467859455345,0.18755289635036823,0.18755289635036804,1.8857841653695826,0.18755289635036826,0.18755289635036812,8.7770836714417531e-17
0.10000000000000001,9,8,1.7671458676442586,1.5707963267948966,1.0210266829630708e-16,0.19122727481519641,1.9227288613000799,5.8866593640484479e-17,0.19122727481519652,1.1914407159285005e-16
0.10000000000000001,9,9,1.7671458676442586,1.7671458676442586,-0.18755289635036804,0.18755289635036801,1.8857841653695826,-0.18755289635036812,0.18755289635036812,1.3877787807814457e-16
0.10000000000000001,9,10,1.7671458676442586,1.9634954084936207,-0.36789824007486754,0.17667096525967108,1.7763698415238764,-0.36789824007486771,0.17667096525967113,1.7554167342883506e-16
0.10000000000000001,9,11,1.7671458676442586,2.1598449493429825,-0.53410546075299992,0.1589996680522637,1.5986906208680922,-0.53410546075299992,0.15899966805226376,5.5511151231257827e-17
0.10000000000000001,9,12,1.7671458676442586,2.3561944901923448,-0.67978730810418775,0.13521810276964893,1.3595746162083762,-0.67978730810418786,0.13521810276964896,1.1443916996305594e-16
0.10000000000000001,9,13,1.7671458676442586,2.5525440310417071,-0.799345310434046,0.10624018162878221,1.0682109215060001,-0.79934531043404633,0.10624018162878224,3.3422138886441676e-16
0.10000000000000001,9,14,1.7671458676442586,2.748893571891069,-0.88818492076193856,0.073179509888101679,0.73579648014973509,-0.88818492076193867,0.073179509888101721,1.1857187100668868e-16
0.10000000000000001,9,15,1.7671458676442586,2.9452431127404308,-0.94289208268479163,0.037306590621963343,0.37510579270073635,-0.94289208268479185,0.037306590621963412,2.3263411494723067e-16
0.10000000000000001,9,16,1.7671458676442586,3.1415926535897931,-0.96136443065004007,2.7470291495189863e-17,7.4936580797889951e-17,-0.9613644306500404,2.3418587001210169e-17,3.3309155063737557e-16
0.10000000000000001,9,17,1.7671458676442586,3.3379421944391554,-0.94289208268479163,-0.03730659062196328,-0.3751057927007358,-0.94289208268479185,-0.037306590621963363,2.3714374201337736e-16
0.10000000000000001,9,18,1.7671458676442586,3.5342917352885173,-0.88818492076193856,-0.073179509888101638,-0.73579648014973431,-0.88818492076193878,-0.073179509888101679,2.2591401799415137e-16
0.10000000000000001,9,19,1.7671458676442586,3.7306412761378791,-0.79934531043404622,-0.10624018162878215,-1.0682109215059996,-0.79934531043404644,-0.1062401816287822,2.2591401799415137e-16
0.10000000000000001,9,20,1.7671458676442586,3.9269908169872414,-0.67978730810418797,-0.13521810276964888,-1.3595746162083757,-0.67978730810418808,-0.13521810276964893,1.2412670766236366e-16
0.10000000000000001,9,21,1.7671458676442586,4.1233403578366037,-0.53410546075300014,-0.15899966805226362,-1.5986906208680911,-0.53410546075300014,-0.15899966805226373,1.1102230246251565e-16
0.10000000000000001,9,22,1.7671458676442586,4.3196898986859651,-0.36789824007486799,-0.17667096525967102,-1.7763698415238756,-0.36789824007486832,-0.17667096525967108,3.3766115072321297e-16
0.10000000000000001,9,23,1.7671458676442586,4.5160394395353274,-0.18755289635036848,-0.18755289635036801,-1.8857841653695833,-0.18755289635036856,-0.18755289635036809,1.1775693440128312e-16
0.10000000000000001,9,24,1.7671458676442586,4.7123889803846897,-1.3538568728341997e-16,-0.19122727481519641,-1.9227288613000815,-1.7659978092145343e-16,-0.19122727481519652,1.1842530624187931e-16
0.10000000000000001,9,25,1.7671458676442586,4.908738521234052,0.18755289635036818,-0.18755289635036806,-1.8857841653695833,0.18755289635036823,-0.18755289635036812,7.8504622934188758e-17
0.10000000000000001,9,26,1.7671458676442586,5.1050880620834143,0.36789824007486771,-0.17667096525967105,-1.7763698415238762,0.36789824007486799,-0.1766709652596711,2.8305244335018379e-16
0.10000000000000001,9,27,1.7671458676442586,5.3014376029327757,0.53410546075299992,-0.1589996680522637,-1.5986906208680918,0.53410546075299981,-0.15899966805226376,1.2412670766236366e-16
0.10000000000000001,9,28,1.7671458676442586,5.497787143782138,0.67978730810418775,-0.13521810276964896,-1.3595746162083757,0.67978730810418775,-0.13521810276964899,2.7755575615628914e-17
0.10000000000000001,9,29,1.7671458676442586,5.6941366846315002,0.799345310434046,-0.10624018162878222,-1.0682109215060001,0.79934531043404622,-0.10624018162878224,2.2247786310271853e-16
0.10000000000000001,9,30,1.7671458676442586,5.8904862254808616,0.88818492076193845,-0.073179509888101693,-0.73579648014973542,0.88818492076193845,-0.073179509888101818,1.2490009027033011e-16
0.10000000000000001,9,31,1.7671458676442586,6.0868357663302239,0.94289208268479152,-0.037306590621963349,-0.37510579270073691,0.94289208268479174,-0.037306590621963433,2.3714374201337736e-16
0.10000000000000001,10,0,1.9634954084936207,0,0.90558549206282846,-5.5423505582672781e-17,-4.6001517841902237e-16,0.90558549206282857,0,1.2408753609912186e-16
0.10000000000000001,10,1,1.9634954084936207,0.19634954084936207,0.88818492076193856,0.073179509888101596,0.35334193051934226,0.88818492076193867,0.073179509888101707,1.5700924586837752e-16
0.10000000000000001,10,2,1.9634954084936207,0.39269908169872414,0.83665190105600951,0.1435467722507455,0.69310512880526354,0.83665190105600962,0.14354677225074564,1.7772239894833365e-16
0.10000000000000001,10,3,1.9634954084936207,0.58904862254808621,0.75296681799228959,0.20839761265775056,1.0062326856890329,0.75296681799228971,0.2083976126577507,1.7772239894833365e-16
0.10000000000000001,10,4,1.9634954084936207,0.78539816339744828,0.64034564238178249,0.26523984968104586,1.2806912847635643,0.64034564238178249,0.26523984968104602,1.6653345369377348e-16
0.10000000000000001,10,5,1.9634954084936207,0.98174770424681035,0.50311634284451667,0.31188906802931998,1.5059336359845792,0.5031163428445169,0.31188906802932015,2.7755575615628914e-16
0.10000000000000001,10,6,1.9634954084936207,1.1780972450961724,0.34655256440263205,0.34655256440263177,1.6733038021120186,0.34655256440263205,0.34655256440263194,1.6653345369377348e-16
0.10000000000000001,10,7,1.9634954084936207,1.3744467859455345,0.17667096525967124,0.36789824007486749,1.7763698415238764,0.17667096525967124,0.36789824007486771,2.2204460492503131e-16
0.10000000000000001,10,8,1.9634954084936207,1.5707963267948966,1.0100031130021715e-16,0.37510579270073613,1.8111709841256565,5.5451118710451194e-17,0.37510579270073635,2.2666833815487515e-16
0.10000000000000001,10,9,1.9634954084936207,1.7671458676442586,-0.17667096525967105,0.36789824007486749,1.7763698415238767,-0.17667096525967113,0.36789824007486771,2.3714374201337736e-16
0.10000000000000001,10,10,1.9634954084936207,1.9634954084936207,-0.34655256440263177,0.34655256440263188,1.6733038021120186,-0.34655256440263194,0.34655256440263194,1.7554167342883506e-16
0.10000000000000001,10,11,1.9634954084936207,2.1598449493429825,-0.50311634284451656,0.31188906802932004,1.5059336359845792,-0.50311634284451656,0.31188906802932026,2.2204460492503131e-16
0.10000000000000001,10,12,1.9634954084936207,2.3561944901923448,-0.64034564238178227,0.26523984968104597,1.2806912847635652,-0.64034564238178249,0.26523984968104608,2.4825341532472731e-16
0.10000000000000001,10,13,1.9634954084936207,2.5525440310417071,-0.75296681799228948,0.20839761265775059,1.0062326856890333,-0.75296681799228982,0.2083976126577507,3.5108334685767012e-16
0.10000000000000001,10,14,1.9634954084936207,2.748893571891069,-0.83665190105600939,0.14354677225074555,0.69310512880526376,-0.83665190105600962,0.14354677225074566,2.4825341532472731e-16
0.10000000000000001,10,15,1.9634954084936207,2.9452431127404308,-0.88818492076193856,0.073179509888101721,0.35334193051934254,-0.88818492076193867,0.073179509888101846,1.6711069443220838e-16
0.10000000000000001,10,16,1.9634954084936207,3.1415926535897931,-0.90558549206282823,6.0671429850233151e-17,2.6096474407470022e-18,-0.90558549206282857,4.593721083725874e-17,3.3339265439812422e-16
0.10000000000000001,10,17,1.9634954084936207,3.3379421944391554,-0.88818492076193845,-0.073179509888101596,-0.35334193051934215,-0.88818492076193867,-0.073179509888101749,2.6945789820192466e-16
0.10000000000000001,10,18,1.9634954084936207,3.5342917352885173,-0.83665190105600939,-0.1435467722507455,-0.69310512880526309,-0.83665190105600973,-0.14354677225074558,3.4331750988916778e-16
0.10000000000000001,10,19,1.9634954084936207,3.7306412761378791,-0.75296681799228959,-0.2083976126577505,-1.0062326856890331,-0.75296681799228993,-0.20839761265775061,3.5108334685767012e-16
0.10000000000000001,10,20,1.9634954084936207,3.9269908169872414,-0.64034564238178249,-0.26523984968104586,-1.2806912847635648,-0.6403456423817826,-0.26523984968104602,2.0014830212433605e-16
0.10000000000000001,10,21,1.9634954084936207,4.1233403578366037,-0.50311634284451667,-0.31188906802931993,-1.5059336359845783,-0.50311634284451678,-0.31188906802932015,2.4825341532472731e-16
0.10000000000000001,10,22,1.9634954084936207,4.3196898986859651,-0.34655256440263221,-0.34655256440263166,-1.6733038021120177,-0.34655256440263249,-0.34655256440263182,3.2368285245694688e-16
0.10000000000000001,10,23,1.9634954084936207,4.5160394395353274,-0.17667096525967146,-0.36789824007486749,-1.7763698415238773,-0.17667096525967155,-0.36789824007486771,2.3714374201337736e-16
0.10000000000000001,10,24,1.9634954084936207,4.7123889803846897,-9.7827980072572058e-17,-0.37510579270073618,-1.8111709841256576,-1.6635335613135356e-16,-0.37510579270073635,1.8008086617731941e-16
0.10000000000000001,10,25,1.9634954084936207,4.908738521234052,0.17667096525967119,-0.36789824007486754,-1.7763698415238767,0.17667096525967121,-0.36789824007486771,1.6883057536160649e-16
0.10000000000000001,10,26,1.9634954084936207,5.1050880620834143,0.34655256440263194,-0.34655256440263177,-1.6733038021120183,0.34655256440263221,-0.34655256440263188,2.9893669801409083e-16
0.10000000000000001,10,27,1.9634954084936207,5.3014376029327757,0.50311634284451656,-0.31188906802932004,-1.5059336359845787,0.50311634284451645,-0.31188906802932026,2.4825341532472731e-16
0.10000000000000001,10,28,1.9634954084936207,5.497787143782138,0.64034564238178227,-0.26523984968104591,-1.2806912847635645,0.64034564238178238,-0.26523984968104608,2.0014830212433605e-16
0.10000000000000001,10,29,1.9634954084936207,5.6941366846315002,0.75296681799228948,-0.20839761265775061,-1.0062326856890331,0.75296681799228971,-0.2083976126577507,2.3714374201337736e-16
0.10000000000000001,10,30,1.9634954084936207,5.8904862254808616,0.83665190105600928,-0.14354677225074558,-0.69310512880526387,0.83665190105600939,-0.14354677225074586,2.9893669801409083e-16
0.10000000000000001,10,31,1.9634954084936207,6.0868357663302239,0.88818492076193833,-0.073179509888101707,-0.35334193051934298,0.88818492076193867,-0.073179509888101887,3.7878989011964018e-16
0.10000000000000001,11,0,2.1598449493429825,0,0.81500541087383704,-9.2234440779822468e-17,-3.3711753735471962e-16,0.81500541087383715,0,1.4433691042157196e-16
0.10000000000000001,11,1,2.1598449493429825,0.19634954084936207,0.79934531043404622,0.10624018162878213,0.31799933610452774,0.79934531043404644,0.10624018162878221,2.3714374201337736e-16
0.10000000000000001,11,2,2.1598449493429825,0.39269908169872414,0.75296681799228959,0.20839761265775056,0.62377813605864019,0.75296681799228982,0.20839761265775061,2.2887833992611187e-16
0.10000000000000001,11,3,2.1598449493429825,0.58904862254808621,0.67765223300374589,0.3025464403030092,0.90558549206282801,0.677652233003746,0.30254644030300926,1.2412670766236366e-16
0.10000000000000001,11,4,2.1598449493429825,0.78539816339744828,0.57629585273261852,0.38506857791742166,1.1525917054652368,0.57629585273261863,0.38506857791742166,1.1102230246251565e-16
0.10000000000000001,11,5,2.1598449493429825,0.98174770424681035,0.45279274603141428,0.45279274603141395,1.355304466007492,0.45279274603141439,0.45279274603141401,1.2412670766236366e-16
0.10000000000000001,11,6,2.1598449493429825,1.1780972450961724,0.31188906802932032,0.50311634284451656,1.5059336359845796,0.31188906802932032,0.50311634284451656,0
0.10000000000000001,11,7,2.1598449493429825,1.3744467859455345,0.15899966805226384,0.53410546075299992,1.5986906208680924,0.15899966805226387,0.53410546075299992,2.7755575615628914e-17
0.10000000000000001,11,8,2.1598449493429825,1.5707963267948966,8.9434117167285714e-17,0.54456920533453868,1.6300108217476741,4.9904688385720903e-17,0.54456920533453868,3.9529428781564811e-17
0.10000000000000001,11,9,2.1598449493429825,1.7671458676442586,-0.15899966805226368,0.53410546075299992,1.5986906208680927,-0.15899966805226376,0.53410546075299992,8.3266726846886741e-17
0.10000000000000001,11,10,2.1598449493429825,1.9634954084936207,-0.31188906802932009,0.50311634284451656,1.5059336359845792,-0.3118890680293202,0.50311634284451656,1.1102230246251565e-16
0.10000000000000001,11,11,2.1598449493429825,2.1598449493429825,-0.45279274603141406,0.45279274603141401,1.355304466007492,-0.45279274603141412,0.45279274603141412,1.2412670766236366e-16
0.10000000000000001,11,12,2.1598449493429825,2.3561944901923448,-0.5762958527326183,0.38506857791742183,1.1525917054652377,-0.57629585273261863,0.38506857791742172,3.5108334685767012e-16
0.10000000000000001,11,13,2.1598449493429825,2.5525440310417071,-0.67765223300374555,0.30254644030300931,0.9055854920628289,-0.67765223300374611,0.30254644030300926,5.5788016545937291e-16
0.10000000000000001,11,14,2.1598449493429825,2.748893571891069,-0.75296681799228971,0.20839761265775072,0.62377813605864074,-0.75296681799228982,0.20839761265775067,1.2412670766236366e-16
0.10000000000000001,11,15,2.1598449493429825,2.9452431127404308,-0.79934531043404611,0.10624018162878231,0.31799933610452791,-0.79934531043404644,0.10624018162878242,3.5108334685767012e-16
0.10000000000000001,11,16,2.1598449493429825,3.1415926535897931,-0.81500541087383682,8.2442721107623751e-17,-1.8907236174229553e-16,-0.81500541087383715,6.6690493422716059e-17,3.3343919606690208e-16
0.10000000000000001,11,17,2.1598449493429825,3.3379421944391554,-0.79934531043404611,-0.10624018162878214,-0.31799933610452763,-0.79934531043404644,-0.10624018162878228,3.6082248300317588e-16
0.10000000000000001,11,18,2.1598449493429825,3.5342917352885173,-0.75296681799228959,-0.20839761265775053,-0.62377813605863963,-0.75296681799228993,-0.20839761265775056,3.3422138886441676e-16
0.10000000000000001,11,19,2.1598449493429825,3.7306412761378791,-0.67765223300374589,-0.3025464403030092,-0.90558549206282823,-0.67765223300374611,-0.30254644030300909,2.4825341532472731e-16
0.10000000000000001,11,20,2.1598449493429825,3.9269908169872414,-0.57629585273261852,-0.38506857791742172,-1.1525917054652375,-0.57629585273261874,-0.38506857791742166,2.2887833992611187e-16
0.10000000000000001,11,21,2.1598449493429825,4.1233403578366037,-0.45279274603141428,-0.4527927460314139,-1.3553044660074913,-0.45279274603141434,-0.45279274603141401,1.2412670766236366e-16
0.10000000000000001,11,22,2.1598449493429825,4.3196898986859651,-0.31188906802932048,-0.50311634284451645,-1.5059336359845787,-0.3118890680293207,-0.50311634284451634,2.4825341532472731e-16
0.10000000000000001,11,23,2.1598449493429825,4.5160394395353274,-0.15899966805226404,-0.53410546075299992,-1.5986906208680931,-0.15899966805226415,-0.53410546075299981,1.5700924586837752e-16
0.10000000000000001,11,24,2.1598449493429825,4.7123889803846897,-6.521596555835458e-17,-0.54456920533453868,-1.6300108217476752,-1.4971406515716272e-16,-0.54456920533453868,8.4498099598808136e-17
0.10000000000000001,11,25,2.1598449493429825,4.908738521234052,0.15899966805226379,-0.53410546075299992,-1.598690620868092,0.15899966805226384,-0.53410546075299992,5.5511151231257827e-17
0.10000000000000001,11,26,2.1598449493429825,5.1050880620834143,0.31188906802932015,-0.50311634284451656,-1.5059336359845792,0.31188906802932043,-0.50311634284451645,2.9893669801409083e-16
0.10000000000000001,11,27,2.1598449493429825,5.3014376029327757,0.45279274603141406,-0.45279274603141401,-1.3553044660074913,0.45279274603141406,-0.45279274603141412,1.1102230246251565e-16
0.10000000000000001,11,28,2.1598449493429825,5.497787143782138,0.5762958527326183,-0.38506857791742177,-1.152591705465237,0.57629585273261852,-0.38506857791742177,2.2204460492503131e-16
0.10000000000000001,11,29,2.1598449493429825,5.6941366846315002,0.67765223300374555,-0.30254644030300926,-0.90558549206282857,0.677652233003746,-0.30254644030300926,4.4408920985006262e-16
0.10000000000000001,11,30,2.1598449493429825,5.8904862254808616,0.75296681799228959,-0.2083976126577507,-0.62377813605864063,0.75296681799228971,-0.20839761265775095,2.7336071744532853e-16
0.10000000000000001,11,31,2.1598449493429825,6.0868357663302239,0.79934531043404611,-0.10624018162878231,-0.3179993361045283,0.79934531043404633,-0.10624018162878247,2.7755575615628914e-16
0.10000000000000001,12,0,2.3561944901923448,0,0.69310512880526409,-1.0961828740287092e-16,-6.6671838751060595e-17,0.69310512880526398,0,1.5601961600137566e-16
0.10000000000000001,12,1,2.3561944901923448,0.19634954084936207,0.67978730810418808,0.13521810276964885,0.27043620553929837,0.67978730810418797,0.13521810276964896,1.5700924586837752e-16
0.10000000000000001,12,2,2.3561944901923448,0.39269908169872414,0.64034564238178249,0.26523984968104591,0.53047969936209216,0.64034564238178249,0.26523984968104602,1.1102230246251565e-16
0.10000000000000001,12,3,2.3561944901923448,0.58904862254808621,0.57629585273261863,0.38506857791742166,0.77013715583484366,0.57629585273261852,0.38506857791742183,2.0014830212433605e-16
0.10000000000000001,12,4,2.3561944901923448,0.78539816339744828,0.49009933665337774,0.49009933665337746,0.98019867330675525,0.49009933665337768,0.49009933665337752,7.8504622934188758e-17
0.10000000000000001,12,5,2.3561944901923448,0.98174770424681035,0.38506857791742194,0.5762958527326183,1.1525917054652377,0.38506857791742199,0.57629585273261841,1.2412670766236366e-16
0.10000000000000001,12,6,2.3561944901923448,1.1780972450961724,0.26523984968104614,0.64034564238178227,1.2806912847635654,0.26523984968104614,0.64034564238178238,1.1102230246251565e-16
0.10000000000000001,12,7,2.3561944901923448,1.3744467859455345,0.13521810276964907,0.67978730810418775,1.3595746162083762,0.13521810276964905,0.67978730810418786,1.1443916996305594e-16
0.10000000000000001,12,8,2.3561944901923448,1.5707963267948966,6.7681086893099882e-17,0.69310512880526376,1.3862102576105284,4.2440448873199025e-17,0.69310512880526387,1.1385535319751097e-16
0.10000000000000001,12,9,2.3561944901923448,1.7671458676442586,-0.13521810276964893,0.67978730810418775,1.3595746162083762,-0.13521810276964896,0.67978730810418786,1.1443916996305594e-16
0.10000000000000001,12,10,2.3561944901923448,1.9634954084936207,-0.26523984968104597,0.64034564238178238,1.2806912847635648,-0.26523984968104602,0.64034564238178238,5.5511151231257827e-17
0.10000000000000001,12,11,2.3561944901923448,2.1598449493429825,-0.38506857791742177,0.57629585273261841,1.1525917054652373,-0.38506857791742172,0.57629585273261863,2.2887833992611187e-16
0.10000000000000001,12,12,2.3561944901923448,2.3561944901923448,-0.49009933665337757,0.49009933665337757,0.98019867330675592,-0.49009933665337757,0.49009933665337757,0
0.10000000000000001,12,13,2.3561944901923448,2.5525440310417071,-0.57629585273261852,0.38506857791742183,0.77013715583484421,-0.57629585273261863,0.38506857791742183,1.1102230246251565e-16
0.10000000000000001,12,14,2.3561944901923448,2.748893571891069,-0.64034564238178249,0.26523984968104614,0.53047969936209238,-0.64034564238178249,0.26523984968104614,0
0.10000000000000001,12,15,2.3561944901923448,2.9452431127404308,-0.67978730810418797,0.13521810276964907,0.2704362055392982,-0.67978730810418797,0.13521810276964921,1.3877787807814457e-16
0.10000000000000001,12,16,2.3561944901923448,3.1415926535897931,-0.69310512880526387,8.4871659420085751e-17,-2.409788517379956e-16,-0.69310512880526398,8.4880897746398038e-17,1.110223028468829e-16
0.10000000000000001,12,17,2.3561944901923448,3.3379421944391554,-0.67978730810418797,-0.13521810276964888,-0.27043620553929792,-0.67978730810418797,-0.13521810276964905,1.6653345369377348e-16
0.10000000000000001,12,18,2.3561944901923448,3.5342917352885173,-0.64034564238178249,-0.26523984968104591,-0.53047969936209149,-0.6403456423817826,-0.26523984968104597,1.2412670766236366e-16
0.10000000000000001,12,19,2.3561944901923448,3.7306412761378791,-0.57629585273261863,-0.38506857791742166,-0.77013715583484388,-0.57629585273261863,-0.38506857791742166,0
0.10000000000000001,12,20,2.3561944901923448,3.9269908169872414,-0.49009933665337774,-0.49009933665337746,-0.98019867330675581,-0.49009933665337774,-0.49009933665337752,5.5511151231257827e-17
0.10000000000000001,12,21,2.3561944901923448,4.1233403578366037,-0.38506857791742194,-0.5762958527326183,-1.1525917054652368,-0.38506857791742188,-0.57629585273261841,1.2412670766236366e-16
0.10000000000000001,12,22,2.3561944901923448,4.3196898986859651,-0.26523984968104636,-0.64034564238178215,-1.2806912847635645,-0.26523984968104647,-0.64034564238178227,1.5700924586837752e-16
0.10000000000000001,12,23,2.3561944901923448,4.5160394395353274,-0.13521810276964924,-0.67978730810418775,-1.3595746162083768,-0.1352181027696493,-0.67978730810418775,5.5511151231257827e-17
0.10000000000000001,12,24,2.3561944901923448,4.7123889803846897,-4.6921454197588563e-17,-0.69310512880526376,-1.3862102576105291,-1.2732134661959706e-16,-0.69310512880526387,1.370769650435435e-16
0.10000000000000001,12,25,2.3561944901923448,4.908738521234052,0.13521810276964905,-0.67978730810418775,-1.3595746162083759,0.13521810276964905,-0.67978730810418786,1.1102230246251565e-16
0.10000000000000001,12,26,2.3561944901923448,5.1050880620834143,0.26523984968104608,-0.64034564238178227,-1.280691284763565,0.26523984968104625,-0.64034564238178227,1.6653345369377348e-16
0.10000000000000001,12,27,2.3561944901923448,5.3014376029327757,0.38506857791742177,-0.57629585273261841,-1.1525917054652373,0.38506857791742166,-0.57629585273261863,2.4825341532472731e-16
0.10000000000000001,12,28,2.3561944901923448,5.497787143782138,0.49009933665337757,-0.49009933665337763,-0.98019867330675581,0.49009933665337752,-0.49009933665337768,7.8504622934188758e-17
0.10000000000000001,12,29,2.3561944901923448,5.6941366846315002,0.57629585273261852,-0.38506857791742183,-0.7701371558348441,0.57629585273261852,-0.38506857791742183,0
0.10000000000000001,12,30,2.3561944901923448,5.8904862254808616,0.64034564238178238,-0.26523984968104608,-0.53047969936209272,0.64034564238178227,-0.26523984968104647,4.0412728104402651e-16
0.10000000000000001,12,31,2.3561944901923448,6.0868357663302239,0.67978730810418786,-0.13521810276964907,-0.2704362055392987,0.67978730810418786,-0.1352181027696493,2.2204460492503131e-16
0.10000000000000001,13,0,2.5525440310417071,0,0.54456920533453901,-1.0715191110185839e-16,3.3545625031046727e-18,0.5445692053345389,0,1.542967390998879e-16
0.10000000000000001,13,1,2.5525440310417071,0.19634954084936207,0.53410546075300014,0.15899966805226362,0.21248036325756475,0.53410546075300014,0.15899966805226379,1.6653345369377348e-16
0.10000000000000001,13,2,2.5525440310417071,0.39269908169872414,0.50311634284451667,0.31188906802931998,0.41679522531550134,0.50311634284451667,0.3118890680293202,2.2204460492503131e-16
0.10000000000000001,13,3,2.5525440310417071,0.58904862254808621,0.45279274603141423,0.45279274603141395,0.60509288060601851,0.45279274603141423,0.45279274603141428,3.3306690738754696e-16
0.10000000000000001,13,4,2.5525440310417071,0.78539816339744828,0.38506857791742194,0.57629585273261819,0.77013715583484355,0.38506857791742188,0.57629585273261852,3.3766115072321297e-16
0.10000000000000001,13,5,2.5525440310417071,0.98174770424681035,0.30254644030300942,0.67765223300374544,0.90558549206282857,0.30254644030300942,0.67765223300374589,4.4408920985006262e-16
0.10000000000000001,13,6,2.5525440310417071,1.1780972450961724,0.20839761265775078,0.75296681799228948,1.0062326856890336,0.20839761265775072,0.75296681799228971,2.2887833992611187e-16
0.10000000000000001,13,7,2.5525440310417071,1.3744467859455345,0.10624018162878229,0.79934531043404589,1.0682109215059998,0.10624018162878231,0.79934531043404633,4.4430599737083413e-16
0.10000000000000001,13,8,2.5525440310417071,1.5707963267948966,4.8994989461330728e-17,0.81500541087383671,1.0891384106690778,3.3345246711358042e-17,0.81500541087383704,3.3343437022125525e-16
0.10000000000000001,13,9,2.5525440310417071,1.7671458676442586,-0.10624018162878224,0.79934531043404589,1.0682109215060001,-0.10624018162878222,0.79934531043404633,4.4430599737083413e-16
0.10000000000000001,13,10,2.5525440310417071,1.9634954084936207,-0.20839761265775061,0.75296681799228948,1.0062326856890331,-0.20839761265775067,0.75296681799228971,2.2887833992611187e-16
0.10000000000000001,13,11,2.5525440310417071,2.1598449493429825,-0.30254644030300931,0.67765223300374566,0.90558549206282846,-0.30254644030300926,0.67765223300374611,4.4754520913118096e-16
0.10000000000000001,13,12,2.5525440310417071,2.3561944901923448,-0.38506857791742177,0.57629585273261841,0.77013715583484399,-0.38506857791742183,0.57629585273261863,2.2887833992611187e-16
0.10000000000000001,13,13,2.5525440310417071,2.5525440310417071,-0.45279274603141417,0.45279274603141417,0.60509288060601873,-0.45279274603141428,0.45279274603141428,1.5700924586837752e-16
0.10000000000000001,13,14,2.5525440310417071,2.748893571891069,-0.50311634284451678,0.3118890680293202,0.41679522531550123,-0.50311634284451667,0.31188906802932032,1.5700924586837752e-16
0.10000000000000001,13,15,2.5525440310417071,2.9452431127404308,-0.53410546075300014,0.15899966805226384,0.21248036325756442,-0.53410546075300014,0.15899966805226406,2.2204460492503131e-16
0.10000000000000001,13,16,2.5525440310417071,3.1415926535897931,-0.5445692053345389,9.1522850699826327e-17,-2.7987437710003998e-17,-0.5445692053345389,9.9809376771441794e-17,8.2865260716154671e-18
0.10000000000000001,13,17,2.5525440310417071,3.3379421944391554,-0.53410546075300014,-0.15899966805226362,-0.21248036325756425,-0.53410546075300014,-0.15899966805226387,2.4980018054066022e-16
0.10000000000000001,13,18,2.5525440310417071,3.5342917352885173,-0.50311634284451678,-0.31188906802931998,-0.41679522531550084,-0.50311634284451678,-0.31188906802932015,1.6653345369377348e-16
0.10000000000000001,13,19,2.5525440310417071,3.7306412761378791,-0.45279274603141428,-0.45279274603141395,-0.60509288060601873,-0.45279274603141434,-0.45279274603141406,1.2412670766236366e-16
0.10000000000000001,13,20,2.5525440310417071,3.9269908169872414,-0.38506857791742194,-0.5762958527326183,-0.77013715583484377,-0.38506857791742194,-0.57629585273261852,2.2204460492503131e-16
0.10000000000000001,13,21,2.5525440310417071,4.1233403578366037,-0.30254644030300942,-0.67765223300374544,-0.90558549206282768,-0.30254644030300937,-0.67765223300374589,4.4754520913118096e-16
0.10000000000000001,13,22,2.5525440310417071,4.3196898986859651,-0.20839761265775092,-0.75296681799228937,-1.0062326856890327,-0.208397612657751,-0.75296681799228959,2.3714374201337736e-16
0.10000000000000001,13,23,2.5525440310417071,4.5160394395353274,-0.10624018162878245,-0.79934531043404589,-1.0682109215060005,-0.10624018162878249,-0.79934531043404622,3.3565890684838572e-16
0.10000000000000001,13,24,2.5525440310417071,4.7123889803846897,-3.7425979769914692e-17,-0.81500541087383671,-1.0891384106690782,-1.0003574013407412e-16,-0.81500541087383704,3.3890049703351317e-16
0.10000000000000001,13,25,2.5525440310417071,4.908738521234052,0.10624018162878227,-0.79934531043404589,-1.0682109215059998,0.10624018162878229,-0.79934531043404633,4.4495572620543707e-16
0.10000000000000001,13,26,2.5525440310417071,5.1050880620834143,0.2083976126577507,-0.75296681799228948,-1.0062326856890333,0.20839761265775084,-0.75296681799228959,1.7772239894833365e-16
0.10000000000000001,13,27,2.5525440310417071,5.3014376029327757,0.30254644030300931,-0.67765223300374566,-0.90558549206282846,0.3025464403030092,-0.67765223300374611,4.5775667985222375e-16
0.10000000000000001,13,28,2.5525440310417071,5.497787143782138,0.38506857791742183,-0.57629585273261841,-0.77013715583484388,0.38506857791742177,-0.57629585273261863,2.2887833992611187e-16
0.10000000000000001,13,29,2.5525440310417071,5.6941366846315002,0.45279274603141417,-0.45279274603141417,-0.60509288060601896,0.45279274603141423,-0.45279274603141428,1.2412670766236366e-16
0.10000000000000001,13,30,2.5525440310417071,5.8904862254808616,0.50311634284451667,-0.31188906802932026,-0.41679522531550162,0.50311634284451656,-0.3118890680293207,4.5775667985222375e-16
0.10000000000000001,13,31,2.5525440310417071,6.0868357663302239,0.53410546075300003,-0.15899966805226387,-0.21248036325756489,0.53410546075300003,-0.15899966805226418,3.0531133177191805e-16
0.10000000000000001,14,0,2.748893571891069,0,0.37510579270073646,-1.1392584118312887e-16,-1.2241860086905888e-16,0.37510579270073652,0,1.267303641606978e-16
0.10000000000000001,14,1,2.748893571891069,0.19634954084936207,0.36789824007486788,0.17667096525967102,0.14635901977620344,0.36789824007486788,0.17667096525967119,1.6653345369377348e-16
0.10000000000000001,14,2,2.748893571891069,0.39269908169872414,0.34655256440263205,0.34655256440263182,0.28709354450149122,0.3465525644026321,0.34655256440263199,1.7554167342883506e-16
0.10000000000000001,14,3,2.748893571891069,0.58904862254808621,0.31188906802932032,0.50311634284451656,0.41679522531550101,0.31188906802932032,0.50311634284451678,2.2204460492503131e-16
0.10000000000000001,14,4,2.748893571891069,0.78539816339744828,0.26523984968104619,0.64034564238178227,0.53047969936209172,0.26523984968104619,0.64034564238178249,2.2204460492503131e-16
0.10000000000000001,14,5,2.748893571891069,0.98174770424681035,0.20839761265775075,0.75296681799228948,0.6237781360586403,0.20839761265775081,0.75296681799228971,2.2887833992611187e-16
0.10000000000000001,14,6,2.748893571891069,1.1780972450961724,0.14354677225074569,0.83665190105600939,0.69310512880526387,0.14354677225074572,0.83665190105600962,2.2377260456559048e-16
0.10000000000000001,14,7,2.748893571891069,1.3744467859455345,0.073179509888101735,0.88818492076193833,0.73579648014973498,0.073179509888101762,0.88818492076193867,3.3422138886441676e-16
0.10000000000000001,14,8,2.748893571891069,1.5707963267948966,3.5625295020000516e-17,0.90558549206282823,0.75021158540147237,2.2968605418629379e-17,0.90558549206282857,3.3330730053266199e-16
0.10000000000000001,14,9,2.748893571891069,1.7671458676442586,-0.073179509888101707,0.88818492076193845,0.73579648014973531,-0.073179509888101721,0.88818492076193867,2.2247786310271853e-16
0.10000000000000001,14,10,2.748893571891069,1.9634954084936207,-0.14354677225074558,0.83665190105600951,0.69310512880526365,-0.14354677225074566,0.83665190105600962,1.3877787807814457e-16
0.10000000000000001,14,11,2.748893571891069,2.1598449493429825,-0.20839761265775064,0.75296681799228959,0.62377813605864019,-0.2083976126577507,0.75296681799228993,3.3766115072321297e-16
0.10000000000000001,14,12,2.748893571891069,2.3561944901923448,-0.26523984968104602,0.64034564238178249,0.53047969936209227,-0.26523984968104614,0.64034564238178249,1.1102230246251565e-16
0.10000000000000001,14,13,2.748893571891069,2.5525440310417071,-0.3118890680293202,0.50311634284451667,0.41679522531550156,-0.31188906802932032,0.50311634284451678,1.5700924586837752e-16
0.10000000000000001,14,14,2.748893571891069,2.748893571891069,-0.3465525644026321,0.34655256440263199,0.28709354450149116,-0.3465525644026321,0.3465525644026321,1.1102230246251565e-16
0.10000000000000001,14,15,2.748893571891069,2.9452431127404308,-0.36789824007486782,0.17667096525967124,0.14635901977620339,-0.36789824007486788,0.17667096525967149,2.5589376332604516e-16
0.10000000000000001,14,16,2.748893571891069,3.1415926535897931,-0.37510579270073641,1.1504004884452837e-16,8.7742792636923511e-17,-0.37510579270073652,1.1090223742090239e-16,1.1109938401024463e-16
0.10000000000000001,14,17,2.748893571891069,3.3379421944391554,-0.36789824007486782,-0.17667096525967102,-0.14635901977620319,-0.36789824007486788,-0.17667096525967127,2.5589376332604516e-16
0.10000000000000001,14,18,2.748893571891069,3.5342917352885173,-0.34655256440263205,-0.34655256440263182,-0.28709354450149088,-0.3465525644026321,-0.34655256440263188,7.8504622934188758e-17
0.10000000000000001,14,19,2.748893571891069,3.7306412761378791,-0.31188906802932032,-0.50311634284451656,-0.41679522531550123,-0.31188906802932037,-0.50311634284451656,5.5511151231257827e-17
0.10000000000000001,14,20,2.748893571891069,3.9269908169872414,-0.26523984968104614,-0.64034564238178227,-0.53047969936209194,-0.26523984968104619,-0.64034564238178249,2.2887833992611187e-16
0.10000000000000001,14,21,2.748893571891069,4.1233403578366037,-0.20839761265775075,-0.75296681799228948,-0.62377813605863985,-0.20839761265775078,-0.75296681799228971,2.2377260456559048e-16
0.10000000000000001,14,22,2.748893571891069,4.3196898986859651,-0.1435467722507458,-0.83665190105600928,-0.69310512880526343,-0.14354677225074591,-0.83665190105600939,1.5700924586837752e-16
0.10000000000000001,14,23,2.748893571891069,4.5160394395353274,-0.073179509888101832,-0.88818492076193845,-0.73579648014973564,-0.073179509888101887,-0.88818492076193867,2.2887833992611187e-16
0.10000000000000001,14,24,2.748893571891069,4.7123889803846897,-2.6372555828385043e-17,-0.90558549206282835,-0.75021158540147304,-6.8905816255888128e-17,-0.90558549206282857,2.2608158885434932e-16
0.10000000000000001,14,25,2.748893571891069,4.908738521234052,0.073179509888101735,-0.88818492076193845,-0.7357964801497352,0.073179509888101762,-0.88818492076193867,2.2377260456559048e-16
0.10000000000000001,14,26,2.748893571891069,5.1050880620834143,0.14354677225074566,-0.83665190105600939,-0.69310512880526365,0.14354677225074577,-0.83665190105600951,1.5700924586837752e-16
0.10000000000000001,14,27,2.748893571891069,5.3014376029327757,0.20839761265775064,-0.75296681799228959,-0.62377813605864041,0.20839761265775064,-0.75296681799228993,3.3306690738754696e-16
0.10000000000000001,14,28,2.748893571891069,5.497787143782138,0.26523984968104608,-0.64034564238178249,-0.53047969936209205,0.26523984968104608,-0.6403456423817826,1.1102230246251565e-16
0.10000000000000001,14,29,2.748893571891069,5.6941366846315002,0.3118890680293202,-0.50311634284451667,-0.41679522531550145,0.31188906802932032,-0.50311634284451678,1.5700924586837752e-16
0.10000000000000001,14,30,2.748893571891069,5.8904862254808616,0.34655256440263205,-0.34655256440263205,-0.28709354450149127,0.34655256440263199,-0.34655256440263255,5.0267485386043072e-16
0.10000000000000001,14,31,2.748893571891069,6.0868357663302239,0.36789824007486777,-0.17667096525967124,-0.14635901977620361,0.36789824007486788,-0.1766709652596716,3.7751664318895328e-16
0.10000000000000001,15,0,2.9452431127404308,0,0.19122727481519672,-1.3386587299317944e-16,-1.3308439174197809e-16,0.19122727481519694,0,2.5927568055747014e-16
0.10000000000000001,15,1,2.9452431127404308,0.19634954084936207,0.18755289635036831,0.18755289635036801,0.074613181243926699,0.18755289635036854,0.18755289635036818,2.7755575615628914e-16
0.10000000000000001,15,2,2.9452431127404308,0.39269908169872414,0.17667096525967127,0.3678982400748676,0.14635901977620341,0.17667096525967149,0.36789824007486777,2.7755575615628914e-16
0.10000000000000001,15,3,2.9452431127404308,0.58904862254808621,0.15899966805226387,0.53410546075299992,0.21248036325756439,0.15899966805226406,0.53410546075300014,2.9504581591051765e-16
0.10000000000000001,15,4,2.9452431127404308,0.78539816339744828,0.1352181027696491,0.67978730810418775,0.27043620553929787,0.13521810276964927,0.67978730810418786,2.0014830212433605e-16
0.10000000000000001,15,5,2.9452431127404308,0.98174770424681035,0.10624018162878236,0.799345310434046,0.31799933610452769,0.10624018162878249,0.79934531043404622,2.5476231888929306e-16
0.10000000000000001,15,6,2.9452431127404308,1.1780972450961724,0.073179509888101776,0.88818492076193856,0.35334193051934254,0.07317950988810186,0.88818492076193867,1.3877787807814457e-16
0.10000000000000001,15,7,2.9452431127404308,1.3744467859455345,0.037306590621963377,0.94289208268479163,0.37510579270073635,0.03730659062196344,0.94289208268479185,2.3065952118587559e-16
0.10000000000000001,15,8,2.9452431127404308,1.5707963267948966,1.6431916121324596e-17,0.96136443065004018,0.38245454963039321,1.1709293500605109e-17,0.9613644306500404,2.2209482150813639e-16
0.10000000000000001,15,9,2.9452431127404308,1.7671458676442586,-0.037306590621963356,0.94289208268479163,0.37510579270073657,-0.037306590621963412,0.94289208268479185,2.2887833992611187e-16
0.10000000000000001,15,10,2.9452431127404308,1.9634954084936207,-0.073179509888101721,0.88818492076193867,0.35334193051934243,-0.073179509888101846,0.88818492076193867,1.2490009027033011e-16
0.10000000000000001,15,11,2.9452431127404308,2.1598449493429825,-0.10624018162878227,0.79934531043404622,0.31799933610452763,-0.10624018162878242,0.79934531043404644,2.6945789820192466e-16
0.10000000000000001,15,12,2.9452431127404308,2.3561944901923448,-0.13521810276964902,0.67978730810418797,0.27043620553929826,-0.13521810276964924,0.67978730810418797,2.2204460492503131e-16
0.10000000000000001,15,13,2.9452431127404308,2.5525440310417071,-0.15899966805226384,0.53410546075300014,0.21248036325756489,-0.15899966805226409,0.53410546075300014,2.4980018054066022e-16
0.10000000000000001,15,14,2.9452431127404308,2.748893571891069,-0.1766709652596713,0.36789824007486782,0.14635901977620355,-0.17667096525967149,0.36789824007486788,2.0206364052201326e-16
0.10000000000000001,15,15,2.9452431127404308,2.9452431127404308,-0.18755289635036826,0.18755289635036829,0.074613181243926727,-0.18755289635036854,0.18755289635036851,3.554447978966673e-16
0.10000000000000001,15,16,2.9452431127404308,3.1415926535897931,-0.19122727481519666,1.3101487489440085e-16,-1.5464526601824674e-17,-0.19122727481519694,1.1773318728096896e-16,2.7787335424856813e-16
0.10000000000000001,15,17,2.9452431127404308,3.3379421944391554,-0.18755289635036829,-0.18755289635036801,-0.074613181243926643,-0.18755289635036854,-0.18755289635036829,3.7341307954279784e-16
0.10000000000000001,15,18,2.9452431127404308,3.5342917352885173,-0.17667096525967124,-0.3678982400748676,-0.14635901977620322,-0.17667096525967152,-0.36789824007486766,2.8305244335018379e-16
0.10000000000000001,15,19,2.9452431127404308,3.7306412761378791,-0.1589996680522639,-0.53410546075299992,-0.21248036325756445,-0.15899966805226412,-0.53410546075299992,2.2204460492503131e-16
0.10000000000000001,15,20,2.9452431127404308,3.9269908169872414,-0.1352181027696491,-0.67978730810418775,-0.27043620553929815,-0.1352181027696493,-0.67978730810418786,2.2377260456559048e-16
0.10000000000000001,15,21,2.9452431127404308,4.1233403578366037,-0.10624018162878236,-0.799345310434046,-0.31799933610452757,-0.10624018162878247,-0.79934531043404622,2.4825341532472731e-16
0.10000000000000001,15,22,2.9452431127404308,4.3196898986859651,-0.073179509888101818,-0.88818492076193845,-0.35334193051934232,-0.073179509888101957,-0.88818492076193845,1.3877787807814457e-16
0.10000000000000001,15,23,2.9452431127404308,4.5160394395353274,-0.037306590621963433,-0.94289208268479163,-0.37510579270073663,-0.037306590621963502,-0.94289208268479174,1.3092278833360675e-16
0.10000000000000001,15,24,2.9452431127404308,4.7123889803846897,-1.0592817104052282e-17,-0.96136443065004018,-0.3824545496303936,-3.512788050181533e-17,-0.9613644306500404,2.2339600692994827e-16
0.10000000000000001,15,25,2.9452431127404308,4.908738521234052,0.037306590621963377,-0.94289208268479152,-0.37510579270073641,0.037306590621963433,-0.94289208268479185,3.3766115072321297e-16
0.10000000000000001,15,26,2.9452431127404308,5.1050880620834143,0.073179509888101749,-0.88818492076193856,-0.35334193051934226,0.073179509888101901,-0.88818492076193856,1.5265566588595902e-16
0.10000000000000001,15,27,2.9452431127404308,5.3014376029327757,0.10624018162878228,-0.79934531043404622,-0.31799933610452757,0.1062401816287824,-0.79934531043404644,2.5476231888929306e-16
0.10000000000000001,15,28,2.9452431127404308,5.497787143782138,0.13521810276964907,-0.67978730810418797,-0.2704362055392982,0.13521810276964921,-0.67978730810418808,1.7772239894833365e-16
0.10000000000000001,15,29,2.9452431127404308,5.6941366846315002,0.15899966805226384,-0.53410546075300014,-0.21248036325756461,0.15899966805226406,-0.53410546075300014,2.2204460492503131e-16
0.10000000000000001,15,30,2.9452431127404308,5.8904862254808616,0.1766709652596713,-0.36789824007486782,-0.14635901977620344,0.17667096525967146,-0.36789824007486838,5.7955343351681902e-16
0.10000000000000001,15,31,2.9452431127404308,6.0868357663302239,0.18755289635036829,-0.18755289635036826,-0.074613181243926838,0.18755289635036851,-0.18755289635036862,4.236704743275018e-16
0.10000000000000001,16,0,3.1415926535897931,0,1.3825923834092305e-16,-1.5242928535802711e-16,-1.8097862627312693e-18,1.2003971677936001e-16,0,1.5351429249646797e-16
0.10000000000000001,16,1,3.1415926535897931,0.19634954084936207,1.3610075362076767e-16,0.19122727481519639,-7.2829499248273522e-18,1.1773318728096896e-16,0.19122727481519658,1.9515530841674978e-16
0.10000000000000001,16,2,3.1415926535897931,0.39269908169872414,8.9816839521215739e-17,0.37510579270073624,-5.0814659976269171e-17,1.1090223742090239e-16,0.37510579270073641,1.6786299533775842e-16
0.10000000000000001,16,3,3.1415926535897931,0.58904862254808621,1.0064927849315829e-16,0.54456920533453868,3.6240511046372597e-17,9.9809376771441794e-17,0.5445692053345389,2.2204619341753055e-16
0.10000000000000001,16,4,3.1415926535897931,0.78539816339744828,9.2180353965692258e-17,0.69310512880526376,1.328136453300413e-16,8.4880897746398063e-17,0.69310512880526387,1.1126200476881452e-16
0.10000000000000001,16,5,3.1415926535897931,0.98174770424681035,7.6621586892219488e-17,0.81500541087383671,1.5657351342600667e-16,6.6690493422716108e-17,0.81500541087383693,2.222665813697895e-16
0.10000000000000001,16,6,3.1415926535897931,1.1780972450961724,4.8471879078935796e-17,0.90558549206282823,1.7701625321611156e-16,4.5937210837258758e-17,0.90558549206282857,3.3307655177121091e-16
0.10000000000000001,16,7,3.1415926535897931,1.3744467859455345,1.8586372077467971e-17,0.96136443065004007,2.0403376841025289e-16,2.3418587001210188e-17,0.9613644306500404,3.33101959012213e-16
0.10000000000000001,16,8,3.1415926535897931,1.5707963267948966,-9.3129204615342201e-18,0.98019867330675492,1.8916746662876194e-16,7.3503127462199032e-33,0.98019867330675525,3.3319708174626569e-16
0.10000000000000001,16,9,3.1415926535897931,1.7671458676442586,-3.442396868817389e-17,0.96136443065004007,1.3132097131405876e-16,-2.3418587001210169e-17,0.9613644306500404,3.3324868075174814e-16
0.10000000000000001,16,10,3.1415926535897931,1.9634954084936207,-4.9231399036362118e-17,0.90558549206282835,6.9602036847218454e-17,-4.593721083725874e-17,0.90558549206282857,2.2206903938236042e-16
0.10000000000000001,16,11,3.1415926535897931,2.1598449493429825,-6.0604364365439848e-17,0.81500541087383682,3.3482912381593873e-17,-6.6690493422716059e-17,0.81500541087383715,3.3312250864150053e-16
0.10000000000000001,16,12,3.1415926535897931,2.3561944901923448,-8.5422843042245924e-17,0.69310512880526398,4.034700386088923e-17,-8.4880897746398051e-17,0.69310512880526398,5.4194529584787324e-19
0.10000000000000001,16,13,3.1415926535897931,2.5525440310417071,-1.1332015714415296e-16,0.5445692053345389,9.8603838098210384e-17,-9.9809376771441819e-17,0.5445692053345389,1.3510780372711144e-17
0.10000000000000001,16,14,3.1415926535897931,2.748893571891069,-1.5051800698056228e-16,0.37510579270073646,1.2976829140339915e-16,-1.1090223742090239e-16,0.37510579270073652,6.8197486088738293e-17
0.10000000000000001,16,15,3.1415926535897931,2.9452431127404308,-1.2461400517504369e-16,0.19122727481519669,4.3302981780035829e-17,-1.1773318728096896e-16,0.19122727481519694,2.4989492962650893e-16
0.10000000000000001,16,16,3.1415926535897931,3.1415926535897931,-1.349945967993147e-16,1.3437946810704291e-16,-3.0987987471425521e-17,-1.2003971677936001e-16,1.2003971677936001e-16,2.0718998637748485e-17
0.10000000000000001,16,17,3.1415926535897931,3.3379421944391554,-1.3756195021202886e-16,-0.19122727481519639,-7.4003033386186043e-18,-1.1773318728096896e-16,-0.19122727481519669,3.0595455405618398e-16
0.10000000000000001,16,18,3.1415926535897931,3.5342917352885173,-9.3713260100783492e-17,-0.37510579270073624,3.1479532538252857e-17,-1.109022374209024e-16,-0.3751057927007363,5.8111520822734796e-17
0.10000000000000001,16,19,3.1415926535897931,3.7306412761378791,-1.0644303654469751e-16,-0.54456920533453868,-4.7416647571270133e-17,-9.9809376771441831e-17,-0.54456920533453868,6.6336597732556792e-18
0.10000000000000001,16,20,3.1415926535897931,3.9269908169872414,-9.9150768403241143e-17,-0.69310512880526376,-1.54173438468669e-16,-8.4880897746398075e-17,-0.69310512880526387,1.1193561029735506e-16
0.10000000000000001,16,21,3.1415926535897931,4.1233403578366037,-8.186332164694923e-17,-0.81500541087383671,-1.9474108389671752e-16,-6.6690493422716083e-17,-0.81500541087383693,2.2256239864953676e-16
0.10000000000000001,16,22,3.1415926535897931,4.3196898986859651,-5.1975899577735547e-17,-0.90558549206282823,-1.803124778915526e-16,-4.5937210837258813e-17,-0.90558549206282835,1.1118640836803152e-16
0.10000000000000001,16,23,3.1415926535897931,4.5160394395353274,-2.2245458562628503e-17,-0.96136443065004018,-1.5473702617161175e-16,-2.3418587001210228e-17,-0.96136443065004029,1.1102850027993587e-16
0.10000000000000001,16,24,3.1415926535897931,4.7123889803846897,3.8909863403013544e-18,-0.98019867330675492,-1.2340008611619127e-16,-2.2050938238659708e-32,-0.98019867330675525,3.330896344400486e-16
0.10000000000000001,16,25,3.1415926535897931,4.908738521234052,2.5284058747371202e-17,-0.96136443065004007,-8.748055240738156e-17,2.3418587001210185e-17,-0.9613644306500404,3.3307213149938035e-16
0.10000000000000001,16,26,3.1415926535897931,5.1050880620834143,4.0896094581782763e-17,-0.90558549206282823,-9.459694914003458e-17,4.5937210837258776e-17,-0.90558549206282846,2.2210182221092751e-16
0.10000000000000001,16,27,3.1415926535897931,5.3014376029327757,6.2870353517742879e-17,-0.81500541087383693,-1.2102474449156374e-16,6.6690493422716046e-17,-0.81500541087383715,2.2207746406424675e-16
0.10000000000000001,16,28,3.1415926535897931,5.497787143782138,9.6899121264204271e-17,-0.69310512880526398,-9.5489422261415064e-17,8.4880897746398038e-17,-0.69310512880526409,1.1167089746483755e-16
0.10000000000000001,16,29,3.1415926535897931,5.6941366846315002,1.2315888686154257e-16,-0.5445692053345389,-9.6858957741153547e-17,9.9809376771441794e-17,-0.5445692053345389,2.3349510090100773e-17
0.10000000000000001,16,30,3.1415926535897931,5.8904862254808616,1.5662050733734199e-16,-0.37510579270073646,-1.540742095710816e-16,1.1090223742090236e-16,-0.37510579270073702,5.5699097955542346e-16
0.10000000000000001,16,31,3.1415926535897931,6.0868357663302239,1.3052029815746226e-16,-0.19122727481519669,-1.0208101824808231e-16,1.1773318728096896e-16,-0.19122727481519702,3.3331227850361667e-16
0.10000000000000001,17,0,3.3379421944391554,0,-0.19122727481519644,-1.6413106575123574e-16,1.8126470428151207e-16,-0.19122727481519669,0,2.9889653216921555e-16
0.10000000000000001,17,1,3.3379421944391554,0.19634954084936207,-0.18755289635036804,0.18755289635036801,-0.074613181243926616,-0.18755289635036829,0.18755289635036818,3.0022245318650411e-16
0.10000000000000001,17,2,3.3379421944391554,0.39269908169872414,-0.1766709652596711,0.3678982400748676,-0.14635901977620336,-0.17667096525967127,0.36789824007486777,2.3551386880256624e-16
0.10000000000000001,17,3,3.3379421944391554,0.58904862254808621,-0.15899966805226365,0.53410546075299992,-0.21248036325756411,-0.15899966805226387,0.53410546075300014,3.1401849173675503e-16
0.10000000000000001,17,4,3.3379421944391554,0.78539816339744828,-0.13521810276964893,0.67978730810418775,-0.27043620553929743,-0.13521810276964907,0.67978730810418786,1.7772239894833365e-16
0.10000000000000001,17,5,3.3379421944391554,0.98174770424681035,-0.10624018162878222,0.799345310434046,-0.31799933610452724,-0.10624018162878235,0.79934531043404622,2.5476231888929306e-16
0.10000000000000001,17,6,3.3379421944391554,1.1780972450961724,-0.073179509888101693,0.88818492076193856,-0.3533419305193421,-0.073179509888101776,0.88818492076193867,1.3877787807814457e-16
0.10000000000000001,17,7,3.3379421944391554,1.3744467859455345,-0.037306590621963336,0.94289208268479163,-0.3751057927007358,-0.037306590621963391,0.94289208268479185,2.2887833992611187e-16
0.10000000000000001,17,8,3.3379421944391554,1.5707963267948966,-2.5683373116537524e-17,0.96136443065004018,-0.38245454963039266,-1.1709293500605095e-17,0.9613644306500404,2.2248389037731622e-16
0.10000000000000001,17,9,3.3379421944391554,1.7671458676442586,0.037306590621963301,0.94289208268479163,-0.37510579270073602,0.037306590621963363,0.94289208268479185,2.3065952118587559e-16
0.10000000000000001,17,10,3.3379421944391554,1.9634954084936207,0.073179509888101638,0.88818492076193867,-0.35334193051934198,0.073179509888101749,0.88818492076193867,1.1102230246251565e-16
0.10000000000000001,17,11,3.3379421944391554,2.1598449493429825,0.10624018162878215,0.79934531043404622,-0.31799933610452719,0.10624018162878228,0.79934531043404644,2.5476231888929306e-16
0.10000000000000001,17,12,3.3379421944391554,2.3561944901923448,0.13521810276964885,0.67978730810418797,-0.27043620553929792,0.13521810276964907,0.67978730810418797,2.2204460492503131e-16
0.10000000000000001,17,13,3.3379421944391554,2.5525440310417071,0.15899966805226362,0.53410546075300014,-0.2124803632575645,0.1589996680522639,0.53410546075300014,2.7755575615628914e-16
0.10000000000000001,17,14,3.3379421944391554,2.748893571891069,0.17667096525967102,0.36789824007486782,-0.14635901977620316,0.17667096525967127,0.36789824007486788,2.5589376332604516e-16
0.10000000000000001,17,15,3.3379421944391554,2.9452431127404308,0.18755289635036804,0.18755289635036829,-0.074613181243926505,0.18755289635036829,0.18755289635036851,3.3422138886441676e-16
0.10000000000000001,17,16,3.3379421944391554,3.1415926535897931,0.19122727481519639,1.4382316924216638e-16,-6.5583378968769793e-18,0.19122727481519669,1.1773318728096896e-16,3.0642404681597335e-16
0.10000000000000001,17,17,3.3379421944391554,3.3379421944391554,0.18755289635036801,-0.18755289635036801,0.07461318124392656,0.18755289635036829,-0.18755289635036829,3.9252311467094378e-16
0.10000000000000001,17,18,3.3379421944391554,3.5342917352885173,0.17667096525967108,-0.3678982400748676,0.14635901977620322,0.1766709652596713,-0.36789824007486766,2.2887833992611187e-16
0.10000000000000001,17,19,3.3379421944391554,3.7306412761378791,0.15899966805226368,-0.53410546075299992,0.21248036325756434,0.1589996680522639,-0.53410546075299992,2.2204460492503131e-16
0.10000000000000001,17,20,3.3379421944391554,3.9269908169872414,0.13521810276964893,-0.67978730810418775,0.27043620553929781,0.1352181027696491,-0.67978730810418786,2.0014830212433605e-16
0.10000000000000001,17,21,3.3379421944391554,4.1233403578366037,0.1062401816287822,-0.799345310434046,0.31799933610452713,0.10624018162878233,-0.79934531043404622,2.6184557666721351e-16
0.10000000000000001,17,22,3.3379421944391554,4.3196898986859651,0.073179509888101707,-0.88818492076193845,0.35334193051934187,0.07317950988810186,-0.88818492076193845,1.5265566588595902e-16
0.10000000000000001,17,23,3.3379421944391554,4.5160394395353274,0.037306590621963377,-0.94289208268479163,0.37510579270073607,0.037306590621963454,-0.94289208268479174,1.3472894910096233e-16
0.10000000000000001,17,24,3.3379421944391554,4.7123889803846897,1.2427750218841504e-17,-0.96136443065004018,0.38245454963039305,3.512788050181528e-17,-0.9613644306500404,2.2320193209552918e-16
0.10000000000000001,17,25,3.3379421944391554,4.908738521234052,-0.037306590621963336,-0.94289208268479152,0.37510579270073585,-0.037306590621963384,-0.94289208268479185,3.3659000130511772e-16
0.10000000000000001,17,26,3.3379421944391554,5.1050880620834143,-0.073179509888101665,-0.88818492076193856,0.35334193051934171,-0.073179509888101804,-0.88818492076193856,1.3877787807814457e-16
0.10000000000000001,17,27,3.3379421944391554,5.3014376029327757,-0.10624018162878214,-0.79934531043404622,0.31799933610452702,-0.10624018162878227,-0.79934531043404644,2.5476231888929306e-16
0.10000000000000001,17,28,3.3379421944391554,5.497787143782138,-0.13521810276964885,-0.67978730810418797,0.27043620553929776,-0.13521810276964905,-0.67978730810418808,2.2377260456559048e-16
0.10000000000000001,17,29,3.3379421944391554,5.6941366846315002,-0.15899966805226362,-0.53410546075300014,0.21248036325756428,-0.15899966805226387,-0.53410546075300014,2.4980018054066022e-16
0.10000000000000001,17,30,3.3379421944391554,5.8904862254808616,-0.17667096525967096,-0.36789824007486782,0.14635901977620311,-0.17667096525967124,-0.36789824007486838,6.2063353831181828e-16
0.10000000000000001,17,31,3.3379421944391554,6.0868357663302239,-0.18755289635036801,-0.18755289635036831,0.074613181243926671,-0.18755289635036826,-0.18755289635036862,3.9448084808579573e-16
0.10000000000000001,18,0,3.5342917352885173,0,-0.37510579270073624,-1.5738533691697709e-16,4.2276171589687172e-16,-0.3751057927007363,0,1.6688808282046376e-16
0.10000000000000001,18,1,3.5342917352885173,0.19634954084936207,-0.36789824007486766,0.17667096525967102,-0.14635901977620316,-0.36789824007486766,0.17667096525967119,1.6653345369377348e-16
0.10000000000000001,18,2,3.5342917352885173,0.39269908169872414,-0.34655256440263194,0.34655256440263182,-0.28709354450149099,-0.34655256440263188,0.34655256440263205,2.2887833992611187e-16
0.10000000000000001,18,3,3.5342917352885173,0.58904862254808621,-0.31188906802932009,0.50311634284451656,-0.41679522531550067,-0.31188906802932009,0.50311634284451678,2.2204460492503131e-16
0.10000000000000001,18,4,3.5342917352885173,0.78539816339744828,-0.26523984968104597,0.64034564238178227,-0.53047969936209105,-0.26523984968104602,0.64034564238178249,2.2887833992611187e-16
0.10000000000000001,18,5,3.5342917352885173,0.98174770424681035,-0.20839761265775064,0.75296681799228948,-0.62377813605863963,-0.2083976126577507,0.75296681799228982,3.3766115072321297e-16
0.10000000000000001,18,6,3.5342917352885173,1.1780972450961724,-0.14354677225074564,0.83665190105600939,-0.69310512880526343,-0.14354677225074564,0.83665190105600973,3.3306690738754696e-16
0.10000000000000001,18,7,3.5342917352885173,1.3744467859455345,-0.073179509888101679,0.88818492076193856,-0.73579648014973453,-0.073179509888101721,0.88818492076193878,2.2591401799415137e-16
0.10000000000000001,18,8,3.5342917352885173,1.5707963267948966,-2.8713796989667067e-17,0.90558549206282846,-0.7502115854014717,-2.2968605418629367e-17,0.90558549206282868,2.221189181553457e-16
0.10000000000000001,18,9,3.5342917352885173,1.7671458676442586,0.073179509888101651,0.88818492076193845,-0.73579648014973442,0.073179509888101665,0.88818492076193878,3.3335590258932494e-16
0.10000000000000001,18,10,3.5342917352885173,1.9634954084936207,0.14354677225074552,0.83665190105600951,-0.69310512880526276,0.14354677225074558,0.83665190105600973,2.2887833992611187e-16
0.10000000000000001,18,11,3.5342917352885173,2.1598449493429825,0.20839761265775053,0.75296681799228959,-0.6237781360586393,0.20839761265775056,0.75296681799229004,4.4495572620543707e-16
0.10000000000000001,18,12,3.5342917352885173,2.3561944901923448,0.2652398496810458,0.64034564238178249,-0.53047969936209161,0.26523984968104597,0.6403456423817826,2.0014830212433605e-16
0.10000000000000001,18,13,3.5342917352885173,2.5525440310417071,0.31188906802931998,0.50311634284451667,-0.41679522531550101,0.31188906802932015,0.50311634284451678,2.0014830212433605e-16
0.10000000000000001,18,14,3.5342917352885173,2.748893571891069,0.34655256440263177,0.3465525644026321,-0.28709354450149072,0.34655256440263188,0.34655256440263216,1.2412670766236366e-16
0.10000000000000001,18,15,3.5342917352885173,2.9452431127404308,0.3678982400748676,0.1766709652596713,-0.14635901977620316,0.36789824007486766,0.17667096525967152,2.2887833992611187e-16
0.10000000000000001,18,16,3.5342917352885173,3.1415926535897931,0.37510579270073618,1.463387457127225e-16,-1.5992478100351617e-16,0.3751057927007363,1.109022374209024e-16,1.1654054128926355e-16
0.10000000000000001,18,17,3.5342917352885173,3.3379421944391554,0.3678982400748676,-0.17667096525967102,0.14635901977620303,0.36789824007486766,-0.1766709652596713,2.8305244335018379e-16
0.10000000000000001,18,18,3.5342917352885173,3.5342917352885173,0.34655256440263182,-0.34655256440263182,0.28709354450149077,0.34655256440263194,-0.34655256440263194,1.5700924586837752e-16
0.10000000000000001,18,19,3.5342917352885173,3.7306412761378791,0.31188906802932009,-0.50311634284451656,0.41679522531550078,0.3118890680293202,-0.50311634284451667,1.5700924586837752e-16
0.10000000000000001,18,20,3.5342917352885173,3.9269908169872414,0.26523984968104602,-0.64034564238178227,0.53047969936209127,0.26523984968104608,-0.64034564238178249,2.2887833992611187e-16
0.10000000000000001,18,21,3.5342917352885173,4.1233403578366037,0.20839761265775064,-0.75296681799228948,0.62377813605863941,0.20839761265775064,-0.75296681799228982,3.3306690738754696e-16
0.10000000000000001,18,22,3.5342917352885173,4.3196898986859651,0.14354677225074569,-0.83665190105600928,0.69310512880526298,0.1435467722507458,-0.83665190105600951,2.4825341532472731e-16
0.10000000000000001,18,23,3.5342917352885173,4.5160394395353274,0.073179509888101776,-0.88818492076193845,0.73579648014973498,0.073179509888101846,-0.88818492076193878,3.4021815010030383e-16
0.10000000000000001,18,24,3.5342917352885173,4.7123889803846897,2.0477166232449411e-17,-0.90558549206282835,0.75021158540147215,6.8905816255888091e-17,-0.90558549206282868,3.3656930778042954e-16
0.10000000000000001,18,25,3.5342917352885173,4.908738521234052,-0.073179509888101679,-0.88818492076193845,0.73579648014973431,-0.073179509888101707,-0.88818492076193878,3.3422138886441676e-16
0.10000000000000001,18,26,3.5342917352885173,5.1050880620834143,-0.14354677225074555,-0.83665190105600939,0.69310512880526276,-0.14354677225074569,-0.83665190105600962,2.6184557666721351e-16
0.10000000000000001,18,27,3.5342917352885173,5.3014376029327757,-0.20839761265775053,-0.75296681799228959,0.62377813605863952,-0.20839761265775053,-0.75296681799229004,4.4408920985006262e-16
0.10000000000000001,18,28,3.5342917352885173,5.497787143782138,-0.26523984968104586,-0.64034564238178249,0.53047969936209138,-0.26523984968104591,-0.64034564238178271,2.2887833992611187e-16
0.10000000000000001,18,29,3.5342917352885173,5.6941366846315002,-0.31188906802931998,-0.50311634284451667,0.41679522531550101,-0.31188906802932009,-0.50311634284451678,1.5700924586837752e-16
0.10000000000000001,18,30,3.5342917352885173,5.8904862254808616,-0.34655256440263171,-0.34655256440263205,0.28709354450149094,-0.34655256440263182,-0.3465525644026326,5.6610488670036757e-16
0.10000000000000001,18,31,3.5342917352885173,6.0868357663302239,-0.36789824007486754,-0.1766709652596713,0.14635901977620361,-0.36789824007486766,-0.17667096525967163,3.5108334685767012e-16
0.10000000000000001,19,0,3.7306412761378791,0,-0.54456920533453879,-1.2658624988211989e-16,6.2157285659564733e-16,-0.54456920533453868,0,1.6837467239254485e-16
0.10000000000000001,19,1,3.7306412761378791,0.19634954084936207,-0.53410546075299992,0.15899966805226362,-0.21248036325756425,-0.53410546075299992,0.15899966805226382,1.9428902930940239e-16
0.10000000000000001,19,2,3.7306412761378791,0.39269908169872414,-0.50311634284451667,0.31188906802932009,-0.41679522531550134,-0.50311634284451656,0.31188906802932026,2.0014830212433605e-16
0.10000000000000001,19,3,3.7306412761378791,0.58904862254808621,-0.45279274603141412,0.45279274603141406,-0.60509288060601851,-0.45279274603141401,0.45279274603141434,2.9893669801409083e-16
0.10000000000000001,19,4,3.7306412761378791,0.78539816339744828,-0.38506857791742183,0.57629585273261841,-0.7701371558348431,-0.38506857791742172,0.57629585273261863,2.4825341532472731e-16
0.10000000000000001,19,5,3.7306412761378791,0.98174770424681035,-0.30254644030300931,0.67765223300374566,-0.90558549206282812,-0.30254644030300931,0.677652233003746,3.3306690738754696e-16
0.10000000000000001,19,6,3.7306412761378791,1.1780972450961724,-0.20839761265775072,0.75296681799228971,-1.0062326856890336,-0.20839761265775064,0.75296681799228982,1.3877787807814457e-16
0.10000000000000001,19,7,3.7306412761378791,1.3744467859455345,-0.10624018162878227,0.79934531043404611,-1.0682109215059998,-0.10624018162878227,0.79934531043404644,3.3306690738754696e-16
0.10000000000000001,19,8,3.7306412761378791,1.5707963267948966,-4.1792212459300169e-17,0.81500541087383693,-1.0891384106690774,-3.3345246711358029e-17,0.81500541087383715,2.2220521552533402e-16
0.10000000000000001,19,9,3.7306412761378791,1.7671458676442586,0.10624018162878218,0.79934531043404611,-1.0682109215059996,0.10624018162878218,0.79934531043404644,3.3306690738754696e-16
0.10000000000000001,19,10,3.7306412761378791,1.9634954084936207,0.20839761265775056,0.75296681799228971,-1.0062326856890327,0.20839761265775059,0.75296681799228982,1.1443916996305594e-16
0.10000000000000001,19,11,3.7306412761378791,2.1598449493429825,0.3025464403030092,0.67765223300374589,-0.90558549206282801,0.30254644030300909,0.67765223300374611,2.4825341532472731e-16
0.10000000000000001,19,12,3.7306412761378791,2.3561944901923448,0.38506857791742166,0.57629585273261863,-0.77013715583484355,0.38506857791742166,0.57629585273261863,0
0.10000000000000001,19,13,3.7306412761378791,2.5525440310417071,0.45279274603141395,0.45279274603141428,-0.60509288060601851,0.45279274603141406,0.45279274603141434,1.2412670766236366e-16
0.10000000000000001,19,14,3.7306412761378791,2.748893571891069,0.50311634284451656,0.31188906802932032,-0.41679522531550101,0.50311634284451656,0.31188906802932037,5.5511151231257827e-17
0.10000000000000001,19,15,3.7306412761378791,2.9452431127404308,0.53410546075299992,0.1589996680522639,-0.21248036325756448,0.53410546075299992,0.15899966805226409,1.9428902930940239e-16
0.10000000000000001,19,16,3.7306412761378791,3.1415926535897931,0.54456920533453868,1.2377158296455444e-16,-2.953004654814141e-16,0.54456920533453868,9.9809376771441806e-17,2.3962206193112635e-17
0.10000000000000001,19,17,3.7306412761378791,3.3379421944391554,0.53410546075299992,-0.15899966805226362,0.21248036325756409,0.53410546075299992,-0.1589996680522639,2.7755575615628914e-16
0.10000000000000001,19,18,3.7306412761378791,3.5342917352885173,0.50311634284451656,-0.31188906802932009,0.41679522531550073,0.50311634284451656,-0.3118890680293202,1.1102230246251565e-16
0.10000000000000001,19,19,3.7306412761378791,3.7306412761378791,0.45279274603141406,-0.45279274603141406,0.60509288060601807,0.45279274603141412,-0.45279274603141412,7.8504622934188758e-17
0.10000000000000001,19,20,3.7306412761378791,3.9269908169872414,0.38506857791742183,-0.5762958527326183,0.7701371558348431,0.38506857791742177,-0.57629585273261863,3.3766115072321297e-16
0.10000000000000001,19,21,3.7306412761378791,4.1233403578366037,0.30254644030300931,-0.67765223300374566,0.90558549206282746,0.30254644030300926,-0.677652233003746,3.3766115072321297e-16
0.10000000000000001,19,22,3.7306412761378791,4.3196898986859651,0.20839761265775081,-0.75296681799228959,1.0062326856890327,0.20839761265775092,-0.75296681799228971,1.5700924586837752e-16
0.10000000000000001,19,23,3.7306412761378791,4.5160394395353274,0.10624018162878239,-0.79934531043404611,1.0682109215060001,0.10624018162878245,-0.79934531043404633,2.2887833992611187e-16
0.10000000000000001,19,24,3.7306412761378791,4.7123889803846897,3.1594974429752404e-17,-0.81500541087383693,1.0891384106690778,1.0003574013407407e-16,-0.81500541087383715,2.3235306106549812e-16
0.10000000000000001,19,25,3.7306412761378791,4.908738521234052,-0.10624018162878224,-0.79934531043404611,1.0682109215059994,-0.10624018162878225,-0.79934531043404644,3.3335590258932494e-16
0.10000000000000001,19,26,3.7306412761378791,5.1050880620834143,-0.20839761265775059,-0.75296681799228971,1.0062326856890329,-0.20839761265775075,-0.75296681799228971,1.6653345369377348e-16
0.10000000000000001,19,27,3.7306412761378791,5.3014376029327757,-0.3025464403030092,-0.67765223300374589,0.90558549206282823,-0.30254644030300903,-0.67765223300374611,2.7755575615628914e-16
0.10000000000000001,19,28,3.7306412761378791,5.497787143782138,-0.38506857791742172,-0.57629585273261863,0.77013715583484366,-0.38506857791742161,-0.57629585273261874,1.5700924586837752e-16
0.10000000000000001,19,29,3.7306412761378791,5.6941366846315002,-0.45279274603141395,-0.45279274603141428,0.60509288060601851,-0.45279274603141401,-0.45279274603141434,7.8504622934188758e-17
0.10000000000000001,19,30,3.7306412761378791,5.8904862254808616,-0.50311634284451645,-0.31188906802932026,0.41679522531550117,-0.50311634284451634,-0.31188906802932076,5.1178752665209032e-16
0.10000000000000001,19,31,3.7306412761378791,6.0868357663302239,-0.53410546075299981,-0.15899966805226387,0.21248036325756495,-0.53410546075299981,-0.15899966805226418,3.0531133177191805e-16
0.10000000000000001,20,0,3.9269908169872414,0,-0.69310512880526387,-9.0858962193456961e-17,6.8899181319976878e-16,-0.69310512880526387,0,9.0858962193456961e-17
0.10000000000000001,20,1,3.9269908169872414,0.19634954084936207,-0.67978730810418786,0.13521810276964891,-0.27043620553929781,-0.67978730810418786,0.13521810276964902,1.1102230246251565e-16
0.10000000000000001,20,2,3.9269908169872414,0.39269908169872414,-0.64034564238178249,0.26523984968104602,-0.53047969936209238,-0.64034564238178238,0.26523984968104614,1.5700924586837752e-16
0.10000000000000001,20,3,3.9269908169872414,0.58904862254808621,-0.57629585273261841,0.38506857791742177,-0.77013715583484388,-0.57629585273261841,0.38506857791742194,1.6653345369377348e-16
0.10000000000000001,20,4,3.9269908169872414,0.78539816339744828,-0.49009933665337763,0.49009933665337757,-0.98019867330675503,-0.49009933665337757,0.49009933665337768,1.2412670766236366e-16
0.10000000000000001,20,5,3.9269908169872414,0.98174770424681035,-0.38506857791742183,0.57629585273261852,-1.1525917054652373,-0.38506857791742188,0.57629585273261863,1.2412670766236366e-16
0.10000000000000001,20,6,3.9269908169872414,1.1780972450961724,-0.26523984968104614,0.64034564238178249,-1.280691284763565,-0.26523984968104608,0.6403456423817826,1.2412670766236366e-16
0.10000000000000001,20,7,3.9269908169872414,1.3744467859455345,-0.13521810276964902,0.67978730810418797,-1.3595746162083762,-0.13521810276964905,0.67978730810418808,1.1443916996305594e-16
0.10000000000000001,20,8,3.9269908169872414,1.5707963267948966,-7.486893897978599e-17,0.69310512880526398,-1.386210257610528,-4.2440448873199019e-17,0.69310512880526409,1.1566139638907754e-16
0.10000000000000001,20,9,3.9269908169872414,1.7671458676442586,0.13521810276964888,0.67978730810418797,-1.3595746162083762,0.13521810276964893,0.67978730810418808,1.2412670766236366e-16
0.10000000000000001,20,10,3.9269908169872414,1.9634954084936207,0.26523984968104586,0.6403456423817826,-1.2806912847635648,0.26523984968104602,0.6403456423817826,1.6653345369377348e-16
0.10000000000000001,20,11,3.9269908169872414,2.1598449493429825,0.38506857791742166,0.57629585273261863,-1.1525917054652373,0.38506857791742166,0.57629585273261874,1.1102230246251565e-16
0.10000000000000001,20,12,3.9269908169872414,2.3561944901923448,0.49009933665337746,0.49009933665337779,-0.98019867330675614,0.49009933665337752,0.49009933665337774,7.8504622934188758e-17
0.10000000000000001,20,13,3.9269908169872414,2.5525440310417071,0.5762958527326183,0.38506857791742194,-0.77013715583484421,0.57629585273261852,0.38506857791742194,2.2204460492503131e-16
0.10000000000000001,20,14,3.9269908169872414,2.748893571891069,0.64034564238178227,0.26523984968104614,-0.53047969936209194,0.64034564238178238,0.26523984968104619,1.2412670766236366e-16
0.10000000000000001,20,15,3.9269908169872414,2.9452431127404308,0.67978730810418775,0.13521810276964907,-0.27043620553929809,0.67978730810418786,0.13521810276964927,2.2377260456559048e-16
0.10000000000000001,20,16,3.9269908169872414,3.1415926535897931,0.69310512880526365,9.4391568180338425e-17,-3.0269734251575883e-16,0.69310512880526387,8.4880897746398063e-17,2.2224819330742886e-16
0.10000000000000001,20,17,3.9269908169872414,3.3379421944391554,0.67978730810418775,-0.13521810276964888,0.27043620553929759,0.67978730810418786,-0.1352181027696491,2.4825341532472731e-16
0.10000000000000001,20,18,3.9269908169872414,3.5342917352885173,0.64034564238178227,-0.26523984968104602,0.53047969936209172,0.64034564238178249,-0.26523984968104602,2.2204460492503131e-16
0.10000000000000001,20,19,3.9269908169872414,3.7306412761378791,0.57629585273261841,-0.38506857791742177,0.77013715583484388,0.57629585273261863,-0.38506857791742177,2.2204460492503131e-16
0.10000000000000001,20,20,3.9269908169872414,3.9269908169872414,0.49009933665337763,-0.49009933665337757,0.98019867330675536,0.49009933665337768,-0.49009933665337768,1.2412670766236366e-16
0.10000000000000001,20,21,3.9269908169872414,4.1233403578366037,0.38506857791742183,-0.57629585273261852,1.1525917054652364,0.38506857791742183,-0.57629585273261863,1.1102230246251565e-16
0.10000000000000001,20,22,3.9269908169872414,4.3196898986859651,0.26523984968104625,-0.64034564238178238,1.2806912847635645,0.26523984968104641,-0.64034564238178238,1.6653345369377348e-16
0.10000000000000001,20,23,3.9269908169872414,4.5160394395353274,0.13521810276964918,-0.67978730810418797,1.3595746162083768,0.13521810276964927,-0.67978730810418797,8.3266726846886741e-17
0.10000000000000001,20,24,3.9269908169872414,4.7123889803846897,4.3427141947299479e-17,-0.69310512880526398,1.3862102576105291,1.2732134661959703e-16,-0.69310512880526409,1.3915527019008537e-16
0.10000000000000001,20,25,3.9269908169872414,4.908738521234052,-0.13521810276964899,-0.67978730810418797,1.3595746162083755,-0.13521810276964902,-0.67978730810418808,1.1443916996305594e-16
0.10000000000000001,20,26,3.9269908169872414,5.1050880620834143,-0.26523984968104597,-0.64034564238178249,1.2806912847635645,-0.26523984968104619,-0.64034564238178249,2.2204460492503131e-16
0.10000000000000001,20,27,3.9269908169872414,5.3014376029327757,-0.38506857791742166,-0.57629585273261863,1.1525917054652373,-0.38506857791742161,-0.57629585273261874,1.2412670766236366e-16
0.10000000000000001,20,28,3.9269908169872414,5.497787143782138,-0.49009933665337746,-0.49009933665337774,0.98019867330675603,-0.49009933665337746,-0.49009933665337785,1.1102230246251565e-16
0.10000000000000001,20,29,3.9269908169872414,5.6941366846315002,-0.5762958527326183,-0.38506857791742194,0.77013715583484388,-0.57629585273261841,-0.38506857791742194,1.1102230246251565e-16
0.10000000000000001,20,30,3.9269908169872414,5.8904862254808616,-0.64034564238178215,-0.26523984968104619,0.53047969936209183,-0.64034564238178227,-0.26523984968104652,3.5108334685767012e-16
0.10000000000000001,20,31,3.9269908169872414,6.0868357663302239,-0.67978730810418764,-0.13521810276964907,0.27043620553929848,-0.67978730810418775,-0.13521810276964935,2.9893669801409083e-16
0.10000000000000001,21,0,4.1233403578366037,0,-0.81500541087383682,-6.1846054906460305e-17,6.5288303962095925e-16,-0.81500541087383693,0,1.2708613674028814e-16
0.10000000000000001,21,1,4.1233403578366037,0.19634954084936207,-0.799345310434046,0.10624018162878221,-0.31799933610452741,-0.79934531043404622,0.10624018162878227,2.2887833992611187e-16
0.10000000000000001,21,2,4.1233403578366037,0.39269908169872414,-0.75296681799228959,0.20839761265775067,-0.62377813605863996,-0.75296681799228959,0.2083976126577507,2.7755575615628914e-17
0.10000000000000001,21,3,4.1233403578366037,0.58904862254808621,-0.67765223300374566,0.30254644030300931,-0.90558549206282757,-0.67765223300374577,0.30254644030300937,1.2412670766236366e-16
0.10000000000000001,21,4,4.1233403578366037,0.78539816339744828,-0.57629585273261852,0.38506857791742188,-1.1525917054652359,-0.57629585273261852,0.38506857791742183,5.5511151231257827e-17
0.10000000000000001,21,5,4.1233403578366037,0.98174770424681035,-0.45279274603141417,0.45279274603141417,-1.3553044660074911,-0.45279274603141428,0.45279274603141423,1.2412670766236366e-16
0.10000000000000001,21,6,4.1233403578366037,1.1780972450961724,-0.3118890680293202,0.50311634284451678,-1.5059336359845787,-0.3118890680293202,0.50311634284451667,1.1102230246251565e-16
0.10000000000000001,21,7,4.1233403578366037,1.3744467859455345,-0.15899966805226379,0.53410546075300014,-1.5986906208680915,-0.15899966805226382,0.53410546075300014,2.7755575615628914e-17
0.10000000000000001,21,8,4.1233403578366037,1.5707963267948966,-9.5876525099622681e-17,0.5445692053345389,-1.6300108217476732,-4.9904688385720891e-17,0.5445692053345389,4.597183671390179e-17
0.10000000000000001,21,9,4.1233403578366037,1.7671458676442586,0.15899966805226362,0.53410546075300014,-1.5986906208680918,0.1589996680522637,0.53410546075300014,8.3266726846886741e-17
0.10000000000000001,21,10,4.1233403578366037,1.9634954084936207,0.31188906802931998,0.50311634284451678,-1.5059336359845783,0.31188906802932015,0.50311634284451667,2.0014830212433605e-16
0.10000000000000001,21,11,4.1233403578366037,2.1598449493429825,0.45279274603141395,0.45279274603141423,-1.3553044660074915,0.45279274603141401,0.45279274603141434,1.2412670766236366e-16
0.10000000000000001,21,12,4.1233403578366037,2.3561944901923448,0.5762958527326183,0.38506857791742194,-1.1525917054652377,0.57629585273261841,0.38506857791742188,1.2412670766236366e-16
0.10000000000000001,21,13,4.1233403578366037,2.5525440310417071,0.67765223300374555,0.30254644030300942,-0.90558549206282868,0.67765223300374589,0.30254644030300937,3.3766115072321297e-16
0.10000000000000001,21,14,4.1233403578366037,2.748893571891069,0.75296681799228948,0.20839761265775078,-0.62377813605863985,0.75296681799228959,0.20839761265775075,1.1443916996305594e-16
0.10000000000000001,21,15,4.1233403578366037,2.9452431127404308,0.79934531043404589,0.10624018162878233,-0.31799933610452746,0.79934531043404622,0.10624018162878246,3.5571561302006606e-16
0.10000000000000001,21,16,4.1233403578366037,3.1415926535897931,0.8150054108738366,7.000624030646492e-17,-3.3937188126147338e-16,0.81500541087383693,6.6690493422716083e-17,3.3308341143638763e-16
0.10000000000000001,21,17,4.1233403578366037,3.3379421944391554,0.79934531043404589,-0.1062401816287822,0.31799933610452719,0.79934531043404622,-0.10624018162878232,3.5571561302006606e-16
0.10000000000000001,21,18,4.1233403578366037,3.5342917352885173,0.75296681799228959,-0.20839761265775064,0.62377813605863985,0.75296681799228971,-0.20839761265775064,1.1102230246251565e-16
0.10000000000000001,21,19,4.1233403578366037,3.7306412761378791,0.67765223300374566,-0.30254644030300931,0.90558549206282823,0.677652233003746,-0.30254644030300926,3.3766115072321297e-16
0.10000000000000001,21,20,4.1233403578366037,3.9269908169872414,0.57629585273261852,-0.38506857791742183,1.152591705465237,0.57629585273261863,-0.38506857791742183,1.1102230246251565e-16
0.10000000000000001,21,21,4.1233403578366037,4.1233403578366037,0.45279274603141417,-0.45279274603141412,1.3553044660074909,0.45279274603141417,-0.45279274603141423,1.1102230246251565e-16
0.10000000000000001,21,22,4.1233403578366037,4.3196898986859651,0.31188906802932037,-0.50311634284451667,1.5059336359845779,0.31188906802932065,-0.50311634284451656,2.9893669801409083e-16
0.10000000000000001,21,23,4.1233403578366037,4.5160394395353274,0.15899966805226398,-0.53410546075300014,1.5986906208680922,0.15899966805226409,-0.53410546075300003,1.5700924586837752e-16
0.10000000000000001,21,24,4.1233403578366037,4.7123889803846897,6.5487254901022541e-17,-0.5445692053345389,1.6300108217476743,1.4971406515716267e-16,-0.5445692053345389,8.4226810256140126e-17
0.10000000000000001,21,25,4.1233403578366037,4.908738521234052,-0.15899966805226373,-0.53410546075300014,1.5986906208680911,-0.15899966805226382,-0.53410546075300014,8.3266726846886741e-17
0.10000000000000001,21,26,4.1233403578366037,5.1050880620834143,-0.31188906802932004,-0.50311634284451678,1.5059336359845779,-0.31188906802932037,-0.50311634284451667,3.5108334685767012e-16
0.10000000000000001,21,27,4.1233403578366037,5.3014376029327757,-0.45279274603141395,-0.45279274603141423,1.3553044660074909,-0.45279274603141395,-0.45279274603141434,1.1102230246251565e-16
0.10000000000000001,21,28,4.1233403578366037,5.497787143782138,-0.5762958527326183,-0.38506857791742199,1.152591705465237,-0.5762958527326183,-0.38506857791742194,5.5511151231257827e-17
0.10000000000000001,21,29,4.1233403578366037,5.6941366846315002,-0.67765223300374555,-0.30254644030300948,0.90558549206282812,-0.67765223300374577,-0.30254644030300937,2.4825341532472731e-16
0.10000000000000001,21,30,4.1233403578366037,5.8904862254808616,-0.75296681799228937,-0.20839761265775081,0.62377813605863974,-0.75296681799228948,-0.20839761265775103,2.4825341532472731e-16
0.10000000000000001,21,31,4.1233403578366037,6.0868357663302239,-0.79934531043404589,-0.10624018162878236,0.31799933610452796,-0.79934531043404611,-0.10624018162878252,2.6945789820192466e-16
0.10000000000000001,22,0,4.3196898986859651,0,-0.90558549206282846,-3.6684302857734955e-17,5.036044536911438e-16,-0.90558549206282835,0,1.1692600104440556e-16
0.10000000000000001,22,1,4.3196898986859651,0.19634954084936207,-0.88818492076193856,0.073179509888101707,-0.35334193051934248,-0.88818492076193856,0.073179509888101818,1.1102230246251565e-16
0.10000000000000001,22,2,4.3196898986859651,0.39269908169872414,-0.83665190105600951,0.14354677225074566,-0.69310512880526332,-0.83665190105600939,0.14354677225074586,2.2377260456559048e-16
0.10000000000000001,22,3,4.3196898986859651,0.58904862254808621,-0.75296681799228959,0.20839761265775078,-1.006232685689032,-0.75296681799228959,0.20839761265775103,2.4980018054066022e-16
0.10000000000000001,22,4,4.3196898986859651,0.78539816339744828,-0.64034564238178249,0.26523984968104619,-1.2806912847635634,-0.64034564238178238,0.26523984968104647,2.9893669801409083e-16
0.10000000000000001,22,5,4.3196898986859651,0.98174770424681035,-0.50311634284451667,0.31188906802932032,-1.5059336359845787,-0.50311634284451678,0.31188906802932065,3.5108334685767012e-16
0.10000000000000001,22,6,4.3196898986859651,1.1780972450961724,-0.34655256440263205,0.34655256440263221,-1.6733038021120181,-0.34655256440263199,0.34655256440263249,2.8305244335018379e-16
0.10000000000000001,22,7,4.3196898986859651,1.3744467859455345,-0.17667096525967119,0.36789824007486793,-1.7763698415238756,-0.17667096525967121,0.36789824007486832,3.8956806801599406e-16
0.10000000000000001,22,8,4.3196898986859651,1.5707963267948966,-8.6453415479595105e-17,0.37510579270073657,-1.8111709841256556,-5.5451118710451175e-17,0.37510579270073696,3.8981283976406082e-16
0.10000000000000001,22,9,4.3196898986859651,1.7671458676442586,0.17667096525967105,0.36789824007486793,-1.7763698415238753,0.17667096525967108,0.36789824007486832,3.8956806801599406e-16
0.10000000000000001,22,10,4.3196898986859651,1.9634954084936207,0.34655256440263177,0.34655256440263221,-1.6733038021120172,0.34655256440263188,0.34655256440263249,2.9893669801409083e-16
0.10000000000000001,22,11,4.3196898986859651,2.1598449493429825,0.50311634284451656,0.31188906802932037,-1.5059336359845783,0.50311634284451645,0.31188906802932076,4.0412728104402651e-16
0.10000000000000001,22,12,4.3196898986859651,2.3561944901923448,0.64034564238178227,0.26523984968104619,-1.2806912847635648,0.64034564238178227,0.26523984968104647,2.7755575615628914e-16
0.10000000000000001,22,13,4.3196898986859651,2.5525440310417071,0.75296681799228948,0.20839761265775075,-1.0062326856890329,0.75296681799228959,0.20839761265775103,2.9893669801409083e-16
0.10000000000000001,22,14,4.3196898986859651,2.748893571891069,0.83665190105600939,0.14354677225074572,-0.69310512880526287,0.83665190105600939,0.14354677225074591,1.9428902930940239e-16
0.10000000000000001,22,15,4.3196898986859651,2.9452431127404308,0.88818492076193833,0.073179509888101804,-0.35334193051934221,0.88818492076193856,0.073179509888101957,2.6945789820192466e-16
0.10000000000000001,22,16,4.3196898986859651,3.1415926535897931,0.90558549206282823,4.1614080568821103e-17,-2.8544905684638289e-16,0.90558549206282835,4.5937210837258813e-17,1.1110644040466868e-16
0.10000000000000001,22,17,4.3196898986859651,3.3379421944391554,0.88818492076193845,-0.073179509888101679,0.35334193051934193,0.88818492076193856,-0.07317950988810186,2.118352371637509e-16
0.10000000000000001,22,18,4.3196898986859651,3.5342917352885173,0.83665190105600939,-0.14354677225074561,0.69310512880526287,0.83665190105600951,-0.14354677225074583,2.4825341532472731e-16
0.10000000000000001,22,19,4.3196898986859651,3.7306412761378791,0.75296681799228959,-0.20839761265775067,1.0062326856890322,0.75296681799228971,-0.20839761265775095,2.9893669801409083e-16
0.10000000000000001,22,20,4.3196898986859651,3.9269908169872414,0.64034564238178249,-0.26523984968104608,1.2806912847635639,0.64034564238178249,-0.26523984968104647,3.8857805861880479e-16
0.10000000000000001,22,21,4.3196898986859651,4.1233403578366037,0.50311634284451667,-0.31188906802932026,1.5059336359845779,0.50311634284451667,-0.31188906802932065,3.8857805861880479e-16
0.10000000000000001,22,22,4.3196898986859651,4.3196898986859651,0.34655256440263221,-0.3465525644026321,1.6733038021120172,0.34655256440263243,-0.34655256440263243,4.002966042486721e-16
0.10000000000000001,22,23,4.3196898986859651,4.5160394395353274,0.17667096525967146,-0.36789824007486793,1.7763698415238764,0.17667096525967152,-0.36789824007486827,3.3766115072321297e-16
0.10000000000000001,22,24,4.3196898986859651,4.7123889803846897,1.0660921277414788e-16,-0.37510579270073663,1.8111709841256567,1.6635335613135351e-16,-0.37510579270073696,3.3838281200763007e-16
0.10000000000000001,22,25,4.3196898986859651,4.908738521234052,-0.17667096525967113,-0.36789824007486799,1.7763698415238758,-0.17667096525967119,-0.36789824007486832,3.3766115072321297e-16
0.10000000000000001,22,26,4.3196898986859651,5.1050880620834143,-0.34655256440263182,-0.34655256440263221,1.6733038021120175,-0.3465525644026321,-0.34655256440263243,3.554447978966673e-16
0.10000000000000001,22,27,4.3196898986859651,5.3014376029327757,-0.50311634284451656,-0.31188906802932037,1.5059336359845783,-0.50311634284451634,-0.31188906802932076,4.4754520913118096e-16
0.10000000000000001,22,28,4.3196898986859651,5.497787143782138,-0.64034564238178227,-0.26523984968104625,1.2806912847635641,-0.64034564238178215,-0.26523984968104652,2.9893669801409083e-16
0.10000000000000001,22,29,4.3196898986859651,5.6941366846315002,-0.75296681799228948,-0.20839761265775084,1.0062326856890327,-0.75296681799228959,-0.20839761265775103,2.2377260456559048e-16
0.10000000000000001,22,30,4.3196898986859651,5.8904862254808616,-0.83665190105600928,-0.14354677225074575,0.69310512880526365,-0.83665190105600917,-0.14354677225074608,3.5108334685767012e-16
0.10000000000000001,22,31,4.3196898986859651,6.0868357663302239,-0.88818492076193833,-0.073179509888101818,0.35334193051934309,-0.88818492076193845,-0.073179509888101998,2.118352371637509e-16
0.10000000000000001,23,0,4.5160394395353274,0,-0.96136443065004029,-2.065249635634229e-17,3.5503493539517876e-16,-0.96136443065004029,0,2.065249635634229e-17
0.10000000000000001,23,1,4.5160394395353274,0.19634954084936207,-0.94289208268479174,0.03730659062196337,-0.37510579270073668,-0.94289208268479174,0.037306590621963433,6.2450045135165055e-17
0.10000000000000001,23,2,4.5160394395353274,0.39269908169872414,-0.88818492076193867,0.073179509888101818,-0.73579648014973553,-0.88818492076193856,0.073179509888101874,1.2412670766236366e-16
0.10000000000000001,23,3,4.5160394395353274,0.58904862254808621,-0.79934531043404622,0.10624018162878243,-1.0682109215059998,-0.79934531043404611,0.1062401816287825,1.3092278833360675e-16
0.10000000000000001,23,4,4.5160394395353274,0.78539816339744828,-0.67978730810418797,0.13521810276964924,-1.3595746162083759,-0.67978730810418797,0.13521810276964927,2.7755575615628914e-17
0.10000000000000001,23,5,4.5160394395353274,0.98174770424681035,-0.53410546075300014,0.15899966805226401,-1.5986906208680931,-0.53410546075300014,0.15899966805226412,1.1102230246251565e-16
0.10000000000000001,23,6,4.5160394395353274,1.1780972450961724,-0.36789824007486782,0.17667096525967146,-1.7763698415238778,-0.36789824007486777,0.17667096525967155,1.0007415106216802e-16
0.10000000000000001,23,7,4.5160394395353274,1.3744467859455345,-0.18755289635036823,0.18755289635036848,-1.8857841653695835,-0.18755289635036823,0.18755289635036859,1.1102230246251565e-16
0.10000000000000001,23,8,4.5160394395353274,1.5707963267948966,-8.2326012543774719e-17,0.19122727481519691,-1.9227288613000804,-5.8866593640484479e-17,0.191227274815197,8.6508335639255595e-17
0.10000000000000001,23,9,4.5160394395353274,1.7671458676442586,0.18755289635036804,0.18755289635036851,-1.885784165369583,0.18755289635036809,0.18755289635036859,1.0007415106216802e-16
0.10000000000000001,23,10,4.5160394395353274,1.9634954084936207,0.36789824007486754,0.17667096525967152,-1.7763698415238769,0.36789824007486771,0.17667096525967155,1.6883057536160649e-16
0.10000000000000001,23,11,4.5160394395353274,2.1598449493429825,0.53410546075299992,0.15899966805226409,-1.5986906208680922,0.53410546075299981,0.15899966805226415,1.2412670766236366e-16
0.10000000000000001,23,12,4.5160394395353274,2.3561944901923448,0.67978730810418775,0.13521810276964927,-1.3595746162083762,0.67978730810418786,0.1352181027696493,1.1443916996305594e-16
0.10000000000000001,23,13,4.5160394395353274,2.5525440310417071,0.799345310434046,0.10624018162878246,-1.0682109215060001,0.79934531043404622,0.1062401816287825,2.2591401799415137e-16
0.10000000000000001,23,14,4.5160394395353274,2.748893571891069,0.88818492076193856,0.073179509888101874,-0.73579648014973509,0.88818492076193856,0.073179509888101901,2.7755575615628914e-17
0.10000000000000001,23,15,4.5160394395353274,2.9452431127404308,0.94289208268479163,0.037306590621963454,-0.37510579270073657,0.94289208268479174,0.037306590621963502,1.2118257228641695e-16
0.10000000000000001,23,16,4.5160394395353274,3.1415926535897931,0.96136443065004007,1.6528192680305699e-17,-5.190594987471269e-17,0.96136443065004029,2.3418587001210228e-17,2.2215148910194319e-16
0.10000000000000001,23,17,4.5160394395353274,3.3379421944391554,0.94289208268479163,-0.037306590621963391,0.37510579270073613,0.94289208268479174,-0.037306590621963454,1.2738115944464653e-16
0.10000000000000001,23,18,4.5160394395353274,3.5342917352885173,0.88818492076193856,-0.073179509888101832,0.73579648014973431,0.88818492076193867,-0.07317950988810186,1.1443916996305594e-16
0.10000000000000001,23,19,4.5160394395353274,3.7306412761378791,0.79934531043404622,-0.10624018162878243,1.0682109215059992,0.79934531043404633,-0.10624018162878246,1.1443916996305594e-16
0.10000000000000001,23,20,4.5160394395353274,3.9269908169872414,0.67978730810418797,-0.13521810276964921,1.3595746162083753,0.67978730810418808,-0.13521810276964927,1.2412670766236366e-16
0.10000000000000001,23,21,4.5160394395353274,4.1233403578366037,0.53410546075300014,-0.15899966805226401,1.5986906208680915,0.53410546075300003,-0.15899966805226412,1.5700924586837752e-16
0.10000000000000001,23,22,4.5160394395353274,4.3196898986859651,0.36789824007486799,-0.17667096525967146,1.776369841523876,0.36789824007486827,-0.17667096525967152,2.8305244335018379e-16
0.10000000000000001,23,23,4.5160394395353274,4.5160394395353274,0.18755289635036848,-0.18755289635036851,1.8857841653695837,0.18755289635036856,-0.18755289635036856,1.0007415106216802e-16
0.10000000000000001,23,24,4.5160394395353274,4.7123889803846897,1.4616279935178311e-16,-0.19122727481519691,1.9227288613000819,1.765997809214534e-16,-0.191227274815197,8.8655274219115115e-17
0.10000000000000001,23,25,4.5160394395353274,4.908738521234052,-0.18755289635036818,-0.18755289635036851,1.8857841653695837,-0.1875528963503682,-0.18755289635036859,8.7770836714417531e-17
0.10000000000000001,23,26,4.5160394395353274,5.1050880620834143,-0.36789824007486771,-0.17667096525967149,1.7763698415238771,-0.36789824007486793,-0.17667096525967155,2.2887833992611187e-16
0.10000000000000001,23,27,4.5160394395353274,5.3014376029327757,-0.53410546075299992,-0.15899966805226409,1.5986906208680927,-0.53410546075299969,-0.15899966805226415,2.2887833992611187e-16
0.10000000000000001,23,28,4.5160394395353274,5.497787143782138,-0.67978730810418775,-0.13521810276964924,1.3595746162083762,-0.67978730810418775,-0.13521810276964932,8.3266726846886741e-17
0.10000000000000001,23,29,4.5160394395353274,5.6941366846315002,-0.799345310434046,-0.10624018162878245,1.0682109215060005,-0.79934531043404611,-0.1062401816287825,1.2412670766236366e-16
0.10000000000000001,23,30,4.5160394395353274,5.8904862254808616,-0.88818492076193845,-0.073179509888101832,0.73579648014973587,-0.88818492076193833,-0.073179509888101998,2.0014830212433605e-16
0.10000000000000001,23,31,4.5160394395353274,6.0868357663302239,-0.94289208268479152,-0.037306590621963419,0.37510579270073735,-0.94289208268479163,-0.037306590621963523,1.5218182408308987e-16
0.10000000000000001,24,0,4.7123889803846897,0,-0.98019867330675514,-8.1904729831224154e-18,3.9613464465545548e-16,-0.98019867330675525,0,1.1132401129929503e-16
0.10000000000000001,24,1,4.7123889803846897,0.19634954084936207,-0.96136443065004029,1.0514074673811122e-18,-0.38245454963039333,-0.9613644306500404,3.5127880501815262e-17,1.1613422259844351e-16
0.10000000000000001,24,2,4.7123889803846897,0.39269908169872414,-0.90558549206282846,2.8997753159586387e-17,-0.75021158540147292,-0.90558549206282857,6.8905816255888115e-17,1.1797713822676285e-16
0.10000000000000001,24,3,4.7123889803846897,0.58904862254808621,-0.81500541087383693,6.1262722528104142e-17,-1.0891384106690785,-0.81500541087383693,1.0003574013407412e-16,3.8773017605969976e-17
0.10000000000000001,24,4,4.7123889803846897,0.78539816339744828,-0.69310512880526398,8.121468524278825e-17,-1.3862102576105286,-0.69310512880526398,1.2732134661959706e-16,4.6106661376808807e-17
0.10000000000000001,24,5,4.7123889803846897,0.98174770424681035,-0.5445692053345389,9.0852879522003304e-17,-1.6300108217476752,-0.54456920533453901,1.4971406515716269e-16,1.2566061761130654e-16
0.10000000000000001,24,6,4.7123889803846897,1.1780972450961724,-0.37510579270073646,1.0940640393553909e-16,-1.811170984125658,-0.37510579270073646,1.6635335613135356e-16,5.6946952195814471e-17
0.10000000000000001,24,7,4.7123889803846897,1.3744467859455345,-0.19122727481519664,1.4293157293612984e-16,-1.9227288613000812,-0.19122727481519666,1.7659978092145343e-16,4.3633934118961832e-17
0.10000000000000001,24,8,4.7123889803846897,1.5707963267948966,-1.0625337207100922e-16,1.7619667088759083e-16,-1.9603973466135112,-6.0019858389680004e-17,1.8005957516903999e-16,4.6394609781840969e-17
0.10000000000000001,24,9,4.7123889803846897,1.7671458676442586,0.19122727481519644,1.9864324208086784e-16,-1.9227288613000812,0.19122727481519652,1.7659978092145343e-16,8.6135137892039507e-17
0.10000000000000001,24,10,4.7123889803846897,1.9634954084936207,0.37510579270073618,2.0765370363980846e-16,-1.8111709841256578,0.37510579270073635,1.6635335613135356e-16,1.7157829088639195e-16
0.10000000000000001,24,11,4.7123889803846897,2.1598449493429825,0.54456920533453868,1.9903277935027285e-16,-1.6300108217476754,0.54456920533453868,1.4971406515716272e-16,4.9318714193110138e-17
0.10000000000000001,24,12,4.7123889803846897,2.3561944901923448,0.69310512880526376,1.7609628569699696e-16,-1.3862102576105291,0.69310512880526387,1.2732134661959708e-16,1.2126395311914577e-16
0.10000000000000001,24,13,4.7123889803846897,2.5525440310417071,0.81500541087383671,1.4309273995536097e-16,-1.0891384106690782,0.81500541087383704,1.0003574013407412e-16,3.3583845823597255e-16
0.10000000000000001,24,14,4.7123889803846897,2.748893571891069,0.90558549206282835,9.6005521429674028e-17,-0.75021158540147315,0.90558549206282857,6.8905816255888128e-17,2.2369220057216869e-16
0.10000000000000001,24,15,4.7123889803846897,2.9452431127404308,0.96136443065004018,4.3768602704609231e-17,-0.3824545496303936,0.9613644306500404,3.5127880501815323e-17,2.2221266538273444e-16
0.10000000000000001,24,16,4.7123889803846897,3.1415926535897931,0.98019867330675492,1.6012689112330359e-18,6.4232783023542604e-17,0.98019867330675525,2.2050938238659705e-32,3.3307075653505047e-16
0.10000000000000001,24,17,4.7123889803846897,3.3379421944391554,0.96136443065004018,-4.2929848313892274e-17,0.38245454963039316,0.9613644306500404,-3.512788050181528e-17,2.2218163127957705e-16
0.10000000000000001,24,18,4.7123889803846897,3.5342917352885173,0.90558549206282835,-1.0541082022754037e-16,0.75021158540147204,0.90558549206282868,-6.8905816255888091e-17,3.3506145721594889e-16
0.10000000000000001,24,19,4.7123889803846897,3.7306412761378791,0.81500541087383693,-1.662025231462287e-16,1.0891384106690778,0.81500541087383715,-1.0003574013407408e-16,2.316934391615153e-16
0.10000000000000001,24,20,4.7123889803846897,3.9269908169872414,0.69310512880526398,-1.9875292849605457e-16,1.3862102576105291,0.69310512880526409,-1.2732134661959706e-16,1.3201675095779083e-16
0.10000000000000001,24,21,4.7123889803846897,4.1233403578366037,0.5445692053345389,-1.9978510098193016e-16,1.6300108217476743,0.5445692053345389,-1.4971406515716269e-16,5.0071035824767466e-17
0.10000000000000001,24,22,4.7123889803846897,4.3196898986859651,0.37510579270073663,-1.8197172129417008e-16,1.8111709841256567,0.37510579270073696,-1.6635335613135351e-16,3.3343289898728329e-16
0.10000000000000001,24,23,4.7123889803846897,4.5160394395353274,0.19122727481519688,-1.6994273422855286e-16,1.9227288613000817,0.191227274815197,-1.765997809214534e-16,1.1122170613126633e-16
0.10000000000000001,24,24,4.7123889803846897,4.7123889803846897,1.6220719841355816e-16,-1.7524329599482671e-16,1.9603973466135127,1.8005957516903999e-16,-1.8005957516903999e-16,1.8490643604364574e-17
0.10000000000000001,24,25,4.7123889803846897,4.908738521234052,-0.19122727481519658,-1.6882577333531436e-16,1.9227288613000819,-0.19122727481519664,-1.7659978092145343e-16,5.6052859917839381e-17
0.10000000000000001,24,26,4.7123889803846897,5.1050880620834143,-0.37510579270073635,-1.3111027167549025e-16,1.8111709841256576,-0.37510579270073663,-1.6635335613135354e-16,2.797843326161287e-16
0.10000000000000001,24,27,4.7123889803846897,5.3014376029327757,-0.54456920533453868,-9.3984032662976385e-17,1.6300108217476748,-0.54456920533453856,-1.4971406515716272e-16,1.2422474860462135e-16
0.10000000000000001,24,28,4.7123889803846897,5.497787143782138,-0.69310512880526376,-7.7719276707562649e-17,1.3862102576105289,-0.69310512880526376,-1.2732134661959708e-16,4.9602069912034433e-17
0.10000000000000001,24,29,4.7123889803846897,5.6941366846315002,-0.81500541087383671,-5.6864768434285064e-17,1.0891384106690782,-0.81500541087383693,-1.0003574013407412e-16,2.2620243007938097e-16
0.10000000000000001,24,30,4.7123889803846897,5.8904862254808616,-0.90558549206282823,-2.4836301956425656e-17,0.75021158540147315,-0.90558549206282835,-6.8905816255888226e-17,1.1944904241838376e-16
0.10000000000000001,24,31,4.7123889803846897,6.0868357663302239,-0.96136443065004007,-8.1639618735251689e-18,0.38245454963039394,-0.96136443065004029,-3.5127880501815348e-17,2.2367579101035114e-16
0.10000000000000001,25,0,4.908738521234052,0,-0.96136443065004029,1.7353334133618585e-17,4.9554531377321252e-16,-0.9613644306500404,-0,1.1237032459520316e-16
0.10000000000000001,25,1,4.908738521234052,0.19634954084936207,-0.94289208268479174,-0.037306590621963329,-0.37510579270073624,-0.94289208268479185,-0.037306590621963363,1.1631705747361534e-16
0.10000000000000001,25,2,4.908738521234052,0.39269908169872414,-0.88818492076193867,-0.073179509888101693,-0.73579648014973498,-0.88818492076193867,-0.073179509888101735,4.163336342344337e-17
0.10000000000000001,25,3,4.908738521234052,0.58904862254808621,-0.79934531043404622,-0.10624018162878224,-1.0682109215059998,-0.79934531043404622,-0.10624018162878229,5.5511151231257827e-17
0.10000000000000001,25,4,4.908738521234052,0.78539816339744828,-0.67978730810418797,-0.13521810276964902,-1.3595746162083757,-0.67978730810418797,-0.13521810276964902,0
0.10000000000000001,25,5,4.908738521234052,0.98174770424681035,-0.53410546075300014,-0.15899966805226376,-1.5986906208680924,-0.53410546075300025,-0.15899966805226382,1.2412670766236366e-16
0.10000000000000001,25,6,4.908738521234052,1.1780972450961724,-0.36789824007486788,-0.17667096525967119,-1.7763698415238771,-0.36789824007486782,-0.17667096525967121,6.2063353831181828e-17
0.10000000000000001,25,7,4.908738521234052,1.3744467859455345,-0.18755289635036826,-0.18755289635036818,-1.8857841653695833,-0.18755289635036826,-0.18755289635036823,5.5511151231257827e-17
0.10000000000000001,25,8,4.908738521234052,1.5707963267948966,-1.2205553990911701e-16,-0.19122727481519658,-1.9227288613000808,-5.8866593640484479e-17,-0.19122727481519664,8.4109041378199684e-17
0.10000000000000001,25,9,4.908738521234052,1.7671458676442586,0.18755289635036804,-0.18755289635036818,-1.8857841653695837,0.18755289635036812,-0.18755289635036823,1.0007415106216802e-16
0.10000000000000001,25,10,4.908738521234052,1.9634954084936207,0.36789824007486754,-0.17667096525967121,-1.776369841523878,0.36789824007486771,-0.17667096525967121,1.6653345369377348e-16
0.10000000000000001,25,11,4.908738521234052,2.1598449493429825,0.53410546075299992,-0.15899966805226382,-1.5986906208680935,0.53410546075299992,-0.15899966805226387,5.5511151231257827e-17
0.10000000000000001,25,12,4.908738521234052,2.3561944901923448,0.67978730810418775,-0.13521810276964902,-1.3595746162083771,0.67978730810418786,-0.13521810276964905,1.1443916996305594e-16
0.10000000000000001,25,13,4.908738521234052,2.5525440310417071,0.799345310434046,-0.10624018162878228,-1.0682109215060007,0.79934531043404633,-0.10624018162878229,3.3335590258932494e-16
0.10000000000000001,25,14,4.908738521234052,2.748893571891069,0.88818492076193867,-0.073179509888101735,-0.73579648014973553,0.88818492076193867,-0.073179509888101762,2.7755575615628914e-17
0.10000000000000001,25,15,4.908738521234052,2.9452431127404308,0.94289208268479174,-0.03730659062196337,-0.37510579270073657,0.94289208268479185,-0.037306590621963433,1.2738115944464653e-16
0.10000000000000001,25,16,4.908738521234052,3.1415926535897931,0.96136443065004018,-1.6030097504455964e-17,-3.1889844940909476e-18,0.9613644306500404,-2.3418587001210182e-17,2.2216749616754671e-16
0.10000000000000001,25,17,4.908738521234052,3.3379421944391554,0.94289208268479174,0.037306590621963329,0.37510579270073618,0.94289208268479185,0.037306590621963384,1.2412670766236366e-16
0.10000000000000001,25,18,4.908738521234052,3.5342917352885173,0.88818492076193856,0.073179509888101693,0.73579648014973498,0.88818492076193878,0.073179509888101721,2.2377260456559048e-16
0.10000000000000001,25,19,4.908738521234052,3.7306412761378791,0.79934531043404622,0.10624018162878221,1.0682109215060005,0.79934531043404644,0.10624018162878225,2.2591401799415137e-16
0.10000000000000001,25,20,4.908738521234052,3.9269908169872414,0.67978730810418797,0.13521810276964896,1.3595746162083768,0.67978730810418808,0.13521810276964902,1.2412670766236366e-16
0.10000000000000001,25,21,4.908738521234052,4.1233403578366037,0.53410546075300014,0.15899966805226373,1.5986906208680927,0.53410546075300014,0.15899966805226382,8.3266726846886741e-17
0.10000000000000001,25,22,4.908738521234052,4.3196898986859651,0.36789824007486799,0.17667096525967116,1.7763698415238767,0.36789824007486832,0.17667096525967119,3.3422138886441676e-16
0.10000000000000001,25,23,4.908738521234052,4.5160394395353274,0.18755289635036848,0.18755289635036818,1.8857841653695839,0.18755289635036856,0.1875528963503682,8.7770836714417531e-17
0.10000000000000001,25,24,4.908738521234052,4.7123889803846897,1.675764996452238e-16,0.19122727481519658,1.9227288613000824,1.7659978092145343e-16,0.19122727481519664,5.6239732538566832e-17
0.10000000000000001,25,25,4.908738521234052,4.908738521234052,-0.1875528963503682,0.18755289635036815,1.8857841653695842,-0.18755289635036823,0.18755289635036823,8.7770836714417531e-17
0.10000000000000001,25,26,4.908738521234052,5.1050880620834143,-0.36789824007486771,0.17667096525967119,1.7763698415238769,-0.36789824007486799,0.17667096525967121,2.7894008272968645e-16
0.10000000000000001,25,27,4.908738521234052,5.3014376029327757,-0.53410546075299992,0.15899966805226382,1.5986906208680918,-0.53410546075299981,0.15899966805226387,1.2412670766236366e-16
0.10000000000000001,25,28,4.908738521234052,5.497787143782138,-0.67978730810418775,0.13521810276964902,1.3595746162083759,-0.67978730810418775,0.13521810276964907,5.5511151231257827e-17
0.10000000000000001,25,29,4.908738521234052,5.6941366846315002,-0.799345310434046,0.10624018162878229,1.0682109215060003,-0.79934531043404622,0.10624018162878229,2.2204460492503131e-16
0.10000000000000001,25,30,4.908738521234052,5.8904862254808616,-0.88818492076193845,0.073179509888101749,0.73579648014973542,-0.88818492076193845,0.07317950988810186,1.1102230246251565e-16
0.10000000000000001,25,31,4.908738521234052,6.0868357663302239,-0.94289208268479152,0.037306590621963377,0.37510579270073691,-0.94289208268479174,0.037306590621963454,2.3479724158959924e-16
0.10000000000000001,26,0,5.1050880620834143,0,-0.90558549206282857,4.9375978335958007e-17,4.881262046152039e-16,-0.90558549206282846,-0,1.2150694992761238e-16
0.10000000000000001,26,1,5.1050880620834143,0.19634954084936207,-0.88818492076193867,-0.073179509888101638,-0.35334193051934226,-0.88818492076193867,-0.073179509888101762,1.2490009027033011e-16
0.10000000000000001,26,2,5.1050880620834143,0.39269908169872414,-0.83665190105600951,-0.14354677225074555,-0.69310512880526332,-0.83665190105600951,-0.14354677225074575,1.9428902930940239e-16
0.10000000000000001,26,3,5.1050880620834143,0.58904862254808621,-0.75296681799228959,-0.20839761265775056,-1.0062326856890327,-0.75296681799228959,-0.20839761265775084,2.7755575615628914e-16
0.10000000000000001,26,4,5.1050880620834143,0.78539816339744828,-0.64034564238178249,-0.26523984968104597,-1.2806912847635641,-0.64034564238178249,-0.26523984968104619,2.2204460492503131e-16
0.10000000000000001,26,5,5.1050880620834143,0.98174770424681035,-0.50311634284451667,-0.31188906802932009,-1.5059336359845787,-0.50311634284451678,-0.31188906802932037,2.9893669801409083e-16
0.10000000000000001,26,6,5.1050880620834143,1.1780972450961724,-0.3465525644026321,-0.34655256440263194,-1.6733038021120181,-0.34655256440263199,-0.34655256440263221,2.9893669801409083e-16
0.10000000000000001,26,7,5.1050880620834143,1.3744467859455345,-0.17667096525967124,-0.36789824007486766,-1.7763698415238762,-0.17667096525967124,-0.36789824007486799,3.3306690738754696e-16
0.10000000000000001,26,8,5.1050880620834143,1.5707963267948966,-1.0400375843132926e-16,-0.3751057927007363,-1.8111709841256562,-5.5451118710451188e-17,-0.37510579270073663,3.3658717090906805e-16
0.10000000000000001,26,9,5.1050880620834143,1.7671458676442586,0.17667096525967105,-0.36789824007486766,-1.7763698415238762,0.1766709652596711,-0.36789824007486799,3.3766115072321297e-16
0.10000000000000001,26,10,5.1050880620834143,1.9634954084936207,0.34655256440263177,-0.34655256440263205,-1.6733038021120183,0.34655256440263194,-0.34655256440263221,2.3551386880256624e-16
0.10000000000000001,26,11,5.1050880620834143,2.1598449493429825,0.50311634284451656,-0.3118890680293202,-1.505933635984579,0.50311634284451645,-0.31188906802932048,2.9893669801409083e-16
0.10000000000000001,26,12,5.1050880620834143,2.3561944901923448,0.64034564238178227,-0.26523984968104608,-1.2806912847635652,0.64034564238178238,-0.26523984968104625,2.0014830212433605e-16
0.10000000000000001,26,13,5.1050880620834143,2.5525440310417071,0.75296681799228948,-0.20839761265775072,-1.0062326856890331,0.75296681799228971,-0.20839761265775084,2.4825341532472731e-16
0.10000000000000001,26,14,5.1050880620834143,2.748893571891069,0.83665190105600951,-0.14354677225074569,-0.69310512880526354,0.83665190105600951,-0.14354677225074577,8.3266726846886741e-17
0.10000000000000001,26,15,5.1050880620834143,2.9452431127404308,0.88818492076193856,-0.073179509888101749,-0.35334193051934237,0.88818492076193867,-0.073179509888101887,1.7772239894833365e-16
0.10000000000000001,26,16,5.1050880620834143,3.1415926535897931,0.90558549206282835,-3.9046959104097289e-17,-4.0728185326640989e-17,0.90558549206282846,-4.593721083725877e-17,1.1123590793005936e-16
0.10000000000000001,26,17,5.1050880620834143,3.3379421944391554,0.88818492076193856,0.073179509888101665,0.35334193051934193,0.88818492076193867,0.073179509888101804,1.7772239894833365e-16
0.10000000000000001,26,18,5.1050880620834143,3.5342917352885173,0.83665190105600939,0.14354677225074561,0.69310512880526287,0.83665190105600962,0.14354677225074569,2.3714374201337736e-16
0.10000000000000001,26,19,5.1050880620834143,3.7306412761378791,0.75296681799228971,0.20839761265775064,1.0062326856890329,0.75296681799228982,0.20839761265775075,1.5700924586837752e-16
0.10000000000000001,26,20,5.1050880620834143,3.9269908169872414,0.6403456423817826,0.26523984968104597,1.2806912847635645,0.6403456423817826,0.26523984968104619,2.2204460492503131e-16
0.10000000000000001,26,21,5.1050880620834143,4.1233403578366037,0.50311634284451667,0.31188906802932009,1.5059336359845785,0.50311634284451667,0.31188906802932037,2.7755575615628914e-16
0.10000000000000001,26,22,5.1050880620834143,4.3196898986859651,0.34655256440263221,0.34655256440263188,1.6733038021120172,0.34655256440263249,0.3465525644026321,3.554447978966673e-16
0.10000000000000001,26,23,5.1050880620834143,4.5160394395353274,0.17667096525967146,0.36789824007486766,1.7763698415238762,0.17667096525967152,0.36789824007486793,2.8305244335018379e-16
0.10000000000000001,26,24,5.1050880620834143,4.7123889803846897,1.7799453242061474e-16,0.37510579270073635,1.8111709841256574,1.6635335613135354e-16,0.37510579270073663,2.777997745875383e-16
0.10000000000000001,26,25,5.1050880620834143,4.908738521234052,-0.17667096525967116,0.36789824007486771,1.7763698415238769,-0.17667096525967121,0.36789824007486799,2.8305244335018379e-16
0.10000000000000001,26,26,5.1050880620834143,5.1050880620834143,-0.34655256440263199,0.34655256440263194,1.6733038021120181,-0.34655256440263216,0.34655256440263216,2.7755575615628914e-16
0.10000000000000001,26,27,5.1050880620834143,5.3014376029327757,-0.50311634284451656,0.31188906802932015,1.5059336359845785,-0.50311634284451645,0.31188906802932048,3.5108334685767012e-16
0.10000000000000001,26,28,5.1050880620834143,5.497787143782138,-0.64034564238178227,0.26523984968104602,1.2806912847635645,-0.64034564238178227,0.2652398496810463,2.7755575615628914e-16
0.10000000000000001,26,29,5.1050880620834143,5.6941366846315002,-0.75296681799228948,0.2083976126577507,1.0062326856890331,-0.75296681799228959,0.20839761265775084,1.7772239894833365e-16
0.10000000000000001,26,30,5.1050880620834143,5.8904862254808616,-0.83665190105600928,0.14354677225074564,0.69310512880526365,-0.83665190105600928,0.14354677225074597,3.3306690738754696e-16
0.10000000000000001,26,31,5.1050880620834143,6.0868357663302239,-0.88818492076193833,0.073179509888101749,0.35334193051934293,-0.88818492076193856,0.073179509888101929,2.8609792490763985e-16
0.10000000000000001,27,0,5.3014376029327757,0,-0.81500541087383704,7.8358604998782822e-17,4.9277144497584612e-16,-0.81500541087383715,-0,1.3588974435708378e-16
0.10000000000000001,27,1,5.3014376029327757,0.19634954084936207,-0.79934531043404622,-0.10624018162878215,-0.31799933610452752,-0.79934531043404644,-0.1062401816287822,2.2591401799415137e-16
0.10000000000000001,27,2,5.3014376029327757,0.39269908169872414,-0.75296681799228971,-0.20839761265775056,-0.62377813605864008,-0.75296681799228982,-0.20839761265775059,1.1443916996305594e-16
0.10000000000000001,27,3,5.3014376029327757,0.58904862254808621,-0.67765223300374589,-0.3025464403030092,-0.90558549206282823,-0.677652233003746,-0.3025464403030092,1.1102230246251565e-16
0.10000000000000001,27,4,5.3014376029327757,0.78539816339744828,-0.57629585273261852,-0.38506857791742166,-1.1525917054652368,-0.57629585273261863,-0.38506857791742161,1.2412670766236366e-16
0.10000000000000001,27,5,5.3014376029327757,0.98174770424681035,-0.45279274603141428,-0.45279274603141395,-1.3553044660074915,-0.45279274603141439,-0.45279274603141395,1.1102230246251565e-16
0.10000000000000001,27,6,5.3014376029327757,1.1780972450961724,-0.31188906802932032,-0.50311634284451656,-1.5059336359845792,-0.31188906802932032,-0.50311634284451645,1.1102230246251565e-16
0.10000000000000001,27,7,5.3014376029327757,1.3744467859455345,-0.15899966805226384,-0.53410546075299992,-1.598690620868092,-0.15899966805226387,-0.53410546075299981,1.1443916996305594e-16
0.10000000000000001,27,8,5.3014376029327757,1.5707963267948966,-8.0566581281765316e-17,-0.54456920533453868,-1.6300108217476734,-4.9904688385720903e-17,-0.54456920533453856,1.1517857144472148e-16
0.10000000000000001,27,9,5.3014376029327757,1.7671458676442586,0.15899966805226365,-0.53410546075299992,-1.5986906208680915,0.15899966805226376,-0.53410546075299981,1.5700924586837752e-16
0.10000000000000001,27,10,5.3014376029327757,1.9634954084936207,0.31188906802932004,-0.50311634284451656,-1.5059336359845787,0.3118890680293202,-0.50311634284451645,2.0014830212433605e-16
0.10000000000000001,27,11,5.3014376029327757,2.1598449493429825,0.45279274603141406,-0.45279274603141406,-1.3553044660074915,0.45279274603141412,-0.45279274603141406,5.5511151231257827e-17
0.10000000000000001,27,12,5.3014376029327757,2.3561944901923448,0.5762958527326183,-0.38506857791742183,-1.152591705465237,0.57629585273261863,-0.38506857791742166,3.7238012298709097e-16
0.10000000000000001,27,13,5.3014376029327757,2.5525440310417071,0.67765223300374555,-0.30254644030300931,-0.90558549206282812,0.67765223300374611,-0.3025464403030092,5.6610488670036757e-16
0.10000000000000001,27,14,5.3014376029327757,2.748893571891069,0.75296681799228971,-0.20839761265775072,-0.62377813605864008,0.75296681799228982,-0.20839761265775064,1.3877787807814457e-16
0.10000000000000001,27,15,5.3014376029327757,2.9452431127404308,0.79934531043404611,-0.10624018162878229,-0.31799933610452769,0.79934531043404644,-0.10624018162878239,3.4694469519536142e-16
0.10000000000000001,27,16,5.3014376029327757,3.1415926535897931,0.81500541087383682,-6.3812977739423256e-17,-9.6934020182472841e-17,0.81500541087383715,-6.6690493422716034e-17,3.3307933723545865e-16
0.10000000000000001,27,17,5.3014376029327757,3.3379421944391554,0.79934531043404611,0.10624018162878215,0.31799933610452713,0.79934531043404644,0.10624018162878225,3.4694469519536142e-16
0.10000000000000001,27,18,5.3014376029327757,3.5342917352885173,0.75296681799228959,0.20839761265775056,0.62377813605863908,0.75296681799228993,0.20839761265775053,3.3422138886441676e-16
0.10000000000000001,27,19,5.3014376029327757,3.7306412761378791,0.67765223300374589,0.3025464403030092,0.90558549206282757,0.67765223300374611,0.30254644030300903,2.7755575615628914e-16
0.10000000000000001,27,20,5.3014376029327757,3.9269908169872414,0.57629585273261863,0.38506857791742172,1.1525917054652366,0.57629585273261874,0.38506857791742161,1.5700924586837752e-16
0.10000000000000001,27,21,5.3014376029327757,4.1233403578366037,0.45279274603141428,0.45279274603141395,1.3553044660074909,0.45279274603141434,0.45279274603141395,5.5511151231257827e-17
0.10000000000000001,27,22,5.3014376029327757,4.3196898986859651,0.31188906802932037,0.50311634284451645,1.5059336359845776,0.3118890680293207,0.50311634284451623,4.002966042486721e-16
0.10000000000000001,27,23,5.3014376029327757,4.5160394395353274,0.15899966805226406,0.53410546075299992,1.5986906208680915,0.15899966805226415,0.53410546075299969,2.3714374201337736e-16
0.10000000000000001,27,24,5.3014376029327757,4.7123889803846897,1.8334659959179915e-16,0.54456920533453868,1.6300108217476745,1.4971406515716272e-16,0.54456920533453856,1.1600473704368851e-16
0.10000000000000001,27,25,5.3014376029327757,4.908738521234052,-0.15899966805226376,0.53410546075299992,1.5986906208680924,-0.15899966805226384,0.53410546075299981,1.3877787807814457e-16
0.10000000000000001,27,26,5.3014376029327757,5.1050880620834143,-0.3118890680293202,0.50311634284451656,1.505933635984579,-0.31188906802932043,0.50311634284451634,3.1401849173675503e-16
0.10000000000000001,27,27,5.3014376029327757,5.3014376029327757,-0.45279274603141406,0.45279274603141406,1.3553044660074911,-0.45279274603141406,0.45279274603141406,0
0.10000000000000001,27,28,5.3014376029327757,5.497787143782138,-0.57629585273261841,0.38506857791742183,1.152591705465237,-0.57629585273261852,0.38506857791742172,1.5700924586837752e-16
0.10000000000000001,27,29,5.3014376029327757,5.6941366846315002,-0.67765223300374566,0.30254644030300931,0.90558549206282846,-0.677652233003746,0.3025464403030092,3.5108334685767012e-16
0.10000000000000001,27,30,5.3014376029327757,5.8904862254808616,-0.75296681799228959,0.2083976126577507,0.6237781360586403,-0.75296681799228971,0.20839761265775092,2.4825341532472731e-16
0.10000000000000001,27,31,5.3014376029327757,6.0868357663302239,-0.79934531043404611,0.10624018162878231,0.31799933610452819,-0.79934531043404633,0.10624018162878245,2.6184557666721351e-16
0.10000000000000001,28,0,5.497787143782138,0,-0.69310512880526409,1.1098392017865244e-16,4.4918089340805096e-16,-0.69310512880526409,-0,1.1098392017865244e-16
0.10000000000000001,28,1,5.497787143782138,0.19634954084936207,-0.67978730810418808,-0.13521810276964885,-0.27043620553929798,-0.67978730810418808,-0.13521810276964896,1.1102230246251565e-16
0.10000000000000001,28,2,5.497787143782138,0.39269908169872414,-0.6403456423817826,-0.26523984968104591,-0.53047969936209205,-0.6403456423817826,-0.26523984968104597,5.5511151231257827e-17
0.10000000000000001,28,3,5.497787143782138,0.58904862254808621,-0.57629585273261863,-0.38506857791742166,-0.77013715583484377,-0.57629585273261863,-0.38506857791742177,1.1102230246251565e-16
0.10000000000000001,28,4,5.497787143782138,0.78539816339744828,-0.49009933665337774,-0.49009933665337746,-0.98019867330675547,-0.49009933665337774,-0.49009933665337746,0
0.10000000000000001,28,5,5.497787143782138,0.98174770424681035,-0.38506857791742194,-0.5762958527326183,-1.1525917054652373,-0.38506857791742205,-0.5762958527326183,1.1102230246251565e-16
0.10000000000000001,28,6,5.497787143782138,1.1780972450961724,-0.26523984968104619,-0.64034564238178227,-1.2806912847635648,-0.26523984968104614,-0.64034564238178227,5.5511151231257827e-17
0.10000000000000001,28,7,5.497787143782138,1.3744467859455345,-0.13521810276964907,-0.67978730810418775,-1.3595746162083759,-0.13521810276964907,-0.67978730810418775,0
0.10000000000000001,28,8,5.497787143782138,1.5707963267948966,-7.3737438531914765e-17,-0.69310512880526376,-1.386210257610528,-4.2440448873199031e-17,-0.69310512880526376,3.1296989658715733e-17
0.10000000000000001,28,9,5.497787143782138,1.7671458676442586,0.13521810276964893,-0.67978730810418775,-1.3595746162083759,0.13521810276964899,-0.67978730810418775,5.5511151231257827e-17
0.10000000000000001,28,10,5.497787143782138,1.9634954084936207,0.26523984968104597,-0.64034564238178238,-1.280691284763565,0.26523984968104608,-0.64034564238178227,1.5700924586837752e-16
0.10000000000000001,28,11,5.497787143782138,2.1598449493429825,0.38506857791742177,-0.57629585273261841,-1.1525917054652373,0.38506857791742177,-0.57629585273261852,1.1102230246251565e-16
0.10000000000000001,28,12,5.497787143782138,2.3561944901923448,0.49009933665337757,-0.49009933665337763,-0.98019867330675559,0.49009933665337768,-0.49009933665337752,1.5700924586837752e-16
0.10000000000000001,28,13,5.497787143782138,2.5525440310417071,0.57629585273261852,-0.38506857791742183,-0.77013715583484388,0.57629585273261874,-0.38506857791742177,2.2887833992611187e-16
0.10000000000000001,28,14,5.497787143782138,2.748893571891069,0.64034564238178249,-0.26523984968104608,-0.53047969936209216,0.6403456423817826,-0.26523984968104608,1.1102230246251565e-16
0.10000000000000001,28,15,5.497787143782138,2.9452431127404308,0.67978730810418797,-0.13521810276964905,-0.27043620553929831,0.67978730810418808,-0.13521810276964921,2.0014830212433605e-16
0.10000000000000001,28,16,5.497787143782138,3.1415926535897931,0.69310512880526387,-9.7112887322793947e-17,-1.8821276801421965e-16,0.69310512880526409,-8.4880897746398026e-17,2.2238126752339169e-16
0.10000000000000001,28,17,5.497787143782138,3.3379421944391554,0.67978730810418797,0.13521810276964885,0.27043620553929781,0.67978730810418808,0.13521810276964902,2.0014830212433605e-16
0.10000000000000001,28,18,5.497787143782138,3.5342917352885173,0.64034564238178249,0.26523984968104591,0.53047969936209161,0.6403456423817826,0.26523984968104591,1.1102230246251565e-16
0.10000000000000001,28,19,5.497787143782138,3.7306412761378791,0.57629585273261863,0.38506857791742166,0.77013715583484355,0.57629585273261874,0.38506857791742161,1.2412670766236366e-16
0.10000000000000001,28,20,5.497787143782138,3.9269908169872414,0.49009933665337774,0.49009933665337746,0.98019867330675559,0.49009933665337785,0.49009933665337746,1.1102230246251565e-16
0.10000000000000001,28,21,5.497787143782138,4.1233403578366037,0.38506857791742194,0.5762958527326183,1.1525917054652373,0.38506857791742194,0.5762958527326183,0
0.10000000000000001,28,22,5.497787143782138,4.3196898986859651,0.26523984968104625,0.64034564238178215,1.2806912847635643,0.26523984968104652,0.64034564238178215,2.7755575615628914e-16
0.10000000000000001,28,23,5.497787143782138,4.5160394395353274,0.13521810276964924,0.67978730810418775,1.3595746162083757,0.1352181027696493,0.67978730810418764,1.2412670766236366e-16
0.10000000000000001,28,24,5.497787143782138,4.7123889803846897,1.7301340448012058e-16,0.69310512880526376,1.3862102576105289,1.2732134661959708e-16,0.69310512880526376,4.5692057860523493e-17
0.10000000000000001,28,25,5.497787143782138,4.908738521234052,-0.13521810276964905,0.67978730810418775,1.3595746162083764,-0.13521810276964905,0.67978730810418775,0
0.10000000000000001,28,26,5.497787143782138,5.1050880620834143,-0.26523984968104619,0.64034564238178227,1.2806912847635645,-0.2652398496810463,0.64034564238178215,1.5700924586837752e-16
0.10000000000000001,28,27,5.497787143782138,5.3014376029327757,-0.38506857791742177,0.57629585273261841,1.1525917054652364,-0.38506857791742172,0.57629585273261852,1.2412670766236366e-16
0.10000000000000001,28,28,5.497787143782138,5.497787143782138,-0.49009933665337757,0.49009933665337763,0.98019867330675559,-0.49009933665337757,0.49009933665337757,5.5511151231257827e-17
0.10000000000000001,28,29,5.497787143782138,5.6941366846315002,-0.57629585273261852,0.38506857791742183,0.77013715583484421,-0.57629585273261863,0.38506857791742177,1.2412670766236366e-16
0.10000000000000001,28,30,5.497787143782138,5.8904862254808616,-0.64034564238178238,0.26523984968104608,0.53047969936209227,-0.64034564238178238,0.26523984968104641,3.3306690738754696e-16
0.10000000000000001,28,31,5.497787143782138,6.0868357663302239,-0.67978730810418786,0.13521810276964905,0.27043620553929848,-0.67978730810418797,0.13521810276964927,2.4825341532472731e-16
0.10000000000000001,29,0,5.6941366846315002,0,-0.54456920533453901,1.3505982963361723e-16,2.0165681719028028e-16,-0.5445692053345389,-0,1.748345195455978e-16
0.10000000000000001,29,1,5.6941366846315002,0.19634954084936207,-0.53410546075300014,-0.15899966805226359,-0.21248036325756448,-0.53410546075300014,-0.15899966805226376,1.6653345369377348e-16
0.10000000000000001,29,2,5.6941366846315002,0.39269908169872414,-0.50311634284451678,-0.31188906802931998,-0.41679522531550112,-0.50311634284451667,-0.3118890680293202,2.4825341532472731e-16
0.10000000000000001,29,3,5.6941366846315002,0.58904862254808621,-0.45279274603141428,-0.45279274603141395,-0.60509288060601862,-0.45279274603141423,-0.45279274603141417,2.2887833992611187e-16
0.10000000000000001,29,4,5.6941366846315002,0.78539816339744828,-0.38506857791742194,-0.5762958527326183,-0.77013715583484377,-0.38506857791742188,-0.57629585273261841,1.2412670766236366e-16
0.10000000000000001,29,5,5.6941366846315002,0.98174770424681035,-0.30254644030300942,-0.67765223300374544,-0.90558549206282823,-0.30254644030300942,-0.67765223300374577,3.3306690738754696e-16
0.10000000000000001,29,6,5.6941366846315002,1.1780972450961724,-0.20839761265775081,-0.75296681799228948,-1.0062326856890331,-0.20839761265775072,-0.75296681799228959,1.3877787807814457e-16
0.10000000000000001,29,7,5.6941366846315002,1.3744467859455345,-0.10624018162878233,-0.79934531043404589,-1.0682109215060001,-0.10624018162878231,-0.79934531043404622,3.3422138886441676e-16
0.10000000000000001,29,8,5.6941366846315002,1.5707963267948966,-6.4388292636066633e-17,-0.81500541087383671,-1.0891384106690778,-3.3345246711358042e-17,-0.81500541087383693,2.2420409736799372e-16
0.10000000000000001,29,9,5.6941366846315002,1.7671458676442586,0.10624018162878221,-0.79934531043404589,-1.0682109215060001,0.10624018162878222,-0.79934531043404622,3.3335590258932494e-16
0.10000000000000001,29,10,5.6941366846315002,1.9634954084936207,0.20839761265775061,-0.75296681799228948,-1.0062326856890336,0.20839761265775067,-0.75296681799228959,1.2412670766236366e-16
0.10000000000000001,29,11,5.6941366846315002,2.1598449493429825,0.30254644030300931,-0.67765223300374566,-0.9055854920628289,0.30254644030300926,-0.677652233003746,3.3766115072321297e-16
0.10000000000000001,29,12,5.6941366846315002,2.3561944901923448,0.38506857791742188,-0.57629585273261841,-0.77013715583484421,0.38506857791742183,-0.57629585273261852,1.2412670766236366e-16
0.10000000000000001,29,13,5.6941366846315002,2.5525440310417071,0.45279274603141417,-0.45279274603141417,-0.60509288060601885,0.45279274603141428,-0.45279274603141417,1.1102230246251565e-16
0.10000000000000001,29,14,5.6941366846315002,2.748893571891069,0.50311634284451678,-0.31188906802932026,-0.41679522531550139,0.50311634284451667,-0.31188906802932026,1.1102230246251565e-16
0.10000000000000001,29,15,5.6941366846315002,2.9452431127404308,0.53410546075300014,-0.15899966805226387,-0.21248036325756467,0.53410546075300014,-0.15899966805226406,1.9428902930940239e-16
0.10000000000000001,29,16,5.6941366846315002,3.1415926535897931,0.5445692053345389,-1.2866122343784005e-16,-1.0383331374772604e-16,0.5445692053345389,-9.9809376771441782e-17,2.8851846666398272e-17
0.10000000000000001,29,17,5.6941366846315002,3.3379421944391554,0.53410546075300014,0.15899966805226359,0.21248036325756436,0.53410546075300014,0.15899966805226384,2.4980018054066022e-16
0.10000000000000001,29,18,5.6941366846315002,3.5342917352885173,0.50311634284451678,0.31188906802931998,0.41679522531550089,0.50311634284451678,0.31188906802932009,1.1102230246251565e-16
0.10000000000000001,29,19,5.6941366846315002,3.7306412761378791,0.45279274603141428,0.45279274603141395,0.60509288060601851,0.45279274603141434,0.45279274603141401,7.8504622934188758e-17
0.10000000000000001,29,20,5.6941366846315002,3.9269908169872414,0.38506857791742199,0.57629585273261819,0.7701371558348441,0.38506857791742194,0.57629585273261841,2.2887833992611187e-16
0.10000000000000001,29,21,5.6941366846315002,4.1233403578366037,0.30254644030300942,0.67765223300374544,0.90558549206282846,0.30254644030300937,0.67765223300374577,3.3766115072321297e-16
0.10000000000000001,29,22,5.6941366846315002,4.3196898986859651,0.20839761265775086,0.75296681799228937,1.0062326856890329,0.208397612657751,0.75296681799228948,1.7772239894833365e-16
0.10000000000000001,29,23,5.6941366846315002,4.5160394395353274,0.10624018162878247,0.79934531043404589,1.0682109215059996,0.10624018162878249,0.79934531043404611,2.2247786310271853e-16
0.10000000000000001,29,24,5.6941366846315002,4.7123889803846897,1.4572325770826989e-16,0.81500541087383671,1.0891384106690782,1.0003574013407412e-16,0.81500541087383693,2.2669617517374589e-16
0.10000000000000001,29,25,5.6941366846315002,4.908738521234052,-0.10624018162878228,0.79934531043404589,1.0682109215060007,-0.10624018162878229,0.79934531043404622,3.3335590258932494e-16
0.10000000000000001,29,26,5.6941366846315002,5.1050880620834143,-0.20839761265775081,0.75296681799228948,1.0062326856890333,-0.20839761265775084,0.75296681799228959,1.1443916996305594e-16
0.10000000000000001,29,27,5.6941366846315002,5.3014376029327757,-0.30254644030300931,0.67765223300374566,0.90558549206282801,-0.3025464403030092,0.677652233003746,3.5108334685767012e-16
0.10000000000000001,29,28,5.6941366846315002,5.497787143782138,-0.38506857791742183,0.57629585273261852,0.77013715583484388,-0.38506857791742177,0.57629585273261863,1.2412670766236366e-16
0.10000000000000001,29,29,5.6941366846315002,5.6941366846315002,-0.45279274603141417,0.45279274603141417,0.60509288060601918,-0.45279274603141423,0.45279274603141417,5.5511151231257827e-17
0.10000000000000001,29,30,5.6941366846315002,5.8904862254808616,-0.50311634284451667,0.31188906802932026,0.41679522531550145,-0.50311634284451656,0.3118890680293207,4.5775667985222375e-16
0.10000000000000001,29,31,5.6941366846315002,6.0868357663302239,-0.53410546075300003,0.15899966805226387,0.21248036325756481,-0.53410546075300003,0.15899966805226415,2.7755575615628914e-16
0.10000000000000001,30,0,5.8904862254808616,0,-0.37510579270073646,1.3676566053312395e-16,1.5648646646863931e-17,-0.37510579270073702,-0,5.7171114822348836e-16
0.10000000000000001,30,1,5.8904862254808616,0.19634954084936207,-0.36789824007486788,-0.17667096525967099,-0.14635901977620347,-0.36789824007486838,-0.17667096525967113,5.1851694305630762e-16
0.10000000000000001,30,2,5.8904862254808616,0.39269908169872414,-0.3465525644026321,-0.34655256440263177,-0.2870935445014911,-0.34655256440263255,-0.34655256440263194,4.7428748402675471e-16
0.10000000000000001,30,3,5.8904862254808616,0.58904862254808621,-0.31188906802932032,-0.50311634284451656,-0.41679522531550134,-0.3118890680293207,-0.50311634284451667,4.0412728104402651e-16
0.10000000000000001,30,4,5.8904862254808616,0.78539816339744828,-0.26523984968104619,-0.64034564238178227,-0.53047969936209216,-0.26523984968104652,-0.64034564238178227,3.3306690738754696e-16
0.10000000000000001,30,5,5.8904862254808616,0.98174770424681035,-0.20839761265775078,-0.75296681799228937,-0.62377813605864041,-0.20839761265775109,-0.75296681799228959,3.7751664318895328e-16
0.10000000000000001,30,6,5.8904862254808616,1.1780972450961724,-0.14354677225074572,-0.83665190105600928,-0.69310512880526398,-0.14354677225074591,-0.83665190105600939,2.2377260456559048e-16
0.10000000000000001,30,7,5.8904862254808616,1.3744467859455345,-0.073179509888101762,-0.88818492076193833,-0.73579648014973564,-0.07317950988810186,-0.88818492076193856,2.4236514457283391e-16
0.10000000000000001,30,8,5.8904862254808616,1.5707963267948966,-3.8334551170186454e-17,-0.90558549206282823,-0.75021158540147292,-2.296860541862941e-17,-0.90558549206282835,1.1208061354631363e-16
0.10000000000000001,30,9,5.8904862254808616,1.7671458676442586,0.073179509888101679,-0.88818492076193833,-0.73579648014973553,0.073179509888101818,-0.88818492076193856,2.6184557666721351e-16
0.10000000000000001,30,10,5.8904862254808616,1.9634954084936207,0.14354677225074561,-0.83665190105600939,-0.6931051288052642,0.14354677225074586,-0.83665190105600939,2.4980018054066022e-16
0.10000000000000001,30,11,5.8904862254808616,2.1598449493429825,0.2083976126577507,-0.75296681799228959,-0.62377813605864085,0.20839761265775097,-0.75296681799228971,2.9893669801409083e-16
0.10000000000000001,30,12,5.8904862254808616,2.3561944901923448,0.26523984968104614,-0.64034564238178249,-0.53047969936209249,0.26523984968104647,-0.64034564238178238,3.5108334685767012e-16
0.10000000000000001,30,13,5.8904862254808616,2.5525440310417071,0.3118890680293202,-0.50311634284451667,-0.41679522531550151,0.31188906802932076,-0.50311634284451667,5.5511151231257827e-16
0.10000000000000001,30,14,5.8904862254808616,2.748893571891069,0.34655256440263205,-0.34655256440263205,-0.28709354450149127,0.34655256440263255,-0.34655256440263205,4.9960036108132044e-16
0.10000000000000001,30,15,5.8904862254808616,2.9452431127404308,0.36789824007486782,-0.17667096525967127,-0.14635901977620344,0.36789824007486838,-0.17667096525967146,5.8813010296357691e-16
0.10000000000000001,30,16,5.8904862254808616,3.1415926535897931,0.37510579270073641,-1.3788450177612838e-16,7.0567500656426431e-17,0.37510579270073702,-1.1090223742090235e-16,6.1121852051709307e-16
0.10000000000000001,30,17,5.8904862254808616,3.3379421944391554,0.36789824007486782,0.17667096525967099,0.1463590197762033,0.36789824007486838,0.17667096525967124,6.0872729633235947e-16
0.10000000000000001,30,18,5.8904862254808616,3.5342917352885173,0.34655256440263205,0.34655256440263177,0.28709354450149088,0.3465525644026326,0.34655256440263182,5.5788016545937291e-16
0.10000000000000001,30,19,5.8904862254808616,3.7306412761378791,0.31188906802932032,0.50311634284451656,0.41679522531550123,0.31188906802932082,0.50311634284451645,5.1178752665209032e-16
0.10000000000000001,30,20,5.8904862254808616,3.9269908169872414,0.26523984968104619,0.64034564238178227,0.53047969936209227,0.26523984968104658,0.64034564238178227,3.8857805861880479e-16
0.10000000000000001,30,21,5.8904862254808616,4.1233403578366037,0.20839761265775078,0.75296681799228948,0.62377813605864041,0.20839761265775106,0.75296681799228959,2.9893669801409083e-16
0.10000000000000001,30,22,5.8904862254808616,4.3196898986859651,0.1435467722507458,0.83665190105600917,0.69310512880526343,0.14354677225074608,0.83665190105600917,2.7755575615628914e-16
0.10000000000000001,30,23,5.8904862254808616,4.5160394395353274,0.07317950988810186,0.88818492076193833,0.73579648014973542,0.073179509888101985,0.88818492076193845,1.6711069443220838e-16
0.10000000000000001,30,24,5.8904862254808616,4.7123889803846897,9.8404295968151471e-17,0.90558549206282823,0.75021158540147348,6.8905816255888226e-17,0.90558549206282835,1.1487433111628166e-16
0.10000000000000001,30,25,5.8904862254808616,4.908738521234052,-0.073179509888101735,0.88818492076193833,0.73579648014973609,-0.07317950988810186,0.88818492076193856,2.5476231888929306e-16
0.10000000000000001,30,26,5.8904862254808616,5.1050880620834143,-0.14354677225074572,0.83665190105600928,0.69310512880526409,-0.14354677225074597,0.83665190105600928,2.4980018054066022e-16
0.10000000000000001,30,27,5.8904862254808616,5.3014376029327757,-0.2083976126577507,0.75296681799228959,0.62377813605864041,-0.20839761265775092,0.75296681799228971,2.4825341532472731e-16
0.10000000000000001,30,28,5.8904862254808616,5.497787143782138,-0.26523984968104608,0.64034564238178249,0.53047969936209227,-0.26523984968104641,0.64034564238178249,3.3306690738754696e-16
0.10000000000000001,30,29,5.8904862254808616,5.6941366846315002,-0.3118890680293202,0.50311634284451667,0.41679522531550167,-0.3118890680293207,0.50311634284451667,4.9960036108132044e-16
0.10000000000000001,30,30,5.8904862254808616,5.8904862254808616,-0.34655256440263205,0.34655256440263205,0.28709354450149144,-0.34655256440263249,0.34655256440263249,6.2803698347351007e-16
0.10000000000000001,30,31,5.8904862254808616,6.0868357663302239,-0.36789824007486777,0.17667096525967127,0.14635901977620364,-0.36789824007486832,0.17667096525967155,6.2063353831181828e-16
0.10000000000000001,31,0,6.0868357663302239,0,-0.19122727481519672,1.3779264992029382e-16,3.9279318491168124e-17,-0.19122727481519702,-0,3.3496540669209243e-16
0.10000000000000001,31,1,6.0868357663302239,0.19634954084936207,-0.18755289635036831,-0.18755289635036798,-0.074613181243926879,-0.18755289635036862,-0.18755289635036815,3.4777636565401969e-16
0.10000000000000001,31,2,6.0868357663302239,0.39269908169872414,-0.1766709652596713,-0.3678982400748676,-0.14635901977620352,-0.17667096525967158,-0.36789824007486777,3.2368285245694688e-16
0.10000000000000001,31,3,6.0868357663302239,0.58904862254808621,-0.15899966805226393,-0.53410546075299992,-0.21248036325756464,-0.15899966805226415,-0.53410546075300003,2.4825341532472731e-16
0.10000000000000001,31,4,6.0868357663302239,0.78539816339744828,-0.13521810276964913,-0.67978730810418775,-0.27043620553929837,-0.13521810276964932,-0.67978730810418786,2.2377260456559048e-16
0.10000000000000001,31,5,6.0868357663302239,0.98174770424681035,-0.10624018162878238,-0.799345310434046,-0.31799933610452807,-0.10624018162878253,-0.79934531043404611,1.8875832159447664e-16
0.10000000000000001,31,6,6.0868357663302239,1.1780972450961724,-0.07317950988810179,-0.88818492076193856,-0.35334193051934293,-0.073179509888101901,-0.88818492076193856,1.1102230246251565e-16
0.10000000000000001,31,7,6.0868357663302239,1.3744467859455345,-0.037306590621963391,-0.94289208268479163,-0.37510579270073691,-0.037306590621963454,-0.94289208268479174,1.2738115944464653e-16
0.10000000000000001,31,8,6.0868357663302239,1.5707963267948966,-1.1444232296700598e-17,-0.96136443065004018,-0.38245454963039355,-1.1709293500605116e-17,-0.96136443065004029,1.1102261887345355e-16
0.10000000000000001,31,9,6.0868357663302239,1.7671458676442586,0.037306590621963356,-0.94289208268479163,-0.37510579270073674,0.037306590621963426,-0.94289208268479174,1.3092278833360675e-16
0.10000000000000001,31,10,6.0868357663302239,1.9634954084936207,0.073179509888101735,-0.88818492076193867,-0.35334193051934287,0.073179509888101874,-0.88818492076193856,1.7772239894833365e-16
0.10000000000000001,31,11,6.0868357663302239,2.1598449493429825,0.10624018162878232,-0.79934531043404622,-0.31799933610452807,0.10624018162878247,-0.79934531043404633,1.8875832159447664e-16
0.10000000000000001,31,12,6.0868357663302239,2.3561944901923448,0.13521810276964907,-0.67978730810418797,-0.27043620553929826,0.1352181027696493,-0.67978730810418797,2.2204460492503131e-16
0.10000000000000001,31,13,6.0868357663302239,2.5525440310417071,0.15899966805226384,-0.53410546075300014,-0.21248036325756472,0.15899966805226418,-0.53410546075300003,3.5108334685767012e-16
0.10000000000000001,31,14,6.0868357663302239,2.748893571891069,0.1766709652596713,-0.36789824007486782,-0.14635901977620364,0.17667096525967158,-0.36789824007486782,2.7755575615628914e-16
0.10000000000000001,31,15,6.0868357663302239,2.9452431127404308,0.18755289635036829,-0.18755289635036829,-0.074613181243926852,0.18755289635036862,-0.18755289635036851,4.002966042486721e-16
0.10000000000000001,31,16,6.0868357663302239,3.1415926535897931,0.19122727481519666,-1.3289198388668579e-16,9.347750338088032e-17,0.19122727481519702,-1.1773318728096896e-16,3.6114076667569759e-16
0.10000000000000001,31,17,6.0868357663302239,3.3379421944391554,0.18755289635036829,0.18755289635036798,0.074613181243926796,0.18755289635036862,0.18755289635036826,4.335559509131367e-16
0.10000000000000001,31,18,6.0868357663302239,3.5342917352885173,0.17667096525967127,0.3678982400748676,0.14635901977620339,0.1766709652596716,0.36789824007486766,3.3766115072321297e-16
0.10000000000000001,31,19,6.0868357663302239,3.7306412761378791,0.1589996680522639,0.53410546075299992,0.21248036325756456,0.15899966805226418,0.53410546075299981,2.9893669801409083e-16
0.10000000000000001,31,20,6.0868357663302239,3.9269908169872414,0.13521810276964913,0.67978730810418775,0.27043620553929826,0.13521810276964935,0.67978730810418786,2.4825341532472731e-16
0.10000000000000001,31,21,6.0868357663302239,4.1233403578366037,0.10624018162878239,0.799345310434046,0.31799933610452791,0.10624018162878252,0.79934531043404611,1.6711069443220838e-16
0.10000000000000001,31,22,6.0868357663302239,4.3196898986859651,0.073179509888101818,0.88818492076193845,0.35334193051934265,0.073179509888101998,0.88818492076193833,2.118352371637509e-16
0.10000000000000001,31,23,6.0868357663302239,4.5160394395353274,0.03730659062196344,0.94289208268479163,0.37510579270073685,0.037306590621963516,0.94289208268479163,7.6327832942979512e-17
0.10000000000000001,31,24,6.0868357663302239,4.7123889803846897,3.9818177349067287e-17,0.96136443065004018,0.38245454963039405,3.5127880501815342e-17,0.96136443065004029,1.1112133246408474e-16
0.10000000000000001,31,25,6.0868357663302239,4.908738521234052,-0.037306590621963384,0.94289208268479174,0.37510579270073707,-0.037306590621963447,0.94289208268479174,6.2450045135165055e-17
0.10000000000000001,31,26,6.0868357663302239,5.1050880620834143,-0.07317950988810179,0.88818492076193856,0.35334193051934276,-0.073179509888101929,0.88818492076193845,1.7772239894833365e-16
0.10000000000000001,31,27,6.0868357663302239,5.3014376029327757,-0.10624018162878232,0.79934531043404622,0.3179993361045278,-0.10624018162878245,0.79934531043404633,1.6711069443220838e-16
0.10000000000000001,31,28,6.0868357663302239,5.497787143782138,-0.13521810276964907,0.67978730810418797,0.27043620553929831,-0.13521810276964927,0.67978730810418808,2.2377260456559048e-16
0.10000000000000001,31,29,6.0868357663302239,5.6941366846315002,-0.15899966805226384,0.53410546075300014,0.21248036325756475,-0.15899966805226415,0.53410546075300003,3.2487068343022356e-16
0.10000000000000001,31,30,6.0868357663302239,5.8904862254808616,-0.17667096525967127,0.36789824007486782,0.14635901977620366,-0.17667096525967155,0.36789824007486832,5.7152228177742574e-16
0.10000000000000001,31,31,6.0868357663302239,6.0868357663302239,-0.18755289635036829,0.18755289635036829,0.07461318124392699,-0.18755289635036859,0.18755289635036862,4.5182803598830274e-16
