# vtk DataFile Version 3.0
Taylor-Green reference t=0.1 nu=0.1
ASCII
DATASET STRUCTURED_POINTS
DIMENSIONS 16 16 16
ORIGIN 0 0 0
SPACING 0.39269908169872414 0.39269908169872414 0.39269908169872414
POINT_DATA 4096
VECTORS velocity double
0 -0 0
0.37510579270073641 -0 0
0.69310512880526387 -0 0
0.90558549206282857 -0 0
0.98019867330675525 -0 0
0.90558549206282857 0 0
0.69310512880526398 0 0
0.37510579270073652 0 0
1.2003971677936001e-16 0 0
-0.3751057927007363 0 0
-0.69310512880526387 0 0
-0.90558549206282835 0 0
-0.98019867330675525 0 0
-0.90558549206282846 -0 0
-0.69310512880526409 -0 0
-0.37510579270073702 -0 0
0 -0.37510579270073641 0
0.34655256440263199 -0.34655256440263199 0
0.64034564238178238 -0.26523984968104608 0
0.83665190105600962 -0.14354677225074566 0
0.90558549206282857 -2.2968605418629376e-17 0
0.83665190105600962 0.14354677225074564 0
0.64034564238178249 0.26523984968104602 0
0.3465525644026321 0.34655256440263199 0
1.1090223742090239e-16 0.37510579270073641 0
-0.34655256440263188 0.34655256440263205 0
-0.64034564238178238 0.26523984968104614 0
-0.83665190105600939 0.14354677225074586 0
-0.90558549206282857 6.8905816255888115e-17 0
-0.83665190105600951 -0.14354677225074575 0
-0.6403456423817826 -0.26523984968104597 0
-0.34655256440263255 -0.34655256440263194 0
0 -0.69310512880526387 0
0.26523984968104608 -0.64034564238178249 0
0.49009933665337757 -0.49009933665337757 0
0.64034564238178249 -0.26523984968104608 0
0.69310512880526398 -4.2440448873199025e-17 0
0.64034564238178249 0.26523984968104602 0
0.49009933665337768 0.49009933665337752 0
0.26523984968104619 0.64034564238178249 0
8.4880897746398063e-17 0.69310512880526387 0
-0.26523984968104602 0.64034564238178249 0
-0.49009933665337757 0.49009933665337768 0
-0.64034564238178238 0.26523984968104647 0
-0.69310512880526398 1.2732134661959706e-16 0
-0.64034564238178249 -0.26523984968104619 0
-0.49009933665337774 -0.49009933665337746 0
-0.26523984968104652 -0.64034564238178227 0
0 -0.90558549206282857 0
0.14354677225074566 -0.83665190105600962 0
0.26523984968104608 -0.64034564238178249 0
0.34655256440263205 -0.34655256440263205 0
0.37510579270073646 -5.5451118710451194e-17 0
0.34655256440263205 0.34655256440263194 0
0.26523984968104614 0.64034564238178238 0
0.14354677225074572 0.83665190105600962 0
4.5937210837258758e-17 0.90558549206282857 0
-0.14354677225074564 0.83665190105600973 0
-0.26523984968104608 0.6403456423817826 0
-0.34655256440263199 0.34655256440263249 0
-0.37510579270073646 1.6635335613135356e-16 0
-0.34655256440263199 -0.34655256440263221 0
-0.26523984968104614 -0.64034564238178227 0
-0.14354677225074591 -0.83665190105600939 0
0 -0.98019867330675525 0
2.2968605418629373e-17 -0.90558549206282857 0
4.2440448873199019e-17 -0.69310512880526398 0
5.5451118710451194e-17 -0.37510579270073646 0
6.0019858389680004e-17 -6.0019858389680004e-17 0
5.5451118710451194e-17 0.37510579270073635 0
4.2440448873199025e-17 0.69310512880526387 0
2.2968605418629379e-17 0.90558549206282857 0
7.3503127462199032e-33 0.98019867330675525 0
-2.2968605418629367e-17 0.90558549206282868 0
-4.2440448873199019e-17 0.69310512880526409 0
-5.5451118710451175e-17 0.37510579270073696 0
-6.0019858389680004e-17 1.8005957516903999e-16 0
-5.5451118710451188e-17 -0.37510579270073663 0
-4.2440448873199031e-17 -0.69310512880526376 0
-2.296860541862941e-17 -0.90558549206282835 0
-0 -0.90558549206282857 0
-0.14354677225074564 -0.83665190105600962 0
-0.26523984968104602 -0.64034564238178249 0
-0.34655256440263194 -0.34655256440263205 0
-0.37510579270073635 -5.5451118710451194e-17 0
-0.34655256440263194 0.34655256440263194 0
-0.26523984968104602 0.64034564238178238 0
-0.14354677225074566 0.83665190105600962 0
-4.593721083725874e-17 0.90558549206282857 0
0.14354677225074558 0.83665190105600973 0
0.26523984968104602 0.6403456423817826 0
0.34655256440263188 0.34655256440263249 0
0.37510579270073635 1.6635335613135356e-16 0
0.34655256440263194 -0.34655256440263221 0
0.26523984968104608 -0.64034564238178227 0
0.14354677225074586 -0.83665190105600939 0
-0 -0.69310512880526398 0
-0.26523984968104602 -0.64034564238178249 0
-0.49009933665337752 -0.49009933665337768 0
-0.64034564238178249 -0.26523984968104614 0
-0.69310512880526387 -4.2440448873199031e-17 0
-0.64034564238178249 0.26523984968104608 0
-0.49009933665337757 0.49009933665337757 0
-0.26523984968104614 0.64034564238178249 0
-8.4880897746398051e-17 0.69310512880526398 0
0.26523984968104597 0.6403456423817826 0
0.49009933665337752 0.49009933665337774 0
0.64034564238178227 0.26523984968104647 0
0.69310512880526387 1.2732134661959708e-16 0
0.64034564238178238 -0.26523984968104625 0
0.49009933665337768 -0.49009933665337752 0
0.26523984968104647 -0.64034564238178238 0
-0 -0.37510579270073652 0
-0.34655256440263199 -0.3465525644026321 0
-0.64034564238178238 -0.26523984968104614 0
-0.83665190105600962 -0.14354677225074572 0
-0.90558549206282857 -2.2968605418629382e-17 0
-0.83665190105600962 0.14354677225074566 0
-0.64034564238178249 0.26523984968104614 0
-0.3465525644026321 0.3465525644026321 0
-1.1090223742090239e-16 0.37510579270073652 0
0.34655256440263188 0.34655256440263216 0
0.64034564238178238 0.26523984968104619 0
0.83665190105600939 0.14354677225074591 0
0.90558549206282857 6.8905816255888128e-17 0
0.83665190105600951 -0.14354677225074577 0
0.6403456423817826 -0.26523984968104608 0
0.34655256440263255 -0.34655256440263205 0
-0 -1.2003971677936001e-16 0
-0.37510579270073641 -1.1090223742090239e-16 0
-0.69310512880526387 -8.4880897746398051e-17 0
-0.90558549206282857 -4.5937210837258752e-17 0
-0.98019867330675525 -7.3503127462199032e-33 0
-0.90558549206282857 4.593721083725874e-17 0
-0.69310512880526398 8.4880897746398038e-17 0
-0.37510579270073652 1.1090223742090239e-16 0
-1.2003971677936001e-16 1.2003971677936001e-16 0
0.3751057927007363 1.109022374209024e-16 0
0.69310512880526387 8.4880897746398063e-17 0
0.90558549206282835 4.5937210837258813e-17 0
0.98019867330675525 2.2050938238659705e-32 0
0.90558549206282846 -4.593721083725877e-17 0
0.69310512880526409 -8.4880897746398026e-17 0
0.37510579270073702 -1.1090223742090235e-16 0
-0 0.3751057927007363 0
-0.34655256440263205 0.34655256440263188 0
-0.64034564238178249 0.26523984968104602 0
-0.83665190105600973 0.14354677225074564 0
-0.90558549206282868 2.2968605418629367e-17 0
-0.83665190105600973 -0.14354677225074558 0
-0.6403456423817826 -0.26523984968104597 0
-0.3465525644026321 -0.34655256440263188 0
-1.109022374209024e-16 -0.3751057927007363 0
0.34655256440263194 -0.34655256440263194 0
0.64034564238178249 -0.26523984968104602 0
0.83665190105600951 -0.14354677225074583 0
0.90558549206282868 -6.8905816255888091e-17 0
0.83665190105600962 0.14354677225074569 0
0.6403456423817826 0.26523984968104591 0
0.3465525644026326 0.34655256440263182 0
-0 0.69310512880526387 0
-0.26523984968104614 0.64034564238178249 0
-0.49009933665337768 0.49009933665337757 0
-0.6403456423817826 0.26523984968104608 0
-0.69310512880526409 4.2440448873199025e-17 0
-0.6403456423817826 -0.26523984968104602 0
-0.49009933665337774 -0.49009933665337752 0
-0.26523984968104619 -0.64034564238178249 0
-8.4880897746398075e-17 -0.69310512880526387 0
0.26523984968104608 -0.64034564238178249 0
0.49009933665337768 -0.49009933665337768 0
0.64034564238178249 -0.26523984968104647 0
0.69310512880526409 -1.2732134661959706e-16 0
0.6403456423817826 0.26523984968104619 0
0.49009933665337785 0.49009933665337746 0
0.26523984968104658 0.64034564238178227 0
-0 0.90558549206282835 0
-0.14354677225074586 0.83665190105600939 0
-0.26523984968104641 0.64034564238178227 0
-0.34655256440263249 0.34655256440263194 0
-0.37510579270073696 5.5451118710451182e-17 0
-0.34655256440263249 -0.34655256440263182 0
-0.26523984968104647 -0.64034564238178227 0
-0.14354677225074591 -0.83665190105600939 0
-4.5937210837258813e-17 -0.90558549206282835 0
0.1435467722507458 -0.83665190105600951 0
0.26523984968104641 -0.64034564238178238 0
0.34655256440263243 -0.34655256440263243 0
0.37510579270073696 -1.6635335613135351e-16 0
0.34655256440263249 0.3465525644026321 0
0.26523984968104652 0.64034564238178215 0
0.14354677225074608 0.83665190105600917 0
-0 0.98019867330675525 0
-6.8905816255888115e-17 0.90558549206282857 0
-1.2732134661959703e-16 0.69310512880526398 0
-1.6635335613135356e-16 0.37510579270073646 0
-1.8005957516903999e-16 6.0019858389680004e-17 0
-1.6635335613135356e-16 -0.37510579270073635 0
-1.2732134661959706e-16 -0.69310512880526387 0
-6.8905816255888128e-17 -0.90558549206282857 0
-2.2050938238659708e-32 -0.98019867330675525 0
6.8905816255888091e-17 -0.90558549206282868 0
1.2732134661959703e-16 -0.69310512880526409 0
1.6635335613135351e-16 -0.37510579270073696 0
1.8005957516903999e-16 -1.8005957516903999e-16 0
1.6635335613135354e-16 0.37510579270073663 0
1.2732134661959708e-16 0.69310512880526376 0
6.8905816255888226e-17 0.90558549206282835 0
0 0.90558549206282846 0
0.14354677225074572 0.83665190105600951 0
0.26523984968104619 0.64034564238178238 0
0.34655256440263221 0.34655256440263199 0
0.37510579270073663 5.5451118710451188e-17 0
0.34655256440263221 -0.34655256440263188 0
0.26523984968104625 -0.64034564238178227 0
0.14354677225074577 -0.83665190105600951 0
4.5937210837258776e-17 -0.90558549206282846 0
-0.14354677225074569 -0.83665190105600962 0
-0.26523984968104619 -0.64034564238178249 0
-0.3465525644026321 -0.34655256440263243 0
-0.37510579270073663 -1.6635335613135354e-16 0
-0.34655256440263216 0.34655256440263216 0
-0.2652398496810463 0.64034564238178215 0
-0.14354677225074597 0.83665190105600928 0
0 0.69310512880526409 0
0.26523984968104602 0.6403456423817826 0
0.49009933665337746 0.49009933665337774 0
0.64034564238178238 0.26523984968104619 0
0.69310512880526376 4.2440448873199038e-17 0
0.64034564238178238 -0.26523984968104608 0
0.49009933665337752 -0.49009933665337768 0
0.26523984968104608 -0.6403456423817826 0
8.4880897746398038e-17 -0.69310512880526409 0
-0.26523984968104591 -0.64034564238178271 0
-0.49009933665337746 -0.49009933665337785 0
-0.64034564238178215 -0.26523984968104652 0
-0.69310512880526376 -1.2732134661959708e-16 0
-0.64034564238178227 0.2652398496810463 0
-0.49009933665337757 0.49009933665337757 0
-0.26523984968104641 0.64034564238178249 0
0 0.37510579270073702 0
0.34655256440263188 0.34655256440263255 0
0.64034564238178227 0.26523984968104652 0
0.83665190105600939 0.14354677225074591 0
0.90558549206282835 2.296860541862941e-17 0
0.83665190105600939 -0.14354677225074586 0
0.64034564238178227 -0.26523984968104647 0
0.34655256440263199 -0.34655256440263255 0
1.1090223742090236e-16 -0.37510579270073702 0
-0.34655256440263182 -0.3465525644026326 0
-0.64034564238178227 -0.26523984968104652 0
-0.83665190105600917 -0.14354677225074608 0
-0.90558549206282835 -6.8905816255888226e-17 0
-0.83665190105600928 0.14354677225074597 0
-0.64034564238178238 0.26523984968104641 0
-0.34655256440263249 0.34655256440263249 0
0 -0 0
0.37510579270073641 -0 0
0.69310512880526387 -0 0
0.90558549206282857 -0 0
0.98019867330675525 -0 0
0.90558549206282857 0 0
0.69310512880526398 0 0
0.37510579270073652 0 0
1.2003971677936001e-16 0 0
-0.3751057927007363 0 0
-0.69310512880526387 0 0
-0.90558549206282835 0 0
-0.98019867330675525 0 0
-0.90558549206282846 -0 0
-0.69310512880526409 -0 0
-0.37510579270073702 -0 0
0 -0.37510579270073641 0
0.34655256440263199 -0.34655256440263199 0
0.64034564238178238 -0.26523984968104608 0
0.83665190105600962 -0.14354677225074566 0
0.90558549206282857 -2.2968605418629376e-17 0
0.83665190105600962 0.14354677225074564 0
0.64034564238178249 0.26523984968104602 0
0.3465525644026321 0.34655256440263199 0
1.1090223742090239e-16 0.37510579270073641 0
-0.34655256440263188 0.34655256440263205 0
-0.64034564238178238 0.26523984968104614 0
-0.83665190105600939 0.14354677225074586 0
-0.90558549206282857 6.8905816255888115e-17 0
-0.83665190105600951 -0.14354677225074575 0
-0.6403456423817826 -0.26523984968104597 0
-0.34655256440263255 -0.34655256440263194 0
0 -0.69310512880526387 0
0.26523984968104608 -0.64034564238178249 0
0.49009933665337757 -0.49009933665337757 0
0.64034564238178249 -0.26523984968104608 0
0.69310512880526398 -4.2440448873199025e-17 0
0.64034564238178249 0.26523984968104602 0
0.49009933665337768 0.49009933665337752 0
0.26523984968104619 0.64034564238178249 0
8.4880897746398063e-17 0.69310512880526387 0
-0.26523984968104602 0.64034564238178249 0
-0.49009933665337757 0.49009933665337768 0
-0.64034564238178238 0.26523984968104647 0
-0.69310512880526398 1.2732134661959706e-16 0
-0.64034564238178249 -0.26523984968104619 0
-0.49009933665337774 -0.49009933665337746 0
-0.26523984968104652 -0.64034564238178227 0
0 -0.90558549206282857 0
0.14354677225074566 -0.83665190105600962 0
0.26523984968104608 -0.64034564238178249 0
0.34655256440263205 -0.34655256440263205 0
0.37510579270073646 -5.5451118710451194e-17 0
0.34655256440263205 0.34655256440263194 0
0.26523984968104614 0.64034564238178238 0
0.14354677225074572 0.83665190105600962 0
4.5937210837258758e-17 0.90558549206282857 0
-0.14354677225074564 0.83665190105600973 0
-0.26523984968104608 0.6403456423817826 0
-0.34655256440263199 0.34655256440263249 0
-0.37510579270073646 1.6635335613135356e-16 0
-0.34655256440263199 -0.34655256440263221 0
-0.26523984968104614 -0.64034564238178227 0
-0.14354677225074591 -0.83665190105600939 0
0 -0.98019867330675525 0
2.2968605418629373e-17 -0.90558549206282857 0
4.2440448873199019e-17 -0.69310512880526398 0
5.5451118710451194e-17 -0.37510579270073646 0
6.0019858389680004e-17 -6.0019858389680004e-17 0
5.5451118710451194e-17 0.37510579270073635 0
4.2440448873199025e-17 0.69310512880526387 0
2.2968605418629379e-17 0.90558549206282857 0
7.3503127462199032e-33 0.98019867330675525 0
-2.2968605418629367e-17 0.90558549206282868 0
-4.2440448873199019e-17 0.69310512880526409 0
-5.5451118710451175e-17 0.37510579270073696 0
-6.0019858389680004e-17 1.8005957516903999e-16 0
-5.5451118710451188e-17 -0.37510579270073663 0
-4.2440448873199031e-17 -0.69310512880526376 0
-2.296860541862941e-17 -0.90558549206282835 0
-0 -0.90558549206282857 0
-0.14354677225074564 -0.83665190105600962 0
-0.26523984968104602 -0.64034564238178249 0
-0.34655256440263194 -0.34655256440263205 0
-0.37510579270073635 -5.5451118710451194e-17 0
-0.34655256440263194 0.34655256440263194 0
-0.26523984968104602 0.64034564238178238 0
-0.14354677225074566 0.83665190105600962 0
-4.593721083725874e-17 0.90558549206282857 0
0.14354677225074558 0.83665190105600973 0
0.26523984968104602 0.6403456423817826 0
0.34655256440263188 0.34655256440263249 0
0.37510579270073635 1.6635335613135356e-16 0
0.34655256440263194 -0.34655256440263221 0
0.26523984968104608 -0.64034564238178227 0
0.14354677225074586 -0.83665190105600939 0
-0 -0.69310512880526398 0
-0.26523984968104602 -0.64034564238178249 0
-0.49009933665337752 -0.49009933665337768 0
-0.64034564238178249 -0.26523984968104614 0
-0.69310512880526387 -4.2440448873199031e-17 0
-0.64034564238178249 0.26523984968104608 0
-0.49009933665337757 0.49009933665337757 0
-0.26523984968104614 0.64034564238178249 0
-8.4880897746398051e-17 0.69310512880526398 0
0.26523984968104597 0.6403456423817826 0
0.49009933665337752 0.49009933665337774 0
0.64034564238178227 0.26523984968104647 0
0.69310512880526387 1.2732134661959708e-16 0
0.64034564238178238 -0.26523984968104625 0
0.49009933665337768 -0.49009933665337752 0
0.26523984968104647 -0.64034564238178238 0
-0 -0.37510579270073652 0
-0.34655256440263199 -0.3465525644026321 0
-0.64034564238178238 -0.26523984968104614 0
-0.83665190105600962 -0.14354677225074572 0
-0.90558549206282857 -2.2968605418629382e-17 0
-0.83665190105600962 0.14354677225074566 0
-0.64034564238178249 0.26523984968104614 0
-0.3465525644026321 0.3465525644026321 0
-1.1090223742090239e-16 0.37510579270073652 0
0.34655256440263188 0.34655256440263216 0
0.64034564238178238 0.26523984968104619 0
0.83665190105600939 0.14354677225074591 0
0.90558549206282857 6.8905816255888128e-17 0
0.83665190105600951 -0.14354677225074577 0
0.6403456423817826 -0.26523984968104608 0
0.34655256440263255 -0.34655256440263205 0
-0 -1.2003971677936001e-16 0
-0.37510579270073641 -1.1090223742090239e-16 0
-0.69310512880526387 -8.4880897746398051e-17 0
-0.90558549206282857 -4.5937210837258752e-17 0
-0.98019867330675525 -7.3503127462199032e-33 0
-0.90558549206282857 4.593721083725874e-17 0
-0.69310512880526398 8.4880897746398038e-17 0
-0.37510579270073652 1.1090223742090239e-16 0
-1.2003971677936001e-16 1.2003971677936001e-16 0
0.3751057927007363 1.109022374209024e-16 0
0.69310512880526387 8.4880897746398063e-17 0
0.90558549206282835 4.5937210837258813e-17 0
0.98019867330675525 2.2050938238659705e-32 0
0.90558549206282846 -4.593721083725877e-17 0
0.69310512880526409 -8.4880897746398026e-17 0
0.37510579270073702 -1.1090223742090235e-16 0
-0 0.3751057927007363 0
-0.34655256440263205 0.34655256440263188 0
-0.64034564238178249 0.26523984968104602 0
-0.83665190105600973 0.14354677225074564 0
-0.90558549206282868 2.2968605418629367e-17 0
-0.83665190105600973 -0.14354677225074558 0
-0.6403456423817826 -0.26523984968104597 0
-0.3465525644026321 -0.34655256440263188 0
-1.109022374209024e-16 -0.3751057927007363 0
0.34655256440263194 -0.34655256440263194 0
0.64034564238178249 -0.26523984968104602 0
0.83665190105600951 -0.14354677225074583 0
0.90558549206282868 -6.8905816255888091e-17 0
0.83665190105600962 0.14354677225074569 0
0.6403456423817826 0.26523984968104591 0
0.3465525644026326 0.34655256440263182 0
-0 0.69310512880526387 0
-0.26523984968104614 0.64034564238178249 0
-0.49009933665337768 0.49009933665337757 0
-0.6403456423817826 0.26523984968104608 0
-0.69310512880526409 4.2440448873199025e-17 0
-0.6403456423817826 -0.26523984968104602 0
-0.49009933665337774 -0.49009933665337752 0
-0.26523984968104619 -0.64034564238178249 0
-8.4880897746398075e-17 -0.69310512880526387 0
0.26523984968104608 -0.64034564238178249 0
0.49009933665337768 -0.49009933665337768 0
0.64034564238178249 -0.26523984968104647 0
0.69310512880526409 -1.2732134661959706e-16 0
0.6403456423817826 0.26523984968104619 0
0.49009933665337785 0.49009933665337746 0
0.26523984968104658 0.64034564238178227 0
-0 0.90558549206282835 0
-0.14354677225074586 0.83665190105600939 0
-0.26523984968104641 0.64034564238178227 0
-0.34655256440263249 0.34655256440263194 0
-0.37510579270073696 5.5451118710451182e-17 0
-0.34655256440263249 -0.34655256440263182 0
-0.26523984968104647 -0.64034564238178227 0
-0.14354677225074591 -0.83665190105600939 0
-4.5937210837258813e-17 -0.90558549206282835 0
0.1435467722507458 -0.83665190105600951 0
0.26523984968104641 -0.64034564238178238 0
0.34655256440263243 -0.34655256440263243 0
0.37510579270073696 -1.6635335613135351e-16 0
0.34655256440263249 0.3465525644026321 0
0.26523984968104652 0.64034564238178215 0
0.14354677225074608 0.83665190105600917 0
-0 0.98019867330675525 0
-6.8905816255888115e-17 0.90558549206282857 0
-1.2732134661959703e-16 0.69310512880526398 0
-1.6635335613135356e-16 0.37510579270073646 0
-1.8005957516903999e-16 6.0019858389680004e-17 0
-1.6635335613135356e-16 -0.37510579270073635 0
-1.2732134661959706e-16 -0.69310512880526387 0
-6.8905816255888128e-17 -0.90558549206282857 0
-2.2050938238659708e-32 -0.98019867330675525 0
6.8905816255888091e-17 -0.90558549206282868 0
1.2732134661959703e-16 -0.69310512880526409 0
1.6635335613135351e-16 -0.37510579270073696 0
1.8005957516903999e-16 -1.8005957516903999e-16 0
1.6635335613135354e-16 0.37510579270073663 0
1.2732134661959708e-16 0.69310512880526376 0
6.8905816255888226e-17 0.90558549206282835 0
0 0.90558549206282846 0
0.14354677225074572 0.83665190105600951 0
0.26523984968104619 0.64034564238178238 0
0.34655256440263221 0.34655256440263199 0
0.37510579270073663 5.5451118710451188e-17 0
0.34655256440263221 -0.34655256440263188 0
0.26523984968104625 -0.64034564238178227 0
0.14354677225074577 -0.83665190105600951 0
4.5937210837258776e-17 -0.90558549206282846 0
-0.14354677225074569 -0.83665190105600962 0
-0.26523984968104619 -0.64034564238178249 0
-0.3465525644026321 -0.34655256440263243 0
-0.37510579270073663 -1.6635335613135354e-16 0
-0.34655256440263216 0.34655256440263216 0
-0.2652398496810463 0.64034564238178215 0
-0.14354677225074597 0.83665190105600928 0
0 0.69310512880526409 0
0.26523984968104602 0.6403456423817826 0
0.49009933665337746 0.49009933665337774 0
0.64034564238178238 0.26523984968104619 0
0.69310512880526376 4.2440448873199038e-17 0
0.64034564238178238 -0.26523984968104608 0
0.49009933665337752 -0.49009933665337768 0
0.26523984968104608 -0.6403456423817826 0
8.4880897746398038e-17 -0.69310512880526409 0
-0.26523984968104591 -0.64034564238178271 0
-0.49009933665337746 -0.49009933665337785 0
-0.64034564238178215 -0.26523984968104652 0
-0.69310512880526376 -1.2732134661959708e-16 0
-0.64034564238178227 0.2652398496810463 0
-0.49009933665337757 0.49009933665337757 0
-0.26523984968104641 0.64034564238178249 0
0 0.37510579270073702 0
0.34655256440263188 0.34655256440263255 0
0.64034564238178227 0.26523984968104652 0
0.83665190105600939 0.14354677225074591 0
0.90558549206282835 2.296860541862941e-17 0
0.83665190105600939 -0.14354677225074586 0
0.64034564238178227 -0.26523984968104647 0
0.34655256440263199 -0.34655256440263255 0
1.1090223742090236e-16 -0.37510579270073702 0
-0.34655256440263182 -0.3465525644026326 0
-0.64034564238178227 -0.26523984968104652 0
-0.83665190105600917 -0.14354677225074608 0
-0.90558549206282835 -6.8905816255888226e-17 0
-0.83665190105600928 0.14354677225074597 0
-0.64034564238178238 0.26523984968104641 0
-0.34655256440263249 0.34655256440263249 0
0 -0 0
0.37510579270073641 -0 0
0.69310512880526387 -0 0
0.90558549206282857 -0 0
0.98019867330675525 -0 0
0.90558549206282857 0 0
0.69310512880526398 0 0
0.37510579270073652 0 0
1.2003971677936001e-16 0 0
-0.3751057927007363 0 0
-0.69310512880526387 0 0
-0.90558549206282835 0 0
-0.98019867330675525 0 0
-0.90558549206282846 -0 0
-0.69310512880526409 -0 0
-0.37510579270073702 -0 0
0 -0.37510579270073641 0
0.34655256440263199 -0.34655256440263199 0
0.64034564238178238 -0.26523984968104608 0
0.83665190105600962 -0.14354677225074566 0
0.90558549206282857 -2.2968605418629376e-17 0
0.83665190105600962 0.14354677225074564 0
0.64034564238178249 0.26523984968104602 0
0.3465525644026321 0.34655256440263199 0
1.1090223742090239e-16 0.37510579270073641 0
-0.34655256440263188 0.34655256440263205 0
-0.64034564238178238 0.26523984968104614 0
-0.83665190105600939 0.14354677225074586 0
-0.90558549206282857 6.8905816255888115e-17 0
-0.83665190105600951 -0.14354677225074575 0
-0.6403456423817826 -0.26523984968104597 0
-0.34655256440263255 -0.34655256440263194 0
0 -0.69310512880526387 0
0.26523984968104608 -0.64034564238178249 0
0.49009933665337757 -0.49009933665337757 0
0.64034564238178249 -0.26523984968104608 0
0.69310512880526398 -4.2440448873199025e-17 0
0.64034564238178249 0.26523984968104602 0
0.49009933665337768 0.49009933665337752 0
0.26523984968104619 0.64034564238178249 0
8.4880897746398063e-17 0.69310512880526387 0
-0.26523984968104602 0.64034564238178249 0
-0.49009933665337757 0.49009933665337768 0
-0.64034564238178238 0.26523984968104647 0
-0.69310512880526398 1.2732134661959706e-16 0
-0.64034564238178249 -0.26523984968104619 0
-0.49009933665337774 -0.49009933665337746 0
-0.26523984968104652 -0.64034564238178227 0
0 -0.90558549206282857 0
0.14354677225074566 -0.83665190105600962 0
0.26523984968104608 -0.64034564238178249 0
0.34655256440263205 -0.34655256440263205 0
0.37510579270073646 -5.5451118710451194e-17 0
0.34655256440263205 0.34655256440263194 0
0.26523984968104614 0.64034564238178238 0
0.14354677225074572 0.83665190105600962 0
4.5937210837258758e-17 0.90558549206282857 0
-0.14354677225074564 0.83665190105600973 0
-0.26523984968104608 0.6403456423817826 0
-0.34655256440263199 0.34655256440263249 0
-0.37510579270073646 1.6635335613135356e-16 0
-0.34655256440263199 -0.34655256440263221 0
-0.26523984968104614 -0.64034564238178227 0
-0.14354677225074591 -0.83665190105600939 0
0 -0.98019867330675525 0
2.2968605418629373e-17 -0.90558549206282857 0
4.2440448873199019e-17 -0.69310512880526398 0
5.5451118710451194e-17 -0.37510579270073646 0
6.0019858389680004e-17 -6.0019858389680004e-17 0
5.5451118710451194e-17 0.37510579270073635 0
4.2440448873199025e-17 0.69310512880526387 0
2.2968605418629379e-17 0.90558549206282857 0
7.3503127462199032e-33 0.98019867330675525 0
-2.2968605418629367e-17 0.90558549206282868 0
-4.2440448873199019e-17 0.69310512880526409 0
-5.5451118710451175e-17 0.37510579270073696 0
-6.0019858389680004e-17 1.8005957516903999e-16 0
-5.5451118710451188e-17 -0.37510579270073663 0
-4.2440448873199031e-17 -0.69310512880526376 0
-2.296860541862941e-17 -0.90558549206282835 0
-0 -0.90558549206282857 0
-0.14354677225074564 -0.83665190105600962 0
-0.26523984968104602 -0.64034564238178249 0
-0.34655256440263194 -0.34655256440263205 0
-0.37510579270073635 -5.5451118710451194e-17 0
-0.34655256440263194 0.34655256440263194 0
-0.26523984968104602 0.64034564238178238 0
-0.14354677225074566 0.83665190105600962 0
-4.593721083725874e-17 0.90558549206282857 0
0.14354677225074558 0.83665190105600973 0
0.26523984968104602 0.6403456423817826 0
0.34655256440263188 0.34655256440263249 0
0.37510579270073635 1.6635335613135356e-16 0
0.34655256440263194 -0.34655256440263221 0
0.26523984968104608 -0.64034564238178227 0
0.14354677225074586 -0.83665190105600939 0
-0 -0.69310512880526398 0
-0.26523984968104602 -0.64034564238178249 0
-0.49009933665337752 -0.49009933665337768 0
-0.64034564238178249 -0.26523984968104614 0
-0.69310512880526387 -4.2440448873199031e-17 0
-0.64034564238178249 0.26523984968104608 0
-0.49009933665337757 0.49009933665337757 0
-0.26523984968104614 0.64034564238178249 0
-8.4880897746398051e-17 0.69310512880526398 0
0.26523984968104597 0.6403456423817826 0
0.49009933665337752 0.49009933665337774 0
0.64034564238178227 0.26523984968104647 0
0.69310512880526387 1.2732134661959708e-16 0
0.64034564238178238 -0.26523984968104625 0
0.49009933665337768 -0.49009933665337752 0
0.26523984968104647 -0.64034564238178238 0
-0 -0.37510579270073652 0
-0.34655256440263199 -0.3465525644026321 0
-0.64034564238178238 -0.26523984968104614 0
-0.83665190105600962 -0.14354677225074572 0
-0.90558549206282857 -2.2968605418629382e-17 0
-0.83665190105600962 0.14354677225074566 0
-0.64034564238178249 0.26523984968104614 0
-0.3465525644026321 0.3465525644026321 0
-1.1090223742090239e-16 0.37510579270073652 0
0.34655256440263188 0.34655256440263216 0
0.64034564238178238 0.26523984968104619 0
0.83665190105600939 0.14354677225074591 0
0.90558549206282857 6.8905816255888128e-17 0
0.83665190105600951 -0.14354677225074577 0
0.6403456423817826 -0.26523984968104608 0
0.34655256440263255 -0.34655256440263205 0
-0 -1.2003971677936001e-16 0
-0.37510579270073641 -1.1090223742090239e-16 0
-0.69310512880526387 -8.4880897746398051e-17 0
-0.90558549206282857 -4.5937210837258752e-17 0
-0.98019867330675525 -7.3503127462199032e-33 0
-0.90558549206282857 4.593721083725874e-17 0
-0.69310512880526398 8.4880897746398038e-17 0
-0.37510579270073652 1.1090223742090239e-16 0
-1.2003971677936001e-16 1.2003971677936001e-16 0
0.3751057927007363 1.109022374209024e-16 0
0.69310512880526387 8.4880897746398063e-17 0
0.90558549206282835 4.5937210837258813e-17 0
0.98019867330675525 2.2050938238659705e-32 0
0.90558549206282846 -4.593721083725877e-17 0
0.69310512880526409 -8.4880897746398026e-17 0
0.37510579270073702 -1.1090223742090235e-16 0
-0 0.3751057927007363 0
-0.34655256440263205 0.34655256440263188 0
-0.64034564238178249 0.26523984968104602 0
-0.83665190105600973 0.14354677225074564 0
-0.90558549206282868 2.2968605418629367e-17 0
-0.83665190105600973 -0.14354677225074558 0
-0.6403456423817826 -0.26523984968104597 0
-0.3465525644026321 -0.34655256440263188 0
-1.109022374209024e-16 -0.3751057927007363 0
0.34655256440263194 -0.34655256440263194 0
0.64034564238178249 -0.26523984968104602 0
0.83665190105600951 -0.14354677225074583 0
0.90558549206282868 -6.8905816255888091e-17 0
0.83665190105600962 0.14354677225074569 0
0.6403456423817826 0.26523984968104591 0
0.3465525644026326 0.34655256440263182 0
-0 0.69310512880526387 0
-0.26523984968104614 0.64034564238178249 0
-0.49009933665337768 0.49009933665337757 0
-0.6403456423817826 0.26523984968104608 0
-0.69310512880526409 4.2440448873199025e-17 0
-0.6403456423817826 -0.26523984968104602 0
-0.49009933665337774 -0.49009933665337752 0
-0.26523984968104619 -0.64034564238178249 0
-8.4880897746398075e-17 -0.69310512880526387 0
0.26523984968104608 -0.64034564238178249 0
0.49009933665337768 -0.49009933665337768 0
0.64034564238178249 -0.26523984968104647 0
0.69310512880526409 -1.2732134661959706e-16 0
0.6403456423817826 0.26523984968104619 0
0.49009933665337785 0.49009933665337746 0
0.26523984968104658 0.64034564238178227 0
-0 0.90558549206282835 0
-0.14354677225074586 0.83665190105600939 0
-0.26523984968104641 0.64034564238178227 0
-0.34655256440263249 0.34655256440263194 0
-0.37510579270073696 5.5451118710451182e-17 0
-0.34655256440263249 -0.34655256440263182 0
-0.26523984968104647 -0.64034564238178227 0
-0.14354677225074591 -0.83665190105600939 0
-4.5937210837258813e-17 -0.90558549206282835 0
0.1435467722507458 -0.83665190105600951 0
0.26523984968104641 -0.64034564238178238 0
0.34655256440263243 -0.34655256440263243 0
0.37510579270073696 -1.6635335613135351e-16 0
0.34655256440263249 0.3465525644026321 0
0.26523984968104652 0.64034564238178215 0
0.14354677225074608 0.83665190105600917 0
-0 0.98019867330675525 0
-6.8905816255888115e-17 0.90558549206282857 0
-1.2732134661959703e-16 0.69310512880526398 0
-1.6635335613135356e-16 0.37510579270073646 0
-1.8005957516903999e-16 6.0019858389680004e-17 0
-1.6635335613135356e-16 -0.37510579270073635 0
-1.2732134661959706e-16 -0.69310512880526387 0
-6.8905816255888128e-17 -0.90558549206282857 0
-2.2050938238659708e-32 -0.98019867330675525 0
6.8905816255888091e-17 -0.90558549206282868 0
1.2732134661959703e-16 -0.69310512880526409 0
1.6635335613135351e-16 -0.37510579270073696 0
1.8005957516903999e-16 -1.8005957516903999e-16 0
1.6635335613135354e-16 0.37510579270073663 0
1.2732134661959708e-16 0.69310512880526376 0
6.8905816255888226e-17 0.90558549206282835 0
0 0.90558549206282846 0
0.14354677225074572 0.83665190105600951 0
0.26523984968104619 0.64034564238178238 0
0.34655256440263221 0.34655256440263199 0
0.37510579270073663 5.5451118710451188e-17 0
0.34655256440263221 -0.34655256440263188 0
0.26523984968104625 -0.64034564238178227 0
0.14354677225074577 -0.83665190105600951 0
4.5937210837258776e-17 -0.90558549206282846 0
-0.14354677225074569 -0.83665190105600962 0
-0.26523984968104619 -0.64034564238178249 0
-0.3465525644026321 -0.34655256440263243 0
-0.37510579270073663 -1.6635335613135354e-16 0
-0.34655256440263216 0.34655256440263216 0
-0.2652398496810463 0.64034564238178215 0
-0.14354677225074597 0.83665190105600928 0
0 0.69310512880526409 0
0.26523984968104602 0.6403456423817826 0
0.49009933665337746 0.49009933665337774 0
0.64034564238178238 0.26523984968104619 0
0.69310512880526376 4.2440448873199038e-17 0
0.64034564238178238 -0.26523984968104608 0
0.49009933665337752 -0.49009933665337768 0
0.26523984968104608 -0.6403456423817826 0
8.4880897746398038e-17 -0.69310512880526409 0
-0.26523984968104591 -0.64034564238178271 0
-0.49009933665337746 -0.49009933665337785 0
-0.64034564238178215 -0.26523984968104652 0
-0.69310512880526376 -1.2732134661959708e-16 0
-0.64034564238178227 0.2652398496810463 0
-0.49009933665337757 0.49009933665337757 0
-0.26523984968104641 0.64034564238178249 0
0 0.37510579270073702 0
0.34655256440263188 0.34655256440263255 0
0.64034564238178227 0.26523984968104652 0
0.83665190105600939 0.14354677225074591 0
0.90558549206282835 2.296860541862941e-17 0
0.83665190105600939 -0.14354677225074586 0
0.64034564238178227 -0.26523984968104647 0
0.34655256440263199 -0.34655256440263255 0
1.1090223742090236e-16 -0.37510579270073702 0
-0.34655256440263182 -0.3465525644026326 0
-0.64034564238178227 -0.26523984968104652 0
-0.83665190105600917 -0.14354677225074608 0
-0.90558549206282835 -6.8905816255888226e-17 0
-0.83665190105600928 0.14354677225074597 0
-0.64034564238178238 0.26523984968104641 0
-0.34655256440263249 0.34655256440263249 0
0 -0 0
0.37510579270073641 -0 0
0.69310512880526387 -0 0
0.90558549206282857 -0 0
0.98019867330675525 -0 0
0.90558549206282857 0 0
0.69310512880526398 0 0
0.37510579270073652 0 0
1.2003971677936001e-16 0 0
-0.3751057927007363 0 0
-0.69310512880526387 0 0
-0.90558549206282835 0 0
-0.98019867330675525 0 0
-0.90558549206282846 -0 0
-0.69310512880526409 -0 0
-0.37510579270073702 -0 0
0 -0.37510579270073641 0
0.34655256440263199 -0.34655256440263199 0
0.64034564238178238 -0.26523984968104608 0
0.83665190105600962 -0.14354677225074566 0
0.90558549206282857 -2.2968605418629376e-17 0
0.83665190105600962 0.14354677225074564 0
0.64034564238178249 0.26523984968104602 0
0.3465525644026321 0.34655256440263199 0
1.1090223742090239e-16 0.37510579270073641 0
-0.34655256440263188 0.34655256440263205 0
-0.64034564238178238 0.26523984968104614 0
-0.83665190105600939 0.14354677225074586 0
-0.90558549206282857 6.8905816255888115e-17 0
-0.83665190105600951 -0.14354677225074575 0
-0.6403456423817826 -0.26523984968104597 0
-0.34655256440263255 -0.34655256440263194 0
0 -0.69310512880526387 0
0.26523984968104608 -0.64034564238178249 0
0.49009933665337757 -0.49009933665337757 0
0.64034564238178249 -0.26523984968104608 0
0.69310512880526398 -4.2440448873199025e-17 0
0.64034564238178249 0.26523984968104602 0
0.49009933665337768 0.49009933665337752 0
0.26523984968104619 0.64034564238178249 0
8.4880897746398063e-17 0.69310512880526387 0
-0.26523984968104602 0.64034564238178249 0
-0.49009933665337757 0.49009933665337768 0
-0.64034564238178238 0.26523984968104647 0
-0.69310512880526398 1.2732134661959706e-16 0
-0.64034564238178249 -0.26523984968104619 0
-0.49009933665337774 -0.49009933665337746 0
-0.26523984968104652 -0.64034564238178227 0
0 -0.90558549206282857 0
0.14354677225074566 -0.83665190105600962 0
0.26523984968104608 -0.64034564238178249 0
0.34655256440263205 -0.34655256440263205 0
0.37510579270073646 -5.5451118710451194e-17 0
0.34655256440263205 0.34655256440263194 0
0.26523984968104614 0.64034564238178238 0
0.14354677225074572 0.83665190105600962 0
4.5937210837258758e-17 0.90558549206282857 0
-0.14354677225074564 0.83665190105600973 0
-0.26523984968104608 0.6403456423817826 0
-0.34655256440263199 0.34655256440263249 0
-0.37510579270073646 1.6635335613135356e-16 0
-0.34655256440263199 -0.34655256440263221 0
-0.26523984968104614 -0.64034564238178227 0
-0.14354677225074591 -0.83665190105600939 0
0 -0.98019867330675525 0
2.2968605418629373e-17 -0.90558549206282857 0
4.2440448873199019e-17 -0.69310512880526398 0
5.5451118710451194e-17 -0.37510579270073646 0
6.0019858389680004e-17 -6.0019858389680004e-17 0
5.5451118710451194e-17 0.37510579270073635 0
4.2440448873199025e-17 0.69310512880526387 0
2.2968605418629379e-17 0.90558549206282857 0
7.3503127462199032e-33 0.98019867330675525 0
-2.2968605418629367e-17 0.90558549206282868 0
-4.2440448873199019e-17 0.69310512880526409 0
-5.5451118710451175e-17 0.37510579270073696 0
-6.0019858389680004e-17 1.8005957516903999e-16 0
-5.5451118710451188e-17 -0.37510579270073663 0
-4.2440448873199031e-17 -0.69310512880526376 0
-2.296860541862941e-17 -0.90558549206282835 0
-0 -0.90558549206282857 0
-0.14354677225074564 -0.83665190105600962 0
-0.26523984968104602 -0.64034564238178249 0
-0.34655256440263194 -0.34655256440263205 0
-0.37510579270073635 -5.5451118710451194e-17 0
-0.34655256440263194 0.34655256440263194 0
-0.26523984968104602 0.64034564238178238 0
-0.14354677225074566 0.83665190105600962 0
-4.593721083725874e-17 0.90558549206282857 0
0.14354677225074558 0.83665190105600973 0
0.26523984968104602 0.6403456423817826 0
0.34655256440263188 0.34655256440263249 0
0.37510579270073635 1.6635335613135356e-16 0
0.34655256440263194 -0.34655256440263221 0
0.26523984968104608 -0.64034564238178227 0
0.14354677225074586 -0.83665190105600939 0
-0 -0.69310512880526398 0
-0.26523984968104602 -0.64034564238178249 0
-0.49009933665337752 -0.49009933665337768 0
-0.64034564238178249 -0.26523984968104614 0
-0.69310512880526387 -4.2440448873199031e-17 0
-0.64034564238178249 0.26523984968104608 0
-0.49009933665337757 0.49009933665337757 0
-0.26523984968104614 0.64034564238178249 0
-8.4880897746398051e-17 0.69310512880526398 0
0.26523984968104597 0.6403456423817826 0
0.49009933665337752 0.49009933665337774 0
0.64034564238178227 0.26523984968104647 0
0.69310512880526387 1.2732134661959708e-16 0
0.64034564238178238 -0.26523984968104625 0
0.49009933665337768 -0.49009933665337752 0
0.26523984968104647 -0.64034564238178238 0
-0 -0.37510579270073652 0
-0.34655256440263199 -0.3465525644026321 0
-0.64034564238178238 -0.26523984968104614 0
-0.83665190105600962 -0.14354677225074572 0
-0.90558549206282857 -2.2968605418629382e-17 0
-0.83665190105600962 0.14354677225074566 0
-0.64034564238178249 0.26523984968104614 0
-0.3465525644026321 0.3465525644026321 0
-1.1090223742090239e-16 0.37510579270073652 0
0.34655256440263188 0.34655256440263216 0
0.64034564238178238 0.26523984968104619 0
0.83665190105600939 0.14354677225074591 0
0.90558549206282857 6.8905816255888128e-17 0
0.83665190105600951 -0.14354677225074577 0
0.6403456423817826 -0.26523984968104608 0
0.34655256440263255 -0.34655256440263205 0
-0 -1.2003971677936001e-16 0
-0.37510579270073641 -1.1090223742090239e-16 0
-0.69310512880526387 -8.4880897746398051e-17 0
-0.90558549206282857 -4.5937210837258752e-17 0
-0.98019867330675525 -7.3503127462199032e-33 0
-0.90558549206282857 4.593721083725874e-17 0
-0.69310512880526398 8.4880897746398038e-17 0
-0.37510579270073652 1.1090223742090239e-16 0
-1.2003971677936001e-16 1.2003971677936001e-16 0
0.3751057927007363 1.109022374209024e-16 0
0.69310512880526387 8.4880897746398063e-17 0
0.90558549206282835 4.5937210837258813e-17 0
0.98019867330675525 2.2050938238659705e-32 0
0.90558549206282846 -4.593721083725877e-17 0
0.69310512880526409 -8.4880897746398026e-17 0
0.37510579270073702 -1.1090223742090235e-16 0
-0 0.3751057927007363 0
-0.34655256440263205 0.34655256440263188 0
-0.64034564238178249 0.26523984968104602 0
-0.83665190105600973 0.14354677225074564 0
-0.90558549206282868 2.2968605418629367e-17 0
-0.83665190105600973 -0.14354677225074558 0
-0.6403456423817826 -0.26523984968104597 0
-0.3465525644026321 -0.34655256440263188 0
-1.109022374209024e-16 -0.3751057927007363 0
0.34655256440263194 -0.34655256440263194 0
0.64034564238178249 -0.26523984968104602 0
0.83665190105600951 -0.14354677225074583 0
0.90558549206282868 -6.8905816255888091e-17 0
0.83665190105600962 0.14354677225074569 0
0.6403456423817826 0.26523984968104591 0
0.3465525644026326 0.34655256440263182 0
-0 0.69310512880526387 0
-0.26523984968104614 0.64034564238178249 0
-0.49009933665337768 0.49009933665337757 0
-0.6403456423817826 0.26523984968104608 0
-0.69310512880526409 4.2440448873199025e-17 0
-0.6403456423817826 -0.26523984968104602 0
-0.49009933665337774 -0.49009933665337752 0
-0.26523984968104619 -0.64034564238178249 0
-8.4880897746398075e-17 -0.69310512880526387 0
0.26523984968104608 -0.64034564238178249 0
0.49009933665337768 -0.49009933665337768 0
0.64034564238178249 -0.26523984968104647 0
0.69310512880526409 -1.2732134661959706e-16 0
0.6403456423817826 0.26523984968104619 0
0.49009933665337785 0.49009933665337746 0
0.26523984968104658 0.64034564238178227 0
-0 0.90558549206282835 0
-0.14354677225074586 0.83665190105600939 0
-0.26523984968104641 0.64034564238178227 0
-0.34655256440263249 0.34655256440263194 0
-0.37510579270073696 5.5451118710451182e-17 0
-0.34655256440263249 -0.34655256440263182 0
-0.26523984968104647 -0.64034564238178227 0
-0.14354677225074591 -0.83665190105600939 0
-4.5937210837258813e-17 -0.90558549206282835 0
0.1435467722507458 -0.83665190105600951 0
0.26523984968104641 -0.64034564238178238 0
0.34655256440263243 -0.34655256440263243 0
0.37510579270073696 -1.6635335613135351e-16 0
0.34655256440263249 0.3465525644026321 0
0.26523984968104652 0.64034564238178215 0
0.14354677225074608 0.83665190105600917 0
-0 0.98019867330675525 0
-6.8905816255888115e-17 0.90558549206282857 0
-1.2732134661959703e-16 0.69310512880526398 0
-1.6635335613135356e-16 0.37510579270073646 0
-1.8005957516903999e-16 6.0019858389680004e-17 0
-1.6635335613135356e-16 -0.37510579270073635 0
-1.2732134661959706e-16 -0.69310512880526387 0
-6.8905816255888128e-17 -0.90558549206282857 0
-2.2050938238659708e-32 -0.98019867330675525 0
6.8905816255888091e-17 -0.90558549206282868 0
1.2732134661959703e-16 -0.69310512880526409 0
1.6635335613135351e-16 -0.37510579270073696 0
1.8005957516903999e-16 -1.8005957516903999e-16 0
1.6635335613135354e-16 0.37510579270073663 0
1.2732134661959708e-16 0.69310512880526376 0
6.8905816255888226e-17 0.90558549206282835 0
0 0.90558549206282846 0
0.14354677225074572 0.83665190105600951 0
0.26523984968104619 0.64034564238178238 0
0.34655256440263221 0.34655256440263199 0
0.37510579270073663 5.5451118710451188e-17 0
0.34655256440263221 -0.34655256440263188 0
0.26523984968104625 -0.64034564238178227 0
0.14354677225074577 -0.83665190105600951 0
4.5937210837258776e-17 -0.90558549206282846 0
-0.14354677225074569 -0.83665190105600962 0
-0.26523984968104619 -0.64034564238178249 0
-0.3465525644026321 -0.34655256440263243 0
-0.37510579270073663 -1.6635335613135354e-16 0
-0.34655256440263216 0.34655256440263216 0
-0.2652398496810463 0.64034564238178215 0
-0.14354677225074597 0.83665190105600928 0
0 0.69310512880526409 0
0.26523984968104602 0.6403456423817826 0
0.49009933665337746 0.49009933665337774 0
0.64034564238178238 0.26523984968104619 0
0.69310512880526376 4.2440448873199038e-17 0
0.64034564238178238 -0.26523984968104608 0
0.49009933665337752 -0.49009933665337768 0
0.26523984968104608 -0.6403456423817826 0
8.4880897746398038e-17 -0.69310512880526409 0
-0.26523984968104591 -0.64034564238178271 0
-0.49009933665337746 -0.49009933665337785 0
-0.64034564238178215 -0.26523984968104652 0
-0.69310512880526376 -1.2732134661959708e-16 0
-0.64034564238178227 0.2652398496810463 0
-0.49009933665337757 0.49009933665337757 0
-0.26523984968104641 0.64034564238178249 0
0 0.37510579270073702 0
0.34655256440263188 0.34655256440263255 0
0.64034564238178227 0.26523984968104652 0
0.83665190105600939 0.14354677225074591 0
0.90558549206282835 2.296860541862941e-17 0
0.83665190105600939 -0.14354677225074586 0
0.64034564238178227 -0.26523984968104647 0
0.34655256440263199 -0.34655256440263255 0
1.1090223742090236e-16 -0.37510579270073702 0
-0.34655256440263182 -0.3465525644026326 0
-0.64034564238178227 -0.26523984968104652 0
-0.83665190105600917 -0.14354677225074608 0
-0.90558549206282835 -6.8905816255888226e-17 0
-0.83665190105600928 0.14354677225074597 0
-0.64034564238178238 0.26523984968104641 0
-0.34655256440263249 0.34655256440263249 0
0 -0 0
0.37510579270073641 -0 0
0.69310512880526387 -0 0
0.90558549206282857 -0 0
0.98019867330675525 -0 0
0.90558549206282857 0 0
0.69310512880526398 0 0
0.37510579270073652 0 0
1.2003971677936001e-16 0 0
-0.3751057927007363 0 0
-0.69310512880526387 0 0
-0.90558549206282835 0 0
-0.98019867330675525 0 0
-0.90558549206282846 -0 0
-0.69310512880526409 -0 0
-0.37510579270073702 -0 0
0 -0.37510579270073641 0
0.34655256440263199 -0.34655256440263199 0
0.64034564238178238 -0.26523984968104608 0
0.83665190105600962 -0.14354677225074566 0
0.90558549206282857 -2.2968605418629376e-17 0
0.83665190105600962 0.14354677225074564 0
0.64034564238178249 0.26523984968104602 0
0.3465525644026321 0.34655256440263199 0
1.1090223742090239e-16 0.37510579270073641 0
-0.34655256440263188 0.34655256440263205 0
-0.64034564238178238 0.26523984968104614 0
-0.83665190105600939 0.14354677225074586 0
-0.90558549206282857 6.8905816255888115e-17 0
-0.83665190105600951 -0.14354677225074575 0
-0.6403456423817826 -0.26523984968104597 0
-0.34655256440263255 -0.34655256440263194 0
0 -0.69310512880526387 0
0.26523984968104608 -0.64034564238178249 0
0.49009933665337757 -0.49009933665337757 0
0.64034564238178249 -0.26523984968104608 0
0.69310512880526398 -4.2440448873199025e-17 0
0.64034564238178249 0.26523984968104602 0
0.49009933665337768 0.49009933665337752 0
0.26523984968104619 0.64034564238178249 0
8.4880897746398063e-17 0.69310512880526387 0
-0.26523984968104602 0.64034564238178249 0
-0.49009933665337757 0.49009933665337768 0
-0.64034564238178238 0.26523984968104647 0
-0.69310512880526398 1.2732134661959706e-16 0
-0.64034564238178249 -0.26523984968104619 0
-0.49009933665337774 -0.49009933665337746 0
-0.26523984968104652 -0.64034564238178227 0
0 -0.90558549206282857 0
0.14354677225074566 -0.83665190105600962 0
0.26523984968104608 -0.64034564238178249 0
0.34655256440263205 -0.34655256440263205 0
0.37510579270073646 -5.5451118710451194e-17 0
0.34655256440263205 0.34655256440263194 0
0.26523984968104614 0.64034564238178238 0
0.14354677225074572 0.83665190105600962 0
4.5937210837258758e-17 0.90558549206282857 0
-0.14354677225074564 0.83665190105600973 0
-0.26523984968104608 0.6403456423817826 0
-0.34655256440263199 0.34655256440263249 0
-0.37510579270073646 1.6635335613135356e-16 0
-0.34655256440263199 -0.34655256440263221 0
-0.26523984968104614 -0.64034564238178227 0
-0.14354677225074591 -0.83665190105600939 0
0 -0.98019867330675525 0
2.2968605418629373e-17 -0.90558549206282857 0
4.2440448873199019e-17 -0.69310512880526398 0
5.5451118710451194e-17 -0.37510579270073646 0
6.0019858389680004e-17 -6.0019858389680004e-17 0
5.5451118710451194e-17 0.37510579270073635 0
4.2440448873199025e-17 0.69310512880526387 0
2.2968605418629379e-17 0.90558549206282857 0
7.3503127462199032e-33 0.98019867330675525 0
-2.2968605418629367e-17 0.90558549206282868 0
-4.2440448873199019e-17 0.69310512880526409 0
-5.5451118710451175e-17 0.37510579270073696 0
-6.0019858389680004e-17 1.8005957516903999e-16 0
-5.5451118710451188e-17 -0.37510579270073663 0
-4.2440448873199031e-17 -0.69310512880526376 0
-2.296860541862941e-17 -0.90558549206282835 0
-0 -0.90558549206282857 0
-0.14354677225074564 -0.83665190105600962 0
-0.26523984968104602 -0.64034564238178249 0
-0.34655256440263194 -0.34655256440263205 0
-0.37510579270073635 -5.5451118710451194e-17 0
-0.34655256440263194 0.34655256440263194 0
-0.26523984968104602 0.64034564238178238 0
-0.14354677225074566 0.83665190105600962 0
-4.593721083725874e-17 0.90558549206282857 0
0.14354677225074558 0.83665190105600973 0
0.26523984968104602 0.6403456423817826 0
0.34655256440263188 0.34655256440263249 0
0.37510579270073635 1.6635335613135356e-16 0
0.34655256440263194 -0.34655256440263221 0
0.26523984968104608 -0.64034564238178227 0
0.14354677225074586 -0.83665190105600939 0
-0 -0.69310512880526398 0
-0.26523984968104602 -0.64034564238178249 0
-0.49009933665337752 -0.49009933665337768 0
-0.64034564238178249 -0.26523984968104614 0
-0.69310512880526387 -4.2440448873199031e-17 0
-0.64034564238178249 0.26523984968104608 0
-0.49009933665337757 0.49009933665337757 0
-0.26523984968104614 0.64034564238178249 0
-8.4880897746398051e-17 0.69310512880526398 0
0.26523984968104597 0.6403456423817826 0
0.49009933665337752 0.49009933665337774 0
0.64034564238178227 0.26523984968104647 0
0.69310512880526387 1.2732134661959708e-16 0
0.64034564238178238 -0.26523984968104625 0
0.49009933665337768 -0.49009933665337752 0
0.26523984968104647 -0.64034564238178238 0
-0 -0.37510579270073652 0
-0.34655256440263199 -0.3465525644026321 0
-0.64034564238178238 -0.26523984968104614 0
-0.83665190105600962 -0.14354677225074572 0
-0.90558549206282857 -2.2968605418629382e-17 0
-0.83665190105600962 0.14354677225074566 0
-0.64034564238178249 0.26523984968104614 0
-0.3465525644026321 0.3465525644026321 0
-1.1090223742090239e-16 0.37510579270073652 0
0.34655256440263188 0.34655256440263216 0
0.64034564238178238 0.26523984968104619 0
0.83665190105600939 0.14354677225074591 0
0.90558549206282857 6.8905816255888128e-17 0
0.83665190105600951 -0.14354677225074577 0
0.6403456423817826 -0.26523984968104608 0
0.34655256440263255 -0.34655256440263205 0
-0 -1.2003971677936001e-16 0
-0.37510579270073641 -1.1090223742090239e-16 0
-0.69310512880526387 -8.4880897746398051e-17 0
-0.90558549206282857 -4.5937210837258752e-17 0
-0.98019867330675525 -7.3503127462199032e-33 0
-0.90558549206282857 4.593721083725874e-17 0
-0.69310512880526398 8.4880897746398038e-17 0
-0.37510579270073652 1.1090223742090239e-16 0
-1.2003971677936001e-16 1.2003971677936001e-16 0
0.3751057927007363 1.109022374209024e-16 0
0.69310512880526387 8.4880897746398063e-17 0
0.90558549206282835 4.5937210837258813e-17 0
0.98019867330675525 2.2050938238659705e-32 0
0.90558549206282846 -4.593721083725877e-17 0
0.69310512880526409 -8.4880897746398026e-17 0
0.37510579270073702 -1.1090223742090235e-16 0
-0 0.3751057927007363 0
-0.34655256440263205 0.34655256440263188 0
-0.64034564238178249 0.26523984968104602 0
-0.83665190105600973 0.14354677225074564 0
-0.90558549206282868 2.2968605418629367e-17 0
-0.83665190105600973 -0.14354677225074558 0
-0.6403456423817826 -0.26523984968104597 0
-0.3465525644026321 -0.34655256440263188 0
-1.109022374209024e-16 -0.3751057927007363 0
0.34655256440263194 -0.34655256440263194 0
0.64034564238178249 -0.26523984968104602 0
0.83665190105600951 -0.14354677225074583 0
0.90558549206282868 -6.8905816255888091e-17 0
0.83665190105600962 0.14354677225074569 0
0.6403456423817826 0.26523984968104591 0
0.3465525644026326 0.34655256440263182 0
-0 0.69310512880526387 0
-0.26523984968104614 0.64034564238178249 0
-0.49009933665337768 0.49009933665337757 0
-0.6403456423817826 0.26523984968104608 0
-0.69310512880526409 4.2440448873199025e-17 0
-0.6403456423817826 -0.26523984968104602 0
-0.49009933665337774 -0.49009933665337752 0
-0.26523984968104619 -0.64034564238178249 0
-8.4880897746398075e-17 -0.69310512880526387 0
0.26523984968104608 -0.64034564238178249 0
0.49009933665337768 -0.49009933665337768 0
0.64034564238178249 -0.26523984968104647 0
0.69310512880526409 -1.2732134661959706e-16 0
0.6403456423817826 0.26523984968104619 0
0.49009933665337785 0.49009933665337746 0
0.26523984968104658 0.64034564238178227 0
-0 0.90558549206282835 0
-0.14354677225074586 0.83665190105600939 0
-0.26523984968104641 0.64034564238178227 0
-0.34655256440263249 0.34655256440263194 0
-0.37510579270073696 5.5451118710451182e-17 0
-0.34655256440263249 -0.34655256440263182 0
-0.26523984968104647 -0.64034564238178227 0
-0.14354677225074591 -0.83665190105600939 0
-4.5937210837258813e-17 -0.90558549206282835 0
0.1435467722507458 -0.83665190105600951 0
0.26523984968104641 -0.64034564238178238 0
0.34655256440263243 -0.34655256440263243 0
0.37510579270073696 -1.6635335613135351e-16 0
0.34655256440263249 0.3465525644026321 0
0.26523984968104652 0.64034564238178215 0
0.14354677225074608 0.83665190105600917 0
-0 0.98019867330675525 0
-6.8905816255888115e-17 0.90558549206282857 0
-1.2732134661959703e-16 0.69310512880526398 0
-1.6635335613135356e-16 0.37510579270073646 0
-1.8005957516903999e-16 6.0019858389680004e-17 0
-1.6635335613135356e-16 -0.37510579270073635 0
-1.2732134661959706e-16 -0.69310512880526387 0
-6.8905816255888128e-17 -0.90558549206282857 0
-2.2050938238659708e-32 -0.98019867330675525 0
6.8905816255888091e-17 -0.90558549206282868 0
1.2732134661959703e-16 -0.69310512880526409 0
1.6635335613135351e-16 -0.37510579270073696 0
1.8005957516903999e-16 -1.8005957516903999e-16 0
1.6635335613135354e-16 0.37510579270073663 0
1.2732134661959708e-16 0.69310512880526376 0
6.8905816255888226e-17 0.90558549206282835 0
0 0.90558549206282846 0
0.14354677225074572 0.83665190105600951 0
0.26523984968104619 0.64034564238178238 0
0.34655256440263221 0.34655256440263199 0
0.37510579270073663 5.5451118710451188e-17 0
0.34655256440263221 -0.34655256440263188 0
0.26523984968104625 -0.64034564238178227 0
0.14354677225074577 -0.83665190105600951 0
4.5937210837258776e-17 -0.90558549206282846 0
-0.14354677225074569 -0.83665190105600962 0
-0.26523984968104619 -0.64034564238178249 0
-0.3465525644026321 -0.34655256440263243 0
-0.37510579270073663 -1.6635335613135354e-16 0
-0.34655256440263216 0.34655256440263216 0
-0.2652398496810463 0.64034564238178215 0
-0.14354677225074597 0.83665190105600928 0
0 0.69310512880526409 0
0.26523984968104602 0.6403456423817826 0
0.49009933665337746 0.49009933665337774 0
0.64034564238178238 0.26523984968104619 0
0.69310512880526376 4.2440448873199038e-17 0
0.64034564238178238 -0.26523984968104608 0
0.49009933665337752 -0.49009933665337768 0
0.26523984968104608 -0.6403456423817826 0
8.4880897746398038e-17 -0.69310512880526409 0
-0.26523984968104591 -0.64034564238178271 0
-0.49009933665337746 -0.49009933665337785 0
-0.64034564238178215 -0.26523984968104652 0
-0.69310512880526376 -1.2732134661959708e-16 0
-0.64034564238178227 0.2652398496810463 0
-0.49009933665337757 0.49009933665337757 0
-0.26523984968104641 0.64034564238178249 0
0 0.37510579270073702 0
0.34655256440263188 0.34655256440263255 0
0.64034564238178227 0.26523984968104652 0
0.83665190105600939 0.14354677225074591 0
0.90558549206282835 2.296860541862941e-17 0
0.83665190105600939 -0.14354677225074586 0
0.64034564238178227 -0.26523984968104647 0
0.34655256440263199 -0.34655256440263255 0
1.1090223742090236e-16 -0.37510579270073702 0
-0.34655256440263182 -0.3465525644026326 0
-0.64034564238178227 -0.26523984968104652 0
-0.83665190105600917 -0.14354677225074608 0
-0.90558549206282835 -6.8905816255888226e-17 0
-0.83665190105600928 0.14354677225074597 0
-0.64034564238178238 0.26523984968104641 0
-0.34655256440263249 0.34655256440263249 0
0 -0 0
0.37510579270073641 -0 0
0.69310512880526387 -0 0
0.90558549206282857 -0 0
0.98019867330675525 -0 0
0.90558549206282857 0 0
0.69310512880526398 0 0
0.37510579270073652 0 0
1.2003971677936001e-16 0 0
-0.3751057927007363 0 0
-0.69310512880526387 0 0
-0.90558549206282835 0 0
-0.98019867330675525 0 0
-0.90558549206282846 -0 0
-0.69310512880526409 -0 0
-0.37510579270073702 -0 0
0 -0.37510579270073641 0
0.34655256440263199 -0.34655256440263199 0
0.64034564238178238 -0.26523984968104608 0
0.83665190105600962 -0.14354677225074566 0
0.90558549206282857 -2.2968605418629376e-17 0
0.83665190105600962 0.14354677225074564 0
0.64034564238178249 0.26523984968104602 0
0.3465525644026321 0.34655256440263199 0
1.1090223742090239e-16 0.37510579270073641 0
-0.34655256440263188 0.34655256440263205 0
-0.64034564238178238 0.26523984968104614 0
-0.83665190105600939 0.14354677225074586 0
-0.90558549206282857 6.8905816255888115e-17 0
-0.83665190105600951 -0.14354677225074575 0
-0.6403456423817826 -0.26523984968104597 0
-0.34655256440263255 -0.34655256440263194 0
0 -0.69310512880526387 0
0.26523984968104608 -0.64034564238178249 0
0.49009933665337757 -0.49009933665337757 0
0.64034564238178249 -0.26523984968104608 0
0.69310512880526398 -4.2440448873199025e-17 0
0.64034564238178249 0.26523984968104602 0
0.49009933665337768 0.49009933665337752 0
0.26523984968104619 0.64034564238178249 0
8.4880897746398063e-17 0.69310512880526387 0
-0.26523984968104602 0.64034564238178249 0
-0.49009933665337757 0.49009933665337768 0
-0.64034564238178238 0.26523984968104647 0
-0.69310512880526398 1.2732134661959706e-16 0
-0.64034564238178249 -0.26523984968104619 0
-0.49009933665337774 -0.49009933665337746 0
-0.26523984968104652 -0.64034564238178227 0
0 -0.90558549206282857 0
0.14354677225074566 -0.83665190105600962 0
0.26523984968104608 -0.64034564238178249 0
0.34655256440263205 -0.34655256440263205 0
0.37510579270073646 -5.5451118710451194e-17 0
0.34655256440263205 0.34655256440263194 0
0.26523984968104614 0.64034564238178238 0
0.14354677225074572 0.83665190105600962 0
4.5937210837258758e-17 0.90558549206282857 0
-0.14354677225074564 0.83665190105600973 0
-0.26523984968104608 0.6403456423817826 0
-0.34655256440263199 0.34655256440263249 0
-0.37510579270073646 1.6635335613135356e-16 0
-0.34655256440263199 -0.34655256440263221 0
-0.26523984968104614 -0.64034564238178227 0
-0.14354677225074591 -0.83665190105600939 0
0 -0.98019867330675525 0
2.2968605418629373e-17 -0.90558549206282857 0
4.2440448873199019e-17 -0.69310512880526398 0
5.5451118710451194e-17 -0.37510579270073646 0
6.0019858389680004e-17 -6.0019858389680004e-17 0
5.5451118710451194e-17 0.37510579270073635 0
4.2440448873199025e-17 0.69310512880526387 0
2.2968605418629379e-17 0.90558549206282857 0
7.3503127462199032e-33 0.98019867330675525 0
-2.2968605418629367e-17 0.90558549206282868 0
-4.2440448873199019e-17 0.69310512880526409 0
-5.5451118710451175e-17 0.37510579270073696 0
-6.0019858389680004e-17 1.8005957516903999e-16 0
-5.5451118710451188e-17 -0.37510579270073663 0
-4.2440448873199031e-17 -0.69310512880526376 0
-2.296860541862941e-17 -0.90558549206282835 0
-0 -0.90558549206282857 0
-0.14354677225074564 -0.83665190105600962 0
-0.26523984968104602 -0.64034564238178249 0
-0.34655256440263194 -0.34655256440263205 0
-0.37510579270073635 -5.5451118710451194e-17 0
-0.34655256440263194 0.34655256440263194 0
-0.26523984968104602 0.64034564238178238 0
-0.14354677225074566 0.83665190105600962 0
-4.593721083725874e-17 0.90558549206282857 0
0.14354677225074558 0.83665190105600973 0
0.26523984968104602 0.6403456423817826 0
0.34655256440263188 0.34655256440263249 0
0.37510579270073635 1.6635335613135356e-16 0
0.34655256440263194 -0.34655256440263221 0
0.26523984968104608 -0.64034564238178227 0
0.14354677225074586 -0.83665190105600939 0
-0 -0.69310512880526398 0
-0.26523984968104602 -0.64034564238178249 0
-0.49009933665337752 -0.49009933665337768 0
-0.64034564238178249 -0.26523984968104614 0
-0.69310512880526387 -4.2440448873199031e-17 0
-0.64034564238178249 0.26523984968104608 0
-0.49009933665337757 0.49009933665337757 0
-0.26523984968104614 0.64034564238178249 0
-8.4880897746398051e-17 0.69310512880526398 0
0.26523984968104597 0.6403456423817826 0
0.49009933665337752 0.49009933665337774 0
0.64034564238178227 0.26523984968104647 0
0.69310512880526387 1.2732134661959708e-16 0
0.64034564238178238 -0.26523984968104625 0
0.49009933665337768 -0.49009933665337752 0
0.26523984968104647 -0.64034564238178238 0
-0 -0.37510579270073652 0
-0.34655256440263199 -0.3465525644026321 0
-0.64034564238178238 -0.26523984968104614 0
-0.83665190105600962 -0.14354677225074572 0
-0.90558549206282857 -2.2968605418629382e-17 0
-0.83665190105600962 0.14354677225074566 0
-0.64034564238178249 0.26523984968104614 0
-0.3465525644026321 0.3465525644026321 0
-1.1090223742090239e-16 0.37510579270073652 0
0.34655256440263188 0.34655256440263216 0
0.64034564238178238 0.26523984968104619 0
0.83665190105600939 0.14354677225074591 0
0.90558549206282857 6.8905816255888128e-17 0
0.83665190105600951 -0.14354677225074577 0
0.6403456423817826 -0.26523984968104608 0
0.34655256440263255 -0.34655256440263205 0
-0 -1.2003971677936001e-16 0
-0.37510579270073641 -1.1090223742090239e-16 0
-0.69310512880526387 -8.4880897746398051e-17 0
-0.90558549206282857 -4.5937210837258752e-17 0
-0.98019867330675525 -7.3503127462199032e-33 0
-0.90558549206282857 4.593721083725874e-17 0
-0.69310512880526398 8.4880897746398038e-17 0
-0.37510579270073652 1.1090223742090239e-16 0
-1.2003971677936001e-16 1.2003971677936001e-16 0
0.3751057927007363 1.109022374209024e-16 0
0.69310512880526387 8.4880897746398063e-17 0
0.90558549206282835 4.5937210837258813e-17 0
0.98019867330675525 2.2050938238659705e-32 0
0.90558549206282846 -4.593721083725877e-17 0
0.69310512880526409 -8.4880897746398026e-17 0
0.37510579270073702 -1.1090223742090235e-16 0
-0 0.3751057927007363 0
-0.34655256440263205 0.34655256440263188 0
-0.64034564238178249 0.26523984968104602 0
-0.83665190105600973 0.14354677225074564 0
-0.90558549206282868 2.2968605418629367e-17 0
-0.83665190105600973 -0.14354677225074558 0
-0.6403456423817826 -0.26523984968104597 0
-0.3465525644026321 -0.34655256440263188 0
-1.109022374209024e-16 -0.3751057927007363 0
0.34655256440263194 -0.34655256440263194 0
0.64034564238178249 -0.26523984968104602 0
0.83665190105600951 -0.14354677225074583 0
0.90558549206282868 -6.8905816255888091e-17 0
0.83665190105600962 0.14354677225074569 0
0.6403456423817826 0.26523984968104591 0
0.3465525644026326 0.34655256440263182 0
-0 0.69310512880526387 0
-0.26523984968104614 0.64034564238178249 0
-0.49009933665337768 0.49009933665337757 0
-0.6403456423817826 0.26523984968104608 0
-0.69310512880526409 4.2440448873199025e-17 0
-0.6403456423817826 -0.26523984968104602 0
-0.49009933665337774 -0.49009933665337752 0
-0.26523984968104619 -0.64034564238178249 0
-8.4880897746398075e-17 -0.69310512880526387 0
0.26523984968104608 -0.64034564238178249 0
0.49009933665337768 -0.49009933665337768 0
0.64034564238178249 -0.26523984968104647 0
0.69310512880526409 -1.2732134661959706e-16 0
0.6403456423817826 0.26523984968104619 0
0.49009933665337785 0.49009933665337746 0
0.26523984968104658 0.64034564238178227 0
-0 0.90558549206282835 0
-0.14354677225074586 0.83665190105600939 0
-0.26523984968104641 0.64034564238178227 0
-0.34655256440263249 0.34655256440263194 0
-0.37510579270073696 5.5451118710451182e-17 0
-0.34655256440263249 -0.34655256440263182 0
-0.26523984968104647 -0.64034564238178227 0
-0.14354677225074591 -0.83665190105600939 0
-4.5937210837258813e-17 -0.90558549206282835 0
0.1435467722507458 -0.83665190105600951 0
0.26523984968104641 -0.64034564238178238 0
0.34655256440263243 -0.34655256440263243 0
0.37510579270073696 -1.6635335613135351e-16 0
0.34655256440263249 0.3465525644026321 0
0.26523984968104652 0.64034564238178215 0
0.14354677225074608 0.83665190105600917 0
-0 0.98019867330675525 0
-6.8905816255888115e-17 0.90558549206282857 0
-1.2732134661959703e-16 0.69310512880526398 0
-1.6635335613135356e-16 0.37510579270073646 0
-1.8005957516903999e-16 6.0019858389680004e-17 0
-1.6635335613135356e-16 -0.37510579270073635 0
-1.2732134661959706e-16 -0.69310512880526387 0
-6.8905816255888128e-17 -0.90558549206282857 0
-2.2050938238659708e-32 -0.98019867330675525 0
6.8905816255888091e-17 -0.90558549206282868 0
1.2732134661959703e-16 -0.69310512880526409 0
1.6635335613135351e-16 -0.37510579270073696 0
1.8005957516903999e-16 -1.8005957516903999e-16 0
1.6635335613135354e-16 0.37510579270073663 0
1.2732134661959708e-16 0.69310512880526376 0
6.8905816255888226e-17 0.90558549206282835 0
0 0.90558549206282846 0
0.14354677225074572 0.83665190105600951 0
0.26523984968104619 0.64034564238178238 0
0.34655256440263221 0.34655256440263199 0
0.37510579270073663 5.5451118710451188e-17 0
0.34655256440263221 -0.34655256440263188 0
0.26523984968104625 -0.64034564238178227 0
0.14354677225074577 -0.83665190105600951 0
4.5937210837258776e-17 -0.90558549206282846 0
-0.14354677225074569 -0.83665190105600962 0
-0.26523984968104619 -0.64034564238178249 0
-0.3465525644026321 -0.34655256440263243 0
-0.37510579270073663 -1.6635335613135354e-16 0
-0.34655256440263216 0.34655256440263216 0
-0.2652398496810463 0.64034564238178215 0
-0.14354677225074597 0.83665190105600928 0
0 0.69310512880526409 0
0.26523984968104602 0.6403456423817826 0
0.49009933665337746 0.49009933665337774 0
0.64034564238178238 0.26523984968104619 0
0.69310512880526376 4.2440448873199038e-17 0
0.64034564238178238 -0.26523984968104608 0
0.49009933665337752 -0.49009933665337768 0
0.26523984968104608 -0.6403456423817826 0
8.4880897746398038e-17 -0.69310512880526409 0
-0.26523984968104591 -0.64034564238178271 0
-0.49009933665337746 -0.49009933665337785 0
-0.64034564238178215 -0.26523984968104652 0
-0.69310512880526376 -1.2732134661959708e-16 0
-0.64034564238178227 0.2652398496810463 0
-0.49009933665337757 0.49009933665337757 0
-0.26523984968104641 0.64034564238178249 0
0 0.37510579270073702 0
0.34655256440263188 0.34655256440263255 0
0.64034564238178227 0.26523984968104652 0
0.83665190105600939 0.14354677225074591 0
0.90558549206282835 2.296860541862941e-17 0
0.83665190105600939 -0.14354677225074586 0
0.64034564238178227 -0.26523984968104647 0
0.34655256440263199 -0.34655256440263255 0
1.1090223742090236e-16 -0.37510579270073702 0
-0.34655256440263182 -0.3465525644026326 0
-0.64034564238178227 -0.26523984968104652 0
-0.83665190105600917 -0.14354677225074608 0
-0.90558549206282835 -6.8905816255888226e-17 0
-0.83665190105600928 0.14354677225074597 0
-0.64034564238178238 0.26523984968104641 0
-0.34655256440263249 0.34655256440263249 0
0 -0 0
0.37510579270073641 -0 0
0.69310512880526387 -0 0
0.90558549206282857 -0 0
0.98019867330675525 -0 0
0.90558549206282857 0 0
0.69310512880526398 0 0
0.37510579270073652 0 0
1.2003971677936001e-16 0 0
-0.3751057927007363 0 0
-0.69310512880526387 0 0
-0.90558549206282835 0 0
-0.98019867330675525 0 0
-0.90558549206282846 -0 0
-0.69310512880526409 -0 0
-0.37510579270073702 -0 0
0 -0.37510579270073641 0
0.34655256440263199 -0.34655256440263199 0
0.64034564238178238 -0.26523984968104608 0
0.83665190105600962 -0.14354677225074566 0
0.90558549206282857 -2.2968605418629376e-17 0
0.83665190105600962 0.14354677225074564 0
0.64034564238178249 0.26523984968104602 0
0.3465525644026321 0.34655256440263199 0
1.1090223742090239e-16 0.37510579270073641 0
-0.34655256440263188 0.34655256440263205 0
-0.64034564238178238 0.26523984968104614 0
-0.83665190105600939 0.14354677225074586 0
-0.90558549206282857 6.8905816255888115e-17 0
-0.83665190105600951 -0.14354677225074575 0
-0.6403456423817826 -0.26523984968104597 0
-0.34655256440263255 -0.34655256440263194 0
0 -0.69310512880526387 0
0.26523984968104608 -0.64034564238178249 0
0.49009933665337757 -0.49009933665337757 0
0.64034564238178249 -0.26523984968104608 0
0.69310512880526398 -4.2440448873199025e-17 0
0.64034564238178249 0.26523984968104602 0
0.49009933665337768 0.49009933665337752 0
0.26523984968104619 0.64034564238178249 0
8.4880897746398063e-17 0.69310512880526387 0
-0.26523984968104602 0.64034564238178249 0
-0.49009933665337757 0.49009933665337768 0
-0.64034564238178238 0.26523984968104647 0
-0.69310512880526398 1.2732134661959706e-16 0
-0.64034564238178249 -0.26523984968104619 0
-0.49009933665337774 -0.49009933665337746 0
-0.26523984968104652 -0.64034564238178227 0
0 -0.90558549206282857 0
0.14354677225074566 -0.83665190105600962 0
0.26523984968104608 -0.64034564238178249 0
0.34655256440263205 -0.34655256440263205 0
0.37510579270073646 -5.5451118710451194e-17 0
0.34655256440263205 0.34655256440263194 0
0.26523984968104614 0.64034564238178238 0
0.14354677225074572 0.83665190105600962 0
4.5937210837258758e-17 0.90558549206282857 0
-0.14354677225074564 0.83665190105600973 0
-0.26523984968104608 0.6403456423817826 0
-0.34655256440263199 0.34655256440263249 0
-0.37510579270073646 1.6635335613135356e-16 0
-0.34655256440263199 -0.34655256440263221 0
-0.26523984968104614 -0.64034564238178227 0
-0.14354677225074591 -0.83665190105600939 0
0 -0.98019867330675525 0
2.2968605418629373e-17 -0.90558549206282857 0
4.2440448873199019e-17 -0.69310512880526398 0
5.5451118710451194e-17 -0.37510579270073646 0
6.0019858389680004e-17 -6.0019858389680004e-17 0
5.5451118710451194e-17 0.37510579270073635 0
4.2440448873199025e-17 0.69310512880526387 0
2.2968605418629379e-17 0.90558549206282857 0
7.3503127462199032e-33 0.98019867330675525 0
-2.2968605418629367e-17 0.90558549206282868 0
-4.2440448873199019e-17 0.69310512880526409 0
-5.5451118710451175e-17 0.37510579270073696 0
-6.0019858389680004e-17 1.8005957516903999e-16 0
-5.5451118710451188e-17 -0.37510579270073663 0
-4.2440448873199031e-17 -0.69310512880526376 0
-2.296860541862941e-17 -0.90558549206282835 0
-0 -0.90558549206282857 0
-0.14354677225074564 -0.83665190105600962 0
-0.26523984968104602 -0.64034564238178249 0
-0.34655256440263194 -0.34655256440263205 0
-0.37510579270073635 -5.5451118710451194e-17 0
-0.34655256440263194 0.34655256440263194 0
-0.26523984968104602 0.64034564238178238 0
-0.14354677225074566 0.83665190105600962 0
-4.593721083725874e-17 0.90558549206282857 0
0.14354677225074558 0.83665190105600973 0
0.26523984968104602 0.6403456423817826 0
0.34655256440263188 0.34655256440263249 0
0.37510579270073635 1.6635335613135356e-16 0
0.34655256440263194 -0.34655256440263221 0
0.26523984968104608 -0.64034564238178227 0
0.14354677225074586 -0.83665190105600939 0
-0 -0.69310512880526398 0
-0.26523984968104602 -0.64034564238178249 0
-0.49009933665337752 -0.49009933665337768 0
-0.64034564238178249 -0.26523984968104614 0
-0.69310512880526387 -4.2440448873199031e-17 0
-0.64034564238178249 0.26523984968104608 0
-0.49009933665337757 0.49009933665337757 0
-0.26523984968104614 0.64034564238178249 0
-8.4880897746398051e-17 0.69310512880526398 0
0.26523984968104597 0.6403456423817826 0
0.49009933665337752 0.49009933665337774 0
0.64034564238178227 0.26523984968104647 0
0.69310512880526387 1.2732134661959708e-16 0
0.64034564238178238 -0.26523984968104625 0
0.49009933665337768 -0.49009933665337752 0
0.26523984968104647 -0.64034564238178238 0
-0 -0.37510579270073652 0
-0.34655256440263199 -0.3465525644026321 0
-0.64034564238178238 -0.26523984968104614 0
-0.83665190105600962 -0.14354677225074572 0
-0.90558549206282857 -2.2968605418629382e-17 0
-0.83665190105600962 0.14354677225074566 0
-0.64034564238178249 0.26523984968104614 0
-0.3465525644026321 0.3465525644026321 0
-1.1090223742090239e-16 0.37510579270073652 0
0.34655256440263188 0.34655256440263216 0
0.64034564238178238 0.26523984968104619 0
0.83665190105600939 0.14354677225074591 0
0.90558549206282857 6.8905816255888128e-17 0
0.83665190105600951 -0.14354677225074577 0
0.6403456423817826 -0.26523984968104608 0
0.34655256440263255 -0.34655256440263205 0
-0 -1.2003971677936001e-16 0
-0.37510579270073641 -1.1090223742090239e-16 0
-0.69310512880526387 -8.4880897746398051e-17 0
-0.90558549206282857 -4.5937210837258752e-17 0
-0.98019867330675525 -7.3503127462199032e-33 0
-0.90558549206282857 4.593721083725874e-17 0
-0.69310512880526398 8.4880897746398038e-17 0
-0.37510579270073652 1.1090223742090239e-16 0
-1.2003971677936001e-16 1.2003971677936001e-16 0
0.3751057927007363 1.109022374209024e-16 0
0.69310512880526387 8.4880897746398063e-17 0
0.90558549206282835 4.5937210837258813e-17 0
0.98019867330675525 2.2050938238659705e-32 0
0.90558549206282846 -4.593721083725877e-17 0
0.69310512880526409 -8.4880897746398026e-17 0
0.37510579270073702 -1.1090223742090235e-16 0
-0 0.3751057927007363 0
-0.34655256440263205 0.34655256440263188 0
-0.64034564238178249 0.26523984968104602 0
-0.83665190105600973 0.14354677225074564 0
-0.90558549206282868 2.2968605418629367e-17 0
-0.83665190105600973 -0.14354677225074558 0
-0.6403456423817826 -0.26523984968104597 0
-0.3465525644026321 -0.34655256440263188 0
-1.109022374209024e-16 -0.3751057927007363 0
0.34655256440263194 -0.34655256440263194 0
0.64034564238178249 -0.26523984968104602 0
0.83665190105600951 -0.14354677225074583 0
0.90558549206282868 -6.8905816255888091e-17 0
0.83665190105600962 0.14354677225074569 0
0.6403456423817826 0.26523984968104591 0
0.3465525644026326 0.34655256440263182 0
-0 0.69310512880526387 0
-0.26523984968104614 0.64034564238178249 0
-0.49009933665337768 0.49009933665337757 0
-0.6403456423817826 0.26523984968104608 0
-0.69310512880526409 4.2440448873199025e-17 0
-0.6403456423817826 -0.26523984968104602 0
-0.49009933665337774 -0.49009933665337752 0
-0.26523984968104619 -0.64034564238178249 0
-8.4880897746398075e-17 -0.69310512880526387 0
0.26523984968104608 -0.64034564238178249 0
0.49009933665337768 -0.49009933665337768 0
0.64034564238178249 -0.26523984968104647 0
0.69310512880526409 -1.2732134661959706e-16 0
0.6403456423817826 0.26523984968104619 0
0.49009933665337785 0.49009933665337746 0
0.26523984968104658 0.64034564238178227 0
-0 0.90558549206282835 0
-0.14354677225074586 0.83665190105600939 0
-0.26523984968104641 0.64034564238178227 0
-0.34655256440263249 0.34655256440263194 0
-0.37510579270073696 5.5451118710451182e-17 0
-0.34655256440263249 -0.34655256440263182 0
-0.26523984968104647 -0.64034564238178227 0
-0.14354677225074591 -0.83665190105600939 0
-4.5937210837258813e-17 -0.90558549206282835 0
0.1435467722507458 -0.83665190105600951 0
0.26523984968104641 -0.64034564238178238 0
0.34655256440263243 -0.34655256440263243 0
0.37510579270073696 -1.6635335613135351e-16 0
0.34655256440263249 0.3465525644026321 0
0.26523984968104652 0.64034564238178215 0
0.14354677225074608 0.83665190105600917 0
-0 0.98019867330675525 0
-6.8905816255888115e-17 0.90558549206282857 0
-1.2732134661959703e-16 0.69310512880526398 0
-1.6635335613135356e-16 0.37510579270073646 0
-1.8005957516903999e-16 6.0019858389680004e-17 0
-1.6635335613135356e-16 -0.37510579270073635 0
-1.2732134661959706e-16 -0.69310512880526387 0
-6.8905816255888128e-17 -0.90558549206282857 0
-2.2050938238659708e-32 -0.98019867330675525 0
6.8905816255888091e-17 -0.90558549206282868 0
1.2732134661959703e-16 -0.69310512880526409 0
1.6635335613135351e-16 -0.37510579270073696 0
1.8005957516903999e-16 -1.8005957516903999e-16 0
1.6635335613135354e-16 0.37510579270073663 0
1.2732134661959708e-16 0.69310512880526376 0
6.8905816255888226e-17 0.90558549206282835 0
0 0.90558549206282846 0
0.14354677225074572 0.83665190105600951 0
0.26523984968104619 0.64034564238178238 0
0.34655256440263221 0.34655256440263199 0
0.37510579270073663 5.5451118710451188e-17 0
0.34655256440263221 -0.34655256440263188 0
0.26523984968104625 -0.64034564238178227 0
0.14354677225074577 -0.83665190105600951 0
4.5937210837258776e-17 -0.90558549206282846 0
-0.14354677225074569 -0.83665190105600962 0
-0.26523984968104619 -0.64034564238178249 0
-0.3465525644026321 -0.34655256440263243 0
-0.37510579270073663 -1.6635335613135354e-16 0
-0.34655256440263216 0.34655256440263216 0
-0.2652398496810463 0.64034564238178215 0
-0.14354677225074597 0.83665190105600928 0
0 0.69310512880526409 0
0.26523984968104602 0.6403456423817826 0
0.49009933665337746 0.49009933665337774 0
0.64034564238178238 0.26523984968104619 0
0.69310512880526376 4.2440448873199038e-17 0
0.64034564238178238 -0.26523984968104608 0
0.49009933665337752 -0.49009933665337768 0
0.26523984968104608 -0.6403456423817826 0
8.4880897746398038e-17 -0.69310512880526409 0
-0.26523984968104591 -0.64034564238178271 0
-0.49009933665337746 -0.49009933665337785 0
-0.64034564238178215 -0.26523984968104652 0
-0.69310512880526376 -1.2732134661959708e-16 0
-0.64034564238178227 0.2652398496810463 0
-0.49009933665337757 0.49009933665337757 0
-0.26523984968104641 0.64034564238178249 0
0 0.37510579270073702 0
0.34655256440263188 0.34655256440263255 0
0.64034564238178227 0.26523984968104652 0
0.83665190105600939 0.14354677225074591 0
0.90558549206282835 2.296860541862941e-17 0
0.83665190105600939 -0.14354677225074586 0
0.64034564238178227 -0.26523984968104647 0
0.34655256440263199 -0.34655256440263255 0
1.1090223742090236e-16 -0.37510579270073702 0
-0.34655256440263182 -0.3465525644026326 0
-0.64034564238178227 -0.26523984968104652 0
-0.83665190105600917 -0.14354677225074608 0
-0.90558549206282835 -6.8905816255888226e-17 0
-0.83665190105600928 0.14354677225074597 0
-0.64034564238178238 0.26523984968104641 0
-0.34655256440263249 0.34655256440263249 0
0 -0 0
0.37510579270073641 -0 0
0.69310512880526387 -0 0
0.90558549206282857 -0 0
0.98019867330675525 -0 0
0.90558549206282857 0 0
0.69310512880526398 0 0
0.37510579270073652 0 0
1.2003971677936001e-16 0 0
-0.3751057927007363 0 0
-0.69310512880526387 0 0
-0.90558549206282835 0 0
-0.98019867330675525 0 0
-0.90558549206282846 -0 0
-0.69310512880526409 -0 0
-0.37510579270073702 -0 0
0 -0.37510579270073641 0
0.34655256440263199 -0.34655256440263199 0
0.64034564238178238 -0.26523984968104608 0
0.83665190105600962 -0.14354677225074566 0
0.90558549206282857 -2.2968605418629376e-17 0
0.83665190105600962 0.14354677225074564 0
0.64034564238178249 0.26523984968104602 0
0.3465525644026321 0.34655256440263199 0
1.1090223742090239e-16 0.37510579270073641 0
-0.34655256440263188 0.34655256440263205 0
-0.64034564238178238 0.26523984968104614 0
-0.83665190105600939 0.14354677225074586 0
-0.90558549206282857 6.8905816255888115e-17 0
-0.83665190105600951 -0.14354677225074575 0
-0.6403456423817826 -0.26523984968104597 0
-0.34655256440263255 -0.34655256440263194 0
0 -0.69310512880526387 0
0.26523984968104608 -0.64034564238178249 0
0.49009933665337757 -0.49009933665337757 0
0.64034564238178249 -0.26523984968104608 0
0.69310512880526398 -4.2440448873199025e-17 0
0.64034564238178249 0.26523984968104602 0
0.49009933665337768 0.49009933665337752 0
0.26523984968104619 0.64034564238178249 0
8.4880897746398063e-17 0.69310512880526387 0
-0.26523984968104602 0.64034564238178249 0
-0.49009933665337757 0.49009933665337768 0
-0.64034564238178238 0.26523984968104647 0
-0.69310512880526398 1.2732134661959706e-16 0
-0.64034564238178249 -0.26523984968104619 0
-0.49009933665337774 -0.49009933665337746 0
-0.26523984968104652 -0.64034564238178227 0
0 -0.90558549206282857 0
0.14354677225074566 -0.83665190105600962 0
0.26523984968104608 -0.64034564238178249 0
0.34655256440263205 -0.34655256440263205 0
0.37510579270073646 -5.5451118710451194e-17 0
0.34655256440263205 0.34655256440263194 0
0.26523984968104614 0.64034564238178238 0
0.14354677225074572 0.83665190105600962 0
4.5937210837258758e-17 0.90558549206282857 0
-0.14354677225074564 0.83665190105600973 0
-0.26523984968104608 0.6403456423817826 0
-0.34655256440263199 0.34655256440263249 0
-0.37510579270073646 1.6635335613135356e-16 0
-0.34655256440263199 -0.34655256440263221 0
-0.26523984968104614 -0.64034564238178227 0
-0.14354677225074591 -0.83665190105600939 0
0 -0.98019867330675525 0
2.2968605418629373e-17 -0.90558549206282857 0
4.2440448873199019e-17 -0.69310512880526398 0
5.5451118710451194e-17 -0.37510579270073646 0
6.0019858389680004e-17 -6.0019858389680004e-17 0
5.5451118710451194e-17 0.37510579270073635 0
4.2440448873199025e-17 0.69310512880526387 0
2.2968605418629379e-17 0.90558549206282857 0
7.3503127462199032e-33 0.98019867330675525 0
-2.2968605418629367e-17 0.90558549206282868 0
-4.2440448873199019e-17 0.69310512880526409 0
-5.5451118710451175e-17 0.37510579270073696 0
-6.0019858389680004e-17 1.8005957516903999e-16 0
-5.5451118710451188e-17 -0.37510579270073663 0
-4.2440448873199031e-17 -0.69310512880526376 0
-2.296860541862941e-17 -0.90558549206282835 0
-0 -0.90558549206282857 0
-0.14354677225074564 -0.83665190105600962 0
-0.26523984968104602 -0.64034564238178249 0
-0.34655256440263194 -0.34655256440263205 0
-0.37510579270073635 -5.5451118710451194e-17 0
-0.34655256440263194 0.34655256440263194 0
-0.26523984968104602 0.64034564238178238 0
-0.14354677225074566 0.83665190105600962 0
-4.593721083725874e-17 0.90558549206282857 0
0.14354677225074558 0.83665190105600973 0
0.26523984968104602 0.6403456423817826 0
0.34655256440263188 0.34655256440263249 0
0.37510579270073635 1.6635335613135356e-16 0
0.34655256440263194 -0.34655256440263221 0
0.26523984968104608 -0.64034564238178227 0
0.14354677225074586 -0.83665190105600939 0
-0 -0.69310512880526398 0
-0.26523984968104602 -0.64034564238178249 0
-0.49009933665337752 -0.49009933665337768 0
-0.64034564238178249 -0.26523984968104614 0
-0.69310512880526387 -4.2440448873199031e-17 0
-0.64034564238178249 0.26523984968104608 0
-0.49009933665337757 0.49009933665337757 0
-0.26523984968104614 0.64034564238178249 0
-8.4880897746398051e-17 0.69310512880526398 0
0.26523984968104597 0.6403456423817826 0
0.49009933665337752 0.49009933665337774 0
0.64034564238178227 0.26523984968104647 0
0.69310512880526387 1.2732134661959708e-16 0
0.64034564238178238 -0.26523984968104625 0
0.49009933665337768 -0.49009933665337752 0
0.26523984968104647 -0.64034564238178238 0
-0 -0.37510579270073652 0
-0.34655256440263199 -0.3465525644026321 0
-0.64034564238178238 -0.26523984968104614 0
-0.83665190105600962 -0.14354677225074572 0
-0.90558549206282857 -2.2968605418629382e-17 0
-0.83665190105600962 0.14354677225074566 0
-0.64034564238178249 0.26523984968104614 0
-0.3465525644026321 0.3465525644026321 0
-1.1090223742090239e-16 0.37510579270073652 0
0.34655256440263188 0.34655256440263216 0
0.64034564238178238 0.26523984968104619 0
0.83665190105600939 0.14354677225074591 0
0.90558549206282857 6.8905816255888128e-17 0
0.83665190105600951 -0.14354677225074577 0
0.6403456423817826 -0.26523984968104608 0
0.34655256440263255 -0.34655256440263205 0
-0 -1.2003971677936001e-16 0
-0.37510579270073641 -1.1090223742090239e-16 0
-0.69310512880526387 -8.4880897746398051e-17 0
-0.90558549206282857 -4.5937210837258752e-17 0
-0.98019867330675525 -7.3503127462199032e-33 0
-0.90558549206282857 4.593721083725874e-17 0
-0.69310512880526398 8.4880897746398038e-17 0
-0.37510579270073652 1.1090223742090239e-16 0
-1.2003971677936001e-16 1.2003971677936001e-16 0
0.3751057927007363 1.109022374209024e-16 0
0.69310512880526387 8.4880897746398063e-17 0
0.90558549206282835 4.5937210837258813e-17 0
0.98019867330675525 2.2050938238659705e-32 0
0.90558549206282846 -4.593721083725877e-17 0
0.69310512880526409 -8.4880897746398026e-17 0
0.37510579270073702 -1.1090223742090235e-16 0
-0 0.3751057927007363 0
-0.34655256440263205 0.34655256440263188 0
-0.64034564238178249 0.26523984968104602 0
-0.83665190105600973 0.14354677225074564 0
-0.90558549206282868 2.2968605418629367e-17 0
-0.83665190105600973 -0.14354677225074558 0
-0.6403456423817826 -0.26523984968104597 0
-0.3465525644026321 -0.34655256440263188 0
-1.109022374209024e-16 -0.3751057927007363 0
0.34655256440263194 -0.34655256440263194 0
0.64034564238178249 -0.26523984968104602 0
0.83665190105600951 -0.14354677225074583 0
0.90558549206282868 -6.8905816255888091e-17 0
0.83665190105600962 0.14354677225074569 0
0.6403456423817826 0.26523984968104591 0
0.3465525644026326 0.34655256440263182 0
-0 0.69310512880526387 0
-0.26523984968104614 0.64034564238178249 0
-0.49009933665337768 0.49009933665337757 0
-0.6403456423817826 0.26523984968104608 0
-0.69310512880526409 4.2440448873199025e-17 0
-0.6403456423817826 -0.26523984968104602 0
-0.49009933665337774 -0.49009933665337752 0
-0.26523984968104619 -0.64034564238178249 0
-8.4880897746398075e-17 -0.69310512880526387 0
0.26523984968104608 -0.64034564238178249 0
0.49009933665337768 -0.49009933665337768 0
0.64034564238178249 -0.26523984968104647 0
0.69310512880526409 -1.2732134661959706e-16 0
0.6403456423817826 0.26523984968104619 0
0.49009933665337785 0.49009933665337746 0
0.26523984968104658 0.64034564238178227 0
-0 0.90558549206282835 0
-0.14354677225074586 0.83665190105600939 0
-0.26523984968104641 0.64034564238178227 0
-0.34655256440263249 0.34655256440263194 0
-0.37510579270073696 5.5451118710451182e-17 0
-0.34655256440263249 -0.34655256440263182 0
-0.26523984968104647 -0.64034564238178227 0
-0.14354677225074591 -0.83665190105600939 0
-4.5937210837258813e-17 -0.90558549206282835 0
0.1435467722507458 -0.83665190105600951 0
0.26523984968104641 -0.64034564238178238 0
0.34655256440263243 -0.34655256440263243 0
0.37510579270073696 -1.6635335613135351e-16 0
0.34655256440263249 0.3465525644026321 0
0.26523984968104652 0.64034564238178215 0
0.14354677225074608 0.83665190105600917 0
-0 0.98019867330675525 0
-6.8905816255888115e-17 0.90558549206282857 0
-1.2732134661959703e-16 0.69310512880526398 0
-1.6635335613135356e-16 0.37510579270073646 0
-1.8005957516903999e-16 6.0019858389680004e-17 0
-1.6635335613135356e-16 -0.37510579270073635 0
-1.2732134661959706e-16 -0.69310512880526387 0
-6.8905816255888128e-17 -0.90558549206282857 0
-2.2050938238659708e-32 -0.98019867330675525 0
6.8905816255888091e-17 -0.90558549206282868 0
1.2732134661959703e-16 -0.69310512880526409 0
1.6635335613135351e-16 -0.37510579270073696 0
1.8005957516903999e-16 -1.8005957516903999e-16 0
1.6635335613135354e-16 0.37510579270073663 0
1.2732134661959708e-16 0.69310512880526376 0
6.8905816255888226e-17 0.90558549206282835 0
0 0.90558549206282846 0
0.14354677225074572 0.83665190105600951 0
0.26523984968104619 0.64034564238178238 0
0.34655256440263221 0.34655256440263199 0
0.37510579270073663 5.5451118710451188e-17 0
0.34655256440263221 -0.34655256440263188 0
0.26523984968104625 -0.64034564238178227 0
0.14354677225074577 -0.83665190105600951 0
4.5937210837258776e-17 -0.90558549206282846 0
-0.14354677225074569 -0.83665190105600962 0
-0.26523984968104619 -0.64034564238178249 0
-0.3465525644026321 -0.34655256440263243 0
-0.37510579270073663 -1.6635335613135354e-16 0
-0.34655256440263216 0.34655256440263216 0
-0.2652398496810463 0.64034564238178215 0
-0.14354677225074597 0.83665190105600928 0
0 0.69310512880526409 0
0.26523984968104602 0.6403456423817826 0
0.49009933665337746 0.49009933665337774 0
0.64034564238178238 0.26523984968104619 0
0.69310512880526376 4.2440448873199038e-17 0
0.64034564238178238 -0.26523984968104608 0
0.49009933665337752 -0.49009933665337768 0
0.26523984968104608 -0.6403456423817826 0
8.4880897746398038e-17 -0.69310512880526409 0
-0.26523984968104591 -0.64034564238178271 0
-0.49009933665337746 -0.49009933665337785 0
-0.64034564238178215 -0.26523984968104652 0
-0.69310512880526376 -1.2732134661959708e-16 0
-0.64034564238178227 0.2652398496810463 0
-0.49009933665337757 0.49009933665337757 0
-0.26523984968104641 0.64034564238178249 0
0 0.37510579270073702 0
0.34655256440263188 0.34655256440263255 0
0.64034564238178227 0.26523984968104652 0
0.83665190105600939 0.14354677225074591 0
0.90558549206282835 2.296860541862941e-17 0
0.83665190105600939 -0.14354677225074586 0
0.64034564238178227 -0.26523984968104647 0
0.34655256440263199 -0.34655256440263255 0
1.1090223742090236e-16 -0.37510579270073702 0
-0.34655256440263182 -0.3465525644026326 0
-0.64034564238178227 -0.26523984968104652 0
-0.83665190105600917 -0.14354677225074608 0
-0.90558549206282835 -6.8905816255888226e-17 0
-0.83665190105600928 0.14354677225074597 0
-0.64034564238178238 0.26523984968104641 0
-0.34655256440263249 0.34655256440263249 0
0 -0 0
0.37510579270073641 -0 0
0.69310512880526387 -0 0
0.90558549206282857 -0 0
0.98019867330675525 -0 0
0.90558549206282857 0 0
0.69310512880526398 0 0
0.37510579270073652 0 0
1.2003971677936001e-16 0 0
-0.3751057927007363 0 0
-0.69310512880526387 0 0
-0.90558549206282835 0 0
-0.98019867330675525 0 0
-0.90558549206282846 -0 0
-0.69310512880526409 -0 0
-0.37510579270073702 -0 0
0 -0.37510579270073641 0
0.34655256440263199 -0.34655256440263199 0
0.64034564238178238 -0.26523984968104608 0
0.83665190105600962 -0.14354677225074566 0
0.90558549206282857 -2.2968605418629376e-17 0
0.83665190105600962 0.14354677225074564 0
0.64034564238178249 0.26523984968104602 0
0.3465525644026321 0.34655256440263199 0
1.1090223742090239e-16 0.37510579270073641 0
-0.34655256440263188 0.34655256440263205 0
-0.64034564238178238 0.26523984968104614 0
-0.83665190105600939 0.14354677225074586 0
-0.90558549206282857 6.8905816255888115e-17 0
-0.83665190105600951 -0.14354677225074575 0
-0.6403456423817826 -0.26523984968104597 0
-0.34655256440263255 -0.34655256440263194 0
0 -0.69310512880526387 0
0.26523984968104608 -0.64034564238178249 0
0.49009933665337757 -0.49009933665337757 0
0.64034564238178249 -0.26523984968104608 0
0.69310512880526398 -4.2440448873199025e-17 0
0.64034564238178249 0.26523984968104602 0
0.49009933665337768 0.49009933665337752 0
0.26523984968104619 0.64034564238178249 0
8.4880897746398063e-17 0.69310512880526387 0
-0.26523984968104602 0.64034564238178249 0
-0.49009933665337757 0.49009933665337768 0
-0.64034564238178238 0.26523984968104647 0
-0.69310512880526398 1.2732134661959706e-16 0
-0.64034564238178249 -0.26523984968104619 0
-0.49009933665337774 -0.49009933665337746 0
-0.26523984968104652 -0.64034564238178227 0
0 -0.90558549206282857 0
0.14354677225074566 -0.83665190105600962 0
0.26523984968104608 -0.64034564238178249 0
0.34655256440263205 -0.34655256440263205 0
0.37510579270073646 -5.5451118710451194e-17 0
0.34655256440263205 0.34655256440263194 0
0.26523984968104614 0.64034564238178238 0
0.14354677225074572 0.83665190105600962 0
4.5937210837258758e-17 0.90558549206282857 0
-0.14354677225074564 0.83665190105600973 0
-0.26523984968104608 0.6403456423817826 0
-0.34655256440263199 0.34655256440263249 0
-0.37510579270073646 1.6635335613135356e-16 0
-0.34655256440263199 -0.34655256440263221 0
-0.26523984968104614 -0.64034564238178227 0
-0.14354677225074591 -0.83665190105600939 0
0 -0.98019867330675525 0
2.2968605418629373e-17 -0.90558549206282857 0
4.2440448873199019e-17 -0.69310512880526398 0
5.5451118710451194e-17 -0.37510579270073646 0
6.0019858389680004e-17 -6.0019858389680004e-17 0
5.5451118710451194e-17 0.37510579270073635 0
4.2440448873199025e-17 0.69310512880526387 0
2.2968605418629379e-17 0.90558549206282857 0
7.3503127462199032e-33 0.98019867330675525 0
-2.2968605418629367e-17 0.90558549206282868 0
-4.2440448873199019e-17 0.69310512880526409 0
-5.5451118710451175e-17 0.37510579270073696 0
-6.0019858389680004e-17 1.8005957516903999e-16 0
-5.5451118710451188e-17 -0.37510579270073663 0
-4.2440448873199031e-17 -0.69310512880526376 0
-2.296860541862941e-17 -0.90558549206282835 0
-0 -0.90558549206282857 0
-0.14354677225074564 -0.83665190105600962 0
-0.26523984968104602 -0.64034564238178249 0
-0.34655256440263194 -0.34655256440263205 0
-0.37510579270073635 -5.5451118710451194e-17 0
-0.34655256440263194 0.34655256440263194 0
-0.26523984968104602 0.64034564238178238 0
-0.14354677225074566 0.83665190105600962 0
-4.593721083725874e-17 0.90558549206282857 0
0.14354677225074558 0.83665190105600973 0
0.26523984968104602 0.6403456423817826 0
0.34655256440263188 0.34655256440263249 0
0.37510579270073635 1.6635335613135356e-16 0
0.34655256440263194 -0.34655256440263221 0
0.26523984968104608 -0.64034564238178227 0
0.14354677225074586 -0.83665190105600939 0
-0 -0.69310512880526398 0
-0.26523984968104602 -0.64034564238178249 0
-0.49009933665337752 -0.49009933665337768 0
-0.64034564238178249 -0.26523984968104614 0
-0.69310512880526387 -4.2440448873199031e-17 0
-0.64034564238178249 0.26523984968104608 0
-0.49009933665337757 0.49009933665337757 0
-0.26523984968104614 0.64034564238178249 0
-8.4880897746398051e-17 0.69310512880526398 0
0.26523984968104597 0.6403456423817826 0
0.49009933665337752 0.49009933665337774 0
0.64034564238178227 0.26523984968104647 0
0.69310512880526387 1.2732134661959708e-16 0
0.64034564238178238 -0.26523984968104625 0
0.49009933665337768 -0.49009933665337752 0
0.26523984968104647 -0.64034564238178238 0
-0 -0.37510579270073652 0
-0.34655256440263199 -0.3465525644026321 0
-0.64034564238178238 -0.26523984968104614 0
-0.83665190105600962 -0.14354677225074572 0
-0.90558549206282857 -2.2968605418629382e-17 0
-0.83665190105600962 0.14354677225074566 0
-0.64034564238178249 0.26523984968104614 0
-0.3465525644026321 0.3465525644026321 0
-1.1090223742090239e-16 0.37510579270073652 0
0.34655256440263188 0.34655256440263216 0
0.64034564238178238 0.26523984968104619 0
0.83665190105600939 0.14354677225074591 0
0.90558549206282857 6.8905816255888128e-17 0
0.83665190105600951 -0.14354677225074577 0
0.6403456423817826 -0.26523984968104608 0
0.34655256440263255 -0.34655256440263205 0
-0 -1.2003971677936001e-16 0
-0.37510579270073641 -1.1090223742090239e-16 0
-0.69310512880526387 -8.4880897746398051e-17 0
-0.90558549206282857 -4.5937210837258752e-17 0
-0.98019867330675525 -7.3503127462199032e-33 0
-0.90558549206282857 4.593721083725874e-17 0
-0.69310512880526398 8.4880897746398038e-17 0
-0.37510579270073652 1.1090223742090239e-16 0
-1.2003971677936001e-16 1.2003971677936001e-16 0
0.3751057927007363 1.109022374209024e-16 0
0.69310512880526387 8.4880897746398063e-17 0
0.90558549206282835 4.5937210837258813e-17 0
0.98019867330675525 2.2050938238659705e-32 0
0.90558549206282846 -4.593721083725877e-17 0
0.69310512880526409 -8.4880897746398026e-17 0
0.37510579270073702 -1.1090223742090235e-16 0
-0 0.3751057927007363 0
-0.34655256440263205 0.34655256440263188 0
-0.64034564238178249 0.26523984968104602 0
-0.83665190105600973 0.14354677225074564 0
-0.90558549206282868 2.2968605418629367e-17 0
-0.83665190105600973 -0.14354677225074558 0
-0.6403456423817826 -0.26523984968104597 0
-0.3465525644026321 -0.34655256440263188 0
-1.109022374209024e-16 -0.3751057927007363 0
0.34655256440263194 -0.34655256440263194 0
0.64034564238178249 -0.26523984968104602 0
0.83665190105600951 -0.14354677225074583 0
0.90558549206282868 -6.8905816255888091e-17 0
0.83665190105600962 0.14354677225074569 0
0.6403456423817826 0.26523984968104591 0
0.3465525644026326 0.34655256440263182 0
-0 0.69310512880526387 0
-0.26523984968104614 0.64034564238178249 0
-0.49009933665337768 0.49009933665337757 0
-0.6403456423817826 0.26523984968104608 0
-0.69310512880526409 4.2440448873199025e-17 0
-0.6403456423817826 -0.26523984968104602 0
-0.49009933665337774 -0.49009933665337752 0
-0.26523984968104619 -0.64034564238178249 0
-8.4880897746398075e-17 -0.69310512880526387 0
0.26523984968104608 -0.64034564238178249 0
0.49009933665337768 -0.49009933665337768 0
0.64034564238178249 -0.26523984968104647 0
0.69310512880526409 -1.2732134661959706e-16 0
0.6403456423817826 0.26523984968104619 0
0.49009933665337785 0.49009933665337746 0
0.26523984968104658 0.64034564238178227 0
-0 0.90558549206282835 0
-0.14354677225074586 0.83665190105600939 0
-0.26523984968104641 0.64034564238178227 0
-0.34655256440263249 0.34655256440263194 0
-0.37510579270073696 5.5451118710451182e-17 0
-0.34655256440263249 -0.34655256440263182 0
-0.26523984968104647 -0.64034564238178227 0
-0.14354677225074591 -0.83665190105600939 0
-4.5937210837258813e-17 -0.90558549206282835 0
0.1435467722507458 -0.83665190105600951 0
0.26523984968104641 -0.64034564238178238 0
0.34655256440263243 -0.34655256440263243 0
0.37510579270073696 -1.6635335613135351e-16 0
0.34655256440263249 0.3465525644026321 0
0.26523984968104652 0.64034564238178215 0
0.14354677225074608 0.83665190105600917 0
-0 0.98019867330675525 0
-6.8905816255888115e-17 0.90558549206282857 0
-1.2732134661959703e-16 0.69310512880526398 0
-1.6635335613135356e-16 0.37510579270073646 0
-1.8005957516903999e-16 6.0019858389680004e-17 0
-1.6635335613135356e-16 -0.37510579270073635 0
-1.2732134661959706e-16 -0.69310512880526387 0
-6.8905816255888128e-17 -0.90558549206282857 0
-2.2050938238659708e-32 -0.98019867330675525 0
6.8905816255888091e-17 -0.90558549206282868 0
1.2732134661959703e-16 -0.69310512880526409 0
1.6635335613135351e-16 -0.37510579270073696 0
1.8005957516903999e-16 -1.8005957516903999e-16 0
1.6635335613135354e-16 0.37510579270073663 0
1.2732134661959708e-16 0.69310512880526376 0
6.8905816255888226e-17 0.90558549206282835 0
0 0.90558549206282846 0
0.14354677225074572 0.83665190105600951 0
0.26523984968104619 0.64034564238178238 0
0.34655256440263221 0.34655256440263199 0
0.37510579270073663 5.5451118710451188e-17 0
0.34655256440263221 -0.34655256440263188 0
0.26523984968104625 -0.64034564238178227 0
0.14354677225074577 -0.83665190105600951 0
4.5937210837258776e-17 -0.90558549206282846 0
-0.14354677225074569 -0.83665190105600962 0
-0.26523984968104619 -0.64034564238178249 0
-0.3465525644026321 -0.34655256440263243 0
-0.37510579270073663 -1.6635335613135354e-16 0
-0.34655256440263216 0.34655256440263216 0
-0.2652398496810463 0.64034564238178215 0
-0.14354677225074597 0.83665190105600928 0
0 0.69310512880526409 0
0.26523984968104602 0.6403456423817826 0
0.49009933665337746 0.49009933665337774 0
0.64034564238178238 0.26523984968104619 0
0.69310512880526376 4.2440448873199038e-17 0
0.64034564238178238 -0.26523984968104608 0
0.49009933665337752 -0.49009933665337768 0
0.26523984968104608 -0.6403456423817826 0
8.4880897746398038e-17 -0.69310512880526409 0
-0.26523984968104591 -0.64034564238178271 0
-0.49009933665337746 -0.49009933665337785 0
-0.64034564238178215 -0.26523984968104652 0
-0.69310512880526376 -1.2732134661959708e-16 0
-0.64034564238178227 0.2652398496810463 0
-0.49009933665337757 0.49009933665337757 0
-0.26523984968104641 0.64034564238178249 0
0 0.37510579270073702 0
0.34655256440263188 0.34655256440263255 0
0.64034564238178227 0.26523984968104652 0
0.83665190105600939 0.14354677225074591 0
0.90558549206282835 2.296860541862941e-17 0
0.83665190105600939 -0.14354677225074586 0
0.64034564238178227 -0.26523984968104647 0
0.34655256440263199 -0.34655256440263255 0
1.1090223742090236e-16 -0.37510579270073702 0
-0.34655256440263182 -0.3465525644026326 0
-0.64034564238178227 -0.26523984968104652 0
-0.83665190105600917 -0.14354677225074608 0
-0.90558549206282835 -6.8905816255888226e-17 0
-0.83665190105600928 0.14354677225074597 0
-0.64034564238178238 0.26523984968104641 0
-0.34655256440263249 0.34655256440263249 0
0 -0 0
0.37510579270073641 -0 0
0.69310512880526387 -0 0
0.90558549206282857 -0 0
0.98019867330675525 -0 0
0.90558549206282857 0 0
0.69310512880526398 0 0
0.37510579270073652 0 0
1.2003971677936001e-16 0 0
-0.3751057927007363 0 0
-0.69310512880526387 0 0
-0.90558549206282835 0 0
-0.98019867330675525 0 0
-0.90558549206282846 -0 0
-0.69310512880526409 -0 0
-0.37510579270073702 -0 0
0 -0.37510579270073641 0
0.34655256440263199 -0.34655256440263199 0
0.64034564238178238 -0.26523984968104608 0
0.83665190105600962 -0.14354677225074566 0
0.90558549206282857 -2.2968605418629376e-17 0
0.83665190105600962 0.14354677225074564 0
0.64034564238178249 0.26523984968104602 0
0.3465525644026321 0.34655256440263199 0
1.1090223742090239e-16 0.37510579270073641 0
-0.34655256440263188 0.34655256440263205 0
-0.64034564238178238 0.26523984968104614 0
-0.83665190105600939 0.14354677225074586 0
-0.90558549206282857 6.8905816255888115e-17 0
-0.83665190105600951 -0.14354677225074575 0
-0.6403456423817826 -0.26523984968104597 0
-0.34655256440263255 -0.34655256440263194 0
0 -0.69310512880526387 0
0.26523984968104608 -0.64034564238178249 0
0.49009933665337757 -0.49009933665337757 0
0.64034564238178249 -0.26523984968104608 0
0.69310512880526398 -4.2440448873199025e-17 0
0.64034564238178249 0.26523984968104602 0
0.49009933665337768 0.49009933665337752 0
0.26523984968104619 0.64034564238178249 0
8.4880897746398063e-17 0.69310512880526387 0
-0.26523984968104602 0.64034564238178249 0
-0.49009933665337757 0.49009933665337768 0
-0.64034564238178238 0.26523984968104647 0
-0.69310512880526398 1.2732134661959706e-16 0
-0.64034564238178249 -0.26523984968104619 0
-0.49009933665337774 -0.49009933665337746 0
-0.26523984968104652 -0.64034564238178227 0
0 -0.90558549206282857 0
0.14354677225074566 -0.83665190105600962 0
0.26523984968104608 -0.64034564238178249 0
0.34655256440263205 -0.34655256440263205 0
0.37510579270073646 -5.5451118710451194e-17 0
0.34655256440263205 0.34655256440263194 0
0.26523984968104614 0.64034564238178238 0
0.14354677225074572 0.83665190105600962 0
4.5937210837258758e-17 0.90558549206282857 0
-0.14354677225074564 0.83665190105600973 0
-0.26523984968104608 0.6403456423817826 0
-0.34655256440263199 0.34655256440263249 0
-0.37510579270073646 1.6635335613135356e-16 0
-0.34655256440263199 -0.34655256440263221 0
-0.26523984968104614 -0.64034564238178227 0
-0.14354677225074591 -0.83665190105600939 0
0 -0.98019867330675525 0
2.2968605418629373e-17 -0.90558549206282857 0
4.2440448873199019e-17 -0.69310512880526398 0
5.5451118710451194e-17 -0.37510579270073646 0
6.0019858389680004e-17 -6.0019858389680004e-17 0
5.5451118710451194e-17 0.37510579270073635 0
4.2440448873199025e-17 0.69310512880526387 0
2.2968605418629379e-17 0.90558549206282857 0
7.3503127462199032e-33 0.98019867330675525 0
-2.2968605418629367e-17 0.90558549206282868 0
-4.2440448873199019e-17 0.69310512880526409 0
-5.5451118710451175e-17 0.37510579270073696 0
-6.0019858389680004e-17 1.8005957516903999e-16 0
-5.5451118710451188e-17 -0.37510579270073663 0
-4.2440448873199031e-17 -0.69310512880526376 0
-2.296860541862941e-17 -0.90558549206282835 0
-0 -0.90558549206282857 0
-0.14354677225074564 -0.83665190105600962 0
-0.26523984968104602 -0.64034564238178249 0
-0.34655256440263194 -0.34655256440263205 0
-0.37510579270073635 -5.5451118710451194e-17 0
-0.34655256440263194 0.34655256440263194 0
-0.26523984968104602 0.64034564238178238 0
-0.14354677225074566 0.83665190105600962 0
-4.593721083725874e-17 0.90558549206282857 0
0.14354677225074558 0.83665190105600973 0
0.26523984968104602 0.6403456423817826 0
0.34655256440263188 0.34655256440263249 0
0.37510579270073635 1.6635335613135356e-16 0
0.34655256440263194 -0.34655256440263221 0
0.26523984968104608 -0.64034564238178227 0
0.14354677225074586 -0.83665190105600939 0
-0 -0.69310512880526398 0
-0.26523984968104602 -0.64034564238178249 0
-0.49009933665337752 -0.49009933665337768 0
-0.64034564238178249 -0.26523984968104614 0
-0.69310512880526387 -4.2440448873199031e-17 0
-0.64034564238178249 0.26523984968104608 0
-0.49009933665337757 0.49009933665337757 0
-0.26523984968104614 0.64034564238178249 0
-8.4880897746398051e-17 0.69310512880526398 0
0.26523984968104597 0.6403456423817826 0
0.49009933665337752 0.49009933665337774 0
0.64034564238178227 0.26523984968104647 0
0.69310512880526387 1.2732134661959708e-16 0
0.64034564238178238 -0.26523984968104625 0
0.49009933665337768 -0.49009933665337752 0
0.26523984968104647 -0.64034564238178238 0
-0 -0.37510579270073652 0
-0.34655256440263199 -0.3465525644026321 0
-0.64034564238178238 -0.26523984968104614 0
-0.83665190105600962 -0.14354677225074572 0
-0.90558549206282857 -2.2968605418629382e-17 0
-0.83665190105600962 0.14354677225074566 0
-0.64034564238178249 0.26523984968104614 0
-0.3465525644026321 0.3465525644026321 0
-1.1090223742090239e-16 0.37510579270073652 0
0.34655256440263188 0.34655256440263216 0
0.64034564238178238 0.26523984968104619 0
0.83665190105600939 0.14354677225074591 0
0.90558549206282857 6.8905816255888128e-17 0
0.83665190105600951 -0.14354677225074577 0
0.6403456423817826 -0.26523984968104608 0
0.34655256440263255 -0.34655256440263205 0
-0 -1.2003971677936001e-16 0
-0.37510579270073641 -1.1090223742090239e-16 0
-0.69310512880526387 -8.4880897746398051e-17 0
-0.90558549206282857 -4.5937210837258752e-17 0
-0.98019867330675525 -7.3503127462199032e-33 0
-0.90558549206282857 4.593721083725874e-17 0
-0.69310512880526398 8.4880897746398038e-17 0
-0.37510579270073652 1.1090223742090239e-16 0
-1.2003971677936001e-16 1.2003971677936001e-16 0
0.3751057927007363 1.109022374209024e-16 0
0.69310512880526387 8.4880897746398063e-17 0
0.90558549206282835 4.5937210837258813e-17 0
0.98019867330675525 2.2050938238659705e-32 0
0.90558549206282846 -4.593721083725877e-17 0
0.69310512880526409 -8.4880897746398026e-17 0
0.37510579270073702 -1.1090223742090235e-16 0
-0 0.3751057927007363 0
-0.34655256440263205 0.34655256440263188 0
-0.64034564238178249 0.26523984968104602 0
-0.83665190105600973 0.14354677225074564 0
-0.90558549206282868 2.2968605418629367e-17 0
-0.83665190105600973 -0.14354677225074558 0
-0.6403456423817826 -0.26523984968104597 0
-0.3465525644026321 -0.34655256440263188 0
-1.109022374209024e-16 -0.3751057927007363 0
0.34655256440263194 -0.34655256440263194 0
0.64034564238178249 -0.26523984968104602 0
0.83665190105600951 -0.14354677225074583 0
0.90558549206282868 -6.8905816255888091e-17 0
0.83665190105600962 0.14354677225074569 0
0.6403456423817826 0.26523984968104591 0
0.3465525644026326 0.34655256440263182 0
-0 0.69310512880526387 0
-0.26523984968104614 0.64034564238178249 0
-0.49009933665337768 0.49009933665337757 0
-0.6403456423817826 0.26523984968104608 0
-0.69310512880526409 4.2440448873199025e-17 0
-0.6403456423817826 -0.26523984968104602 0
-0.49009933665337774 -0.49009933665337752 0
-0.26523984968104619 -0.64034564238178249 0
-8.4880897746398075e-17 -0.69310512880526387 0
0.26523984968104608 -0.64034564238178249 0
0.49009933665337768 -0.49009933665337768 0
0.64034564238178249 -0.26523984968104647 0
0.69310512880526409 -1.2732134661959706e-16 0
0.6403456423817826 0.26523984968104619 0
0.49009933665337785 0.49009933665337746 0
0.26523984968104658 0.64034564238178227 0
-0 0.90558549206282835 0
-0.14354677225074586 0.83665190105600939 0
-0.26523984968104641 0.64034564238178227 0
-0.34655256440263249 0.34655256440263194 0
-0.37510579270073696 5.5451118710451182e-17 0
-0.34655256440263249 -0.34655256440263182 0
-0.26523984968104647 -0.64034564238178227 0
-0.14354677225074591 -0.83665190105600939 0
-4.5937210837258813e-17 -0.90558549206282835 0
0.1435467722507458 -0.83665190105600951 0
0.26523984968104641 -0.64034564238178238 0
0.34655256440263243 -0.34655256440263243 0
0.37510579270073696 -1.6635335613135351e-16 0
0.34655256440263249 0.3465525644026321 0
0.26523984968104652 0.64034564238178215 0
0.14354677225074608 0.83665190105600917 0
-0 0.98019867330675525 0
-6.8905816255888115e-17 0.90558549206282857 0
-1.2732134661959703e-16 0.69310512880526398 0
-1.6635335613135356e-16 0.37510579270073646 0
-1.8005957516903999e-16 6.0019858389680004e-17 0
-1.6635335613135356e-16 -0.37510579270073635 0
-1.2732134661959706e-16 -0.69310512880526387 0
-6.8905816255888128e-17 -0.90558549206282857 0
-2.2050938238659708e-32 -0.98019867330675525 0
6.8905816255888091e-17 -0.90558549206282868 0
1.2732134661959703e-16 -0.69310512880526409 0
1.6635335613135351e-16 -0.37510579270073696 0
1.8005957516903999e-16 -1.8005957516903999e-16 0
1.6635335613135354e-16 0.37510579270073663 0
1.2732134661959708e-16 0.69310512880526376 0
6.8905816255888226e-17 0.90558549206282835 0
0 0.90558549206282846 0
0.14354677225074572 0.83665190105600951 0
0.26523984968104619 0.64034564238178238 0
0.34655256440263221 0.34655256440263199 0
0.37510579270073663 5.5451118710451188e-17 0
0.34655256440263221 -0.34655256440263188 0
0.26523984968104625 -0.64034564238178227 0
0.14354677225074577 -0.83665190105600951 0
4.5937210837258776e-17 -0.90558549206282846 0
-0.14354677225074569 -0.83665190105600962 0
-0.26523984968104619 -0.64034564238178249 0
-0.3465525644026321 -0.34655256440263243 0
-0.37510579270073663 -1.6635335613135354e-16 0
-0.34655256440263216 0.34655256440263216 0
-0.2652398496810463 0.64034564238178215 0
-0.14354677225074597 0.83665190105600928 0
0 0.69310512880526409 0
0.26523984968104602 0.6403456423817826 0
0.49009933665337746 0.49009933665337774 0
0.64034564238178238 0.26523984968104619 0
0.69310512880526376 4.2440448873199038e-17 0
0.64034564238178238 -0.26523984968104608 0
0.49009933665337752 -0.49009933665337768 0
0.26523984968104608 -0.6403456423817826 0
8.4880897746398038e-17 -0.69310512880526409 0
-0.26523984968104591 -0.64034564238178271 0
-0.49009933665337746 -0.49009933665337785 0
-0.64034564238178215 -0.26523984968104652 0
-0.69310512880526376 -1.2732134661959708e-16 0
-0.64034564238178227 0.2652398496810463 0
-0.49009933665337757 0.49009933665337757 0
-0.26523984968104641 0.64034564238178249 0
0 0.37510579270073702 0
0.34655256440263188 0.34655256440263255 0
0.64034564238178227 0.26523984968104652 0
0.83665190105600939 0.14354677225074591 0
0.90558549206282835 2.296860541862941e-17 0
0.83665190105600939 -0.14354677225074586 0
0.64034564238178227 -0.26523984968104647 0
0.34655256440263199 -0.34655256440263255 0
1.1090223742090236e-16 -0.37510579270073702 0
-0.34655256440263182 -0.3465525644026326 0
-0.64034564238178227 -0.26523984968104652 0
-0.83665190105600917 -0.14354677225074608 0
-0.90558549206282835 -6.8905816255888226e-17 0
-0.83665190105600928 0.14354677225074597 0
-0.64034564238178238 0.26523984968104641 0
-0.34655256440263249 0.34655256440263249 0
0 -0 0
0.37510579270073641 -0 0
0.69310512880526387 -0 0
0.90558549206282857 -0 0
0.98019867330675525 -0 0
0.90558549206282857 0 0
0.69310512880526398 0 0
0.37510579270073652 0 0
1.2003971677936001e-16 0 0
-0.3751057927007363 0 0
-0.69310512880526387 0 0
-0.90558549206282835 0 0
-0.98019867330675525 0 0
-0.90558549206282846 -0 0
-0.69310512880526409 -0 0
-0.37510579270073702 -0 0
0 -0.37510579270073641 0
0.34655256440263199 -0.34655256440263199 0
0.64034564238178238 -0.26523984968104608 0
0.83665190105600962 -0.14354677225074566 0
0.90558549206282857 -2.2968605418629376e-17 0
0.83665190105600962 0.14354677225074564 0
0.64034564238178249 0.26523984968104602 0
0.3465525644026321 0.34655256440263199 0
1.1090223742090239e-16 0.37510579270073641 0
-0.34655256440263188 0.34655256440263205 0
-0.64034564238178238 0.26523984968104614 0
-0.83665190105600939 0.14354677225074586 0
-0.90558549206282857 6.8905816255888115e-17 0
-0.83665190105600951 -0.14354677225074575 0
-0.6403456423817826 -0.26523984968104597 0
-0.34655256440263255 -0.34655256440263194 0
0 -0.69310512880526387 0
0.26523984968104608 -0.64034564238178249 0
0.49009933665337757 -0.49009933665337757 0
0.64034564238178249 -0.26523984968104608 0
0.69310512880526398 -4.2440448873199025e-17 0
0.64034564238178249 0.26523984968104602 0
0.49009933665337768 0.49009933665337752 0
0.26523984968104619 0.64034564238178249 0
8.4880897746398063e-17 0.69310512880526387 0
-0.26523984968104602 0.64034564238178249 0
-0.49009933665337757 0.49009933665337768 0
-0.64034564238178238 0.26523984968104647 0
-0.69310512880526398 1.2732134661959706e-16 0
-0.64034564238178249 -0.26523984968104619 0
-0.49009933665337774 -0.49009933665337746 0
-0.26523984968104652 -0.64034564238178227 0
0 -0.90558549206282857 0
0.14354677225074566 -0.83665190105600962 0
0.26523984968104608 -0.64034564238178249 0
0.34655256440263205 -0.34655256440263205 0
0.37510579270073646 -5.5451118710451194e-17 0
0.34655256440263205 0.34655256440263194 0
0.26523984968104614 0.64034564238178238 0
0.14354677225074572 0.83665190105600962 0
4.5937210837258758e-17 0.90558549206282857 0
-0.14354677225074564 0.83665190105600973 0
-0.26523984968104608 0.6403456423817826 0
-0.34655256440263199 0.34655256440263249 0
-0.37510579270073646 1.6635335613135356e-16 0
-0.34655256440263199 -0.34655256440263221 0
-0.26523984968104614 -0.64034564238178227 0
-0.14354677225074591 -0.83665190105600939 0
0 -0.98019867330675525 0
2.2968605418629373e-17 -0.90558549206282857 0
4.2440448873199019e-17 -0.69310512880526398 0
5.5451118710451194e-17 -0.37510579270073646 0
6.0019858389680004e-17 -6.0019858389680004e-17 0
5.5451118710451194e-17 0.37510579270073635 0
4.2440448873199025e-17 0.69310512880526387 0
2.2968605418629379e-17 0.90558549206282857 0
7.3503127462199032e-33 0.98019867330675525 0
-2.2968605418629367e-17 0.90558549206282868 0
-4.2440448873199019e-17 0.69310512880526409 0
-5.5451118710451175e-17 0.37510579270073696 0
-6.0019858389680004e-17 1.8005957516903999e-16 0
-5.5451118710451188e-17 -0.37510579270073663 0
-4.2440448873199031e-17 -0.69310512880526376 0
-2.296860541862941e-17 -0.90558549206282835 0
-0 -0.90558549206282857 0
-0.14354677225074564 -0.83665190105600962 0
-0.26523984968104602 -0.64034564238178249 0
-0.34655256440263194 -0.34655256440263205 0
-0.37510579270073635 -5.5451118710451194e-17 0
-0.34655256440263194 0.34655256440263194 0
-0.26523984968104602 0.64034564238178238 0
-0.14354677225074566 0.83665190105600962 0
-4.593721083725874e-17 0.90558549206282857 0
0.14354677225074558 0.83665190105600973 0
0.26523984968104602 0.6403456423817826 0
0.34655256440263188 0.34655256440263249 0
0.37510579270073635 1.6635335613135356e-16 0
0.34655256440263194 -0.34655256440263221 0
0.26523984968104608 -0.64034564238178227 0
0.14354677225074586 -0.83665190105600939 0
-0 -0.69310512880526398 0
-0.26523984968104602 -0.64034564238178249 0
-0.49009933665337752 -0.49009933665337768 0
-0.64034564238178249 -0.26523984968104614 0
-0.69310512880526387 -4.2440448873199031e-17 0
-0.64034564238178249 0.26523984968104608 0
-0.49009933665337757 0.49009933665337757 0
-0.26523984968104614 0.64034564238178249 0
-8.4880897746398051e-17 0.69310512880526398 0
0.26523984968104597 0.6403456423817826 0
0.49009933665337752 0.49009933665337774 0
0.64034564238178227 0.26523984968104647 0
0.69310512880526387 1.2732134661959708e-16 0
0.64034564238178238 -0.26523984968104625 0
0.49009933665337768 -0.49009933665337752 0
0.26523984968104647 -0.64034564238178238 0
-0 -0.37510579270073652 0
-0.34655256440263199 -0.3465525644026321 0
-0.64034564238178238 -0.26523984968104614 0
-0.83665190105600962 -0.14354677225074572 0
-0.90558549206282857 -2.2968605418629382e-17 0
-0.83665190105600962 0.14354677225074566 0
-0.64034564238178249 0.26523984968104614 0
-0.3465525644026321 0.3465525644026321 0
-1.1090223742090239e-16 0.37510579270073652 0
0.34655256440263188 0.34655256440263216 0
0.64034564238178238 0.26523984968104619 0
0.83665190105600939 0.14354677225074591 0
0.90558549206282857 6.8905816255888128e-17 0
0.83665190105600951 -0.14354677225074577 0
0.6403456423817826 -0.26523984968104608 0
0.34655256440263255 -0.34655256440263205 0
-0 -1.2003971677936001e-16 0
-0.37510579270073641 -1.1090223742090239e-16 0
-0.69310512880526387 -8.4880897746398051e-17 0
-0.90558549206282857 -4.5937210837258752e-17 0
-0.98019867330675525 -7.3503127462199032e-33 0
-0.90558549206282857 4.593721083725874e-17 0
-0.69310512880526398 8.4880897746398038e-17 0
-0.37510579270073652 1.1090223742090239e-16 0
-1.2003971677936001e-16 1.2003971677936001e-16 0
0.3751057927007363 1.109022374209024e-16 0
0.69310512880526387 8.4880897746398063e-17 0
0.90558549206282835 4.5937210837258813e-17 0
0.98019867330675525 2.2050938238659705e-32 0
0.90558549206282846 -4.593721083725877e-17 0
0.69310512880526409 -8.4880897746398026e-17 0
0.37510579270073702 -1.1090223742090235e-16 0
-0 0.3751057927007363 0
-0.34655256440263205 0.34655256440263188 0
-0.64034564238178249 0.26523984968104602 0
-0.83665190105600973 0.14354677225074564 0
-0.90558549206282868 2.2968605418629367e-17 0
-0.83665190105600973 -0.14354677225074558 0
-0.6403456423817826 -0.26523984968104597 0
-0.3465525644026321 -0.34655256440263188 0
-1.109022374209024e-16 -0.3751057927007363 0
0.34655256440263194 -0.34655256440263194 0
0.64034564238178249 -0.26523984968104602 0
0.83665190105600951 -0.14354677225074583 0
0.90558549206282868 -6.8905816255888091e-17 0
0.83665190105600962 0.14354677225074569 0
0.6403456423817826 0.26523984968104591 0
0.3465525644026326 0.34655256440263182 0
-0 0.69310512880526387 0
-0.26523984968104614 0.64034564238178249 0
-0.49009933665337768 0.49009933665337757 0
-0.6403456423817826 0.26523984968104608 0
-0.69310512880526409 4.2440448873199025e-17 0
-0.6403456423817826 -0.26523984968104602 0
-0.49009933665337774 -0.49009933665337752 0
-0.26523984968104619 -0.64034564238178249 0
-8.4880897746398075e-17 -0.69310512880526387 0
0.26523984968104608 -0.64034564238178249 0
0.49009933665337768 -0.49009933665337768 0
0.64034564238178249 -0.26523984968104647 0
0.69310512880526409 -1.2732134661959706e-16 0
0.6403456423817826 0.26523984968104619 0
0.49009933665337785 0.49009933665337746 0
0.26523984968104658 0.64034564238178227 0
-0 0.90558549206282835 0
-0.14354677225074586 0.83665190105600939 0
-0.26523984968104641 0.64034564238178227 0
-0.34655256440263249 0.34655256440263194 0
-0.37510579270073696 5.5451118710451182e-17 0
-0.34655256440263249 -0.34655256440263182 0
-0.26523984968104647 -0.64034564238178227 0
-0.14354677225074591 -0.83665190105600939 0
-4.5937210837258813e-17 -0.90558549206282835 0
0.1435467722507458 -0.83665190105600951 0
0.26523984968104641 -0.64034564238178238 0
0.34655256440263243 -0.34655256440263243 0
0.37510579270073696 -1.6635335613135351e-16 0
0.34655256440263249 0.3465525644026321 0
0.26523984968104652 0.64034564238178215 0
0.14354677225074608 0.83665190105600917 0
-0 0.98019867330675525 0
-6.8905816255888115e-17 0.90558549206282857 0
-1.2732134661959703e-16 0.69310512880526398 0
-1.6635335613135356e-16 0.37510579270073646 0
-1.8005957516903999e-16 6.0019858389680004e-17 0
-1.6635335613135356e-16 -0.37510579270073635 0
-1.2732134661959706e-16 -0.69310512880526387 0
-6.8905816255888128e-17 -0.90558549206282857 0
-2.2050938238659708e-32 -0.98019867330675525 0
6.8905816255888091e-17 -0.90558549206282868 0
1.2732134661959703e-16 -0.69310512880526409 0
1.6635335613135351e-16 -0.37510579270073696 0
1.8005957516903999e-16 -1.8005957516903999e-16 0
1.6635335613135354e-16 0.37510579270073663 0
1.2732134661959708e-16 0.69310512880526376 0
6.8905816255888226e-17 0.90558549206282835 0
0 0.90558549206282846 0
0.14354677225074572 0.83665190105600951 0
0.26523984968104619 0.64034564238178238 0
0.34655256440263221 0.34655256440263199 0
0.37510579270073663 5.5451118710451188e-17 0
0.34655256440263221 -0.34655256440263188 0
0.26523984968104625 -0.64034564238178227 0
0.14354677225074577 -0.83665190105600951 0
4.5937210837258776e-17 -0.90558549206282846 0
-0.14354677225074569 -0.83665190105600962 0
-0.26523984968104619 -0.64034564238178249 0
-0.3465525644026321 -0.34655256440263243 0
-0.37510579270073663 -1.6635335613135354e-16 0
-0.34655256440263216 0.34655256440263216 0
-0.2652398496810463 0.64034564238178215 0
-0.14354677225074597 0.83665190105600928 0
0 0.69310512880526409 0
0.26523984968104602 0.6403456423817826 0
0.49009933665337746 0.49009933665337774 0
0.64034564238178238 0.26523984968104619 0
0.69310512880526376 4.2440448873199038e-17 0
0.64034564238178238 -0.26523984968104608 0
0.49009933665337752 -0.49009933665337768 0
0.26523984968104608 -0.6403456423817826 0
8.4880897746398038e-17 -0.69310512880526409 0
-0.26523984968104591 -0.64034564238178271 0
-0.49009933665337746 -0.49009933665337785 0
-0.64034564238178215 -0.26523984968104652 0
-0.69310512880526376 -1.2732134661959708e-16 0
-0.64034564238178227 0.2652398496810463 0
-0.49009933665337757 0.49009933665337757 0
-0.26523984968104641 0.64034564238178249 0
0 0.37510579270073702 0
0.34655256440263188 0.34655256440263255 0
0.64034564238178227 0.26523984968104652 0
0.83665190105600939 0.14354677225074591 0
0.90558549206282835 2.296860541862941e-17 0
0.83665190105600939 -0.14354677225074586 0
0.64034564238178227 -0.26523984968104647 0
0.34655256440263199 -0.34655256440263255 0
1.1090223742090236e-16 -0.37510579270073702 0
-0.34655256440263182 -0.3465525644026326 0
-0.64034564238178227 -0.26523984968104652 0
-0.83665190105600917 -0.14354677225074608 0
-0.90558549206282835 -6.8905816255888226e-17 0
-0.83665190105600928 0.14354677225074597 0
-0.64034564238178238 0.26523984968104641 0
-0.34655256440263249 0.34655256440263249 0
0 -0 0
0.37510579270073641 -0 0
0.69310512880526387 -0 0
0.90558549206282857 -0 0
0.98019867330675525 -0 0
0.90558549206282857 0 0
0.69310512880526398 0 0
0.37510579270073652 0 0
1.2003971677936001e-16 0 0
-0.3751057927007363 0 0
-0.69310512880526387 0 0
-0.90558549206282835 0 0
-0.98019867330675525 0 0
-0.90558549206282846 -0 0
-0.69310512880526409 -0 0
-0.37510579270073702 -0 0
0 -0.37510579270073641 0
0.34655256440263199 -0.34655256440263199 0
0.64034564238178238 -0.26523984968104608 0
0.83665190105600962 -0.14354677225074566 0
0.90558549206282857 -2.2968605418629376e-17 0
0.83665190105600962 0.14354677225074564 0
0.64034564238178249 0.26523984968104602 0
0.3465525644026321 0.34655256440263199 0
1.1090223742090239e-16 0.37510579270073641 0
-0.34655256440263188 0.34655256440263205 0
-0.64034564238178238 0.26523984968104614 0
-0.83665190105600939 0.14354677225074586 0
-0.90558549206282857 6.8905816255888115e-17 0
-0.83665190105600951 -0.14354677225074575 0
-0.6403456423817826 -0.26523984968104597 0
-0.34655256440263255 -0.34655256440263194 0
0 -0.69310512880526387 0
0.26523984968104608 -0.64034564238178249 0
0.49009933665337757 -0.49009933665337757 0
0.64034564238178249 -0.26523984968104608 0
0.69310512880526398 -4.2440448873199025e-17 0
0.64034564238178249 0.26523984968104602 0
0.49009933665337768 0.49009933665337752 0
0.26523984968104619 0.64034564238178249 0
8.4880897746398063e-17 0.69310512880526387 0
-0.26523984968104602 0.64034564238178249 0
-0.49009933665337757 0.49009933665337768 0
-0.64034564238178238 0.26523984968104647 0
-0.69310512880526398 1.2732134661959706e-16 0
-0.64034564238178249 -0.26523984968104619 0
-0.49009933665337774 -0.49009933665337746 0
-0.26523984968104652 -0.64034564238178227 0
0 -0.90558549206282857 0
0.14354677225074566 -0.83665190105600962 0
0.26523984968104608 -0.64034564238178249 0
0.34655256440263205 -0.34655256440263205 0
0.37510579270073646 -5.5451118710451194e-17 0
0.34655256440263205 0.34655256440263194 0
0.26523984968104614 0.64034564238178238 0
0.14354677225074572 0.83665190105600962 0
4.5937210837258758e-17 0.90558549206282857 0
-0.14354677225074564 0.83665190105600973 0
-0.26523984968104608 0.6403456423817826 0
-0.34655256440263199 0.34655256440263249 0
-0.37510579270073646 1.6635335613135356e-16 0
-0.34655256440263199 -0.34655256440263221 0
-0.26523984968104614 -0.64034564238178227 0
-0.14354677225074591 -0.83665190105600939 0
0 -0.98019867330675525 0
2.2968605418629373e-17 -0.90558549206282857 0
4.2440448873199019e-17 -0.69310512880526398 0
5.5451118710451194e-17 -0.37510579270073646 0
6.0019858389680004e-17 -6.0019858389680004e-17 0
5.5451118710451194e-17 0.37510579270073635 0
4.2440448873199025e-17 0.69310512880526387 0
2.2968605418629379e-17 0.90558549206282857 0
7.3503127462199032e-33 0.98019867330675525 0
-2.2968605418629367e-17 0.90558549206282868 0
-4.2440448873199019e-17 0.69310512880526409 0
-5.5451118710451175e-17 0.37510579270073696 0
-6.0019858389680004e-17 1.8005957516903999e-16 0
-5.5451118710451188e-17 -0.37510579270073663 0
-4.2440448873199031e-17 -0.69310512880526376 0
-2.296860541862941e-17 -0.90558549206282835 0
-0 -0.90558549206282857 0
-0.14354677225074564 -0.83665190105600962 0
-0.26523984968104602 -0.64034564238178249 0
-0.34655256440263194 -0.34655256440263205 0
-0.37510579270073635 -5.5451118710451194e-17 0
-0.34655256440263194 0.34655256440263194 0
-0.26523984968104602 0.64034564238178238 0
-0.14354677225074566 0.83665190105600962 0
-4.593721083725874e-17 0.90558549206282857 0
0.14354677225074558 0.83665190105600973 0
0.26523984968104602 0.6403456423817826 0
0.34655256440263188 0.34655256440263249 0
0.37510579270073635 1.6635335613135356e-16 0
0.34655256440263194 -0.34655256440263221 0
0.26523984968104608 -0.64034564238178227 0
0.14354677225074586 -0.83665190105600939 0
-0 -0.69310512880526398 0
-0.26523984968104602 -0.64034564238178249 0
-0.49009933665337752 -0.49009933665337768 0
-0.64034564238178249 -0.26523984968104614 0
-0.69310512880526387 -4.2440448873199031e-17 0
-0.64034564238178249 0.26523984968104608 0
-0.49009933665337757 0.49009933665337757 0
-0.26523984968104614 0.64034564238178249 0
-8.4880897746398051e-17 0.69310512880526398 0
0.26523984968104597 0.6403456423817826 0
0.49009933665337752 0.49009933665337774 0
0.64034564238178227 0.26523984968104647 0
0.69310512880526387 1.2732134661959708e-16 0
0.64034564238178238 -0.26523984968104625 0
0.49009933665337768 -0.49009933665337752 0
0.26523984968104647 -0.64034564238178238 0
-0 -0.37510579270073652 0
-0.34655256440263199 -0.3465525644026321 0
-0.64034564238178238 -0.26523984968104614 0
-0.83665190105600962 -0.14354677225074572 0
-0.90558549206282857 -2.2968605418629382e-17 0
-0.83665190105600962 0.14354677225074566 0
-0.64034564238178249 0.26523984968104614 0
-0.3465525644026321 0.3465525644026321 0
-1.1090223742090239e-16 0.37510579270073652 0
0.34655256440263188 0.34655256440263216 0
0.64034564238178238 0.26523984968104619 0
0.83665190105600939 0.14354677225074591 0
0.90558549206282857 6.8905816255888128e-17 0
0.83665190105600951 -0.14354677225074577 0
0.6403456423817826 -0.26523984968104608 0
0.34655256440263255 -0.34655256440263205 0
-0 -1.2003971677936001e-16 0
-0.37510579270073641 -1.1090223742090239e-16 0
-0.69310512880526387 -8.4880897746398051e-17 0
-0.90558549206282857 -4.5937210837258752e-17 0
-0.98019867330675525 -7.3503127462199032e-33 0
-0.90558549206282857 4.593721083725874e-17 0
-0.69310512880526398 8.4880897746398038e-17 0
-0.37510579270073652 1.1090223742090239e-16 0
-1.2003971677936001e-16 1.2003971677936001e-16 0
0.3751057927007363 1.109022374209024e-16 0
0.69310512880526387 8.4880897746398063e-17 0
0.90558549206282835 4.5937210837258813e-17 0
0.98019867330675525 2.2050938238659705e-32 0
0.90558549206282846 -4.593721083725877e-17 0
0.69310512880526409 -8.4880897746398026e-17 0
0.37510579270073702 -1.1090223742090235e-16 0
-0 0.3751057927007363 0
-0.34655256440263205 0.34655256440263188 0
-0.64034564238178249 0.26523984968104602 0
-0.83665190105600973 0.14354677225074564 0
-0.90558549206282868 2.2968605418629367e-17 0
-0.83665190105600973 -0.14354677225074558 0
-0.6403456423817826 -0.26523984968104597 0
-0.3465525644026321 -0.34655256440263188 0
-1.109022374209024e-16 -0.3751057927007363 0
0.34655256440263194 -0.34655256440263194 0
0.64034564238178249 -0.26523984968104602 0
0.83665190105600951 -0.14354677225074583 0
0.90558549206282868 -6.8905816255888091e-17 0
0.83665190105600962 0.14354677225074569 0
0.6403456423817826 0.26523984968104591 0
0.3465525644026326 0.34655256440263182 0
-0 0.69310512880526387 0
-0.26523984968104614 0.64034564238178249 0
-0.49009933665337768 0.49009933665337757 0
-0.6403456423817826 0.26523984968104608 0
-0.69310512880526409 4.2440448873199025e-17 0
-0.6403456423817826 -0.26523984968104602 0
-0.49009933665337774 -0.49009933665337752 0
-0.26523984968104619 -0.64034564238178249 0
-8.4880897746398075e-17 -0.69310512880526387 0
0.26523984968104608 -0.64034564238178249 0
0.49009933665337768 -0.49009933665337768 0
0.64034564238178249 -0.26523984968104647 0
0.69310512880526409 -1.2732134661959706e-16 0
0.6403456423817826 0.26523984968104619 0
0.49009933665337785 0.49009933665337746 0
0.26523984968104658 0.64034564238178227 0
-0 0.90558549206282835 0
-0.14354677225074586 0.83665190105600939 0
-0.26523984968104641 0.64034564238178227 0
-0.34655256440263249 0.34655256440263194 0
-0.37510579270073696 5.5451118710451182e-17 0
-0.34655256440263249 -0.34655256440263182 0
-0.26523984968104647 -0.64034564238178227 0
-0.14354677225074591 -0.83665190105600939 0
-4.5937210837258813e-17 -0.90558549206282835 0
0.1435467722507458 -0.83665190105600951 0
0.26523984968104641 -0.64034564238178238 0
0.34655256440263243 -0.34655256440263243 0
0.37510579270073696 -1.6635335613135351e-16 0
0.34655256440263249 0.3465525644026321 0
0.26523984968104652 0.64034564238178215 0
0.14354677225074608 0.83665190105600917 0
-0 0.98019867330675525 0
-6.8905816255888115e-17 0.90558549206282857 0
-1.2732134661959703e-16 0.69310512880526398 0
-1.6635335613135356e-16 0.37510579270073646 0
-1.8005957516903999e-16 6.0019858389680004e-17 0
-1.6635335613135356e-16 -0.37510579270073635 0
-1.2732134661959706e-16 -0.69310512880526387 0
-6.8905816255888128e-17 -0.90558549206282857 0
-2.2050938238659708e-32 -0.98019867330675525 0
6.8905816255888091e-17 -0.90558549206282868 0
1.2732134661959703e-16 -0.69310512880526409 0
1.6635335613135351e-16 -0.37510579270073696 0
1.8005957516903999e-16 -1.8005957516903999e-16 0
1.6635335613135354e-16 0.37510579270073663 0
1.2732134661959708e-16 0.69310512880526376 0
6.8905816255888226e-17 0.90558549206282835 0
0 0.90558549206282846 0
0.14354677225074572 0.83665190105600951 0
0.26523984968104619 0.64034564238178238 0
0.34655256440263221 0.34655256440263199 0
0.37510579270073663 5.5451118710451188e-17 0
0.34655256440263221 -0.34655256440263188 0
0.26523984968104625 -0.64034564238178227 0
0.14354677225074577 -0.83665190105600951 0
4.5937210837258776e-17 -0.90558549206282846 0
-0.14354677225074569 -0.83665190105600962 0
-0.26523984968104619 -0.64034564238178249 0
-0.3465525644026321 -0.34655256440263243 0
-0.37510579270073663 -1.6635335613135354e-16 0
-0.34655256440263216 0.34655256440263216 0
-0.2652398496810463 0.64034564238178215 0
-0.14354677225074597 0.83665190105600928 0
0 0.69310512880526409 0
0.26523984968104602 0.6403456423817826 0
0.49009933665337746 0.49009933665337774 0
0.64034564238178238 0.26523984968104619 0
0.69310512880526376 4.2440448873199038e-17 0
0.64034564238178238 -0.26523984968104608 0
0.49009933665337752 -0.49009933665337768 0
0.26523984968104608 -0.6403456423817826 0
8.4880897746398038e-17 -0.69310512880526409 0
-0.26523984968104591 -0.64034564238178271 0
-0.49009933665337746 -0.49009933665337785 0
-0.64034564238178215 -0.26523984968104652 0
-0.69310512880526376 -1.2732134661959708e-16 0
-0.64034564238178227 0.2652398496810463 0
-0.49009933665337757 0.49009933665337757 0
-0.26523984968104641 0.64034564238178249 0
0 0.37510579270073702 0
0.34655256440263188 0.34655256440263255 0
0.64034564238178227 0.26523984968104652 0
0.83665190105600939 0.14354677225074591 0
0.90558549206282835 2.296860541862941e-17 0
0.83665190105600939 -0.14354677225074586 0
0.64034564238178227 -0.26523984968104647 0
0.34655256440263199 -0.34655256440263255 0
1.1090223742090236e-16 -0.37510579270073702 0
-0.34655256440263182 -0.3465525644026326 0
-0.64034564238178227 -0.26523984968104652 0
-0.83665190105600917 -0.14354677225074608 0
-0.90558549206282835 -6.8905816255888226e-17 0
-0.83665190105600928 0.14354677225074597 0
-0.64034564238178238 0.26523984968104641 0
-0.34655256440263249 0.34655256440263249 0
0 -0 0
0.37510579270073641 -0 0
0.69310512880526387 -0 0
0.90558549206282857 -0 0
0.98019867330675525 -0 0
0.90558549206282857 0 0
0.69310512880526398 0 0
0.37510579270073652 0 0
1.2003971677936001e-16 0 0
-0.3751057927007363 0 0
-0.69310512880526387 0 0
-0.90558549206282835 0 0
-0.98019867330675525 0 0
-0.90558549206282846 -0 0
-0.69310512880526409 -0 0
-0.37510579270073702 -0 0
0 -0.37510579270073641 0
0.34655256440263199 -0.34655256440263199 0
0.64034564238178238 -0.26523984968104608 0
0.83665190105600962 -0.14354677225074566 0
0.90558549206282857 -2.2968605418629376e-17 0
0.83665190105600962 0.14354677225074564 0
0.64034564238178249 0.26523984968104602 0
0.3465525644026321 0.34655256440263199 0
1.1090223742090239e-16 0.37510579270073641 0
-0.34655256440263188 0.34655256440263205 0
-0.64034564238178238 0.26523984968104614 0
-0.83665190105600939 0.14354677225074586 0
-0.90558549206282857 6.8905816255888115e-17 0
-0.83665190105600951 -0.14354677225074575 0
-0.6403456423817826 -0.26523984968104597 0
-0.34655256440263255 -0.34655256440263194 0
0 -0.69310512880526387 0
0.26523984968104608 -0.64034564238178249 0
0.49009933665337757 -0.49009933665337757 0
0.64034564238178249 -0.26523984968104608 0
0.69310512880526398 -4.2440448873199025e-17 0
0.64034564238178249 0.26523984968104602 0
0.49009933665337768 0.49009933665337752 0
0.26523984968104619 0.64034564238178249 0
8.4880897746398063e-17 0.69310512880526387 0
-0.26523984968104602 0.64034564238178249 0
-0.49009933665337757 0.49009933665337768 0
-0.64034564238178238 0.26523984968104647 0
-0.69310512880526398 1.2732134661959706e-16 0
-0.64034564238178249 -0.26523984968104619 0
-0.49009933665337774 -0.49009933665337746 0
-0.26523984968104652 -0.64034564238178227 0
0 -0.90558549206282857 0
0.14354677225074566 -0.83665190105600962 0
0.26523984968104608 -0.64034564238178249 0
0.34655256440263205 -0.34655256440263205 0
0.37510579270073646 -5.5451118710451194e-17 0
0.34655256440263205 0.34655256440263194 0
0.26523984968104614 0.64034564238178238 0
0.14354677225074572 0.83665190105600962 0
4.5937210837258758e-17 0.90558549206282857 0
-0.14354677225074564 0.83665190105600973 0
-0.26523984968104608 0.6403456423817826 0
-0.34655256440263199 0.34655256440263249 0
-0.37510579270073646 1.6635335613135356e-16 0
-0.34655256440263199 -0.34655256440263221 0
-0.26523984968104614 -0.64034564238178227 0
-0.14354677225074591 -0.83665190105600939 0
0 -0.98019867330675525 0
2.2968605418629373e-17 -0.90558549206282857 0
4.2440448873199019e-17 -0.69310512880526398 0
5.5451118710451194e-17 -0.37510579270073646 0
6.0019858389680004e-17 -6.0019858389680004e-17 0
5.5451118710451194e-17 0.37510579270073635 0
4.2440448873199025e-17 0.69310512880526387 0
2.2968605418629379e-17 0.90558549206282857 0
7.3503127462199032e-33 0.98019867330675525 0
-2.2968605418629367e-17 0.90558549206282868 0
-4.2440448873199019e-17 0.69310512880526409 0
-5.5451118710451175e-17 0.37510579270073696 0
-6.0019858389680004e-17 1.8005957516903999e-16 0
-5.5451118710451188e-17 -0.37510579270073663 0
-4.2440448873199031e-17 -0.69310512880526376 0
-2.296860541862941e-17 -0.90558549206282835 0
-0 -0.90558549206282857 0
-0.14354677225074564 -0.83665190105600962 0
-0.26523984968104602 -0.64034564238178249 0
-0.34655256440263194 -0.34655256440263205 0
-0.37510579270073635 -5.5451118710451194e-17 0
-0.34655256440263194 0.34655256440263194 0
-0.26523984968104602 0.64034564238178238 0
-0.14354677225074566 0.83665190105600962 0
-4.593721083725874e-17 0.90558549206282857 0
0.14354677225074558 0.83665190105600973 0
0.26523984968104602 0.6403456423817826 0
0.34655256440263188 0.34655256440263249 0
0.37510579270073635 1.6635335613135356e-16 0
0.34655256440263194 -0.34655256440263221 0
0.26523984968104608 -0.64034564238178227 0
0.14354677225074586 -0.83665190105600939 0
-0 -0.69310512880526398 0
-0.26523984968104602 -0.64034564238178249 0
-0.49009933665337752 -0.49009933665337768 0
-0.64034564238178249 -0.26523984968104614 0
-0.69310512880526387 -4.2440448873199031e-17 0
-0.64034564238178249 0.26523984968104608 0
-0.49009933665337757 0.49009933665337757 0
-0.26523984968104614 0.64034564238178249 0
-8.4880897746398051e-17 0.69310512880526398 0
0.26523984968104597 0.6403456423817826 0
0.49009933665337752 0.49009933665337774 0
0.64034564238178227 0.26523984968104647 0
0.69310512880526387 1.2732134661959708e-16 0
0.64034564238178238 -0.26523984968104625 0
0.49009933665337768 -0.49009933665337752 0
0.26523984968104647 -0.64034564238178238 0
-0 -0.37510579270073652 0
-0.34655256440263199 -0.3465525644026321 0
-0.64034564238178238 -0.26523984968104614 0
-0.83665190105600962 -0.14354677225074572 0
-0.90558549206282857 -2.2968605418629382e-17 0
-0.83665190105600962 0.14354677225074566 0
-0.64034564238178249 0.26523984968104614 0
-0.3465525644026321 0.3465525644026321 0
-1.1090223742090239e-16 0.37510579270073652 0
0.34655256440263188 0.34655256440263216 0
0.64034564238178238 0.26523984968104619 0
0.83665190105600939 0.14354677225074591 0
0.90558549206282857 6.8905816255888128e-17 0
0.83665190105600951 -0.14354677225074577 0
0.6403456423817826 -0.26523984968104608 0
0.34655256440263255 -0.34655256440263205 0
-0 -1.2003971677936001e-16 0
-0.37510579270073641 -1.1090223742090239e-16 0
-0.69310512880526387 -8.4880897746398051e-17 0
-0.90558549206282857 -4.5937210837258752e-17 0
-0.98019867330675525 -7.3503127462199032e-33 0
-0.90558549206282857 4.593721083725874e-17 0
-0.69310512880526398 8.4880897746398038e-17 0
-0.37510579270073652 1.1090223742090239e-16 0
-1.2003971677936001e-16 1.2003971677936001e-16 0
0.3751057927007363 1.109022374209024e-16 0
0.69310512880526387 8.4880897746398063e-17 0
0.90558549206282835 4.5937210837258813e-17 0
0.98019867330675525 2.2050938238659705e-32 0
0.90558549206282846 -4.593721083725877e-17 0
0.69310512880526409 -8.4880897746398026e-17 0
0.37510579270073702 -1.1090223742090235e-16 0
-0 0.3751057927007363 0
-0.34655256440263205 0.34655256440263188 0
-0.64034564238178249 0.26523984968104602 0
-0.83665190105600973 0.14354677225074564 0
-0.90558549206282868 2.2968605418629367e-17 0
-0.83665190105600973 -0.14354677225074558 0
-0.6403456423817826 -0.26523984968104597 0
-0.3465525644026321 -0.34655256440263188 0
-1.109022374209024e-16 -0.3751057927007363 0
0.34655256440263194 -0.34655256440263194 0
0.64034564238178249 -0.26523984968104602 0
0.83665190105600951 -0.14354677225074583 0
0.90558549206282868 -6.8905816255888091e-17 0
0.83665190105600962 0.14354677225074569 0
0.6403456423817826 0.26523984968104591 0
0.3465525644026326 0.34655256440263182 0
-0 0.69310512880526387 0
-0.26523984968104614 0.64034564238178249 0
-0.49009933665337768 0.49009933665337757 0
-0.6403456423817826 0.26523984968104608 0
-0.69310512880526409 4.2440448873199025e-17 0
-0.6403456423817826 -0.26523984968104602 0
-0.49009933665337774 -0.49009933665337752 0
-0.26523984968104619 -0.64034564238178249 0
-8.4880897746398075e-17 -0.69310512880526387 0
0.26523984968104608 -0.64034564238178249 0
0.49009933665337768 -0.49009933665337768 0
0.64034564238178249 -0.26523984968104647 0
0.69310512880526409 -1.2732134661959706e-16 0
0.6403456423817826 0.26523984968104619 0
0.49009933665337785 0.49009933665337746 0
0.26523984968104658 0.64034564238178227 0
-0 0.90558549206282835 0
-0.14354677225074586 0.83665190105600939 0
-0.26523984968104641 0.64034564238178227 0
-0.34655256440263249 0.34655256440263194 0
-0.37510579270073696 5.5451118710451182e-17 0
-0.34655256440263249 -0.34655256440263182 0
-0.26523984968104647 -0.64034564238178227 0
-0.14354677225074591 -0.83665190105600939 0
-4.5937210837258813e-17 -0.90558549206282835 0
0.1435467722507458 -0.83665190105600951 0
0.26523984968104641 -0.64034564238178238 0
0.34655256440263243 -0.34655256440263243 0
0.37510579270073696 -1.6635335613135351e-16 0
0.34655256440263249 0.3465525644026321 0
0.26523984968104652 0.64034564238178215 0
0.14354677225074608 0.83665190105600917 0
-0 0.98019867330675525 0
-6.8905816255888115e-17 0.90558549206282857 0
-1.2732134661959703e-16 0.69310512880526398 0
-1.6635335613135356e-16 0.37510579270073646 0
-1.8005957516903999e-16 6.0019858389680004e-17 0
-1.6635335613135356e-16 -0.37510579270073635 0
-1.2732134661959706e-16 -0.69310512880526387 0
-6.8905816255888128e-17 -0.90558549206282857 0
-2.2050938238659708e-32 -0.98019867330675525 0
6.8905816255888091e-17 -0.90558549206282868 0
1.2732134661959703e-16 -0.69310512880526409 0
1.6635335613135351e-16 -0.37510579270073696 0
1.8005957516903999e-16 -1.8005957516903999e-16 0
1.6635335613135354e-16 0.37510579270073663 0
1.2732134661959708e-16 0.69310512880526376 0
6.8905816255888226e-17 0.90558549206282835 0
0 0.90558549206282846 0
0.14354677225074572 0.83665190105600951 0
0.26523984968104619 0.64034564238178238 0
0.34655256440263221 0.34655256440263199 0
0.37510579270073663 5.5451118710451188e-17 0
0.34655256440263221 -0.34655256440263188 0
0.26523984968104625 -0.64034564238178227 0
0.14354677225074577 -0.83665190105600951 0
4.5937210837258776e-17 -0.90558549206282846 0
-0.14354677225074569 -0.83665190105600962 0
-0.26523984968104619 -0.64034564238178249 0
-0.3465525644026321 -0.34655256440263243 0
-0.37510579270073663 -1.6635335613135354e-16 0
-0.34655256440263216 0.34655256440263216 0
-0.2652398496810463 0.64034564238178215 0
-0.14354677225074597 0.83665190105600928 0
0 0.69310512880526409 0
0.26523984968104602 0.6403456423817826 0
0.49009933665337746 0.49009933665337774 0
0.64034564238178238 0.26523984968104619 0
0.69310512880526376 4.2440448873199038e-17 0
0.64034564238178238 -0.26523984968104608 0
0.49009933665337752 -0.49009933665337768 0
0.26523984968104608 -0.6403456423817826 0
8.4880897746398038e-17 -0.69310512880526409 0
-0.26523984968104591 -0.64034564238178271 0
-0.49009933665337746 -0.49009933665337785 0
-0.64034564238178215 -0.26523984968104652 0
-0.69310512880526376 -1.2732134661959708e-16 0
-0.64034564238178227 0.2652398496810463 0
-0.49009933665337757 0.49009933665337757 0
-0.26523984968104641 0.64034564238178249 0
0 0.37510579270073702 0
0.34655256440263188 0.34655256440263255 0
0.64034564238178227 0.26523984968104652 0
0.83665190105600939 0.14354677225074591 0
0.90558549206282835 2.296860541862941e-17 0
0.83665190105600939 -0.14354677225074586 0
0.64034564238178227 -0.26523984968104647 0
0.34655256440263199 -0.34655256440263255 0
1.1090223742090236e-16 -0.37510579270073702 0
-0.34655256440263182 -0.3465525644026326 0
-0.64034564238178227 -0.26523984968104652 0
-0.83665190105600917 -0.14354677225074608 0
-0.90558549206282835 -6.8905816255888226e-17 0
-0.83665190105600928 0.14354677225074597 0
-0.64034564238178238 0.26523984968104641 0
-0.34655256440263249 0.34655256440263249 0
0 -0 0
0.37510579270073641 -0 0
0.69310512880526387 -0 0
0.90558549206282857 -0 0
0.98019867330675525 -0 0
0.90558549206282857 0 0
0.69310512880526398 0 0
0.37510579270073652 0 0
1.2003971677936001e-16 0 0
-0.3751057927007363 0 0
-0.69310512880526387 0 0
-0.90558549206282835 0 0
-0.98019867330675525 0 0
-0.90558549206282846 -0 0
-0.69310512880526409 -0 0
-0.37510579270073702 -0 0
0 -0.37510579270073641 0
0.34655256440263199 -0.34655256440263199 0
0.64034564238178238 -0.26523984968104608 0
0.83665190105600962 -0.14354677225074566 0
0.90558549206282857 -2.2968605418629376e-17 0
0.83665190105600962 0.14354677225074564 0
0.64034564238178249 0.26523984968104602 0
0.3465525644026321 0.34655256440263199 0
1.1090223742090239e-16 0.37510579270073641 0
-0.34655256440263188 0.34655256440263205 0
-0.64034564238178238 0.26523984968104614 0
-0.83665190105600939 0.14354677225074586 0
-0.90558549206282857 6.8905816255888115e-17 0
-0.83665190105600951 -0.14354677225074575 0
-0.6403456423817826 -0.26523984968104597 0
-0.34655256440263255 -0.34655256440263194 0
0 -0.69310512880526387 0
0.26523984968104608 -0.64034564238178249 0
0.49009933665337757 -0.49009933665337757 0
0.64034564238178249 -0.26523984968104608 0
0.69310512880526398 -4.2440448873199025e-17 0
0.64034564238178249 0.26523984968104602 0
0.49009933665337768 0.49009933665337752 0
0.26523984968104619 0.64034564238178249 0
8.4880897746398063e-17 0.69310512880526387 0
-0.26523984968104602 0.64034564238178249 0
-0.49009933665337757 0.49009933665337768 0
-0.64034564238178238 0.26523984968104647 0
-0.69310512880526398 1.2732134661959706e-16 0
-0.64034564238178249 -0.26523984968104619 0
-0.49009933665337774 -0.49009933665337746 0
-0.26523984968104652 -0.64034564238178227 0
0 -0.90558549206282857 0
0.14354677225074566 -0.83665190105600962 0
0.26523984968104608 -0.64034564238178249 0
0.34655256440263205 -0.34655256440263205 0
0.37510579270073646 -5.5451118710451194e-17 0
0.34655256440263205 0.34655256440263194 0
0.26523984968104614 0.64034564238178238 0
0.14354677225074572 0.83665190105600962 0
4.5937210837258758e-17 0.90558549206282857 0
-0.14354677225074564 0.83665190105600973 0
-0.26523984968104608 0.6403456423817826 0
-0.34655256440263199 0.34655256440263249 0
-0.37510579270073646 1.6635335613135356e-16 0
-0.34655256440263199 -0.34655256440263221 0
-0.26523984968104614 -0.64034564238178227 0
-0.14354677225074591 -0.83665190105600939 0
0 -0.98019867330675525 0
2.2968605418629373e-17 -0.90558549206282857 0
4.2440448873199019e-17 -0.69310512880526398 0
5.5451118710451194e-17 -0.37510579270073646 0
6.0019858389680004e-17 -6.0019858389680004e-17 0
5.5451118710451194e-17 0.37510579270073635 0
4.2440448873199025e-17 0.69310512880526387 0
2.2968605418629379e-17 0.90558549206282857 0
7.3503127462199032e-33 0.98019867330675525 0
-2.2968605418629367e-17 0.90558549206282868 0
-4.2440448873199019e-17 0.69310512880526409 0
-5.5451118710451175e-17 0.37510579270073696 0
-6.0019858389680004e-17 1.8005957516903999e-16 0
-5.5451118710451188e-17 -0.37510579270073663 0
-4.2440448873199031e-17 -0.69310512880526376 0
-2.296860541862941e-17 -0.90558549206282835 0
-0 -0.90558549206282857 0
-0.14354677225074564 -0.83665190105600962 0
-0.26523984968104602 -0.64034564238178249 0
-0.34655256440263194 -0.34655256440263205 0
-0.37510579270073635 -5.5451118710451194e-17 0
-0.34655256440263194 0.34655256440263194 0
-0.26523984968104602 0.64034564238178238 0
-0.14354677225074566 0.83665190105600962 0
-4.593721083725874e-17 0.90558549206282857 0
0.14354677225074558 0.83665190105600973 0
0.26523984968104602 0.6403456423817826 0
0.34655256440263188 0.34655256440263249 0
0.37510579270073635 1.6635335613135356e-16 0
0.34655256440263194 -0.34655256440263221 0
0.26523984968104608 -0.64034564238178227 0
0.14354677225074586 -0.83665190105600939 0
-0 -0.69310512880526398 0
-0.26523984968104602 -0.64034564238178249 0
-0.49009933665337752 -0.49009933665337768 0
-0.64034564238178249 -0.26523984968104614 0
-0.69310512880526387 -4.2440448873199031e-17 0
-0.64034564238178249 0.26523984968104608 0
-0.49009933665337757 0.49009933665337757 0
-0.26523984968104614 0.64034564238178249 0
-8.4880897746398051e-17 0.69310512880526398 0
0.26523984968104597 0.6403456423817826 0
0.49009933665337752 0.49009933665337774 0
0.64034564238178227 0.26523984968104647 0
0.69310512880526387 1.2732134661959708e-16 0
0.64034564238178238 -0.26523984968104625 0
0.49009933665337768 -0.49009933665337752 0
0.26523984968104647 -0.64034564238178238 0
-0 -0.37510579270073652 0
-0.34655256440263199 -0.3465525644026321 0
-0.64034564238178238 -0.26523984968104614 0
-0.83665190105600962 -0.14354677225074572 0
-0.90558549206282857 -2.2968605418629382e-17 0
-0.83665190105600962 0.14354677225074566 0
-0.64034564238178249 0.26523984968104614 0
-0.3465525644026321 0.3465525644026321 0
-1.1090223742090239e-16 0.37510579270073652 0
0.34655256440263188 0.34655256440263216 0
0.64034564238178238 0.26523984968104619 0
0.83665190105600939 0.14354677225074591 0
0.90558549206282857 6.8905816255888128e-17 0
0.83665190105600951 -0.14354677225074577 0
0.6403456423817826 -0.26523984968104608 0
0.34655256440263255 -0.34655256440263205 0
-0 -1.2003971677936001e-16 0
-0.37510579270073641 -1.1090223742090239e-16 0
-0.69310512880526387 -8.4880897746398051e-17 0
-0.90558549206282857 -4.5937210837258752e-17 0
-0.98019867330675525 -7.3503127462199032e-33 0
-0.90558549206282857 4.593721083725874e-17 0
-0.69310512880526398 8.4880897746398038e-17 0
-0.37510579270073652 1.1090223742090239e-16 0
-1.2003971677936001e-16 1.2003971677936001e-16 0
0.3751057927007363 1.109022374209024e-16 0
0.69310512880526387 8.4880897746398063e-17 0
0.90558549206282835 4.5937210837258813e-17 0
0.98019867330675525 2.2050938238659705e-32 0
0.90558549206282846 -4.593721083725877e-17 0
0.69310512880526409 -8.4880897746398026e-17 0
0.37510579270073702 -1.1090223742090235e-16 0
-0 0.3751057927007363 0
-0.34655256440263205 0.34655256440263188 0
-0.64034564238178249 0.26523984968104602 0
-0.83665190105600973 0.14354677225074564 0
-0.90558549206282868 2.2968605418629367e-17 0
-0.83665190105600973 -0.14354677225074558 0
-0.6403456423817826 -0.26523984968104597 0
-0.3465525644026321 -0.34655256440263188 0
-1.109022374209024e-16 -0.3751057927007363 0
0.34655256440263194 -0.34655256440263194 0
0.64034564238178249 -0.26523984968104602 0
0.83665190105600951 -0.14354677225074583 0
0.90558549206282868 -6.8905816255888091e-17 0
0.83665190105600962 0.14354677225074569 0
0.6403456423817826 0.26523984968104591 0
0.3465525644026326 0.34655256440263182 0
-0 0.69310512880526387 0
-0.26523984968104614 0.64034564238178249 0
-0.49009933665337768 0.49009933665337757 0
-0.6403456423817826 0.26523984968104608 0
-0.69310512880526409 4.2440448873199025e-17 0
-0.6403456423817826 -0.26523984968104602 0
-0.49009933665337774 -0.49009933665337752 0
-0.26523984968104619 -0.64034564238178249 0
-8.4880897746398075e-17 -0.69310512880526387 0
0.26523984968104608 -0.64034564238178249 0
0.49009933665337768 -0.49009933665337768 0
0.64034564238178249 -0.26523984968104647 0
0.69310512880526409 -1.2732134661959706e-16 0
0.6403456423817826 0.26523984968104619 0
0.49009933665337785 0.49009933665337746 0
0.26523984968104658 0.64034564238178227 0
-0 0.90558549206282835 0
-0.14354677225074586 0.83665190105600939 0
-0.26523984968104641 0.64034564238178227 0
-0.34655256440263249 0.34655256440263194 0
-0.37510579270073696 5.5451118710451182e-17 0
-0.34655256440263249 -0.34655256440263182 0
-0.26523984968104647 -0.64034564238178227 0
-0.14354677225074591 -0.83665190105600939 0
-4.5937210837258813e-17 -0.90558549206282835 0
0.1435467722507458 -0.83665190105600951 0
0.26523984968104641 -0.64034564238178238 0
0.34655256440263243 -0.34655256440263243 0
0.37510579270073696 -1.6635335613135351e-16 0
0.34655256440263249 0.3465525644026321 0
0.26523984968104652 0.64034564238178215 0
0.14354677225074608 0.83665190105600917 0
-0 0.98019867330675525 0
-6.8905816255888115e-17 0.90558549206282857 0
-1.2732134661959703e-16 0.69310512880526398 0
-1.6635335613135356e-16 0.37510579270073646 0
-1.8005957516903999e-16 6.0019858389680004e-17 0
-1.6635335613135356e-16 -0.37510579270073635 0
-1.2732134661959706e-16 -0.69310512880526387 0
-6.8905816255888128e-17 -0.90558549206282857 0
-2.2050938238659708e-32 -0.98019867330675525 0
6.8905816255888091e-17 -0.90558549206282868 0
1.2732134661959703e-16 -0.69310512880526409 0
1.6635335613135351e-16 -0.37510579270073696 0
1.8005957516903999e-16 -1.8005957516903999e-16 0
1.6635335613135354e-16 0.37510579270073663 0
1.2732134661959708e-16 0.69310512880526376 0
6.8905816255888226e-17 0.90558549206282835 0
0 0.90558549206282846 0
0.14354677225074572 0.83665190105600951 0
0.26523984968104619 0.64034564238178238 0
0.34655256440263221 0.34655256440263199 0
0.37510579270073663 5.5451118710451188e-17 0
0.34655256440263221 -0.34655256440263188 0
0.26523984968104625 -0.64034564238178227 0
0.14354677225074577 -0.83665190105600951 0
4.5937210837258776e-17 -0.90558549206282846 0
-0.14354677225074569 -0.83665190105600962 0
-0.26523984968104619 -0.64034564238178249 0
-0.3465525644026321 -0.34655256440263243 0
-0.37510579270073663 -1.6635335613135354e-16 0
-0.34655256440263216 0.34655256440263216 0
-0.2652398496810463 0.64034564238178215 0
-0.14354677225074597 0.83665190105600928 0
0 0.69310512880526409 0
0.26523984968104602 0.6403456423817826 0
0.49009933665337746 0.49009933665337774 0
0.64034564238178238 0.26523984968104619 0
0.69310512880526376 4.2440448873199038e-17 0
0.64034564238178238 -0.26523984968104608 0
0.49009933665337752 -0.49009933665337768 0
0.26523984968104608 -0.6403456423817826 0
8.4880897746398038e-17 -0.69310512880526409 0
-0.26523984968104591 -0.64034564238178271 0
-0.49009933665337746 -0.49009933665337785 0
-0.64034564238178215 -0.26523984968104652 0
-0.69310512880526376 -1.2732134661959708e-16 0
-0.64034564238178227 0.2652398496810463 0
-0.49009933665337757 0.49009933665337757 0
-0.26523984968104641 0.64034564238178249 0
0 0.37510579270073702 0
0.34655256440263188 0.34655256440263255 0
0.64034564238178227 0.26523984968104652 0
0.83665190105600939 0.14354677225074591 0
0.90558549206282835 2.296860541862941e-17 0
0.83665190105600939 -0.14354677225074586 0
0.64034564238178227 -0.26523984968104647 0
0.34655256440263199 -0.34655256440263255 0
1.1090223742090236e-16 -0.37510579270073702 0
-0.34655256440263182 -0.3465525644026326 0
-0.64034564238178227 -0.26523984968104652 0
-0.83665190105600917 -0.14354677225074608 0
-0.90558549206282835 -6.8905816255888226e-17 0
-0.83665190105600928 0.14354677225074597 0
-0.64034564238178238 0.26523984968104641 0
-0.34655256440263249 0.34655256440263249 0
0 -0 0
0.37510579270073641 -0 0
0.69310512880526387 -0 0
0.90558549206282857 -0 0
0.98019867330675525 -0 0
0.90558549206282857 0 0
0.69310512880526398 0 0
0.37510579270073652 0 0
1.2003971677936001e-16 0 0
-0.3751057927007363 0 0
-0.69310512880526387 0 0
-0.90558549206282835 0 0
-0.98019867330675525 0 0
-0.90558549206282846 -0 0
-0.69310512880526409 -0 0
-0.37510579270073702 -0 0
0 -0.37510579270073641 0
0.34655256440263199 -0.34655256440263199 0
0.64034564238178238 -0.26523984968104608 0
0.83665190105600962 -0.14354677225074566 0
0.90558549206282857 -2.2968605418629376e-17 0
0.83665190105600962 0.14354677225074564 0
0.64034564238178249 0.26523984968104602 0
0.3465525644026321 0.34655256440263199 0
1.1090223742090239e-16 0.37510579270073641 0
-0.34655256440263188 0.34655256440263205 0
-0.64034564238178238 0.26523984968104614 0
-0.83665190105600939 0.14354677225074586 0
-0.90558549206282857 6.8905816255888115e-17 0
-0.83665190105600951 -0.14354677225074575 0
-0.6403456423817826 -0.26523984968104597 0
-0.34655256440263255 -0.34655256440263194 0
0 -0.69310512880526387 0
0.26523984968104608 -0.64034564238178249 0
0.49009933665337757 -0.49009933665337757 0
0.64034564238178249 -0.26523984968104608 0
0.69310512880526398 -4.2440448873199025e-17 0
0.64034564238178249 0.26523984968104602 0
0.49009933665337768 0.49009933665337752 0
0.26523984968104619 0.64034564238178249 0
8.4880897746398063e-17 0.69310512880526387 0
-0.26523984968104602 0.64034564238178249 0
-0.49009933665337757 0.49009933665337768 0
-0.64034564238178238 0.26523984968104647 0
-0.69310512880526398 1.2732134661959706e-16 0
-0.64034564238178249 -0.26523984968104619 0
-0.49009933665337774 -0.49009933665337746 0
-0.26523984968104652 -0.64034564238178227 0
0 -0.90558549206282857 0
0.14354677225074566 -0.83665190105600962 0
0.26523984968104608 -0.64034564238178249 0
0.34655256440263205 -0.34655256440263205 0
0.37510579270073646 -5.5451118710451194e-17 0
0.34655256440263205 0.34655256440263194 0
0.26523984968104614 0.64034564238178238 0
0.14354677225074572 0.83665190105600962 0
4.5937210837258758e-17 0.90558549206282857 0
-0.14354677225074564 0.83665190105600973 0
-0.26523984968104608 0.6403456423817826 0
-0.34655256440263199 0.34655256440263249 0
-0.37510579270073646 1.6635335613135356e-16 0
-0.34655256440263199 -0.34655256440263221 0
-0.26523984968104614 -0.64034564238178227 0
-0.14354677225074591 -0.83665190105600939 0
0 -0.98019867330675525 0
2.2968605418629373e-17 -0.90558549206282857 0
4.2440448873199019e-17 -0.69310512880526398 0
5.5451118710451194e-17 -0.37510579270073646 0
6.0019858389680004e-17 -6.0019858389680004e-17 0
5.5451118710451194e-17 0.37510579270073635 0
4.2440448873199025e-17 0.69310512880526387 0
2.2968605418629379e-17 0.90558549206282857 0
7.3503127462199032e-33 0.98019867330675525 0
-2.2968605418629367e-17 0.90558549206282868 0
-4.2440448873199019e-17 0.69310512880526409 0
-5.5451118710451175e-17 0.37510579270073696 0
-6.0019858389680004e-17 1.8005957516903999e-16 0
-5.5451118710451188e-17 -0.37510579270073663 0
-4.2440448873199031e-17 -0.69310512880526376 0
-2.296860541862941e-17 -0.90558549206282835 0
-0 -0.90558549206282857 0
-0.14354677225074564 -0.83665190105600962 0
-0.26523984968104602 -0.64034564238178249 0
-0.34655256440263194 -0.34655256440263205 0
-0.37510579270073635 -5.5451118710451194e-17 0
-0.34655256440263194 0.34655256440263194 0
-0.26523984968104602 0.64034564238178238 0
-0.14354677225074566 0.83665190105600962 0
-4.593721083725874e-17 0.90558549206282857 0
0.14354677225074558 0.83665190105600973 0
0.26523984968104602 0.6403456423817826 0
0.34655256440263188 0.34655256440263249 0
0.37510579270073635 1.6635335613135356e-16 0
0.34655256440263194 -0.34655256440263221 0
0.26523984968104608 -0.64034564238178227 0
0.14354677225074586 -0.83665190105600939 0
-0 -0.69310512880526398 0
-0.26523984968104602 -0.64034564238178249 0
-0.49009933665337752 -0.49009933665337768 0
-0.64034564238178249 -0.26523984968104614 0
-0.69310512880526387 -4.2440448873199031e-17 0
-0.64034564238178249 0.26523984968104608 0
-0.49009933665337757 0.49009933665337757 0
-0.26523984968104614 0.64034564238178249 0
-8.4880897746398051e-17 0.69310512880526398 0
0.26523984968104597 0.6403456423817826 0
0.49009933665337752 0.49009933665337774 0
0.64034564238178227 0.26523984968104647 0
0.69310512880526387 1.2732134661959708e-16 0
0.64034564238178238 -0.26523984968104625 0
0.49009933665337768 -0.49009933665337752 0
0.26523984968104647 -0.64034564238178238 0
-0 -0.37510579270073652 0
-0.34655256440263199 -0.3465525644026321 0
-0.64034564238178238 -0.26523984968104614 0
-0.83665190105600962 -0.14354677225074572 0
-0.90558549206282857 -2.2968605418629382e-17 0
-0.83665190105600962 0.14354677225074566 0
-0.64034564238178249 0.26523984968104614 0
-0.3465525644026321 0.3465525644026321 0
-1.1090223742090239e-16 0.37510579270073652 0
0.34655256440263188 0.34655256440263216 0
0.64034564238178238 0.26523984968104619 0
0.83665190105600939 0.14354677225074591 0
0.90558549206282857 6.8905816255888128e-17 0
0.83665190105600951 -0.14354677225074577 0
0.6403456423817826 -0.26523984968104608 0
0.34655256440263255 -0.34655256440263205 0
-0 -1.2003971677936001e-16 0
-0.37510579270073641 -1.1090223742090239e-16 0
-0.69310512880526387 -8.4880897746398051e-17 0
-0.90558549206282857 -4.5937210837258752e-17 0
-0.98019867330675525 -7.3503127462199032e-33 0
-0.90558549206282857 4.593721083725874e-17 0
-0.69310512880526398 8.4880897746398038e-17 0
-0.37510579270073652 1.1090223742090239e-16 0
-1.2003971677936001e-16 1.2003971677936001e-16 0
0.3751057927007363 1.109022374209024e-16 0
0.69310512880526387 8.4880897746398063e-17 0
0.90558549206282835 4.5937210837258813e-17 0
0.98019867330675525 2.2050938238659705e-32 0
0.90558549206282846 -4.593721083725877e-17 0
0.69310512880526409 -8.4880897746398026e-17 0
0.37510579270073702 -1.1090223742090235e-16 0
-0 0.3751057927007363 0
-0.34655256440263205 0.34655256440263188 0
-0.64034564238178249 0.26523984968104602 0
-0.83665190105600973 0.14354677225074564 0
-0.90558549206282868 2.2968605418629367e-17 0
-0.83665190105600973 -0.14354677225074558 0
-0.6403456423817826 -0.26523984968104597 0
-0.3465525644026321 -0.34655256440263188 0
-1.109022374209024e-16 -0.3751057927007363 0
0.34655256440263194 -0.34655256440263194 0
0.64034564238178249 -0.26523984968104602 0
0.83665190105600951 -0.14354677225074583 0
0.90558549206282868 -6.8905816255888091e-17 0
0.83665190105600962 0.14354677225074569 0
0.6403456423817826 0.26523984968104591 0
0.3465525644026326 0.34655256440263182 0
-0 0.69310512880526387 0
-0.26523984968104614 0.64034564238178249 0
-0.49009933665337768 0.49009933665337757 0
-0.6403456423817826 0.26523984968104608 0
-0.69310512880526409 4.2440448873199025e-17 0
-0.6403456423817826 -0.26523984968104602 0
-0.49009933665337774 -0.49009933665337752 0
-0.26523984968104619 -0.64034564238178249 0
-8.4880897746398075e-17 -0.69310512880526387 0
0.26523984968104608 -0.64034564238178249 0
0.49009933665337768 -0.49009933665337768 0
0.64034564238178249 -0.26523984968104647 0
0.69310512880526409 -1.2732134661959706e-16 0
0.6403456423817826 0.26523984968104619 0
0.49009933665337785 0.49009933665337746 0
0.26523984968104658 0.64034564238178227 0
-0 0.90558549206282835 0
-0.14354677225074586 0.83665190105600939 0
-0.26523984968104641 0.64034564238178227 0
-0.34655256440263249 0.34655256440263194 0
-0.37510579270073696 5.5451118710451182e-17 0
-0.34655256440263249 -0.34655256440263182 0
-0.26523984968104647 -0.64034564238178227 0
-0.14354677225074591 -0.83665190105600939 0
-4.5937210837258813e-17 -0.90558549206282835 0
0.1435467722507458 -0.83665190105600951 0
0.26523984968104641 -0.64034564238178238 0
0.34655256440263243 -0.34655256440263243 0
0.37510579270073696 -1.6635335613135351e-16 0
0.34655256440263249 0.3465525644026321 0
0.26523984968104652 0.64034564238178215 0
0.14354677225074608 0.83665190105600917 0
-0 0.98019867330675525 0
-6.8905816255888115e-17 0.90558549206282857 0
-1.2732134661959703e-16 0.69310512880526398 0
-1.6635335613135356e-16 0.37510579270073646 0
-1.8005957516903999e-16 6.0019858389680004e-17 0
-1.6635335613135356e-16 -0.37510579270073635 0
-1.2732134661959706e-16 -0.69310512880526387 0
-6.8905816255888128e-17 -0.90558549206282857 0
-2.2050938238659708e-32 -0.98019867330675525 0
6.8905816255888091e-17 -0.90558549206282868 0
1.2732134661959703e-16 -0.69310512880526409 0
1.6635335613135351e-16 -0.37510579270073696 0
1.8005957516903999e-16 -1.8005957516903999e-16 0
1.6635335613135354e-16 0.37510579270073663 0
1.2732134661959708e-16 0.69310512880526376 0
6.8905816255888226e-17 0.90558549206282835 0
0 0.90558549206282846 0
0.14354677225074572 0.83665190105600951 0
0.26523984968104619 0.64034564238178238 0
0.34655256440263221 0.34655256440263199 0
0.37510579270073663 5.5451118710451188e-17 0
0.34655256440263221 -0.34655256440263188 0
0.26523984968104625 -0.64034564238178227 0
0.14354677225074577 -0.83665190105600951 0
4.5937210837258776e-17 -0.90558549206282846 0
-0.14354677225074569 -0.83665190105600962 0
-0.26523984968104619 -0.64034564238178249 0
-0.3465525644026321 -0.34655256440263243 0
-0.37510579270073663 -1.6635335613135354e-16 0
-0.34655256440263216 0.34655256440263216 0
-0.2652398496810463 0.64034564238178215 0
-0.14354677225074597 0.83665190105600928 0
0 0.69310512880526409 0
0.26523984968104602 0.6403456423817826 0
0.49009933665337746 0.49009933665337774 0
0.64034564238178238 0.26523984968104619 0
0.69310512880526376 4.2440448873199038e-17 0
0.64034564238178238 -0.26523984968104608 0
0.49009933665337752 -0.49009933665337768 0
0.26523984968104608 -0.6403456423817826 0
8.4880897746398038e-17 -0.69310512880526409 0
-0.26523984968104591 -0.64034564238178271 0
-0.49009933665337746 -0.49009933665337785 0
-0.64034564238178215 -0.26523984968104652 0
-0.69310512880526376 -1.2732134661959708e-16 0
-0.64034564238178227 0.2652398496810463 0
-0.49009933665337757 0.49009933665337757 0
-0.26523984968104641 0.64034564238178249 0
0 0.37510579270073702 0
0.34655256440263188 0.34655256440263255 0
0.64034564238178227 0.26523984968104652 0
0.83665190105600939 0.14354677225074591 0
0.90558549206282835 2.296860541862941e-17 0
0.83665190105600939 -0.14354677225074586 0
0.64034564238178227 -0.26523984968104647 0
0.34655256440263199 -0.34655256440263255 0
1.1090223742090236e-16 -0.37510579270073702 0
-0.34655256440263182 -0.3465525644026326 0
-0.64034564238178227 -0.26523984968104652 0
-0.83665190105600917 -0.14354677225074608 0
-0.90558549206282835 -6.8905816255888226e-17 0
-0.83665190105600928 0.14354677225074597 0
-0.64034564238178238 0.26523984968104641 0
-0.34655256440263249 0.34655256440263249 0
0 -0 0
0.37510579270073641 -0 0
0.69310512880526387 -0 0
0.90558549206282857 -0 0
0.98019867330675525 -0 0
0.90558549206282857 0 0
0.69310512880526398 0 0
0.37510579270073652 0 0
1.2003971677936001e-16 0 0
-0.3751057927007363 0 0
-0.69310512880526387 0 0
-0.90558549206282835 0 0
-0.98019867330675525 0 0
-0.90558549206282846 -0 0
-0.69310512880526409 -0 0
-0.37510579270073702 -0 0
0 -0.37510579270073641 0
0.34655256440263199 -0.34655256440263199 0
0.64034564238178238 -0.26523984968104608 0
0.83665190105600962 -0.14354677225074566 0
0.90558549206282857 -2.2968605418629376e-17 0
0.83665190105600962 0.14354677225074564 0
0.64034564238178249 0.26523984968104602 0
0.3465525644026321 0.34655256440263199 0
1.1090223742090239e-16 0.37510579270073641 0
-0.34655256440263188 0.34655256440263205 0
-0.64034564238178238 0.26523984968104614 0
-0.83665190105600939 0.14354677225074586 0
-0.90558549206282857 6.8905816255888115e-17 0
-0.83665190105600951 -0.14354677225074575 0
-0.6403456423817826 -0.26523984968104597 0
-0.34655256440263255 -0.34655256440263194 0
0 -0.69310512880526387 0
0.26523984968104608 -0.64034564238178249 0
0.49009933665337757 -0.49009933665337757 0
0.64034564238178249 -0.26523984968104608 0
0.69310512880526398 -4.2440448873199025e-17 0
0.64034564238178249 0.26523984968104602 0
0.49009933665337768 0.49009933665337752 0
0.26523984968104619 0.64034564238178249 0
8.4880897746398063e-17 0.69310512880526387 0
-0.26523984968104602 0.64034564238178249 0
-0.49009933665337757 0.49009933665337768 0
-0.64034564238178238 0.26523984968104647 0
-0.69310512880526398 1.2732134661959706e-16 0
-0.64034564238178249 -0.26523984968104619 0
-0.49009933665337774 -0.49009933665337746 0
-0.26523984968104652 -0.64034564238178227 0
0 -0.90558549206282857 0
0.14354677225074566 -0.83665190105600962 0
0.26523984968104608 -0.64034564238178249 0
0.34655256440263205 -0.34655256440263205 0
0.37510579270073646 -5.5451118710451194e-17 0
0.34655256440263205 0.34655256440263194 0
0.26523984968104614 0.64034564238178238 0
0.14354677225074572 0.83665190105600962 0
4.5937210837258758e-17 0.90558549206282857 0
-0.14354677225074564 0.83665190105600973 0
-0.26523984968104608 0.6403456423817826 0
-0.34655256440263199 0.34655256440263249 0
-0.37510579270073646 1.6635335613135356e-16 0
-0.34655256440263199 -0.34655256440263221 0
-0.26523984968104614 -0.64034564238178227 0
-0.14354677225074591 -0.83665190105600939 0
0 -0.98019867330675525 0
2.2968605418629373e-17 -0.90558549206282857 0
4.2440448873199019e-17 -0.69310512880526398 0
5.5451118710451194e-17 -0.37510579270073646 0
6.0019858389680004e-17 -6.0019858389680004e-17 0
5.5451118710451194e-17 0.37510579270073635 0
4.2440448873199025e-17 0.69310512880526387 0
2.2968605418629379e-17 0.90558549206282857 0
7.3503127462199032e-33 0.98019867330675525 0
-2.2968605418629367e-17 0.90558549206282868 0
-4.2440448873199019e-17 0.69310512880526409 0
-5.5451118710451175e-17 0.37510579270073696 0
-6.0019858389680004e-17 1.8005957516903999e-16 0
-5.5451118710451188e-17 -0.37510579270073663 0
-4.2440448873199031e-17 -0.69310512880526376 0
-2.296860541862941e-17 -0.90558549206282835 0
-0 -0.90558549206282857 0
-0.14354677225074564 -0.83665190105600962 0
-0.26523984968104602 -0.64034564238178249 0
-0.34655256440263194 -0.34655256440263205 0
-0.37510579270073635 -5.5451118710451194e-17 0
-0.34655256440263194 0.34655256440263194 0
-0.26523984968104602 0.64034564238178238 0
-0.14354677225074566 0.83665190105600962 0
-4.593721083725874e-17 0.90558549206282857 0
0.14354677225074558 0.83665190105600973 0
0.26523984968104602 0.6403456423817826 0
0.34655256440263188 0.34655256440263249 0
0.37510579270073635 1.6635335613135356e-16 0
0.34655256440263194 -0.34655256440263221 0
0.26523984968104608 -0.64034564238178227 0
0.14354677225074586 -0.83665190105600939 0
-0 -0.69310512880526398 0
-0.26523984968104602 -0.64034564238178249 0
-0.49009933665337752 -0.49009933665337768 0
-0.64034564238178249 -0.26523984968104614 0
-0.69310512880526387 -4.2440448873199031e-17 0
-0.64034564238178249 0.26523984968104608 0
-0.49009933665337757 0.49009933665337757 0
-0.26523984968104614 0.64034564238178249 0
-8.4880897746398051e-17 0.69310512880526398 0
0.26523984968104597 0.6403456423817826 0
0.49009933665337752 0.49009933665337774 0
0.64034564238178227 0.26523984968104647 0
0.69310512880526387 1.2732134661959708e-16 0
0.64034564238178238 -0.26523984968104625 0
0.49009933665337768 -0.49009933665337752 0
0.26523984968104647 -0.64034564238178238 0
-0 -0.37510579270073652 0
-0.34655256440263199 -0.3465525644026321 0
-0.64034564238178238 -0.26523984968104614 0
-0.83665190105600962 -0.14354677225074572 0
-0.90558549206282857 -2.2968605418629382e-17 0
-0.83665190105600962 0.14354677225074566 0
-0.64034564238178249 0.26523984968104614 0
-0.3465525644026321 0.3465525644026321 0
-1.1090223742090239e-16 0.37510579270073652 0
0.34655256440263188 0.34655256440263216 0
0.64034564238178238 0.26523984968104619 0
0.83665190105600939 0.14354677225074591 0
0.90558549206282857 6.8905816255888128e-17 0
0.83665190105600951 -0.14354677225074577 0
0.6403456423817826 -0.26523984968104608 0
0.34655256440263255 -0.34655256440263205 0
-0 -1.2003971677936001e-16 0
-0.37510579270073641 -1.1090223742090239e-16 0
-0.69310512880526387 -8.4880897746398051e-17 0
-0.90558549206282857 -4.5937210837258752e-17 0
-0.98019867330675525 -7.3503127462199032e-33 0
-0.90558549206282857 4.593721083725874e-17 0
-0.69310512880526398 8.4880897746398038e-17 0
-0.37510579270073652 1.1090223742090239e-16 0
-1.2003971677936001e-16 1.2003971677936001e-16 0
0.3751057927007363 1.109022374209024e-16 0
0.69310512880526387 8.4880897746398063e-17 0
0.90558549206282835 4.5937210837258813e-17 0
0.98019867330675525 2.2050938238659705e-32 0
0.90558549206282846 -4.593721083725877e-17 0
0.69310512880526409 -8.4880897746398026e-17 0
0.37510579270073702 -1.1090223742090235e-16 0
-0 0.3751057927007363 0
-0.34655256440263205 0.34655256440263188 0
-0.64034564238178249 0.26523984968104602 0
-0.83665190105600973 0.14354677225074564 0
-0.90558549206282868 2.2968605418629367e-17 0
-0.83665190105600973 -0.14354677225074558 0
-0.6403456423817826 -0.26523984968104597 0
-0.3465525644026321 -0.34655256440263188 0
-1.109022374209024e-16 -0.3751057927007363 0
0.34655256440263194 -0.34655256440263194 0
0.64034564238178249 -0.26523984968104602 0
0.83665190105600951 -0.14354677225074583 0
0.90558549206282868 -6.8905816255888091e-17 0
0.83665190105600962 0.14354677225074569 0
0.6403456423817826 0.26523984968104591 0
0.3465525644026326 0.34655256440263182 0
-0 0.69310512880526387 0
-0.26523984968104614 0.64034564238178249 0
-0.49009933665337768 0.49009933665337757 0
-0.6403456423817826 0.26523984968104608 0
-0.69310512880526409 4.2440448873199025e-17 0
-0.6403456423817826 -0.26523984968104602 0
-0.49009933665337774 -0.49009933665337752 0
-0.26523984968104619 -0.64034564238178249 0
-8.4880897746398075e-17 -0.69310512880526387 0
0.26523984968104608 -0.64034564238178249 0
0.49009933665337768 -0.49009933665337768 0
0.64034564238178249 -0.26523984968104647 0
0.69310512880526409 -1.2732134661959706e-16 0
0.6403456423817826 0.26523984968104619 0
0.49009933665337785 0.49009933665337746 0
0.26523984968104658 0.64034564238178227 0
-0 0.90558549206282835 0
-0.14354677225074586 0.83665190105600939 0
-0.26523984968104641 0.64034564238178227 0
-0.34655256440263249 0.34655256440263194 0
-0.37510579270073696 5.5451118710451182e-17 0
-0.34655256440263249 -0.34655256440263182 0
-0.26523984968104647 -0.64034564238178227 0
-0.14354677225074591 -0.83665190105600939 0
-4.5937210837258813e-17 -0.90558549206282835 0
0.1435467722507458 -0.83665190105600951 0
0.26523984968104641 -0.64034564238178238 0
0.34655256440263243 -0.34655256440263243 0
0.37510579270073696 -1.6635335613135351e-16 0
0.34655256440263249 0.3465525644026321 0
0.26523984968104652 0.64034564238178215 0
0.14354677225074608 0.83665190105600917 0
-0 0.98019867330675525 0
-6.8905816255888115e-17 0.90558549206282857 0
-1.2732134661959703e-16 0.69310512880526398 0
-1.6635335613135356e-16 0.37510579270073646 0
-1.8005957516903999e-16 6.0019858389680004e-17 0
-1.6635335613135356e-16 -0.37510579270073635 0
-1.2732134661959706e-16 -0.69310512880526387 0
-6.8905816255888128e-17 -0.90558549206282857 0
-2.2050938238659708e-32 -0.98019867330675525 0
6.8905816255888091e-17 -0.90558549206282868 0
1.2732134661959703e-16 -0.69310512880526409 0
1.6635335613135351e-16 -0.37510579270073696 0
1.8005957516903999e-16 -1.8005957516903999e-16 0
1.6635335613135354e-16 0.37510579270073663 0
1.2732134661959708e-16 0.69310512880526376 0
6.8905816255888226e-17 0.90558549206282835 0
0 0.90558549206282846 0
0.14354677225074572 0.83665190105600951 0
0.26523984968104619 0.64034564238178238 0
0.34655256440263221 0.34655256440263199 0
0.37510579270073663 5.5451118710451188e-17 0
0.34655256440263221 -0.34655256440263188 0
0.26523984968104625 -0.64034564238178227 0
0.14354677225074577 -0.83665190105600951 0
4.5937210837258776e-17 -0.90558549206282846 0
-0.14354677225074569 -0.83665190105600962 0
-0.26523984968104619 -0.64034564238178249 0
-0.3465525644026321 -0.34655256440263243 0
-0.37510579270073663 -1.6635335613135354e-16 0
-0.34655256440263216 0.34655256440263216 0
-0.2652398496810463 0.64034564238178215 0
-0.14354677225074597 0.83665190105600928 0
0 0.69310512880526409 0
0.26523984968104602 0.6403456423817826 0
0.49009933665337746 0.49009933665337774 0
0.64034564238178238 0.26523984968104619 0
0.69310512880526376 4.2440448873199038e-17 0
0.64034564238178238 -0.26523984968104608 0
0.49009933665337752 -0.49009933665337768 0
0.26523984968104608 -0.6403456423817826 0
8.4880897746398038e-17 -0.69310512880526409 0
-0.26523984968104591 -0.64034564238178271 0
-0.49009933665337746 -0.49009933665337785 0
-0.64034564238178215 -0.26523984968104652 0
-0.69310512880526376 -1.2732134661959708e-16 0
-0.64034564238178227 0.2652398496810463 0
-0.49009933665337757 0.49009933665337757 0
-0.26523984968104641 0.64034564238178249 0
0 0.37510579270073702 0
0.34655256440263188 0.34655256440263255 0
0.64034564238178227 0.26523984968104652 0
0.83665190105600939 0.14354677225074591 0
0.90558549206282835 2.296860541862941e-17 0
0.83665190105600939 -0.14354677225074586 0
0.64034564238178227 -0.26523984968104647 0
0.34655256440263199 -0.34655256440263255 0
1.1090223742090236e-16 -0.37510579270073702 0
-0.34655256440263182 -0.3465525644026326 0
-0.64034564238178227 -0.26523984968104652 0
-0.83665190105600917 -0.14354677225074608 0
-0.90558549206282835 -6.8905816255888226e-17 0
-0.83665190105600928 0.14354677225074597 0
-0.64034564238178238 0.26523984968104641 0
-0.34655256440263249 0.34655256440263249 0
SCALARS omega_z double 1
LOOKUP_TABLE default
0
0
0
0
0
0
0
0
0
-0
-0
-0
-0
-0
-0
-0
0
0.28709354450149127
0.53047969936209205
0.69310512880526398
0.75021158540147281
0.69310512880526398
0.53047969936209216
0.28709354450149138
9.1874421674517504e-17
-0.28709354450149122
-0.53047969936209205
-0.69310512880526387
-0.75021158540147281
-0.69310512880526398
-0.53047969936209227
-0.28709354450149177
0
0.53047969936209205
0.98019867330675503
1.280691284763565
1.3862102576105277
1.280691284763565
0.98019867330675514
0.53047969936209227
1.697617954927961e-16
-0.53047969936209194
-0.98019867330675503
-1.2806912847635645
-1.3862102576105277
-1.2806912847635648
-0.98019867330675536
-0.53047969936209294
0
0.69310512880526398
1.2806912847635648
1.6733038021120192
1.8111709841256571
1.6733038021120192
1.280691284763565
0.6931051288052642
2.2180447484180478e-16
-0.69310512880526376
-1.2806912847635648
-1.6733038021120188
-1.8111709841256571
-1.673303802112019
-1.2806912847635652
-0.69310512880526509
0
0.75021158540147281
1.3862102576105277
1.8111709841256571
1.9603973466135105
1.8111709841256571
1.386210257610528
0.75021158540147304
2.4007943355872002e-16
-0.75021158540147259
-1.3862102576105277
-1.8111709841256567
-1.9603973466135105
-1.8111709841256569
-1.3862102576105282
-0.75021158540147403
0
0.69310512880526398
1.2806912847635648
1.6733038021120192
1.8111709841256571
1.6733038021120192
1.280691284763565
0.6931051288052642
2.2180447484180478e-16
-0.69310512880526376
-1.2806912847635648
-1.6733038021120188
-1.8111709841256571
-1.673303802112019
-1.2806912847635652
-0.69310512880526509
0
0.53047969936209216
0.98019867330675514
1.280691284763565
1.386210257610528
1.280691284763565
0.98019867330675536
0.53047969936209238
1.6976179549279613e-16
-0.53047969936209205
-0.98019867330675514
-1.2806912847635648
-1.386210257610528
-1.280691284763565
-0.98019867330675547
-0.53047969936209305
0
0.28709354450149138
0.53047969936209227
0.6931051288052642
0.75021158540147304
0.6931051288052642
0.53047969936209227
0.28709354450149149
9.1874421674517528e-17
-0.28709354450149127
-0.53047969936209227
-0.69310512880526409
-0.75021158540147304
-0.69310512880526409
-0.53047969936209238
-0.28709354450149183
0
9.1874421674517491e-17
1.6976179549279608e-16
2.2180447484180478e-16
2.4007943355872002e-16
2.2180447484180478e-16
1.697617954927961e-16
9.1874421674517516e-17
2.9401250984879613e-32
-9.1874421674517467e-17
-1.6976179549279608e-16
-2.218044748418047e-16
-2.4007943355872002e-16
-2.2180447484180475e-16
-1.6976179549279613e-16
-9.1874421674517639e-17
-0
-0.28709354450149122
-0.53047969936209194
-0.69310512880526376
-0.75021158540147259
-0.69310512880526376
-0.53047969936209205
-0.28709354450149133
-9.1874421674517467e-17
0.2870935445014911
0.53047969936209194
0.69310512880526365
0.75021158540147259
0.69310512880526376
0.53047969936209205
0.28709354450149166
-0
-0.53047969936209205
-0.98019867330675503
-1.280691284763565
-1.3862102576105277
-1.280691284763565
-0.98019867330675514
-0.53047969936209227
-1.697617954927961e-16
0.53047969936209194
0.98019867330675503
1.2806912847635645
1.3862102576105277
1.2806912847635648
0.98019867330675536
0.53047969936209294
-0
-0.69310512880526376
-1.2806912847635645
-1.6733038021120188
-1.8111709841256567
-1.6733038021120188
-1.2806912847635645
-0.69310512880526398
-2.2180447484180473e-16
0.69310512880526365
1.2806912847635645
1.6733038021120183
1.8111709841256567
1.6733038021120186
1.2806912847635648
0.69310512880526498
-0
-0.75021158540147281
-1.3862102576105277
-1.8111709841256571
-1.9603973466135105
-1.8111709841256571
-1.386210257610528
-0.75021158540147304
-2.4007943355872002e-16
0.75021158540147259
1.3862102576105277
1.8111709841256567
1.9603973466135105
1.8111709841256569
1.3862102576105282
0.75021158540147403
-0
-0.69310512880526387
-1.2806912847635645
-1.673303802112019
-1.8111709841256569
-1.673303802112019
-1.2806912847635648
-0.69310512880526409
-2.2180447484180475e-16
0.69310512880526365
1.2806912847635645
1.6733038021120186
1.8111709841256569
1.6733038021120188
1.280691284763565
0.69310512880526498
-0
-0.53047969936209227
-0.98019867330675536
-1.2806912847635652
-1.3862102576105282
-1.2806912847635652
-0.98019867330675547
-0.53047969936209238
-1.6976179549279615e-16
0.53047969936209216
0.98019867330675536
1.280691284763565
1.3862102576105282
1.2806912847635652
0.9801986733067557
0.53047969936209316
-0
-0.28709354450149177
-0.53047969936209294
-0.69310512880526509
-0.75021158540147403
-0.69310512880526509
-0.53047969936209305
-0.28709354450149183
-9.1874421674517639e-17
0.28709354450149166
0.53047969936209294
0.69310512880526498
0.75021158540147403
0.69310512880526498
0.53047969936209305
0.28709354450149221
0
0
0
0
0
0
0
0
0
-0
-0
-0
-0
-0
-0
-0
0
0.28709354450149127
0.53047969936209205
0.69310512880526398
0.75021158540147281
0.69310512880526398
0.53047969936209216
0.28709354450149138
9.1874421674517504e-17
-0.28709354450149122
-0.53047969936209205
-0.69310512880526387
-0.75021158540147281
-0.69310512880526398
-0.53047969936209227
-0.28709354450149177
0
0.53047969936209205
0.98019867330675503
1.280691284763565
1.3862102576105277
1.280691284763565
0.98019867330675514
0.53047969936209227
1.697617954927961e-16
-0.53047969936209194
-0.98019867330675503
-1.2806912847635645
-1.3862102576105277
-1.2806912847635648
-0.98019867330675536
-0.53047969936209294
0
0.69310512880526398
1.2806912847635648
1.6733038021120192
1.8111709841256571
1.6733038021120192
1.280691284763565
0.6931051288052642
2.2180447484180478e-16
-0.69310512880526376
-1.2806912847635648
-1.6733038021120188
-1.8111709841256571
-1.673303802112019
-1.2806912847635652
-0.69310512880526509
0
0.75021158540147281
1.3862102576105277
1.8111709841256571
1.9603973466135105
1.8111709841256571
1.386210257610528
0.75021158540147304
2.4007943355872002e-16
-0.75021158540147259
-1.3862102576105277
-1.8111709841256567
-1.9603973466135105
-1.8111709841256569
-1.3862102576105282
-0.75021158540147403
0
0.69310512880526398
1.2806912847635648
1.6733038021120192
1.8111709841256571
1.6733038021120192
1.280691284763565
0.6931051288052642
2.2180447484180478e-16
-0.69310512880526376
-1.2806912847635648
-1.6733038021120188
-1.8111709841256571
-1.673303802112019
-1.2806912847635652
-0.69310512880526509
0
0.53047969936209216
0.98019867330675514
1.280691284763565
1.386210257610528
1.280691284763565
0.98019867330675536
0.53047969936209238
1.6976179549279613e-16
-0.53047969936209205
-0.98019867330675514
-1.2806912847635648
-1.386210257610528
-1.280691284763565
-0.98019867330675547
-0.53047969936209305
0
0.28709354450149138
0.53047969936209227
0.6931051288052642
0.75021158540147304
0.6931051288052642
0.53047969936209227
0.28709354450149149
9.1874421674517528e-17
-0.28709354450149127
-0.53047969936209227
-0.69310512880526409
-0.75021158540147304
-0.69310512880526409
-0.53047969936209238
-0.28709354450149183
0
9.1874421674517491e-17
1.6976179549279608e-16
2.2180447484180478e-16
2.4007943355872002e-16
2.2180447484180478e-16
1.697617954927961e-16
9.1874421674517516e-17
2.9401250984879613e-32
-9.1874421674517467e-17
-1.6976179549279608e-16
-2.218044748418047e-16
-2.4007943355872002e-16
-2.2180447484180475e-16
-1.6976179549279613e-16
-9.1874421674517639e-17
-0
-0.28709354450149122
-0.53047969936209194
-0.69310512880526376
-0.75021158540147259
-0.69310512880526376
-0.53047969936209205
-0.28709354450149133
-9.1874421674517467e-17
0.2870935445014911
0.53047969936209194
0.69310512880526365
0.75021158540147259
0.69310512880526376
0.53047969936209205
0.28709354450149166
-0
-0.53047969936209205
-0.98019867330675503
-1.280691284763565
-1.3862102576105277
-1.280691284763565
-0.98019867330675514
-0.53047969936209227
-1.697617954927961e-16
0.53047969936209194
0.98019867330675503
1.2806912847635645
1.3862102576105277
1.2806912847635648
0.98019867330675536
0.53047969936209294
-0
-0.69310512880526376
-1.2806912847635645
-1.6733038021120188
-1.8111709841256567
-1.6733038021120188
-1.2806912847635645
-0.69310512880526398
-2.2180447484180473e-16
0.69310512880526365
1.2806912847635645
1.6733038021120183
1.8111709841256567
1.6733038021120186
1.2806912847635648
0.69310512880526498
-0
-0.75021158540147281
-1.3862102576105277
-1.8111709841256571
-1.9603973466135105
-1.8111709841256571
-1.386210257610528
-0.75021158540147304
-2.4007943355872002e-16
0.75021158540147259
1.3862102576105277
1.8111709841256567
1.9603973466135105
1.8111709841256569
1.3862102576105282
0.75021158540147403
-0
-0.69310512880526387
-1.2806912847635645
-1.673303802112019
-1.8111709841256569
-1.673303802112019
-1.2806912847635648
-0.69310512880526409
-2.2180447484180475e-16
0.69310512880526365
1.2806912847635645
1.6733038021120186
1.8111709841256569
1.6733038021120188
1.280691284763565
0.69310512880526498
-0
-0.53047969936209227
-0.98019867330675536
-1.2806912847635652
-1.3862102576105282
-1.2806912847635652
-0.98019867330675547
-0.53047969936209238
-1.6976179549279615e-16
0.53047969936209216
0.98019867330675536
1.280691284763565
1.3862102576105282
1.2806912847635652
0.9801986733067557
0.53047969936209316
-0
-0.28709354450149177
-0.53047969936209294
-0.69310512880526509
-0.75021158540147403
-0.69310512880526509
-0.53047969936209305
-0.28709354450149183
-9.1874421674517639e-17
0.28709354450149166
0.53047969936209294
0.69310512880526498
0.75021158540147403
0.69310512880526498
0.53047969936209305
0.28709354450149221
0
0
0
0
0
0
0
0
0
-0
-0
-0
-0
-0
-0
-0
0
0.28709354450149127
0.53047969936209205
0.69310512880526398
0.75021158540147281
0.69310512880526398
0.53047969936209216
0.28709354450149138
9.1874421674517504e-17
-0.28709354450149122
-0.53047969936209205
-0.69310512880526387
-0.75021158540147281
-0.69310512880526398
-0.53047969936209227
-0.28709354450149177
0
0.53047969936209205
0.98019867330675503
1.280691284763565
1.3862102576105277
1.280691284763565
0.98019867330675514
0.53047969936209227
1.697617954927961e-16
-0.53047969936209194
-0.98019867330675503
-1.2806912847635645
-1.3862102576105277
-1.2806912847635648
-0.98019867330675536
-0.53047969936209294
0
0.69310512880526398
1.2806912847635648
1.6733038021120192
1.8111709841256571
1.6733038021120192
1.280691284763565
0.6931051288052642
2.2180447484180478e-16
-0.69310512880526376
-1.2806912847635648
-1.6733038021120188
-1.8111709841256571
-1.673303802112019
-1.2806912847635652
-0.69310512880526509
0
0.75021158540147281
1.3862102576105277
1.8111709841256571
1.9603973466135105
1.8111709841256571
1.386210257610528
0.75021158540147304
2.4007943355872002e-16
-0.75021158540147259
-1.3862102576105277
-1.8111709841256567
-1.9603973466135105
-1.8111709841256569
-1.3862102576105282
-0.75021158540147403
0
0.69310512880526398
1.2806912847635648
1.6733038021120192
1.8111709841256571
1.6733038021120192
1.280691284763565
0.6931051288052642
2.2180447484180478e-16
-0.69310512880526376
-1.2806912847635648
-1.6733038021120188
-1.8111709841256571
-1.673303802112019
-1.2806912847635652
-0.69310512880526509
0
0.53047969936209216
0.98019867330675514
1.280691284763565
1.386210257610528
1.280691284763565
0.98019867330675536
0.53047969936209238
1.6976179549279613e-16
-0.53047969936209205
-0.98019867330675514
-1.2806912847635648
-1.386210257610528
-1.280691284763565
-0.98019867330675547
-0.53047969936209305
0
0.28709354450149138
0.53047969936209227
0.6931051288052642
0.75021158540147304
0.6931051288052642
0.53047969936209227
0.28709354450149149
9.1874421674517528e-17
-0.28709354450149127
-0.53047969936209227
-0.69310512880526409
-0.75021158540147304
-0.69310512880526409
-0.53047969936209238
-0.28709354450149183
0
9.1874421674517491e-17
1.6976179549279608e-16
2.2180447484180478e-16
2.4007943355872002e-16
2.2180447484180478e-16
1.697617954927961e-16
9.1874421674517516e-17
2.9401250984879613e-32
-9.1874421674517467e-17
-1.6976179549279608e-16
-2.218044748418047e-16
-2.4007943355872002e-16
-2.2180447484180475e-16
-1.6976179549279613e-16
-9.1874421674517639e-17
-0
-0.28709354450149122
-0.53047969936209194
-0.69310512880526376
-0.75021158540147259
-0.69310512880526376
-0.53047969936209205
-0.28709354450149133
-9.1874421674517467e-17
0.2870935445014911
0.53047969936209194
0.69310512880526365
0.75021158540147259
0.69310512880526376
0.53047969936209205
0.28709354450149166
-0
-0.53047969936209205
-0.98019867330675503
-1.280691284763565
-1.3862102576105277
-1.280691284763565
-0.98019867330675514
-0.53047969936209227
-1.697617954927961e-16
0.53047969936209194
0.98019867330675503
1.2806912847635645
1.3862102576105277
1.2806912847635648
0.98019867330675536
0.53047969936209294
-0
-0.69310512880526376
-1.2806912847635645
-1.6733038021120188
-1.8111709841256567
-1.6733038021120188
-1.2806912847635645
-0.69310512880526398
-2.2180447484180473e-16
0.69310512880526365
1.2806912847635645
1.6733038021120183
1.8111709841256567
1.6733038021120186
1.2806912847635648
0.69310512880526498
-0
-0.75021158540147281
-1.3862102576105277
-1.8111709841256571
-1.9603973466135105
-1.8111709841256571
-1.386210257610528
-0.75021158540147304
-2.4007943355872002e-16
0.75021158540147259
1.3862102576105277
1.8111709841256567
1.9603973466135105
1.8111709841256569
1.3862102576105282
0.75021158540147403
-0
-0.69310512880526387
-1.2806912847635645
-1.673303802112019
-1.8111709841256569
-1.673303802112019
-1.2806912847635648
-0.69310512880526409
-2.2180447484180475e-16
0.69310512880526365
1.2806912847635645
1.6733038021120186
1.8111709841256569
1.6733038021120188
1.280691284763565
0.69310512880526498
-0
-0.53047969936209227
-0.98019867330675536
-1.2806912847635652
-1.3862102576105282
-1.2806912847635652
-0.98019867330675547
-0.53047969936209238
-1.6976179549279615e-16
0.53047969936209216
0.98019867330675536
1.280691284763565
1.3862102576105282
1.2806912847635652
0.9801986733067557
0.53047969936209316
-0
-0.28709354450149177
-0.53047969936209294
-0.69310512880526509
-0.75021158540147403
-0.69310512880526509
-0.53047969936209305
-0.28709354450149183
-9.1874421674517639e-17
0.28709354450149166
0.53047969936209294
0.69310512880526498
0.75021158540147403
0.69310512880526498
0.53047969936209305
0.28709354450149221
0
0
0
0
0
0
0
0
0
-0
-0
-0
-0
-0
-0
-0
0
0.28709354450149127
0.53047969936209205
0.69310512880526398
0.75021158540147281
0.69310512880526398
0.53047969936209216
0.28709354450149138
9.1874421674517504e-17
-0.28709354450149122
-0.53047969936209205
-0.69310512880526387
-0.75021158540147281
-0.69310512880526398
-0.53047969936209227
-0.28709354450149177
0
0.53047969936209205
0.98019867330675503
1.280691284763565
1.3862102576105277
1.280691284763565
0.98019867330675514
0.53047969936209227
1.697617954927961e-16
-0.53047969936209194
-0.98019867330675503
-1.2806912847635645
-1.3862102576105277
-1.2806912847635648
-0.98019867330675536
-0.53047969936209294
0
0.69310512880526398
1.2806912847635648
1.6733038021120192
1.8111709841256571
1.6733038021120192
1.280691284763565
0.6931051288052642
2.2180447484180478e-16
-0.69310512880526376
-1.2806912847635648
-1.6733038021120188
-1.8111709841256571
-1.673303802112019
-1.2806912847635652
-0.69310512880526509
0
0.75021158540147281
1.3862102576105277
1.8111709841256571
1.9603973466135105
1.8111709841256571
1.386210257610528
0.75021158540147304
2.4007943355872002e-16
-0.75021158540147259
-1.3862102576105277
-1.8111709841256567
-1.9603973466135105
-1.8111709841256569
-1.3862102576105282
-0.75021158540147403
0
0.69310512880526398
1.2806912847635648
1.6733038021120192
1.8111709841256571
1.6733038021120192
1.280691284763565
0.6931051288052642
2.2180447484180478e-16
-0.69310512880526376
-1.2806912847635648
-1.6733038021120188
-1.8111709841256571
-1.673303802112019
-1.2806912847635652
-0.69310512880526509
0
0.53047969936209216
0.98019867330675514
1.280691284763565
1.386210257610528
1.280691284763565
0.98019867330675536
0.53047969936209238
1.6976179549279613e-16
-0.53047969936209205
-0.98019867330675514
-1.2806912847635648
-1.386210257610528
-1.280691284763565
-0.98019867330675547
-0.53047969936209305
0
0.28709354450149138
0.53047969936209227
0.6931051288052642
0.75021158540147304
0.6931051288052642
0.53047969936209227
0.28709354450149149
9.1874421674517528e-17
-0.28709354450149127
-0.53047969936209227
-0.69310512880526409
-0.75021158540147304
-0.69310512880526409
-0.53047969936209238
-0.28709354450149183
0
9.1874421674517491e-17
1.6976179549279608e-16
2.2180447484180478e-16
2.4007943355872002e-16
2.2180447484180478e-16
1.697617954927961e-16
9.1874421674517516e-17
2.9401250984879613e-32
-9.1874421674517467e-17
-1.6976179549279608e-16
-2.218044748418047e-16
-2.4007943355872002e-16
-2.2180447484180475e-16
-1.6976179549279613e-16
-9.1874421674517639e-17
-0
-0.28709354450149122
-0.53047969936209194
-0.69310512880526376
-0.75021158540147259
-0.69310512880526376
-0.53047969936209205
-0.28709354450149133
-9.1874421674517467e-17
0.2870935445014911
0.53047969936209194
0.69310512880526365
0.75021158540147259
0.69310512880526376
0.53047969936209205
0.28709354450149166
-0
-0.53047969936209205
-0.98019867330675503
-1.280691284763565
-1.3862102576105277
-1.280691284763565
-0.98019867330675514
-0.53047969936209227
-1.697617954927961e-16
0.53047969936209194
0.98019867330675503
1.2806912847635645
1.3862102576105277
1.2806912847635648
0.98019867330675536
0.53047969936209294
-0
-0.69310512880526376
-1.2806912847635645
-1.6733038021120188
-1.8111709841256567
-1.6733038021120188
-1.2806912847635645
-0.69310512880526398
-2.2180447484180473e-16
0.69310512880526365
1.2806912847635645
1.6733038021120183
1.8111709841256567
1.6733038021120186
1.2806912847635648
0.69310512880526498
-0
-0.75021158540147281
-1.3862102576105277
-1.8111709841256571
-1.9603973466135105
-1.8111709841256571
-1.386210257610528
-0.75021158540147304
-2.4007943355872002e-16
0.75021158540147259
1.3862102576105277
1.8111709841256567
1.9603973466135105
1.8111709841256569
1.3862102576105282
0.75021158540147403
-0
-0.69310512880526387
-1.2806912847635645
-1.673303802112019
-1.8111709841256569
-1.673303802112019
-1.2806912847635648
-0.69310512880526409
-2.2180447484180475e-16
0.69310512880526365
1.2806912847635645
1.6733038021120186
1.8111709841256569
1.6733038021120188
1.280691284763565
0.69310512880526498
-0
-0.53047969936209227
-0.98019867330675536
-1.2806912847635652
-1.3862102576105282
-1.2806912847635652
-0.98019867330675547
-0.53047969936209238
-1.6976179549279615e-16
0.53047969936209216
0.98019867330675536
1.280691284763565
1.3862102576105282
1.2806912847635652
0.9801986733067557
0.53047969936209316
-0
-0.28709354450149177
-0.53047969936209294
-0.69310512880526509
-0.75021158540147403
-0.69310512880526509
-0.53047969936209305
-0.28709354450149183
-9.1874421674517639e-17
0.28709354450149166
0.53047969936209294
0.69310512880526498
0.75021158540147403
0.69310512880526498
0.53047969936209305
0.28709354450149221
0
0
0
0
0
0
0
0
0
-0
-0
-0
-0
-0
-0
-0
0
0.28709354450149127
0.53047969936209205
0.69310512880526398
0.75021158540147281
0.69310512880526398
0.53047969936209216
0.28709354450149138
9.1874421674517504e-17
-0.28709354450149122
-0.53047969936209205
-0.69310512880526387
-0.75021158540147281
-0.69310512880526398
-0.53047969936209227
-0.28709354450149177
0
0.53047969936209205
0.98019867330675503
1.280691284763565
1.3862102576105277
1.280691284763565
0.98019867330675514
0.53047969936209227
1.697617954927961e-16
-0.53047969936209194
-0.98019867330675503
-1.2806912847635645
-1.3862102576105277
-1.2806912847635648
-0.98019867330675536
-0.53047969936209294
0
0.69310512880526398
1.2806912847635648
1.6733038021120192
1.8111709841256571
1.6733038021120192
1.280691284763565
0.6931051288052642
2.2180447484180478e-16
-0.69310512880526376
-1.2806912847635648
-1.6733038021120188
-1.8111709841256571
-1.673303802112019
-1.2806912847635652
-0.69310512880526509
0
0.75021158540147281
1.3862102576105277
1.8111709841256571
1.9603973466135105
1.8111709841256571
1.386210257610528
0.75021158540147304
2.4007943355872002e-16
-0.75021158540147259
-1.3862102576105277
-1.8111709841256567
-1.9603973466135105
-1.8111709841256569
-1.3862102576105282
-0.75021158540147403
0
0.69310512880526398
1.2806912847635648
1.6733038021120192
1.8111709841256571
1.6733038021120192
1.280691284763565
0.6931051288052642
2.2180447484180478e-16
-0.69310512880526376
-1.2806912847635648
-1.6733038021120188
-1.8111709841256571
-1.673303802112019
-1.2806912847635652
-0.69310512880526509
0
0.53047969936209216
0.98019867330675514
1.280691284763565
1.386210257610528
1.280691284763565
0.98019867330675536
0.53047969936209238
1.6976179549279613e-16
-0.53047969936209205
-0.98019867330675514
-1.2806912847635648
-1.386210257610528
-1.280691284763565
-0.98019867330675547
-0.53047969936209305
0
0.28709354450149138
0.53047969936209227
0.6931051288052642
0.75021158540147304
0.6931051288052642
0.53047969936209227
0.28709354450149149
9.1874421674517528e-17
-0.28709354450149127
-0.53047969936209227
-0.69310512880526409
-0.75021158540147304
-0.69310512880526409
-0.53047969936209238
-0.28709354450149183
0
9.1874421674517491e-17
1.6976179549279608e-16
2.2180447484180478e-16
2.4007943355872002e-16
2.2180447484180478e-16
1.697617954927961e-16
9.1874421674517516e-17
2.9401250984879613e-32
-9.1874421674517467e-17
-1.6976179549279608e-16
-2.218044748418047e-16
-2.4007943355872002e-16
-2.2180447484180475e-16
-1.6976179549279613e-16
-9.1874421674517639e-17
-0
-0.28709354450149122
-0.53047969936209194
-0.69310512880526376
-0.75021158540147259
-0.69310512880526376
-0.53047969936209205
-0.28709354450149133
-9.1874421674517467e-17
0.2870935445014911
0.53047969936209194
0.69310512880526365
0.75021158540147259
0.69310512880526376
0.53047969936209205
0.28709354450149166
-0
-0.53047969936209205
-0.98019867330675503
-1.280691284763565
-1.3862102576105277
-1.280691284763565
-0.98019867330675514
-0.53047969936209227
-1.697617954927961e-16
0.53047969936209194
0.98019867330675503
1.2806912847635645
1.3862102576105277
1.2806912847635648
0.98019867330675536
0.53047969936209294
-0
-0.69310512880526376
-1.2806912847635645
-1.6733038021120188
-1.8111709841256567
-1.6733038021120188
-1.2806912847635645
-0.69310512880526398
-2.2180447484180473e-16
0.69310512880526365
1.2806912847635645
1.6733038021120183
1.8111709841256567
1.6733038021120186
1.2806912847635648
0.69310512880526498
-0
-0.75021158540147281
-1.3862102576105277
-1.8111709841256571
-1.9603973466135105
-1.8111709841256571
-1.386210257610528
-0.75021158540147304
-2.4007943355872002e-16
0.75021158540147259
1.3862102576105277
1.8111709841256567
1.9603973466135105
1.8111709841256569
1.3862102576105282
0.75021158540147403
-0
-0.69310512880526387
-1.2806912847635645
-1.673303802112019
-1.8111709841256569
-1.673303802112019
-1.2806912847635648
-0.69310512880526409
-2.2180447484180475e-16
0.69310512880526365
1.2806912847635645
1.6733038021120186
1.8111709841256569
1.6733038021120188
1.280691284763565
0.69310512880526498
-0
-0.53047969936209227
-0.98019867330675536
-1.2806912847635652
-1.3862102576105282
-1.2806912847635652
-0.98019867330675547
-0.53047969936209238
-1.6976179549279615e-16
0.53047969936209216
0.98019867330675536
1.280691284763565
1.3862102576105282
1.2806912847635652
0.9801986733067557
0.53047969936209316
-0
-0.28709354450149177
-0.53047969936209294
-0.69310512880526509
-0.75021158540147403
-0.69310512880526509
-0.53047969936209305
-0.28709354450149183
-9.1874421674517639e-17
0.28709354450149166
0.53047969936209294
0.69310512880526498
0.75021158540147403
0.69310512880526498
0.53047969936209305
0.28709354450149221
0
0
0
0
0
0
0
0
0
-0
-0
-0
-0
-0
-0
-0
0
0.28709354450149127
0.53047969936209205
0.69310512880526398
0.75021158540147281
0.69310512880526398
0.53047969936209216
0.28709354450149138
9.1874421674517504e-17
-0.28709354450149122
-0.53047969936209205
-0.69310512880526387
-0.75021158540147281
-0.69310512880526398
-0.53047969936209227
-0.28709354450149177
0
0.53047969936209205
0.98019867330675503
1.280691284763565
1.3862102576105277
1.280691284763565
0.98019867330675514
0.53047969936209227
1.697617954927961e-16
-0.53047969936209194
-0.98019867330675503
-1.2806912847635645
-1.3862102576105277
-1.2806912847635648
-0.98019867330675536
-0.53047969936209294
0
0.69310512880526398
1.2806912847635648
1.6733038021120192
1.8111709841256571
1.6733038021120192
1.280691284763565
0.6931051288052642
2.2180447484180478e-16
-0.69310512880526376
-1.2806912847635648
-1.6733038021120188
-1.8111709841256571
-1.673303802112019
-1.2806912847635652
-0.69310512880526509
0
0.75021158540147281
1.3862102576105277
1.8111709841256571
1.9603973466135105
1.8111709841256571
1.386210257610528
0.75021158540147304
2.4007943355872002e-16
-0.75021158540147259
-1.3862102576105277
-1.8111709841256567
-1.9603973466135105
-1.8111709841256569
-1.3862102576105282
-0.75021158540147403
0
0.69310512880526398
1.2806912847635648
1.6733038021120192
1.8111709841256571
1.6733038021120192
1.280691284763565
0.6931051288052642
2.2180447484180478e-16
-0.69310512880526376
-1.2806912847635648
-1.6733038021120188
-1.8111709841256571
-1.673303802112019
-1.2806912847635652
-0.69310512880526509
0
0.53047969936209216
0.98019867330675514
1.280691284763565
1.386210257610528
1.280691284763565
0.98019867330675536
0.53047969936209238
1.6976179549279613e-16
-0.53047969936209205
-0.98019867330675514
-1.2806912847635648
-1.386210257610528
-1.280691284763565
-0.98019867330675547
-0.53047969936209305
0
0.28709354450149138
0.53047969936209227
0.6931051288052642
0.75021158540147304
0.6931051288052642
0.53047969936209227
0.28709354450149149
9.1874421674517528e-17
-0.28709354450149127
-0.53047969936209227
-0.69310512880526409
-0.75021158540147304
-0.69310512880526409
-0.53047969936209238
-0.28709354450149183
0
9.1874421674517491e-17
1.6976179549279608e-16
2.2180447484180478e-16
2.4007943355872002e-16
2.2180447484180478e-16
1.697617954927961e-16
9.1874421674517516e-17
2.9401250984879613e-32
-9.1874421674517467e-17
-1.6976179549279608e-16
-2.218044748418047e-16
-2.4007943355872002e-16
-2.2180447484180475e-16
-1.6976179549279613e-16
-9.1874421674517639e-17
-0
-0.28709354450149122
-0.53047969936209194
-0.69310512880526376
-0.75021158540147259
-0.69310512880526376
-0.53047969936209205
-0.28709354450149133
-9.1874421674517467e-17
0.2870935445014911
0.53047969936209194
0.69310512880526365
0.75021158540147259
0.69310512880526376
0.53047969936209205
0.28709354450149166
-0
-0.53047969936209205
-0.98019867330675503
-1.280691284763565
-1.3862102576105277
-1.280691284763565
-0.98019867330675514
-0.53047969936209227
-1.697617954927961e-16
0.53047969936209194
0.98019867330675503
1.2806912847635645
1.3862102576105277
1.2806912847635648
0.98019867330675536
0.53047969936209294
-0
-0.69310512880526376
-1.2806912847635645
-1.6733038021120188
-1.8111709841256567
-1.6733038021120188
-1.2806912847635645
-0.69310512880526398
-2.2180447484180473e-16
0.69310512880526365
1.2806912847635645
1.6733038021120183
1.8111709841256567
1.6733038021120186
1.2806912847635648
0.69310512880526498
-0
-0.75021158540147281
-1.3862102576105277
-1.8111709841256571
-1.9603973466135105
-1.8111709841256571
-1.386210257610528
-0.75021158540147304
-2.4007943355872002e-16
0.75021158540147259
1.3862102576105277
1.8111709841256567
1.9603973466135105
1.8111709841256569
1.3862102576105282
0.75021158540147403
-0
-0.69310512880526387
-1.2806912847635645
-1.673303802112019
-1.8111709841256569
-1.673303802112019
-1.2806912847635648
-0.69310512880526409
-2.2180447484180475e-16
0.69310512880526365
1.2806912847635645
1.6733038021120186
1.8111709841256569
1.6733038021120188
1.280691284763565
0.69310512880526498
-0
-0.53047969936209227
-0.98019867330675536
-1.2806912847635652
-1.3862102576105282
-1.2806912847635652
-0.98019867330675547
-0.53047969936209238
-1.6976179549279615e-16
0.53047969936209216
0.98019867330675536
1.280691284763565
1.3862102576105282
1.2806912847635652
0.9801986733067557
0.53047969936209316
-0
-0.28709354450149177
-0.53047969936209294
-0.69310512880526509
-0.75021158540147403
-0.69310512880526509
-0.53047969936209305
-0.28709354450149183
-9.1874421674517639e-17
0.28709354450149166
0.53047969936209294
0.69310512880526498
0.75021158540147403
0.69310512880526498
0.53047969936209305
0.28709354450149221
0
0
0
0
0
0
0
0
0
-0
-0
-0
-0
-0
-0
-0
0
0.28709354450149127
0.53047969936209205
0.69310512880526398
0.75021158540147281
0.69310512880526398
0.53047969936209216
0.28709354450149138
9.1874421674517504e-17
-0.28709354450149122
-0.53047969936209205
-0.69310512880526387
-0.75021158540147281
-0.69310512880526398
-0.53047969936209227
-0.28709354450149177
0
0.53047969936209205
0.98019867330675503
1.280691284763565
1.3862102576105277
1.280691284763565
0.98019867330675514
0.53047969936209227
1.697617954927961e-16
-0.53047969936209194
-0.98019867330675503
-1.2806912847635645
-1.3862102576105277
-1.2806912847635648
-0.98019867330675536
-0.53047969936209294
0
0.69310512880526398
1.2806912847635648
1.6733038021120192
1.8111709841256571
1.6733038021120192
1.280691284763565
0.6931051288052642
2.2180447484180478e-16
-0.69310512880526376
-1.2806912847635648
-1.6733038021120188
-1.8111709841256571
-1.673303802112019
-1.2806912847635652
-0.69310512880526509
0
0.75021158540147281
1.3862102576105277
1.8111709841256571
1.9603973466135105
1.8111709841256571
1.386210257610528
0.75021158540147304
2.4007943355872002e-16
-0.75021158540147259
-1.3862102576105277
-1.8111709841256567
-1.9603973466135105
-1.8111709841256569
-1.3862102576105282
-0.75021158540147403
0
0.69310512880526398
1.2806912847635648
1.6733038021120192
1.8111709841256571
1.6733038021120192
1.280691284763565
0.6931051288052642
2.2180447484180478e-16
-0.69310512880526376
-1.2806912847635648
-1.6733038021120188
-1.8111709841256571
-1.673303802112019
-1.2806912847635652
-0.69310512880526509
0
0.53047969936209216
0.98019867330675514
1.280691284763565
1.386210257610528
1.280691284763565
0.98019867330675536
0.53047969936209238
1.6976179549279613e-16
-0.53047969936209205
-0.98019867330675514
-1.2806912847635648
-1.386210257610528
-1.280691284763565
-0.98019867330675547
-0.53047969936209305
0
0.28709354450149138
0.53047969936209227
0.6931051288052642
0.75021158540147304
0.6931051288052642
0.53047969936209227
0.28709354450149149
9.1874421674517528e-17
-0.28709354450149127
-0.53047969936209227
-0.69310512880526409
-0.75021158540147304
-0.69310512880526409
-0.53047969936209238
-0.28709354450149183
0
9.1874421674517491e-17
1.6976179549279608e-16
2.2180447484180478e-16
2.4007943355872002e-16
2.2180447484180478e-16
1.697617954927961e-16
9.1874421674517516e-17
2.9401250984879613e-32
-9.1874421674517467e-17
-1.6976179549279608e-16
-2.218044748418047e-16
-2.4007943355872002e-16
-2.2180447484180475e-16
-1.6976179549279613e-16
-9.1874421674517639e-17
-0
-0.28709354450149122
-0.53047969936209194
-0.69310512880526376
-0.75021158540147259
-0.69310512880526376
-0.53047969936209205
-0.28709354450149133
-9.1874421674517467e-17
0.2870935445014911
0.53047969936209194
0.69310512880526365
0.75021158540147259
0.69310512880526376
0.53047969936209205
0.28709354450149166
-0
-0.53047969936209205
-0.98019867330675503
-1.280691284763565
-1.3862102576105277
-1.280691284763565
-0.98019867330675514
-0.53047969936209227
-1.697617954927961e-16
0.53047969936209194
0.98019867330675503
1.2806912847635645
1.3862102576105277
1.2806912847635648
0.98019867330675536
0.53047969936209294
-0
-0.69310512880526376
-1.2806912847635645
-1.6733038021120188
-1.8111709841256567
-1.6733038021120188
-1.2806912847635645
-0.69310512880526398
-2.2180447484180473e-16
0.69310512880526365
1.2806912847635645
1.6733038021120183
1.8111709841256567
1.6733038021120186
1.2806912847635648
0.69310512880526498
-0
-0.75021158540147281
-1.3862102576105277
-1.8111709841256571
-1.9603973466135105
-1.8111709841256571
-1.386210257610528
-0.75021158540147304
-2.4007943355872002e-16
0.75021158540147259
1.3862102576105277
1.8111709841256567
1.9603973466135105
1.8111709841256569
1.3862102576105282
0.75021158540147403
-0
-0.69310512880526387
-1.2806912847635645
-1.673303802112019
-1.8111709841256569
-1.673303802112019
-1.2806912847635648
-0.69310512880526409
-2.2180447484180475e-16
0.69310512880526365
1.2806912847635645
1.6733038021120186
1.8111709841256569
1.6733038021120188
1.280691284763565
0.69310512880526498
-0
-0.53047969936209227
-0.98019867330675536
-1.2806912847635652
-1.3862102576105282
-1.2806912847635652
-0.98019867330675547
-0.53047969936209238
-1.6976179549279615e-16
0.53047969936209216
0.98019867330675536
1.280691284763565
1.3862102576105282
1.2806912847635652
0.9801986733067557
0.53047969936209316
-0
-0.28709354450149177
-0.53047969936209294
-0.69310512880526509
-0.75021158540147403
-0.69310512880526509
-0.53047969936209305
-0.28709354450149183
-9.1874421674517639e-17
0.28709354450149166
0.53047969936209294
0.69310512880526498
0.75021158540147403
0.69310512880526498
0.53047969936209305
0.28709354450149221
0
0
0
0
0
0
0
0
0
-0
-0
-0
-0
-0
-0
-0
0
0.28709354450149127
0.53047969936209205
0.69310512880526398
0.75021158540147281
0.69310512880526398
0.53047969936209216
0.28709354450149138
9.1874421674517504e-17
-0.28709354450149122
-0.53047969936209205
-0.69310512880526387
-0.75021158540147281
-0.69310512880526398
-0.53047969936209227
-0.28709354450149177
0
0.53047969936209205
0.98019867330675503
1.280691284763565
1.3862102576105277
1.280691284763565
0.98019867330675514
0.53047969936209227
1.697617954927961e-16
-0.53047969936209194
-0.98019867330675503
-1.2806912847635645
-1.3862102576105277
-1.2806912847635648
-0.98019867330675536
-0.53047969936209294
0
0.69310512880526398
1.2806912847635648
1.6733038021120192
1.8111709841256571
1.6733038021120192
1.280691284763565
0.6931051288052642
2.2180447484180478e-16
-0.69310512880526376
-1.2806912847635648
-1.6733038021120188
-1.8111709841256571
-1.673303802112019
-1.2806912847635652
-0.69310512880526509
0
0.75021158540147281
1.3862102576105277
1.8111709841256571
1.9603973466135105
1.8111709841256571
1.386210257610528
0.75021158540147304
2.4007943355872002e-16
-0.75021158540147259
-1.3862102576105277
-1.8111709841256567
-1.9603973466135105
-1.8111709841256569
-1.3862102576105282
-0.75021158540147403
0
0.69310512880526398
1.2806912847635648
1.6733038021120192
1.8111709841256571
1.6733038021120192
1.280691284763565
0.6931051288052642
2.2180447484180478e-16
-0.69310512880526376
-1.2806912847635648
-1.6733038021120188
-1.8111709841256571
-1.673303802112019
-1.2806912847635652
-0.69310512880526509
0
0.53047969936209216
0.98019867330675514
1.280691284763565
1.386210257610528
1.280691284763565
0.98019867330675536
0.53047969936209238
1.6976179549279613e-16
-0.53047969936209205
-0.98019867330675514
-1.2806912847635648
-1.386210257610528
-1.280691284763565
-0.98019867330675547
-0.53047969936209305
0
0.28709354450149138
0.53047969936209227
0.6931051288052642
0.75021158540147304
0.6931051288052642
0.53047969936209227
0.28709354450149149
9.1874421674517528e-17
-0.28709354450149127
-0.53047969936209227
-0.69310512880526409
-0.75021158540147304
-0.69310512880526409
-0.53047969936209238
-0.28709354450149183
0
9.1874421674517491e-17
1.6976179549279608e-16
2.2180447484180478e-16
2.4007943355872002e-16
2.2180447484180478e-16
1.697617954927961e-16
9.1874421674517516e-17
2.9401250984879613e-32
-9.1874421674517467e-17
-1.6976179549279608e-16
-2.218044748418047e-16
-2.4007943355872002e-16
-2.2180447484180475e-16
-1.6976179549279613e-16
-9.1874421674517639e-17
-0
-0.28709354450149122
-0.53047969936209194
-0.69310512880526376
-0.75021158540147259
-0.69310512880526376
-0.53047969936209205
-0.28709354450149133
-9.1874421674517467e-17
0.2870935445014911
0.53047969936209194
0.69310512880526365
0.75021158540147259
0.69310512880526376
0.53047969936209205
0.28709354450149166
-0
-0.53047969936209205
-0.98019867330675503
-1.280691284763565
-1.3862102576105277
-1.280691284763565
-0.98019867330675514
-0.53047969936209227
-1.697617954927961e-16
0.53047969936209194
0.98019867330675503
1.2806912847635645
1.3862102576105277
1.2806912847635648
0.98019867330675536
0.53047969936209294
-0
-0.69310512880526376
-1.2806912847635645
-1.6733038021120188
-1.8111709841256567
-1.6733038021120188
-1.2806912847635645
-0.69310512880526398
-2.2180447484180473e-16
0.69310512880526365
1.2806912847635645
1.6733038021120183
1.8111709841256567
1.6733038021120186
1.2806912847635648
0.69310512880526498
-0
-0.75021158540147281
-1.3862102576105277
-1.8111709841256571
-1.9603973466135105
-1.8111709841256571
-1.386210257610528
-0.75021158540147304
-2.4007943355872002e-16
0.75021158540147259
1.3862102576105277
1.8111709841256567
1.9603973466135105
1.8111709841256569
1.3862102576105282
0.75021158540147403
-0
-0.69310512880526387
-1.2806912847635645
-1.673303802112019
-1.8111709841256569
-1.673303802112019
-1.2806912847635648
-0.69310512880526409
-2.2180447484180475e-16
0.69310512880526365
1.2806912847635645
1.6733038021120186
1.8111709841256569
1.6733038021120188
1.280691284763565
0.69310512880526498
-0
-0.53047969936209227
-0.98019867330675536
-1.2806912847635652
-1.3862102576105282
-1.2806912847635652
-0.98019867330675547
-0.53047969936209238
-1.6976179549279615e-16
0.53047969936209216
0.98019867330675536
1.280691284763565
1.3862102576105282
1.2806912847635652
0.9801986733067557
0.53047969936209316
-0
-0.28709354450149177
-0.53047969936209294
-0.69310512880526509
-0.75021158540147403
-0.69310512880526509
-0.53047969936209305
-0.28709354450149183
-9.1874421674517639e-17
0.28709354450149166
0.53047969936209294
0.69310512880526498
0.75021158540147403
0.69310512880526498
0.53047969936209305
0.28709354450149221
0
0
0
0
0
0
0
0
0
-0
-0
-0
-0
-0
-0
-0
0
0.28709354450149127
0.53047969936209205
0.69310512880526398
0.75021158540147281
0.69310512880526398
0.53047969936209216
0.28709354450149138
9.1874421674517504e-17
-0.28709354450149122
-0.53047969936209205
-0.69310512880526387
-0.75021158540147281
-0.69310512880526398
-0.53047969936209227
-0.28709354450149177
0
0.53047969936209205
0.98019867330675503
1.280691284763565
1.3862102576105277
1.280691284763565
0.98019867330675514
0.53047969936209227
1.697617954927961e-16
-0.53047969936209194
-0.98019867330675503
-1.2806912847635645
-1.3862102576105277
-1.2806912847635648
-0.98019867330675536
-0.53047969936209294
0
0.69310512880526398
1.2806912847635648
1.6733038021120192
1.8111709841256571
1.6733038021120192
1.280691284763565
0.6931051288052642
2.2180447484180478e-16
-0.69310512880526376
-1.2806912847635648
-1.6733038021120188
-1.8111709841256571
-1.673303802112019
-1.2806912847635652
-0.69310512880526509
0
0.75021158540147281
1.3862102576105277
1.8111709841256571
1.9603973466135105
1.8111709841256571
1.386210257610528
0.75021158540147304
2.4007943355872002e-16
-0.75021158540147259
-1.3862102576105277
-1.8111709841256567
-1.9603973466135105
-1.8111709841256569
-1.3862102576105282
-0.75021158540147403
0
0.69310512880526398
1.2806912847635648
1.6733038021120192
1.8111709841256571
1.6733038021120192
1.280691284763565
0.6931051288052642
2.2180447484180478e-16
-0.69310512880526376
-1.2806912847635648
-1.6733038021120188
-1.8111709841256571
-1.673303802112019
-1.2806912847635652
-0.69310512880526509
0
0.53047969936209216
0.98019867330675514
1.280691284763565
1.386210257610528
1.280691284763565
0.98019867330675536
0.53047969936209238
1.6976179549279613e-16
-0.53047969936209205
-0.98019867330675514
-1.2806912847635648
-1.386210257610528
-1.280691284763565
-0.98019867330675547
-0.53047969936209305
0
0.28709354450149138
0.53047969936209227
0.6931051288052642
0.75021158540147304
0.6931051288052642
0.53047969936209227
0.28709354450149149
9.1874421674517528e-17
-0.28709354450149127
-0.53047969936209227
-0.69310512880526409
-0.75021158540147304
-0.69310512880526409
-0.53047969936209238
-0.28709354450149183
0
9.1874421674517491e-17
1.6976179549279608e-16
2.2180447484180478e-16
2.4007943355872002e-16
2.2180447484180478e-16
1.697617954927961e-16
9.1874421674517516e-17
2.9401250984879613e-32
-9.1874421674517467e-17
-1.6976179549279608e-16
-2.218044748418047e-16
-2.4007943355872002e-16
-2.2180447484180475e-16
-1.6976179549279613e-16
-9.1874421674517639e-17
-0
-0.28709354450149122
-0.53047969936209194
-0.69310512880526376
-0.75021158540147259
-0.69310512880526376
-0.53047969936209205
-0.28709354450149133
-9.1874421674517467e-17
0.2870935445014911
0.53047969936209194
0.69310512880526365
0.75021158540147259
0.69310512880526376
0.53047969936209205
0.28709354450149166
-0
-0.53047969936209205
-0.98019867330675503
-1.280691284763565
-1.3862102576105277
-1.280691284763565
-0.98019867330675514
-0.53047969936209227
-1.697617954927961e-16
0.53047969936209194
0.98019867330675503
1.2806912847635645
1.3862102576105277
1.2806912847635648
0.98019867330675536
0.53047969936209294
-0
-0.69310512880526376
-1.2806912847635645
-1.6733038021120188
-1.8111709841256567
-1.6733038021120188
-1.2806912847635645
-0.69310512880526398
-2.2180447484180473e-16
0.69310512880526365
1.2806912847635645
1.6733038021120183
1.8111709841256567
1.6733038021120186
1.2806912847635648
0.69310512880526498
-0
-0.75021158540147281
-1.3862102576105277
-1.8111709841256571
-1.9603973466135105
-1.8111709841256571
-1.386210257610528
-0.75021158540147304
-2.4007943355872002e-16
0.75021158540147259
1.3862102576105277
1.8111709841256567
1.9603973466135105
1.8111709841256569
1.3862102576105282
0.75021158540147403
-0
-0.69310512880526387
-1.2806912847635645
-1.673303802112019
-1.8111709841256569
-1.673303802112019
-1.2806912847635648
-0.69310512880526409
-2.2180447484180475e-16
0.69310512880526365
1.2806912847635645
1.6733038021120186
1.8111709841256569
1.6733038021120188
1.280691284763565
0.69310512880526498
-0
-0.53047969936209227
-0.98019867330675536
-1.2806912847635652
-1.3862102576105282
-1.2806912847635652
-0.98019867330675547
-0.53047969936209238
-1.6976179549279615e-16
0.53047969936209216
0.98019867330675536
1.280691284763565
1.3862102576105282
1.2806912847635652
0.9801986733067557
0.53047969936209316
-0
-0.28709354450149177
-0.53047969936209294
-0.69310512880526509
-0.75021158540147403
-0.69310512880526509
-0.53047969936209305
-0.28709354450149183
-9.1874421674517639e-17
0.28709354450149166
0.53047969936209294
0.69310512880526498
0.75021158540147403
0.69310512880526498
0.53047969936209305
0.28709354450149221
0
0
0
0
0
0
0
0
0
-0
-0
-0
-0
-0
-0
-0
0
0.28709354450149127
0.53047969936209205
0.69310512880526398
0.75021158540147281
0.69310512880526398
0.53047969936209216
0.28709354450149138
9.1874421674517504e-17
-0.28709354450149122
-0.53047969936209205
-0.69310512880526387
-0.75021158540147281
-0.69310512880526398
-0.53047969936209227
-0.28709354450149177
0
0.53047969936209205
0.98019867330675503
1.280691284763565
1.3862102576105277
1.280691284763565
0.98019867330675514
0.53047969936209227
1.697617954927961e-16
-0.53047969936209194
-0.98019867330675503
-1.2806912847635645
-1.3862102576105277
-1.2806912847635648
-0.98019867330675536
-0.53047969936209294
0
0.69310512880526398
1.2806912847635648
1.6733038021120192
1.8111709841256571
1.6733038021120192
1.280691284763565
0.6931051288052642
2.2180447484180478e-16
-0.69310512880526376
-1.2806912847635648
-1.6733038021120188
-1.8111709841256571
-1.673303802112019
-1.2806912847635652
-0.69310512880526509
0
0.75021158540147281
1.3862102576105277
1.8111709841256571
1.9603973466135105
1.8111709841256571
1.386210257610528
0.75021158540147304
2.4007943355872002e-16
-0.75021158540147259
-1.3862102576105277
-1.8111709841256567
-1.9603973466135105
-1.8111709841256569
-1.3862102576105282
-0.75021158540147403
0
0.69310512880526398
1.2806912847635648
1.6733038021120192
1.8111709841256571
1.6733038021120192
1.280691284763565
0.6931051288052642
2.2180447484180478e-16
-0.69310512880526376
-1.2806912847635648
-1.6733038021120188
-1.8111709841256571
-1.673303802112019
-1.2806912847635652
-0.69310512880526509
0
0.53047969936209216
0.98019867330675514
1.280691284763565
1.386210257610528
1.280691284763565
0.98019867330675536
0.53047969936209238
1.6976179549279613e-16
-0.53047969936209205
-0.98019867330675514
-1.2806912847635648
-1.386210257610528
-1.280691284763565
-0.98019867330675547
-0.53047969936209305
0
0.28709354450149138
0.53047969936209227
0.6931051288052642
0.75021158540147304
0.6931051288052642
0.53047969936209227
0.28709354450149149
9.1874421674517528e-17
-0.28709354450149127
-0.53047969936209227
-0.69310512880526409
-0.75021158540147304
-0.69310512880526409
-0.53047969936209238
-0.28709354450149183
0
9.1874421674517491e-17
1.6976179549279608e-16
2.2180447484180478e-16
2.4007943355872002e-16
2.2180447484180478e-16
1.697617954927961e-16
9.1874421674517516e-17
2.9401250984879613e-32
-9.1874421674517467e-17
-1.6976179549279608e-16
-2.218044748418047e-16
-2.4007943355872002e-16
-2.2180447484180475e-16
-1.6976179549279613e-16
-9.1874421674517639e-17
-0
-0.28709354450149122
-0.53047969936209194
-0.69310512880526376
-0.75021158540147259
-0.69310512880526376
-0.53047969936209205
-0.28709354450149133
-9.1874421674517467e-17
0.2870935445014911
0.53047969936209194
0.69310512880526365
0.75021158540147259
0.69310512880526376
0.53047969936209205
0.28709354450149166
-0
-0.53047969936209205
-0.98019867330675503
-1.280691284763565
-1.3862102576105277
-1.280691284763565
-0.98019867330675514
-0.53047969936209227
-1.697617954927961e-16
0.53047969936209194
0.98019867330675503
1.2806912847635645
1.3862102576105277
1.2806912847635648
0.98019867330675536
0.53047969936209294
-0
-0.69310512880526376
-1.2806912847635645
-1.6733038021120188
-1.8111709841256567
-1.6733038021120188
-1.2806912847635645
-0.69310512880526398
-2.2180447484180473e-16
0.69310512880526365
1.2806912847635645
1.6733038021120183
1.8111709841256567
1.6733038021120186
1.2806912847635648
0.69310512880526498
-0
-0.75021158540147281
-1.3862102576105277
-1.8111709841256571
-1.9603973466135105
-1.8111709841256571
-1.386210257610528
-0.75021158540147304
-2.4007943355872002e-16
0.75021158540147259
1.3862102576105277
1.8111709841256567
1.9603973466135105
1.8111709841256569
1.3862102576105282
0.75021158540147403
-0
-0.69310512880526387
-1.2806912847635645
-1.673303802112019
-1.8111709841256569
-1.673303802112019
-1.2806912847635648
-0.69310512880526409
-2.2180447484180475e-16
0.69310512880526365
1.2806912847635645
1.6733038021120186
1.8111709841256569
1.6733038021120188
1.280691284763565
0.69310512880526498
-0
-0.53047969936209227
-0.98019867330675536
-1.2806912847635652
-1.3862102576105282
-1.2806912847635652
-0.98019867330675547
-0.53047969936209238
-1.6976179549279615e-16
0.53047969936209216
0.98019867330675536
1.280691284763565
1.3862102576105282
1.2806912847635652
0.9801986733067557
0.53047969936209316
-0
-0.28709354450149177
-0.53047969936209294
-0.69310512880526509
-0.75021158540147403
-0.69310512880526509
-0.53047969936209305
-0.28709354450149183
-9.1874421674517639e-17
0.28709354450149166
0.53047969936209294
0.69310512880526498
0.75021158540147403
0.69310512880526498
0.53047969936209305
0.28709354450149221
0
0
0
0
0
0
0
0
0
-0
-0
-0
-0
-0
-0
-0
0
0.28709354450149127
0.53047969936209205
0.69310512880526398
0.75021158540147281
0.69310512880526398
0.53047969936209216
0.28709354450149138
9.1874421674517504e-17
-0.28709354450149122
-0.53047969936209205
-0.69310512880526387
-0.75021158540147281
-0.69310512880526398
-0.53047969936209227
-0.28709354450149177
0
0.53047969936209205
0.98019867330675503
1.280691284763565
1.3862102576105277
1.280691284763565
0.98019867330675514
0.53047969936209227
1.697617954927961e-16
-0.53047969936209194
-0.98019867330675503
-1.2806912847635645
-1.3862102576105277
-1.2806912847635648
-0.98019867330675536
-0.53047969936209294
0
0.69310512880526398
1.2806912847635648
1.6733038021120192
1.8111709841256571
1.6733038021120192
1.280691284763565
0.6931051288052642
2.2180447484180478e-16
-0.69310512880526376
-1.2806912847635648
-1.6733038021120188
-1.8111709841256571
-1.673303802112019
-1.2806912847635652
-0.69310512880526509
0
0.75021158540147281
1.3862102576105277
1.8111709841256571
1.9603973466135105
1.8111709841256571
1.386210257610528
0.75021158540147304
2.4007943355872002e-16
-0.75021158540147259
-1.3862102576105277
-1.8111709841256567
-1.9603973466135105
-1.8111709841256569
-1.3862102576105282
-0.75021158540147403
0
0.69310512880526398
1.2806912847635648
1.6733038021120192
1.8111709841256571
1.6733038021120192
1.280691284763565
0.6931051288052642
2.2180447484180478e-16
-0.69310512880526376
-1.2806912847635648
-1.6733038021120188
-1.8111709841256571
-1.673303802112019
-1.2806912847635652
-0.69310512880526509
0
0.53047969936209216
0.98019867330675514
1.280691284763565
1.386210257610528
1.280691284763565
0.98019867330675536
0.53047969936209238
1.6976179549279613e-16
-0.53047969936209205
-0.98019867330675514
-1.2806912847635648
-1.386210257610528
-1.280691284763565
-0.98019867330675547
-0.53047969936209305
0
0.28709354450149138
0.53047969936209227
0.6931051288052642
0.75021158540147304
0.6931051288052642
0.53047969936209227
0.28709354450149149
9.1874421674517528e-17
-0.28709354450149127
-0.53047969936209227
-0.69310512880526409
-0.75021158540147304
-0.69310512880526409
-0.53047969936209238
-0.28709354450149183
0
9.1874421674517491e-17
1.6976179549279608e-16
2.2180447484180478e-16
2.4007943355872002e-16
2.2180447484180478e-16
1.697617954927961e-16
9.1874421674517516e-17
2.9401250984879613e-32
-9.1874421674517467e-17
-1.6976179549279608e-16
-2.218044748418047e-16
-2.4007943355872002e-16
-2.2180447484180475e-16
-1.6976179549279613e-16
-9.1874421674517639e-17
-0
-0.28709354450149122
-0.53047969936209194
-0.69310512880526376
-0.75021158540147259
-0.69310512880526376
-0.53047969936209205
-0.28709354450149133
-9.1874421674517467e-17
0.2870935445014911
0.53047969936209194
0.69310512880526365
0.75021158540147259
0.69310512880526376
0.53047969936209205
0.28709354450149166
-0
-0.53047969936209205
-0.98019867330675503
-1.280691284763565
-1.3862102576105277
-1.280691284763565
-0.98019867330675514
-0.53047969936209227
-1.697617954927961e-16
0.53047969936209194
0.98019867330675503
1.2806912847635645
1.3862102576105277
1.2806912847635648
0.98019867330675536
0.53047969936209294
-0
-0.69310512880526376
-1.2806912847635645
-1.6733038021120188
-1.8111709841256567
-1.6733038021120188
-1.2806912847635645
-0.69310512880526398
-2.2180447484180473e-16
0.69310512880526365
1.2806912847635645
1.6733038021120183
1.8111709841256567
1.6733038021120186
1.2806912847635648
0.69310512880526498
-0
-0.75021158540147281
-1.3862102576105277
-1.8111709841256571
-1.9603973466135105
-1.8111709841256571
-1.386210257610528
-0.75021158540147304
-2.4007943355872002e-16
0.75021158540147259
1.3862102576105277
1.8111709841256567
1.9603973466135105
1.8111709841256569
1.3862102576105282
0.75021158540147403
-0
-0.69310512880526387
-1.2806912847635645
-1.673303802112019
-1.8111709841256569
-1.673303802112019
-1.2806912847635648
-0.69310512880526409
-2.2180447484180475e-16
0.69310512880526365
1.2806912847635645
1.6733038021120186
1.8111709841256569
1.6733038021120188
1.280691284763565
0.69310512880526498
-0
-0.53047969936209227
-0.98019867330675536
-1.2806912847635652
-1.3862102576105282
-1.2806912847635652
-0.98019867330675547
-0.53047969936209238
-1.6976179549279615e-16
0.53047969936209216
0.98019867330675536
1.280691284763565
1.3862102576105282
1.2806912847635652
0.9801986733067557
0.53047969936209316
-0
-0.28709354450149177
-0.53047969936209294
-0.69310512880526509
-0.75021158540147403
-0.69310512880526509
-0.53047969936209305
-0.28709354450149183
-9.1874421674517639e-17
0.28709354450149166
0.53047969936209294
0.69310512880526498
0.75021158540147403
0.69310512880526498
0.53047969936209305
0.28709354450149221
0
0
0
0
0
0
0
0
0
-0
-0
-0
-0
-0
-0
-0
0
0.28709354450149127
0.53047969936209205
0.69310512880526398
0.75021158540147281
0.69310512880526398
0.53047969936209216
0.28709354450149138
9.1874421674517504e-17
-0.28709354450149122
-0.53047969936209205
-0.69310512880526387
-0.75021158540147281
-0.69310512880526398
-0.53047969936209227
-0.28709354450149177
0
0.53047969936209205
0.98019867330675503
1.280691284763565
1.3862102576105277
1.280691284763565
0.98019867330675514
0.53047969936209227
1.697617954927961e-16
-0.53047969936209194
-0.98019867330675503
-1.2806912847635645
-1.3862102576105277
-1.2806912847635648
-0.98019867330675536
-0.53047969936209294
0
0.69310512880526398
1.2806912847635648
1.6733038021120192
1.8111709841256571
1.6733038021120192
1.280691284763565
0.6931051288052642
2.2180447484180478e-16
-0.69310512880526376
-1.2806912847635648
-1.6733038021120188
-1.8111709841256571
-1.673303802112019
-1.2806912847635652
-0.69310512880526509
0
0.75021158540147281
1.3862102576105277
1.8111709841256571
1.9603973466135105
1.8111709841256571
1.386210257610528
0.75021158540147304
2.4007943355872002e-16
-0.75021158540147259
-1.3862102576105277
-1.8111709841256567
-1.9603973466135105
-1.8111709841256569
-1.3862102576105282
-0.75021158540147403
0
0.69310512880526398
1.2806912847635648
1.6733038021120192
1.8111709841256571
1.6733038021120192
1.280691284763565
0.6931051288052642
2.2180447484180478e-16
-0.69310512880526376
-1.2806912847635648
-1.6733038021120188
-1.8111709841256571
-1.673303802112019
-1.2806912847635652
-0.69310512880526509
0
0.53047969936209216
0.98019867330675514
1.280691284763565
1.386210257610528
1.280691284763565
0.98019867330675536
0.53047969936209238
1.6976179549279613e-16
-0.53047969936209205
-0.98019867330675514
-1.2806912847635648
-1.386210257610528
-1.280691284763565
-0.98019867330675547
-0.53047969936209305
0
0.28709354450149138
0.53047969936209227
0.6931051288052642
0.75021158540147304
0.6931051288052642
0.53047969936209227
0.28709354450149149
9.1874421674517528e-17
-0.28709354450149127
-0.53047969936209227
-0.69310512880526409
-0.75021158540147304
-0.69310512880526409
-0.53047969936209238
-0.28709354450149183
0
9.1874421674517491e-17
1.6976179549279608e-16
2.2180447484180478e-16
2.4007943355872002e-16
2.2180447484180478e-16
1.697617954927961e-16
9.1874421674517516e-17
2.9401250984879613e-32
-9.1874421674517467e-17
-1.6976179549279608e-16
-2.218044748418047e-16
-2.4007943355872002e-16
-2.2180447484180475e-16
-1.6976179549279613e-16
-9.1874421674517639e-17
-0
-0.28709354450149122
-0.53047969936209194
-0.69310512880526376
-0.75021158540147259
-0.69310512880526376
-0.53047969936209205
-0.28709354450149133
-9.1874421674517467e-17
0.2870935445014911
0.53047969936209194
0.69310512880526365
0.75021158540147259
0.69310512880526376
0.53047969936209205
0.28709354450149166
-0
-0.53047969936209205
-0.98019867330675503
-1.280691284763565
-1.3862102576105277
-1.280691284763565
-0.98019867330675514
-0.53047969936209227
-1.697617954927961e-16
0.53047969936209194
0.98019867330675503
1.2806912847635645
1.3862102576105277
1.2806912847635648
0.98019867330675536
0.53047969936209294
-0
-0.69310512880526376
-1.2806912847635645
-1.6733038021120188
-1.8111709841256567
-1.6733038021120188
-1.2806912847635645
-0.69310512880526398
-2.2180447484180473e-16
0.69310512880526365
1.2806912847635645
1.6733038021120183
1.8111709841256567
1.6733038021120186
1.2806912847635648
0.69310512880526498
-0
-0.75021158540147281
-1.3862102576105277
-1.8111709841256571
-1.9603973466135105
-1.8111709841256571
-1.386210257610528
-0.75021158540147304
-2.4007943355872002e-16
0.75021158540147259
1.3862102576105277
1.8111709841256567
1.9603973466135105
1.8111709841256569
1.3862102576105282
0.75021158540147403
-0
-0.69310512880526387
-1.2806912847635645
-1.673303802112019
-1.8111709841256569
-1.673303802112019
-1.2806912847635648
-0.69310512880526409
-2.2180447484180475e-16
0.69310512880526365
1.2806912847635645
1.6733038021120186
1.8111709841256569
1.6733038021120188
1.280691284763565
0.69310512880526498
-0
-0.53047969936209227
-0.98019867330675536
-1.2806912847635652
-1.3862102576105282
-1.2806912847635652
-0.98019867330675547
-0.53047969936209238
-1.6976179549279615e-16
0.53047969936209216
0.98019867330675536
1.280691284763565
1.3862102576105282
1.2806912847635652
0.9801986733067557
0.53047969936209316
-0
-0.28709354450149177
-0.53047969936209294
-0.69310512880526509
-0.75021158540147403
-0.69310512880526509
-0.53047969936209305
-0.28709354450149183
-9.1874421674517639e-17
0.28709354450149166
0.53047969936209294
0.69310512880526498
0.75021158540147403
0.69310512880526498
0.53047969936209305
0.28709354450149221
0
0
0
0
0
0
0
0
0
-0
-0
-0
-0
-0
-0
-0
0
0.28709354450149127
0.53047969936209205
0.69310512880526398
0.75021158540147281
0.69310512880526398
0.53047969936209216
0.28709354450149138
9.1874421674517504e-17
-0.28709354450149122
-0.53047969936209205
-0.69310512880526387
-0.75021158540147281
-0.69310512880526398
-0.53047969936209227
-0.28709354450149177
0
0.53047969936209205
0.98019867330675503
1.280691284763565
1.3862102576105277
1.280691284763565
0.98019867330675514
0.53047969936209227
1.697617954927961e-16
-0.53047969936209194
-0.98019867330675503
-1.2806912847635645
-1.3862102576105277
-1.2806912847635648
-0.98019867330675536
-0.53047969936209294
0
0.69310512880526398
1.2806912847635648
1.6733038021120192
1.8111709841256571
1.6733038021120192
1.280691284763565
0.6931051288052642
2.2180447484180478e-16
-0.69310512880526376
-1.2806912847635648
-1.6733038021120188
-1.8111709841256571
-1.673303802112019
-1.2806912847635652
-0.69310512880526509
0
0.75021158540147281
1.3862102576105277
1.8111709841256571
1.9603973466135105
1.8111709841256571
1.386210257610528
0.75021158540147304
2.4007943355872002e-16
-0.75021158540147259
-1.3862102576105277
-1.8111709841256567
-1.9603973466135105
-1.8111709841256569
-1.3862102576105282
-0.75021158540147403
0
0.69310512880526398
1.2806912847635648
1.6733038021120192
1.8111709841256571
1.6733038021120192
1.280691284763565
0.6931051288052642
2.2180447484180478e-16
-0.69310512880526376
-1.2806912847635648
-1.6733038021120188
-1.8111709841256571
-1.673303802112019
-1.2806912847635652
-0.69310512880526509
0
0.53047969936209216
0.98019867330675514
1.280691284763565
1.386210257610528
1.280691284763565
0.98019867330675536
0.53047969936209238
1.6976179549279613e-16
-0.53047969936209205
-0.98019867330675514
-1.2806912847635648
-1.386210257610528
-1.280691284763565
-0.98019867330675547
-0.53047969936209305
0
0.28709354450149138
0.53047969936209227
0.6931051288052642
0.75021158540147304
0.6931051288052642
0.53047969936209227
0.28709354450149149
9.1874421674517528e-17
-0.28709354450149127
-0.53047969936209227
-0.69310512880526409
-0.75021158540147304
-0.69310512880526409
-0.53047969936209238
-0.28709354450149183
0
9.1874421674517491e-17
1.6976179549279608e-16
2.2180447484180478e-16
2.4007943355872002e-16
2.2180447484180478e-16
1.697617954927961e-16
9.1874421674517516e-17
2.9401250984879613e-32
-9.1874421674517467e-17
-1.6976179549279608e-16
-2.218044748418047e-16
-2.4007943355872002e-16
-2.2180447484180475e-16
-1.6976179549279613e-16
-9.1874421674517639e-17
-0
-0.28709354450149122
-0.53047969936209194
-0.69310512880526376
-0.75021158540147259
-0.69310512880526376
-0.53047969936209205
-0.28709354450149133
-9.1874421674517467e-17
0.2870935445014911
0.53047969936209194
0.69310512880526365
0.75021158540147259
0.69310512880526376
0.53047969936209205
0.28709354450149166
-0
-0.53047969936209205
-0.98019867330675503
-1.280691284763565
-1.3862102576105277
-1.280691284763565
-0.98019867330675514
-0.53047969936209227
-1.697617954927961e-16
0.53047969936209194
0.98019867330675503
1.2806912847635645
1.3862102576105277
1.2806912847635648
0.98019867330675536
0.53047969936209294
-0
-0.69310512880526376
-1.2806912847635645
-1.6733038021120188
-1.8111709841256567
-1.6733038021120188
-1.2806912847635645
-0.69310512880526398
-2.2180447484180473e-16
0.69310512880526365
1.2806912847635645
1.6733038021120183
1.8111709841256567
1.6733038021120186
1.2806912847635648
0.69310512880526498
-0
-0.75021158540147281
-1.3862102576105277
-1.8111709841256571
-1.9603973466135105
-1.8111709841256571
-1.386210257610528
-0.75021158540147304
-2.4007943355872002e-16
0.75021158540147259
1.3862102576105277
1.8111709841256567
1.9603973466135105
1.8111709841256569
1.3862102576105282
0.75021158540147403
-0
-0.69310512880526387
-1.2806912847635645
-1.673303802112019
-1.8111709841256569
-1.673303802112019
-1.2806912847635648
-0.69310512880526409
-2.2180447484180475e-16
0.69310512880526365
1.2806912847635645
1.6733038021120186
1.8111709841256569
1.6733038021120188
1.280691284763565
0.69310512880526498
-0
-0.53047969936209227
-0.98019867330675536
-1.2806912847635652
-1.3862102576105282
-1.2806912847635652
-0.98019867330675547
-0.53047969936209238
-1.6976179549279615e-16
0.53047969936209216
0.98019867330675536
1.280691284763565
1.3862102576105282
1.2806912847635652
0.9801986733067557
0.53047969936209316
-0
-0.28709354450149177
-0.53047969936209294
-0.69310512880526509
-0.75021158540147403
-0.69310512880526509
-0.53047969936209305
-0.28709354450149183
-9.1874421674517639e-17
0.28709354450149166
0.53047969936209294
0.69310512880526498
0.75021158540147403
0.69310512880526498
0.53047969936209305
0.28709354450149221
0
0
0
0
0
0
0
0
0
-0
-0
-0
-0
-0
-0
-0
0
0.28709354450149127
0.53047969936209205
0.69310512880526398
0.75021158540147281
0.69310512880526398
0.53047969936209216
0.28709354450149138
9.1874421674517504e-17
-0.28709354450149122
-0.53047969936209205
-0.69310512880526387
-0.75021158540147281
-0.69310512880526398
-0.53047969936209227
-0.28709354450149177
0
0.53047969936209205
0.98019867330675503
1.280691284763565
1.3862102576105277
1.280691284763565
0.98019867330675514
0.53047969936209227
1.697617954927961e-16
-0.53047969936209194
-0.98019867330675503
-1.2806912847635645
-1.3862102576105277
-1.2806912847635648
-0.98019867330675536
-0.53047969936209294
0
0.69310512880526398
1.2806912847635648
1.6733038021120192
1.8111709841256571
1.6733038021120192
1.280691284763565
0.6931051288052642
2.2180447484180478e-16
-0.69310512880526376
-1.2806912847635648
-1.6733038021120188
-1.8111709841256571
-1.673303802112019
-1.2806912847635652
-0.69310512880526509
0
0.75021158540147281
1.3862102576105277
1.8111709841256571
1.9603973466135105
1.8111709841256571
1.386210257610528
0.75021158540147304
2.4007943355872002e-16
-0.75021158540147259
-1.3862102576105277
-1.8111709841256567
-1.9603973466135105
-1.8111709841256569
-1.3862102576105282
-0.75021158540147403
0
0.69310512880526398
1.2806912847635648
1.6733038021120192
1.8111709841256571
1.6733038021120192
1.280691284763565
0.6931051288052642
2.2180447484180478e-16
-0.69310512880526376
-1.2806912847635648
-1.6733038021120188
-1.8111709841256571
-1.673303802112019
-1.2806912847635652
-0.69310512880526509
0
0.53047969936209216
0.98019867330675514
1.280691284763565
1.386210257610528
1.280691284763565
0.98019867330675536
0.53047969936209238
1.6976179549279613e-16
-0.53047969936209205
-0.98019867330675514
-1.2806912847635648
-1.386210257610528
-1.280691284763565
-0.98019867330675547
-0.53047969936209305
0
0.28709354450149138
0.53047969936209227
0.6931051288052642
0.75021158540147304
0.6931051288052642
0.53047969936209227
0.28709354450149149
9.1874421674517528e-17
-0.28709354450149127
-0.53047969936209227
-0.69310512880526409
-0.75021158540147304
-0.69310512880526409
-0.53047969936209238
-0.28709354450149183
0
9.1874421674517491e-17
1.6976179549279608e-16
2.2180447484180478e-16
2.4007943355872002e-16
2.2180447484180478e-16
1.697617954927961e-16
9.1874421674517516e-17
2.9401250984879613e-32
-9.1874421674517467e-17
-1.6976179549279608e-16
-2.218044748418047e-16
-2.4007943355872002e-16
-2.2180447484180475e-16
-1.6976179549279613e-16
-9.1874421674517639e-17
-0
-0.28709354450149122
-0.53047969936209194
-0.69310512880526376
-0.75021158540147259
-0.69310512880526376
-0.53047969936209205
-0.28709354450149133
-9.1874421674517467e-17
0.2870935445014911
0.53047969936209194
0.69310512880526365
0.75021158540147259
0.69310512880526376
0.53047969936209205
0.28709354450149166
-0
-0.53047969936209205
-0.98019867330675503
-1.280691284763565
-1.3862102576105277
-1.280691284763565
-0.98019867330675514
-0.53047969936209227
-1.697617954927961e-16
0.53047969936209194
0.98019867330675503
1.2806912847635645
1.3862102576105277
1.2806912847635648
0.98019867330675536
0.53047969936209294
-0
-0.69310512880526376
-1.2806912847635645
-1.6733038021120188
-1.8111709841256567
-1.6733038021120188
-1.2806912847635645
-0.69310512880526398
-2.2180447484180473e-16
0.69310512880526365
1.2806912847635645
1.6733038021120183
1.8111709841256567
1.6733038021120186
1.2806912847635648
0.69310512880526498
-0
-0.75021158540147281
-1.3862102576105277
-1.8111709841256571
-1.9603973466135105
-1.8111709841256571
-1.386210257610528
-0.75021158540147304
-2.4007943355872002e-16
0.75021158540147259
1.3862102576105277
1.8111709841256567
1.9603973466135105
1.8111709841256569
1.3862102576105282
0.75021158540147403
-0
-0.69310512880526387
-1.2806912847635645
-1.673303802112019
-1.8111709841256569
-1.673303802112019
-1.2806912847635648
-0.69310512880526409
-2.2180447484180475e-16
0.69310512880526365
1.2806912847635645
1.6733038021120186
1.8111709841256569
1.6733038021120188
1.280691284763565
0.69310512880526498
-0
-0.53047969936209227
-0.98019867330675536
-1.2806912847635652
-1.3862102576105282
-1.2806912847635652
-0.98019867330675547
-0.53047969936209238
-1.6976179549279615e-16
0.53047969936209216
0.98019867330675536
1.280691284763565
1.3862102576105282
1.2806912847635652
0.9801986733067557
0.53047969936209316
-0
-0.28709354450149177
-0.53047969936209294
-0.69310512880526509
-0.75021158540147403
-0.69310512880526509
-0.53047969936209305
-0.28709354450149183
-9.1874421674517639e-17
0.28709354450149166
0.53047969936209294
0.69310512880526498
0.75021158540147403
0.69310512880526498
0.53047969936209305
0.28709354450149221
0
0
0
0
0
0
0
0
0
-0
-0
-0
-0
-0
-0
-0
0
0.28709354450149127
0.53047969936209205
0.69310512880526398
0.75021158540147281
0.69310512880526398
0.53047969936209216
0.28709354450149138
9.1874421674517504e-17
-0.28709354450149122
-0.53047969936209205
-0.69310512880526387
-0.75021158540147281
-0.69310512880526398
-0.53047969936209227
-0.28709354450149177
0
0.53047969936209205
0.98019867330675503
1.280691284763565
1.3862102576105277
1.280691284763565
0.98019867330675514
0.53047969936209227
1.697617954927961e-16
-0.53047969936209194
-0.98019867330675503
-1.2806912847635645
-1.3862102576105277
-1.2806912847635648
-0.98019867330675536
-0.53047969936209294
0
0.69310512880526398
1.2806912847635648
1.6733038021120192
1.8111709841256571
1.6733038021120192
1.280691284763565
0.6931051288052642
2.2180447484180478e-16
-0.69310512880526376
-1.2806912847635648
-1.6733038021120188
-1.8111709841256571
-1.673303802112019
-1.2806912847635652
-0.69310512880526509
0
0.75021158540147281
1.3862102576105277
1.8111709841256571
1.9603973466135105
1.8111709841256571
1.386210257610528
0.75021158540147304
2.4007943355872002e-16
-0.75021158540147259
-1.3862102576105277
-1.8111709841256567
-1.9603973466135105
-1.8111709841256569
-1.3862102576105282
-0.75021158540147403
0
0.69310512880526398
1.2806912847635648
1.6733038021120192
1.8111709841256571
1.6733038021120192
1.280691284763565
0.6931051288052642
2.2180447484180478e-16
-0.69310512880526376
-1.2806912847635648
-1.6733038021120188
-1.8111709841256571
-1.673303802112019
-1.2806912847635652
-0.69310512880526509
0
0.53047969936209216
0.98019867330675514
1.280691284763565
1.386210257610528
1.280691284763565
0.98019867330675536
0.53047969936209238
1.6976179549279613e-16
-0.53047969936209205
-0.98019867330675514
-1.2806912847635648
-1.386210257610528
-1.280691284763565
-0.98019867330675547
-0.53047969936209305
0
0.28709354450149138
0.53047969936209227
0.6931051288052642
0.75021158540147304
0.6931051288052642
0.53047969936209227
0.28709354450149149
9.1874421674517528e-17
-0.28709354450149127
-0.53047969936209227
-0.69310512880526409
-0.75021158540147304
-0.69310512880526409
-0.53047969936209238
-0.28709354450149183
0
9.1874421674517491e-17
1.6976179549279608e-16
2.2180447484180478e-16
2.4007943355872002e-16
2.2180447484180478e-16
1.697617954927961e-16
9.1874421674517516e-17
2.9401250984879613e-32
-9.1874421674517467e-17
-1.6976179549279608e-16
-2.218044748418047e-16
-2.4007943355872002e-16
-2.2180447484180475e-16
-1.6976179549279613e-16
-9.1874421674517639e-17
-0
-0.28709354450149122
-0.53047969936209194
-0.69310512880526376
-0.75021158540147259
-0.69310512880526376
-0.53047969936209205
-0.28709354450149133
-9.1874421674517467e-17
0.2870935445014911
0.53047969936209194
0.69310512880526365
0.75021158540147259
0.69310512880526376
0.53047969936209205
0.28709354450149166
-0
-0.53047969936209205
-0.98019867330675503
-1.280691284763565
-1.3862102576105277
-1.280691284763565
-0.98019867330675514
-0.53047969936209227
-1.697617954927961e-16
0.53047969936209194
0.98019867330675503
1.2806912847635645
1.3862102576105277
1.2806912847635648
0.98019867330675536
0.53047969936209294
-0
-0.69310512880526376
-1.2806912847635645
-1.6733038021120188
-1.8111709841256567
-1.6733038021120188
-1.2806912847635645
-0.69310512880526398
-2.2180447484180473e-16
0.69310512880526365
1.2806912847635645
1.6733038021120183
1.8111709841256567
1.6733038021120186
1.2806912847635648
0.69310512880526498
-0
-0.75021158540147281
-1.3862102576105277
-1.8111709841256571
-1.9603973466135105
-1.8111709841256571
-1.386210257610528
-0.75021158540147304
-2.4007943355872002e-16
0.75021158540147259
1.3862102576105277
1.8111709841256567
1.9603973466135105
1.8111709841256569
1.3862102576105282
0.75021158540147403
-0
-0.69310512880526387
-1.2806912847635645
-1.673303802112019
-1.8111709841256569
-1.673303802112019
-1.2806912847635648
-0.69310512880526409
-2.2180447484180475e-16
0.69310512880526365
1.2806912847635645
1.6733038021120186
1.8111709841256569
1.6733038021120188
1.280691284763565
0.69310512880526498
-0
-0.53047969936209227
-0.98019867330675536
-1.2806912847635652
-1.3862102576105282
-1.2806912847635652
-0.98019867330675547
-0.53047969936209238
-1.6976179549279615e-16
0.53047969936209216
0.98019867330675536
1.280691284763565
1.3862102576105282
1.2806912847635652
0.9801986733067557
0.53047969936209316
-0
-0.28709354450149177
-0.53047969936209294
-0.69310512880526509
-0.75021158540147403
-0.69310512880526509
-0.53047969936209305
-0.28709354450149183
-9.1874421674517639e-17
0.28709354450149166
0.53047969936209294
0.69310512880526498
0.75021158540147403
0.69310512880526498
0.53047969936209305
0.28709354450149221
0
0
0
0
0
0
0
0
0
-0
-0
-0
-0
-0
-0
-0
0
0.28709354450149127
0.53047969936209205
0.69310512880526398
0.75021158540147281
0.69310512880526398
0.53047969936209216
0.28709354450149138
9.1874421674517504e-17
-0.28709354450149122
-0.53047969936209205
-0.69310512880526387
-0.75021158540147281
-0.69310512880526398
-0.53047969936209227
-0.28709354450149177
0
0.53047969936209205
0.98019867330675503
1.280691284763565
1.3862102576105277
1.280691284763565
0.98019867330675514
0.53047969936209227
1.697617954927961e-16
-0.53047969936209194
-0.98019867330675503
-1.2806912847635645
-1.3862102576105277
-1.2806912847635648
-0.98019867330675536
-0.53047969936209294
0
0.69310512880526398
1.2806912847635648
1.6733038021120192
1.8111709841256571
1.6733038021120192
1.280691284763565
0.6931051288052642
2.2180447484180478e-16
-0.69310512880526376
-1.2806912847635648
-1.6733038021120188
-1.8111709841256571
-1.673303802112019
-1.2806912847635652
-0.69310512880526509
0
0.75021158540147281
1.3862102576105277
1.8111709841256571
1.9603973466135105
1.8111709841256571
1.386210257610528
0.75021158540147304
2.4007943355872002e-16
-0.75021158540147259
-1.3862102576105277
-1.8111709841256567
-1.9603973466135105
-1.8111709841256569
-1.3862102576105282
-0.75021158540147403
0
0.69310512880526398
1.2806912847635648
1.6733038021120192
1.8111709841256571
1.6733038021120192
1.280691284763565
0.6931051288052642
2.2180447484180478e-16
-0.69310512880526376
-1.2806912847635648
-1.6733038021120188
-1.8111709841256571
-1.673303802112019
-1.2806912847635652
-0.69310512880526509
0
0.53047969936209216
0.98019867330675514
1.280691284763565
1.386210257610528
1.280691284763565
0.98019867330675536
0.53047969936209238
1.6976179549279613e-16
-0.53047969936209205
-0.98019867330675514
-1.2806912847635648
-1.386210257610528
-1.280691284763565
-0.98019867330675547
-0.53047969936209305
0
0.28709354450149138
0.53047969936209227
0.6931051288052642
0.75021158540147304
0.6931051288052642
0.53047969936209227
0.28709354450149149
9.1874421674517528e-17
-0.28709354450149127
-0.53047969936209227
-0.69310512880526409
-0.75021158540147304
-0.69310512880526409
-0.53047969936209238
-0.28709354450149183
0
9.1874421674517491e-17
1.6976179549279608e-16
2.2180447484180478e-16
2.4007943355872002e-16
2.2180447484180478e-16
1.697617954927961e-16
9.1874421674517516e-17
2.9401250984879613e-32
-9.1874421674517467e-17
-1.6976179549279608e-16
-2.218044748418047e-16
-2.4007943355872002e-16
-2.2180447484180475e-16
-1.6976179549279613e-16
-9.1874421674517639e-17
-0
-0.28709354450149122
-0.53047969936209194
-0.69310512880526376
-0.75021158540147259
-0.69310512880526376
-0.53047969936209205
-0.28709354450149133
-9.1874421674517467e-17
0.2870935445014911
0.53047969936209194
0.69310512880526365
0.75021158540147259
0.69310512880526376
0.53047969936209205
0.28709354450149166
-0
-0.53047969936209205
-0.98019867330675503
-1.280691284763565
-1.3862102576105277
-1.280691284763565
-0.98019867330675514
-0.53047969936209227
-1.697617954927961e-16
0.53047969936209194
0.98019867330675503
1.2806912847635645
1.3862102576105277
1.2806912847635648
0.98019867330675536
0.53047969936209294
-0
-0.69310512880526376
-1.2806912847635645
-1.6733038021120188
-1.8111709841256567
-1.6733038021120188
-1.2806912847635645
-0.69310512880526398
-2.2180447484180473e-16
0.69310512880526365
1.2806912847635645
1.6733038021120183
1.8111709841256567
1.6733038021120186
1.2806912847635648
0.69310512880526498
-0
-0.75021158540147281
-1.3862102576105277
-1.8111709841256571
-1.9603973466135105
-1.8111709841256571
-1.386210257610528
-0.75021158540147304
-2.4007943355872002e-16
0.75021158540147259
1.3862102576105277
1.8111709841256567
1.9603973466135105
1.8111709841256569
1.3862102576105282
0.75021158540147403
-0
-0.69310512880526387
-1.2806912847635645
-1.673303802112019
-1.8111709841256569
-1.673303802112019
-1.2806912847635648
-0.69310512880526409
-2.2180447484180475e-16
0.69310512880526365
1.2806912847635645
1.6733038021120186
1.8111709841256569
1.6733038021120188
1.280691284763565
0.69310512880526498
-0
-0.53047969936209227
-0.98019867330675536
-1.2806912847635652
-1.3862102576105282
-1.2806912847635652
-0.98019867330675547
-0.53047969936209238
-1.6976179549279615e-16
0.53047969936209216
0.98019867330675536
1.280691284763565
1.3862102576105282
1.2806912847635652
0.9801986733067557
0.53047969936209316
-0
-0.28709354450149177
-0.53047969936209294
-0.69310512880526509
-0.75021158540147403
-0.69310512880526509
-0.53047969936209305
-0.28709354450149183
-9.1874421674517639e-17
0.28709354450149166
0.53047969936209294
0.69310512880526498
0.75021158540147403
0.69310512880526498
0.53047969936209305
0.28709354450149221
