# vtk DataFile Version 3.0
Numerical Taylor-Green snapshot extruded in z
ASCII
DATASET STRUCTURED_POINTS
DIMENSIONS 32 32 8
ORIGIN 0 0 0
SPACING 0.19634954084936207 0.19634954084936207 0.19634954084936207
POINT_DATA 8192
VECTORS velocity double
-1.4997824092293989e-16 1.4571414943686878e-16 0
0.19122727481519644 1.3649279319660482e-16 0
0.37510579270073624 1.187705505394277e-16 0
0.54456920533453879 1.1771502147428844e-16 0
0.69310512880526387 1.1483002572294697e-16 0
0.81500541087383682 8.8318967546319952e-17 0
0.90558549206282835 5.3130816904869923e-17 0
0.96136443065004029 2.266239640909492e-17 0
0.98019867330675514 -3.1414060314130524e-18 0
0.96136443065004029 -2.5371804399158466e-17 0
0.90558549206282846 -5.5423505582672781e-17 0
0.81500541087383704 -9.2234440779822468e-17 0
0.69310512880526409 -1.0961828740287092e-16 0
0.54456920533453901 -1.0715191110185839e-16 0
0.37510579270073646 -1.1392584118312887e-16 0
0.19122727481519672 -1.3386587299317944e-16 0
1.3825923834092305e-16 -1.5242928535802711e-16 0
-0.19122727481519644 -1.6413106575123574e-16 0
-0.37510579270073624 -1.5738533691697709e-16 0
-0.54456920533453879 -1.2658624988211989e-16 0
-0.69310512880526387 -9.0858962193456961e-17 0
-0.81500541087383682 -6.1846054906460305e-17 0
-0.90558549206282846 -3.6684302857734955e-17 0
-0.96136443065004029 -2.065249635634229e-17 0
-0.98019867330675514 -8.1904729831224154e-18 0
-0.96136443065004029 1.7353334133618585e-17 0
-0.90558549206282857 4.9375978335958007e-17 0
-0.81500541087383704 7.8358604998782822e-17 0
-0.69310512880526409 1.1098392017865244e-16 0
-0.54456920533453901 1.3505982963361723e-16 0
-0.37510579270073646 1.3676566053312395e-16 0
-0.19122727481519672 1.3779264992029382e-16 0
-1.4728751328500187e-16 -0.19122727481519644 0
0.18755289635036804 -0.18755289635036804 0
0.36789824007486766 -0.17667096525967105 0
0.53410546075299992 -0.15899966805226365 0
0.67978730810418786 -0.13521810276964891 0
0.799345310434046 -0.10624018162878218 0
0.88818492076193845 -0.073179509888101665 0
0.94289208268479174 -0.037306590621963343 0
0.96136443065004029 -2.0561779964535684e-17 0
0.94289208268479174 0.037306590621963301 0
0.88818492076193856 0.073179509888101596 0
0.79934531043404622 0.10624018162878213 0
0.67978730810418808 0.13521810276964885 0
0.53410546075300014 0.15899966805226362 0
0.36789824007486788 0.17667096525967102 0
0.18755289635036831 0.18755289635036801 0
1.3610075362076767e-16 0.19122727481519639 0
-0.18755289635036804 0.18755289635036801 0
-0.36789824007486766 0.17667096525967102 0
-0.53410546075299992 0.15899966805226362 0
-0.67978730810418786 0.13521810276964891 0
-0.799345310434046 0.10624018162878221 0
-0.88818492076193856 0.073179509888101707 0
-0.94289208268479174 0.03730659062196337 0
-0.96136443065004029 1.0514074673811122e-18 0
-0.94289208268479174 -0.037306590621963329 0
-0.88818492076193867 -0.073179509888101638 0
-0.79934531043404622 -0.10624018162878215 0
-0.67978730810418808 -0.13521810276964885 0
-0.53410546075300014 -0.15899966805226359 0
-0.36789824007486788 -0.17667096525967099 0
-0.18755289635036831 -0.18755289635036798 0
-9.912500255826631e-17 -0.37510579270073624 0
0.17667096525967108 -0.3678982400748676 0
0.34655256440263188 -0.34655256440263188 0
0.50311634284451656 -0.31188906802932009 0
0.64034564238178238 -0.26523984968104602 0
0.75296681799228948 -0.20839761265775067 0
0.83665190105600951 -0.14354677225074561 0
0.88818492076193867 -0.073179509888101721 0
0.90558549206282846 -3.5211440729627518e-17 0
0.88818492076193867 0.073179509888101651 0
0.83665190105600951 0.1435467722507455 0
0.75296681799228959 0.20839761265775056 0
0.64034564238178249 0.26523984968104591 0
0.50311634284451667 0.31188906802931998 0
0.34655256440263205 0.34655256440263182 0
0.17667096525967127 0.3678982400748676 0
8.9816839521215739e-17 0.37510579270073624 0
-0.1766709652596711 0.3678982400748676 0
-0.34655256440263194 0.34655256440263182 0
-0.50311634284451667 0.31188906802932009 0
-0.64034564238178249 0.26523984968104602 0
-0.75296681799228959 0.20839761265775067 0
-0.83665190105600951 0.14354677225074566 0
-0.88818492076193867 0.073179509888101818 0
-0.90558549206282846 2.8997753159586387e-17 0
-0.88818492076193867 -0.073179509888101693 0
-0.83665190105600951 -0.14354677225074555 0
-0.75296681799228971 -0.20839761265775056 0
-0.6403456423817826 -0.26523984968104591 0
-0.50311634284451678 -0.31188906802931998 0
-0.3465525644026321 -0.34655256440263177 0
-0.1766709652596713 -0.3678982400748676 0
-1.1527252050480655e-16 -0.54456920533453868 0
0.1589996680522637 -0.53410546075299992 0
0.31188906802932009 -0.50311634284451656 0
0.45279274603141406 -0.45279274603141406 0
0.57629585273261841 -0.38506857791742177 0
0.67765223300374566 -0.30254644030300931 0
0.75296681799228959 -0.20839761265775067 0
0.79934531043404622 -0.10624018162878227 0
0.81500541087383693 -4.7252075440345818e-17 0
0.79934531043404622 0.10624018162878218 0
0.75296681799228959 0.20839761265775056 0
0.67765223300374589 0.3025464403030092 0
0.57629585273261863 0.38506857791742166 0
0.45279274603141423 0.45279274603141395 0
0.31188906802932032 0.50311634284451656 0
0.15899966805226387 0.53410546075299992 0
1.0064927849315829e-16 0.54456920533453868 0
-0.15899966805226365 0.53410546075299992 0
-0.31188906802932009 0.50311634284451656 0
-0.45279274603141412 0.45279274603141406 0
-0.57629585273261841 0.38506857791742177 0
-0.67765223300374566 0.30254644030300931 0
-0.75296681799228959 0.20839761265775078 0
-0.79934531043404622 0.10624018162878243 0
-0.81500541087383693 6.1262722528104142e-17 0
-0.79934531043404622 -0.10624018162878224 0
-0.75296681799228959 -0.20839761265775056 0
-0.67765223300374589 -0.3025464403030092 0
-0.57629585273261863 -0.38506857791742166 0
-0.45279274603141428 -0.45279274603141395 0
-0.31188906802932032 -0.50311634284451656 0
-0.15899966805226393 -0.53410546075299992 0
-1.1052848043254064e-16 -0.69310512880526376 0
0.13521810276964891 -0.67978730810418775 0
0.26523984968104597 -0.64034564238178227 0
0.38506857791742183 -0.5762958527326183 0
0.49009933665337763 -0.49009933665337757 0
0.57629585273261852 -0.38506857791742188 0
0.64034564238178249 -0.26523984968104608 0
0.67978730810418797 -0.13521810276964902 0
0.69310512880526398 -6.1547713662546537e-17 0
0.67978730810418797 0.13521810276964891 0
0.64034564238178249 0.26523984968104586 0
0.57629585273261852 0.38506857791742166 0
0.49009933665337774 0.49009933665337746 0
0.38506857791742194 0.57629585273261819 0
0.26523984968104619 0.64034564238178227 0
0.1352181027696491 0.67978730810418775 0
9.2180353965692258e-17 0.69310512880526376 0
-0.13521810276964893 0.67978730810418775 0
-0.26523984968104597 0.64034564238178227 0
-0.38506857791742183 0.57629585273261841 0
-0.49009933665337763 0.49009933665337757 0
-0.57629585273261852 0.38506857791742188 0
-0.64034564238178249 0.26523984968104619 0
-0.67978730810418797 0.13521810276964924 0
-0.69310512880526398 8.121468524278825e-17 0
-0.67978730810418797 -0.13521810276964902 0
-0.64034564238178249 -0.26523984968104597 0
-0.57629585273261852 -0.38506857791742166 0
-0.49009933665337774 -0.49009933665337746 0
-0.38506857791742194 -0.5762958527326183 0
-0.26523984968104619 -0.64034564238178227 0
-0.13521810276964913 -0.67978730810418775 0
-8.7732449147984074e-17 -0.81500541087383671 0
0.10624018162878221 -0.799345310434046 0
0.20839761265775061 -0.75296681799228959 0
0.30254644030300931 -0.67765223300374566 0
0.38506857791742183 -0.57629585273261852 0
0.45279274603141417 -0.45279274603141417 0
0.50311634284451667 -0.3118890680293202 0
0.53410546075300014 -0.15899966805226382 0
0.5445692053345389 -7.8539596672948676e-17 0
0.53410546075300014 0.15899966805226368 0
0.50311634284451667 0.31188906802931998 0
0.45279274603141428 0.45279274603141395 0
0.38506857791742194 0.5762958527326183 0
0.30254644030300942 0.67765223300374544 0
0.20839761265775075 0.75296681799228948 0
0.10624018162878236 0.799345310434046 0
7.6621586892219488e-17 0.81500541087383671 0
-0.10624018162878222 0.799345310434046 0
-0.20839761265775064 0.75296681799228948 0
-0.30254644030300931 0.67765223300374566 0
-0.38506857791742183 0.57629585273261852 0
-0.45279274603141417 0.45279274603141417 0
-0.50311634284451667 0.31188906802932032 0
-0.53410546075300014 0.15899966805226401 0
-0.5445692053345389 9.0852879522003304e-17 0
-0.53410546075300014 -0.15899966805226376 0
-0.50311634284451667 -0.31188906802932009 0
-0.45279274603141428 -0.45279274603141395 0
-0.38506857791742194 -0.5762958527326183 0
-0.30254644030300942 -0.67765223300374544 0
-0.20839761265775078 -0.75296681799228937 0
-0.10624018162878238 -0.799345310434046 0
-4.9275043148303551e-17 -0.90558549206282846 0
0.073179509888101679 -0.88818492076193856 0
0.14354677225074561 -0.83665190105600951 0
0.2083976126577507 -0.75296681799228971 0
0.26523984968104608 -0.64034564238178249 0
0.3118890680293202 -0.50311634284451678 0
0.34655256440263199 -0.34655256440263205 0
0.36789824007486777 -0.17667096525967124 0
0.37510579270073646 -8.7960808934989811e-17 0
0.36789824007486782 0.17667096525967108 0
0.34655256440263205 0.34655256440263177 0
0.31188906802932032 0.50311634284451656 0
0.26523984968104614 0.64034564238178227 0
0.20839761265775078 0.75296681799228948 0
0.14354677225074569 0.83665190105600939 0
0.073179509888101776 0.88818492076193856 0
4.8471879078935796e-17 0.90558549206282823 0
-0.073179509888101693 0.88818492076193856 0
-0.14354677225074564 0.83665190105600939 0
-0.20839761265775072 0.75296681799228971 0
-0.26523984968104614 0.64034564238178249 0
-0.3118890680293202 0.50311634284451678 0
-0.34655256440263205 0.34655256440263221 0
-0.36789824007486782 0.17667096525967146 0
-0.37510579270073646 1.0940640393553909e-16 0
-0.36789824007486788 -0.17667096525967119 0
-0.3465525644026321 -0.34655256440263194 0
-0.31188906802932032 -0.50311634284451656 0
-0.26523984968104619 -0.64034564238178227 0
-0.20839761265775081 -0.75296681799228948 0
-0.14354677225074572 -0.83665190105600928 0
-0.07317950988810179 -0.88818492076193856 0
-1.8608764993691599e-17 -0.96136443065004029 0
0.037306590621963349 -0.94289208268479163 0
0.073179509888101707 -0.88818492076193856 0
0.10624018162878228 -0.79934531043404611 0
0.13521810276964902 -0.67978730810418797 0
0.15899966805226379 -0.53410546075300014 0
0.17667096525967119 -0.36789824007486777 0
0.1875528963503682 -0.18755289635036823 0
0.19122727481519664 -8.8858223128242615e-17 0
0.18755289635036823 0.18755289635036804 0
0.17667096525967124 0.36789824007486749 0
0.15899966805226384 0.53410546075299992 0
0.13521810276964907 0.67978730810418775 0
0.10624018162878229 0.79934531043404589 0
0.073179509888101735 0.88818492076193833 0
0.037306590621963377 0.94289208268479163 0
1.8586372077467971e-17 0.96136443065004007 0
-0.037306590621963336 0.94289208268479163 0
-0.073179509888101679 0.88818492076193856 0
-0.10624018162878227 0.79934531043404611 0
-0.13521810276964902 0.67978730810418797 0
-0.15899966805226379 0.53410546075300014 0
-0.17667096525967119 0.36789824007486793 0
-0.18755289635036823 0.18755289635036848 0
-0.19122727481519664 1.4293157293612984e-16 0
-0.18755289635036826 -0.18755289635036818 0
-0.17667096525967124 -0.36789824007486766 0
-0.15899966805226384 -0.53410546075299992 0
-0.13521810276964907 -0.67978730810418775 0
-0.10624018162878233 -0.79934531043404589 0
-0.073179509888101762 -0.88818492076193833 0
-0.037306590621963391 -0.94289208268479163 0
2.3225316557404064e-18 -0.98019867330675514 0
1.3249228104026105e-17 -0.96136443065004018 0
3.539370621563882e-17 -0.90558549206282846 0
6.0852368559058595e-17 -0.81500541087383693 0
7.2982487711560847e-17 -0.69310512880526398 0
7.6418242555552276e-17 -0.5445692053345389 0
8.6230249591338154e-17 -0.37510579270073641 0
9.8384216224445641e-17 -0.19122727481519664 0
1.0217750087387242e-16 -8.9670716755957751e-17 0
1.0210266829630708e-16 0.19122727481519641 0
1.0100031130021715e-16 0.37510579270073613 0
8.9434117167285714e-17 0.54456920533453868 0
6.7681086893099882e-17 0.69310512880526376 0
4.8994989461330728e-17 0.81500541087383671 0
3.5625295020000516e-17 0.90558549206282823 0
1.6431916121324596e-17 0.96136443065004018 0
-9.3129204615342201e-18 0.98019867330675492 0
-2.5683373116537524e-17 0.96136443065004018 0
-2.8713796989667067e-17 0.90558549206282846 0
-4.1792212459300169e-17 0.81500541087383693 0
-7.486893897978599e-17 0.69310512880526398 0
-9.5876525099622681e-17 0.5445692053345389 0
-8.6453415479595105e-17 0.37510579270073657 0
-8.2326012543774719e-17 0.19122727481519691 0
-1.0625337207100922e-16 1.7619667088759083e-16 0
-1.2205553990911701e-16 -0.19122727481519658 0
-1.0400375843132926e-16 -0.3751057927007363 0
-8.0566581281765316e-17 -0.54456920533453868 0
-7.3737438531914765e-17 -0.69310512880526376 0
-6.4388292636066633e-17 -0.81500541087383671 0
-3.8334551170186454e-17 -0.90558549206282823 0
-1.1444232296700598e-17 -0.96136443065004018 0
2.7762574984615461e-17 -0.96136443065004029 0
-0.037306590621963301 -0.94289208268479163 0
-0.073179509888101624 -0.88818492076193856 0
-0.10624018162878215 -0.79934531043404611 0
-0.13521810276964888 -0.67978730810418797 0
-0.15899966805226365 -0.53410546075300014 0
-0.17667096525967105 -0.36789824007486777 0
-0.18755289635036804 -0.18755289635036823 0
-0.19122727481519644 -8.5081812523140335e-17 0
-0.18755289635036804 0.18755289635036801 0
-0.17667096525967105 0.36789824007486749 0
-0.15899966805226368 0.53410546075299992 0
-0.13521810276964893 0.67978730810418775 0
-0.10624018162878224 0.79934531043404589 0
-0.073179509888101707 0.88818492076193845 0
-0.037306590621963356 0.94289208268479163 0
-3.442396868817389e-17 0.96136443065004007 0
0.037306590621963301 0.94289208268479163 0
0.073179509888101651 0.88818492076193845 0
0.10624018162878218 0.79934531043404611 0
0.13521810276964888 0.67978730810418797 0
0.15899966805226362 0.53410546075300014 0
0.17667096525967105 0.36789824007486793 0
0.18755289635036804 0.18755289635036851 0
0.19122727481519644 1.9864324208086784e-16 0
0.18755289635036804 -0.18755289635036818 0
0.17667096525967105 -0.36789824007486766 0
0.15899966805226365 -0.53410546075299992 0
0.13521810276964893 -0.67978730810418775 0
0.10624018162878221 -0.79934531043404589 0
0.073179509888101679 -0.88818492076193833 0
0.037306590621963356 -0.94289208268479163 0
5.7989436026641242e-17 -0.90558549206282857 0
-0.073179509888101624 -0.88818492076193867 0
-0.1435467722507455 -0.83665190105600962 0
-0.20839761265775056 -0.75296681799228971 0
-0.26523984968104586 -0.6403456423817826 0
-0.31188906802932004 -0.50311634284451678 0
-0.34655256440263177 -0.34655256440263205 0
-0.36789824007486754 -0.17667096525967127 0
-0.37510579270073618 -6.974888975690926e-17 0
-0.36789824007486754 0.17667096525967108 0
-0.34655256440263177 0.34655256440263188 0
-0.31188906802932009 0.50311634284451656 0
-0.26523984968104597 0.64034564238178238 0
-0.20839761265775061 0.75296681799228948 0
-0.14354677225074558 0.83665190105600951 0
-0.073179509888101721 0.88818492076193867 0
-4.9231399036362118e-17 0.90558549206282835 0
0.073179509888101638 0.88818492076193867 0
0.14354677225074552 0.83665190105600951 0
0.20839761265775056 0.75296681799228971 0
0.26523984968104586 0.6403456423817826 0
0.31188906802931998 0.50311634284451678 0
0.34655256440263177 0.34655256440263221 0
0.36789824007486754 0.17667096525967152 0
0.37510579270073618 2.0765370363980846e-16 0
0.36789824007486754 -0.17667096525967121 0
0.34655256440263177 -0.34655256440263205 0
0.31188906802932004 -0.50311634284451656 0
0.26523984968104597 -0.64034564238178238 0
0.20839761265775061 -0.75296681799228948 0
0.14354677225074561 -0.83665190105600939 0
0.073179509888101735 -0.88818492076193867 0
8.2635339202411124e-17 -0.81500541087383704 0
-0.10624018162878215 -0.79934531043404622 0
-0.20839761265775059 -0.75296681799228959 0
-0.3025464403030092 -0.67765223300374589 0
-0.38506857791742166 -0.57629585273261863 0
-0.45279274603141395 -0.45279274603141417 0
-0.50311634284451656 -0.3118890680293202 0
-0.53410546075299992 -0.15899966805226387 0
-0.54456920533453868 -5.7900386769903013e-17 0
-0.53410546075299992 0.1589996680522637 0
-0.50311634284451656 0.31188906802932004 0
-0.45279274603141406 0.45279274603141401 0
-0.38506857791742177 0.57629585273261841 0
-0.30254644030300931 0.67765223300374566 0
-0.20839761265775064 0.75296681799228959 0
-0.10624018162878227 0.79934531043404622 0
-6.0604364365439848e-17 0.81500541087383682 0
0.10624018162878215 0.79934531043404622 0
0.20839761265775053 0.75296681799228959 0
0.3025464403030092 0.67765223300374589 0
0.38506857791742166 0.57629585273261863 0
0.45279274603141395 0.45279274603141423 0
0.50311634284451656 0.31188906802932037 0
0.53410546075299992 0.15899966805226409 0
0.54456920533453868 1.9903277935027285e-16 0
0.53410546075299992 -0.15899966805226382 0
0.50311634284451656 -0.3118890680293202 0
0.45279274603141406 -0.45279274603141406 0
0.38506857791742177 -0.57629585273261841 0
0.30254644030300931 -0.67765223300374566 0
0.2083976126577507 -0.75296681799228959 0
0.10624018162878232 -0.79934531043404622 0
9.788844433132963e-17 -0.69310512880526398 0
-0.13521810276964891 -0.67978730810418797 0
-0.26523984968104591 -0.64034564238178249 0
-0.38506857791742177 -0.57629585273261863 0
-0.49009933665337746 -0.49009933665337774 0
-0.5762958527326183 -0.38506857791742194 0
-0.64034564238178227 -0.26523984968104608 0
-0.67978730810418775 -0.13521810276964907 0
-0.69310512880526376 -5.705231535102295e-17 0
-0.67978730810418775 0.13521810276964893 0
-0.64034564238178227 0.26523984968104597 0
-0.5762958527326183 0.38506857791742183 0
-0.49009933665337757 0.49009933665337757 0
-0.38506857791742177 0.57629585273261841 0
-0.26523984968104602 0.64034564238178249 0
-0.13521810276964902 0.67978730810418797 0
-8.5422843042245924e-17 0.69310512880526398 0
0.13521810276964885 0.67978730810418797 0
0.2652398496810458 0.64034564238178249 0
0.38506857791742166 0.57629585273261863 0
0.49009933665337746 0.49009933665337779 0
0.5762958527326183 0.38506857791742194 0
0.64034564238178227 0.26523984968104619 0
0.67978730810418775 0.13521810276964927 0
0.69310512880526376 1.7609628569699696e-16 0
0.67978730810418775 -0.13521810276964902 0
0.64034564238178227 -0.26523984968104608 0
0.5762958527326183 -0.38506857791742183 0
0.49009933665337757 -0.49009933665337763 0
0.38506857791742188 -0.57629585273261841 0
0.26523984968104614 -0.64034564238178249 0
0.13521810276964907 -0.67978730810418797 0
1.0681423262457423e-16 -0.5445692053345389 0
-0.15899966805226362 -0.53410546075300014 0
-0.31188906802931998 -0.50311634284451667 0
-0.45279274603141395 -0.45279274603141428 0
-0.5762958527326183 -0.38506857791742194 0
-0.67765223300374555 -0.30254644030300942 0
-0.75296681799228948 -0.20839761265775072 0
-0.799345310434046 -0.10624018162878233 0
-0.81500541087383671 -5.3777184595398613e-17 0
-0.799345310434046 0.10624018162878221 0
-0.75296681799228948 0.20839761265775059 0
-0.67765223300374555 0.30254644030300931 0
-0.57629585273261852 0.38506857791742183 0
-0.45279274603141417 0.45279274603141417 0
-0.3118890680293202 0.50311634284451667 0
-0.15899966805226384 0.53410546075300014 0
-1.1332015714415296e-16 0.5445692053345389 0
0.15899966805226362 0.53410546075300014 0
0.31188906802931998 0.50311634284451667 0
0.45279274603141395 0.45279274603141428 0
0.5762958527326183 0.38506857791742194 0
0.67765223300374555 0.30254644030300942 0
0.75296681799228948 0.20839761265775075 0
0.799345310434046 0.10624018162878246 0
0.81500541087383671 1.4309273995536097e-16 0
0.799345310434046 -0.10624018162878228 0
0.75296681799228948 -0.20839761265775072 0
0.67765223300374555 -0.30254644030300931 0
0.57629585273261852 -0.38506857791742183 0
0.45279274603141417 -0.45279274603141417 0
0.3118890680293202 -0.50311634284451667 0
0.15899966805226384 -0.53410546075300014 0
1.4320905489883659e-16 -0.37510579270073646 0
-0.17667096525967102 -0.36789824007486782 0
-0.34655256440263182 -0.34655256440263205 0
-0.50311634284451656 -0.31188906802932026 0
-0.64034564238178227 -0.26523984968104619 0
-0.75296681799228948 -0.20839761265775078 0
-0.83665190105600928 -0.14354677225074569 0
-0.88818492076193845 -0.073179509888101762 0
-0.90558549206282835 -4.0447619837670292e-17 0
-0.88818492076193856 0.073179509888101679 0
-0.83665190105600939 0.14354677225074555 0
-0.75296681799228971 0.20839761265775072 0
-0.64034564238178249 0.26523984968104614 0
-0.50311634284451678 0.3118890680293202 0
-0.3465525644026321 0.34655256440263199 0
-0.1766709652596713 0.36789824007486782 0
-1.5051800698056228e-16 0.37510579270073646 0
0.17667096525967102 0.36789824007486782 0
0.34655256440263177 0.3465525644026321 0
0.50311634284451656 0.31188906802932032 0
0.64034564238178227 0.26523984968104614 0
0.75296681799228948 0.20839761265775078 0
0.83665190105600939 0.14354677225074572 0
0.88818492076193856 0.073179509888101874 0
0.90558549206282835 9.6005521429674028e-17 0
0.88818492076193867 -0.073179509888101735 0
0.83665190105600951 -0.14354677225074569 0
0.75296681799228971 -0.20839761265775072 0
0.64034564238178249 -0.26523984968104608 0
0.50311634284451678 -0.31188906802932026 0
0.34655256440263205 -0.34655256440263205 0
0.1766709652596713 -0.36789824007486782 0
1.3043477125571817e-16 -0.19122727481519669 0
-0.18755289635036801 -0.18755289635036829 0
-0.3678982400748676 -0.17667096525967127 0
-0.53410546075299992 -0.15899966805226387 0
-0.67978730810418775 -0.1352181027696491 0
-0.79934531043404589 -0.10624018162878235 0
-0.88818492076193833 -0.073179509888101776 0
-0.94289208268479152 -0.037306590621963398 0
-0.96136443065004018 -2.2650505845355777e-17 0
-0.94289208268479163 0.037306590621963343 0
-0.88818492076193856 0.073179509888101721 0
-0.79934531043404611 0.10624018162878231 0
-0.67978730810418797 0.13521810276964907 0
-0.53410546075300014 0.15899966805226384 0
-0.36789824007486782 0.17667096525967124 0
-0.18755289635036826 0.18755289635036829 0
-1.2461400517504369e-16 0.19122727481519669 0
0.18755289635036804 0.18755289635036829 0
0.3678982400748676 0.1766709652596713 0
0.53410546075299992 0.1589996680522639 0
0.67978730810418775 0.13521810276964907 0
0.79934531043404589 0.10624018162878233 0
0.88818492076193833 0.073179509888101804 0
0.94289208268479163 0.037306590621963454 0
0.96136443065004018 4.3768602704609231e-17 0
0.94289208268479174 -0.03730659062196337 0
0.88818492076193856 -0.073179509888101749 0
0.79934531043404611 -0.10624018162878229 0
0.67978730810418797 -0.13521810276964905 0
0.53410546075300014 -0.15899966805226387 0
0.36789824007486782 -0.17667096525967127 0
0.18755289635036829 -0.18755289635036829 0
1.4895595906556613e-16 -1.2986305286840265e-16 0
-0.19122727481519639 -1.2657113098909776e-16 0
-0.37510579270073618 -1.2278269420489763e-16 0
-0.54456920533453868 -1.1795298025305879e-16 0
-0.69310512880526365 -9.9977502239993029e-17 0
-0.8150054108738366 -7.1212788783333212e-17 0
-0.90558549206282812 -4.7388040905715543e-17 0
-0.96136443065003996 -2.7533039654193792e-17 0
-0.98019867330675492 -2.9389300305331924e-18 0
-0.96136443065004007 2.7470291495189863e-17 0
-0.90558549206282823 6.0671429850233151e-17 0
-0.81500541087383682 8.2442721107623751e-17 0
-0.69310512880526387 8.4871659420085751e-17 0
-0.5445692053345389 9.1522850699826327e-17 0
-0.37510579270073641 1.1504004884452837e-16 0
-0.19122727481519666 1.3101487489440085e-16 0
-1.349945967993147e-16 1.3437946810704291e-16 0
0.19122727481519639 1.4382316924216638e-16 0
0.37510579270073618 1.463387457127225e-16 0
0.54456920533453868 1.2377158296455444e-16 0
0.69310512880526365 9.4391568180338425e-17 0
0.8150054108738366 7.000624030646492e-17 0
0.90558549206282823 4.1614080568821103e-17 0
0.96136443065004007 1.6528192680305699e-17 0
0.98019867330675492 1.6012689112330359e-18 0
0.96136443065004018 -1.6030097504455964e-17 0
0.90558549206282835 -3.9046959104097289e-17 0
0.81500541087383682 -6.3812977739423256e-17 0
0.69310512880526387 -9.7112887322793947e-17 0
0.5445692053345389 -1.2866122343784005e-16 0
0.37510579270073641 -1.3788450177612838e-16 0
0.19122727481519666 -1.3289198388668579e-16 0
1.5563039310721578e-16 0.19122727481519644 0
-0.18755289635036801 0.18755289635036804 0
-0.3678982400748676 0.17667096525967105 0
-0.53410546075299992 0.15899966805226365 0
-0.67978730810418775 0.13521810276964891 0
-0.79934531043404589 0.10624018162878218 0
-0.88818492076193833 0.073179509888101665 0
-0.94289208268479152 0.037306590621963343 0
-0.96136443065004018 1.8973300390102694e-17 0
-0.94289208268479163 -0.03730659062196328 0
-0.88818492076193845 -0.073179509888101596 0
-0.79934531043404611 -0.10624018162878214 0
-0.67978730810418797 -0.13521810276964888 0
-0.53410546075300014 -0.15899966805226362 0
-0.36789824007486782 -0.17667096525967102 0
-0.18755289635036829 -0.18755289635036801 0
-1.3756195021202886e-16 -0.19122727481519639 0
0.18755289635036801 -0.18755289635036801 0
0.3678982400748676 -0.17667096525967102 0
0.53410546075299992 -0.15899966805226362 0
0.67978730810418775 -0.13521810276964888 0
0.79934531043404589 -0.1062401816287822 0
0.88818492076193845 -0.073179509888101679 0
0.94289208268479163 -0.037306590621963391 0
0.96136443065004018 -4.2929848313892274e-17 0
0.94289208268479174 0.037306590621963329 0
0.88818492076193856 0.073179509888101665 0
0.79934531043404611 0.10624018162878215 0
0.67978730810418797 0.13521810276964885 0
0.53410546075300014 0.15899966805226359 0
0.36789824007486782 0.17667096525967099 0
0.18755289635036829 0.18755289635036798 0
1.1383289679808829e-16 0.37510579270073624 0
-0.17667096525967105 0.3678982400748676 0
-0.34655256440263182 0.34655256440263188 0
-0.50311634284451656 0.31188906802932009 0
-0.64034564238178227 0.26523984968104602 0
-0.75296681799228959 0.20839761265775061 0
-0.83665190105600939 0.14354677225074561 0
-0.88818492076193856 0.073179509888101721 0
-0.90558549206282835 3.8290374746866765e-17 0
-0.88818492076193856 -0.073179509888101638 0
-0.83665190105600939 -0.1435467722507455 0
-0.75296681799228959 -0.20839761265775053 0
-0.64034564238178249 -0.26523984968104591 0
-0.50311634284451678 -0.31188906802931998 0
-0.34655256440263205 -0.34655256440263182 0
-0.17667096525967124 -0.3678982400748676 0
-9.3713260100783492e-17 -0.37510579270073624 0
0.17667096525967108 -0.3678982400748676 0
0.34655256440263182 -0.34655256440263182 0
0.50311634284451656 -0.31188906802932009 0
0.64034564238178227 -0.26523984968104602 0
0.75296681799228959 -0.20839761265775064 0
0.83665190105600939 -0.14354677225074561 0
0.88818492076193856 -0.073179509888101832 0
0.90558549206282835 -1.0541082022754037e-16 0
0.88818492076193856 0.073179509888101693 0
0.83665190105600939 0.14354677225074561 0
0.75296681799228959 0.20839761265775056 0
0.64034564238178249 0.26523984968104591 0
0.50311634284451678 0.31188906802931998 0
0.34655256440263205 0.34655256440263177 0
0.17667096525967127 0.3678982400748676 0
1.1904620485511189e-16 0.54456920533453868 0
-0.15899966805226368 0.53410546075299992 0
-0.31188906802932009 0.50311634284451656 0
-0.45279274603141406 0.45279274603141406 0
-0.57629585273261841 0.38506857791742177 0
-0.67765223300374566 0.30254644030300931 0
-0.75296681799228948 0.20839761265775064 0
-0.79934531043404622 0.10624018162878227 0
-0.81500541087383693 4.7259282597799606e-17 0
-0.79934531043404622 -0.10624018162878215 0
-0.75296681799228959 -0.2083976126577505 0
-0.67765223300374589 -0.3025464403030092 0
-0.57629585273261863 -0.38506857791742166 0
-0.45279274603141428 -0.45279274603141395 0
-0.31188906802932032 -0.50311634284451656 0
-0.1589996680522639 -0.53410546075299992 0
-1.0644303654469751e-16 -0.54456920533453868 0
0.15899966805226368 -0.53410546075299992 0
0.31188906802932009 -0.50311634284451656 0
0.45279274603141406 -0.45279274603141406 0
0.57629585273261841 -0.38506857791742177 0
0.67765223300374566 -0.30254644030300931 0
0.75296681799228959 -0.20839761265775067 0
0.79934531043404622 -0.10624018162878243 0
0.81500541087383693 -1.662025231462287e-16 0
0.79934531043404622 0.10624018162878221 0
0.75296681799228971 0.20839761265775064 0
0.67765223300374589 0.3025464403030092 0
0.57629585273261863 0.38506857791742166 0
0.45279274603141428 0.45279274603141395 0
0.31188906802932032 0.50311634284451656 0
0.1589996680522639 0.53410546075299992 0
1.0212198394664401e-16 0.69310512880526376 0
-0.13521810276964891 0.67978730810418775 0
-0.26523984968104597 0.64034564238178227 0
-0.38506857791742177 0.57629585273261841 0
-0.49009933665337763 0.49009933665337757 0
-0.57629585273261841 0.38506857791742183 0
-0.64034564238178238 0.26523984968104597 0
-0.67978730810418797 0.13521810276964902 0
-0.69310512880526398 4.7516284719011292e-17 0
-0.67978730810418797 -0.13521810276964888 0
-0.64034564238178249 -0.26523984968104586 0
-0.57629585273261852 -0.38506857791742172 0
-0.49009933665337774 -0.49009933665337746 0
-0.38506857791742194 -0.5762958527326183 0
-0.26523984968104614 -0.64034564238178227 0
-0.1352181027696491 -0.67978730810418775 0
-9.9150768403241143e-17 -0.69310512880526376 0
0.13521810276964893 -0.67978730810418775 0
0.26523984968104602 -0.64034564238178227 0
0.38506857791742183 -0.5762958527326183 0
0.49009933665337763 -0.49009933665337757 0
0.57629585273261852 -0.38506857791742183 0
0.64034564238178249 -0.26523984968104608 0
0.67978730810418797 -0.13521810276964921 0
0.69310512880526398 -1.9875292849605457e-16 0
0.67978730810418797 0.13521810276964896 0
0.6403456423817826 0.26523984968104597 0
0.57629585273261863 0.38506857791742172 0
0.49009933665337774 0.49009933665337746 0
0.38506857791742199 0.57629585273261819 0
0.26523984968104619 0.64034564238178227 0
0.13521810276964913 0.67978730810418775 0
8.4344181060267149e-17 0.81500541087383671 0
-0.10624018162878222 0.799345310434046 0
-0.20839761265775061 0.75296681799228948 0
-0.30254644030300931 0.67765223300374566 0
-0.38506857791742183 0.57629585273261852 0
-0.45279274603141417 0.45279274603141406 0
-0.50311634284451667 0.31188906802932009 0
-0.53410546075300014 0.15899966805226379 0
-0.5445692053345389 5.782659985320778e-17 0
-0.53410546075300014 -0.15899966805226362 0
-0.50311634284451667 -0.31188906802931993 0
-0.45279274603141428 -0.4527927460314139 0
-0.38506857791742194 -0.5762958527326183 0
-0.30254644030300942 -0.67765223300374544 0
-0.20839761265775075 -0.75296681799228948 0
-0.10624018162878236 -0.799345310434046 0
-8.186332164694923e-17 -0.81500541087383671 0
0.1062401816287822 -0.799345310434046 0
0.20839761265775064 -0.75296681799228948 0
0.30254644030300931 -0.67765223300374566 0
0.38506857791742183 -0.57629585273261852 0
0.45279274603141417 -0.45279274603141412 0
0.50311634284451667 -0.31188906802932026 0
0.53410546075300014 -0.15899966805226401 0
0.5445692053345389 -1.9978510098193016e-16 0
0.53410546075300014 0.15899966805226373 0
0.50311634284451667 0.31188906802932009 0
0.45279274603141428 0.45279274603141395 0
0.38506857791742194 0.5762958527326183 0
0.30254644030300942 0.67765223300374544 0
0.20839761265775078 0.75296681799228948 0
0.10624018162878239 0.799345310434046 0
5.3976369167667008e-17 0.90558549206282823 0
-0.073179509888101707 0.88818492076193845 0
-0.14354677225074569 0.83665190105600939 0
-0.20839761265775075 0.75296681799228959 0
-0.26523984968104614 0.64034564238178238 0
-0.31188906802932026 0.50311634284451667 0
-0.34655256440263221 0.34655256440263188 0
-0.36789824007486799 0.17667096525967121 0
-0.37510579270073663 8.6222655287380587e-17 0
-0.36789824007486799 -0.17667096525967102 0
-0.34655256440263221 -0.34655256440263166 0
-0.31188906802932048 -0.50311634284451645 0
-0.26523984968104636 -0.64034564238178215 0
-0.20839761265775092 -0.75296681799228937 0
-0.1435467722507458 -0.83665190105600928 0
-0.073179509888101818 -0.88818492076193845 0
-5.1975899577735547e-17 -0.90558549206282823 0
0.073179509888101707 -0.88818492076193845 0
0.14354677225074569 -0.83665190105600928 0
0.20839761265775081 -0.75296681799228959 0
0.26523984968104625 -0.64034564238178238 0
0.31188906802932037 -0.50311634284451667 0
0.34655256440263221 -0.3465525644026321 0
0.36789824007486799 -0.17667096525967146 0
0.37510579270073663 -1.8197172129417008e-16 0
0.36789824007486799 0.17667096525967116 0
0.34655256440263221 0.34655256440263188 0
0.31188906802932037 0.50311634284451645 0
0.26523984968104625 0.64034564238178215 0
0.20839761265775086 0.75296681799228937 0
0.1435467722507458 0.83665190105600917 0
0.073179509888101818 0.88818492076193845 0
1.7768525519493845e-17 0.96136443065004018 0
-0.037306590621963398 0.94289208268479163 0
-0.073179509888101804 0.88818492076193856 0
-0.10624018162878242 0.79934531043404611 0
-0.13521810276964918 0.67978730810418797 0
-0.15899966805226406 0.53410546075300014 0
-0.17667096525967146 0.36789824007486777 0
-0.18755289635036848 0.18755289635036823 0
-0.19122727481519688 1.0394632539054843e-16 0
-0.18755289635036848 -0.18755289635036801 0
-0.17667096525967146 -0.36789824007486749 0
-0.15899966805226404 -0.53410546075299992 0
-0.13521810276964924 -0.67978730810418775 0
-0.10624018162878245 -0.79934531043404589 0
-0.073179509888101832 -0.88818492076193845 0
-0.037306590621963433 -0.94289208268479163 0
-2.2245458562628503e-17 -0.96136443065004018 0
0.037306590621963377 -0.94289208268479163 0
0.073179509888101776 -0.88818492076193845 0
0.10624018162878239 -0.79934531043404611 0
0.13521810276964918 -0.67978730810418797 0
0.15899966805226398 -0.53410546075300014 0
0.17667096525967146 -0.36789824007486793 0
0.18755289635036848 -0.18755289635036851 0
0.19122727481519688 -1.6994273422855286e-16 0
0.18755289635036848 0.18755289635036818 0
0.17667096525967146 0.36789824007486766 0
0.15899966805226406 0.53410546075299992 0
0.13521810276964924 0.67978730810418775 0
0.10624018162878247 0.79934531043404589 0
0.07317950988810186 0.88818492076193833 0
0.03730659062196344 0.94289208268479163 0
-1.0866573381683663e-17 0.98019867330675514 0
-5.2592635389802478e-17 0.96136443065004018 0
-9.5350655649551722e-17 0.90558549206282846 0
-1.35102584534206e-16 0.81500541087383693 0
-1.6405471184757741e-16 0.69310512880526398 0
-1.8246463743010371e-16 0.5445692053345389 0
-1.8907967125297969e-16 0.37510579270073646 0
-1.8230720231856747e-16 0.19122727481519664 0
-1.6450053253896639e-16 8.995098629320301e-17 0
-1.3538568728341997e-16 -0.19122727481519641 0
-9.7827980072572058e-17 -0.37510579270073618 0
-6.521596555835458e-17 -0.54456920533453868 0
-4.6921454197588563e-17 -0.69310512880526376 0
-3.7425979769914692e-17 -0.81500541087383671 0
-2.6372555828385043e-17 -0.90558549206282835 0
-1.0592817104052282e-17 -0.96136443065004018 0
3.8909863403013544e-18 -0.98019867330675492 0
1.2427750218841504e-17 -0.96136443065004018 0
2.0477166232449411e-17 -0.90558549206282835 0
3.1594974429752404e-17 -0.81500541087383693 0
4.3427141947299479e-17 -0.69310512880526398 0
6.5487254901022541e-17 -0.5445692053345389 0
1.0660921277414788e-16 -0.37510579270073663 0
1.4616279935178311e-16 -0.19122727481519691 0
1.6220719841355816e-16 -1.7524329599482671e-16 0
1.675764996452238e-16 0.19122727481519658 0
1.7799453242061474e-16 0.37510579270073635 0
1.8334659959179915e-16 0.54456920533453868 0
1.7301340448012058e-16 0.69310512880526376 0
1.4572325770826989e-16 0.81500541087383671 0
9.8404295968151471e-17 0.90558549206282823 0
3.9818177349067287e-17 0.96136443065004018 0
-3.3006419511836623e-17 0.96136443065004029 0
0.037306590621963329 0.94289208268479174 0
0.073179509888101679 0.88818492076193856 0
0.10624018162878222 0.79934531043404611 0
0.13521810276964899 0.67978730810418797 0
0.15899966805226376 0.53410546075300014 0
0.17667096525967116 0.36789824007486782 0
0.18755289635036815 0.1875528963503682 0
0.19122727481519658 7.2136681038310094e-17 0
0.18755289635036818 -0.18755289635036806 0
0.17667096525967119 -0.36789824007486754 0
0.15899966805226379 -0.53410546075299992 0
0.13521810276964905 -0.67978730810418775 0
0.10624018162878227 -0.79934531043404589 0
0.073179509888101735 -0.88818492076193845 0
0.037306590621963377 -0.94289208268479152 0
2.5284058747371202e-17 -0.96136443065004007 0
-0.037306590621963336 -0.94289208268479152 0
-0.073179509888101679 -0.88818492076193845 0
-0.10624018162878224 -0.79934531043404611 0
-0.13521810276964899 -0.67978730810418797 0
-0.15899966805226373 -0.53410546075300014 0
-0.17667096525967113 -0.36789824007486799 0
-0.18755289635036818 -0.18755289635036851 0
-0.19122727481519658 -1.6882577333531436e-16 0
-0.1875528963503682 0.18755289635036815 0
-0.17667096525967116 0.36789824007486771 0
-0.15899966805226376 0.53410546075299992 0
-0.13521810276964905 0.67978730810418775 0
-0.10624018162878228 0.79934531043404589 0
-0.073179509888101735 0.88818492076193833 0
-0.037306590621963384 0.94289208268479174 0
-5.7509098210376862e-17 0.90558549206282846 0
0.073179509888101679 0.88818492076193856 0
0.14354677225074561 0.83665190105600951 0
0.2083976126577507 0.75296681799228971 0
0.26523984968104608 0.64034564238178249 0
0.3118890680293202 0.50311634284451678 0
0.34655256440263199 0.34655256440263205 0
0.36789824007486771 0.17667096525967124 0
0.37510579270073635 7.4896512497048249e-17 0
0.36789824007486771 -0.17667096525967105 0
0.34655256440263194 -0.34655256440263177 0
0.31188906802932015 -0.50311634284451656 0
0.26523984968104608 -0.64034564238178227 0
0.2083976126577507 -0.75296681799228948 0
0.14354677225074566 -0.83665190105600939 0
0.073179509888101749 -0.88818492076193856 0
4.0896094581782763e-17 -0.90558549206282823 0
-0.073179509888101665 -0.88818492076193856 0
-0.14354677225074555 -0.83665190105600939 0
-0.20839761265775059 -0.75296681799228971 0
-0.26523984968104597 -0.64034564238178249 0
-0.31188906802932004 -0.50311634284451678 0
-0.34655256440263182 -0.34655256440263221 0
-0.36789824007486771 -0.17667096525967149 0
-0.37510579270073635 -1.3111027167549025e-16 0
-0.36789824007486771 0.17667096525967119 0
-0.34655256440263199 0.34655256440263194 0
-0.3118890680293202 0.50311634284451656 0
-0.26523984968104619 0.64034564238178227 0
-0.20839761265775081 0.75296681799228948 0
-0.14354677225074572 0.83665190105600928 0
-0.07317950988810179 0.88818492076193856 0
-8.486014150648629e-17 0.81500541087383693 0
0.10624018162878215 0.79934531043404622 0
0.20839761265775059 0.75296681799228959 0
0.3025464403030092 0.67765223300374589 0
0.38506857791742166 0.57629585273261863 0
0.45279274603141395 0.45279274603141417 0
0.50311634284451656 0.31188906802932026 0
0.53410546075299992 0.15899966805226387 0
0.54456920533453868 7.7298746996120863e-17 0
0.53410546075299992 -0.1589996680522637 0
0.50311634284451656 -0.31188906802932004 0
0.45279274603141406 -0.45279274603141401 0
0.38506857791742177 -0.57629585273261841 0
0.30254644030300931 -0.67765223300374566 0
0.20839761265775064 -0.75296681799228959 0
0.10624018162878228 -0.79934531043404622 0
6.2870353517742879e-17 -0.81500541087383693 0
-0.10624018162878214 -0.79934531043404622 0
-0.20839761265775053 -0.75296681799228959 0
-0.3025464403030092 -0.67765223300374589 0
-0.38506857791742166 -0.57629585273261863 0
-0.45279274603141395 -0.45279274603141423 0
-0.50311634284451656 -0.31188906802932037 0
-0.53410546075299992 -0.15899966805226409 0
-0.54456920533453868 -9.3984032662976385e-17 0
-0.53410546075299992 0.15899966805226382 0
-0.50311634284451656 0.31188906802932015 0
-0.45279274603141406 0.45279274603141406 0
-0.38506857791742177 0.57629585273261841 0
-0.30254644030300931 0.67765223300374566 0
-0.2083976126577507 0.75296681799228959 0
-0.10624018162878232 0.79934531043404622 0
-1.0585257224102696e-16 0.69310512880526398 0
0.13521810276964885 0.67978730810418797 0
0.26523984968104586 0.64034564238178249 0
0.38506857791742172 0.57629585273261852 0
0.49009933665337746 0.49009933665337774 0
0.57629585273261819 0.38506857791742194 0
0.64034564238178227 0.26523984968104614 0
0.67978730810418775 0.13521810276964907 0
0.69310512880526376 6.2435386280904577e-17 0
0.67978730810418775 -0.13521810276964896 0
0.64034564238178227 -0.26523984968104591 0
0.5762958527326183 -0.38506857791742177 0
0.49009933665337757 -0.49009933665337763 0
0.38506857791742183 -0.57629585273261841 0
0.26523984968104608 -0.64034564238178249 0
0.13521810276964907 -0.67978730810418797 0
9.6899121264204271e-17 -0.69310512880526398 0
-0.13521810276964885 -0.67978730810418797 0
-0.26523984968104586 -0.64034564238178249 0
-0.38506857791742172 -0.57629585273261863 0
-0.49009933665337746 -0.49009933665337774 0
-0.5762958527326183 -0.38506857791742199 0
-0.64034564238178227 -0.26523984968104625 0
-0.67978730810418775 -0.13521810276964924 0
-0.69310512880526376 -7.7719276707562649e-17 0
-0.67978730810418775 0.13521810276964902 0
-0.64034564238178227 0.26523984968104602 0
-0.57629585273261841 0.38506857791742183 0
-0.49009933665337757 0.49009933665337763 0
-0.38506857791742183 0.57629585273261852 0
-0.26523984968104608 0.64034564238178249 0
-0.13521810276964907 0.67978730810418797 0
-1.1342855081437276e-16 0.5445692053345389 0
0.15899966805226362 0.53410546075300014 0
0.31188906802931998 0.50311634284451667 0
0.45279274603141395 0.45279274603141428 0
0.5762958527326183 0.38506857791742194 0
0.67765223300374544 0.30254644030300942 0
0.75296681799228948 0.20839761265775075 0
0.799345310434046 0.10624018162878232 0
0.81500541087383671 4.4730842916943062e-17 0
0.799345310434046 -0.10624018162878222 0
0.75296681799228948 -0.20839761265775061 0
0.67765223300374555 -0.30254644030300926 0
0.57629585273261852 -0.38506857791742183 0
0.45279274603141417 -0.45279274603141417 0
0.3118890680293202 -0.50311634284451667 0
0.15899966805226384 -0.53410546075300014 0
1.2315888686154257e-16 -0.5445692053345389 0
-0.15899966805226362 -0.53410546075300014 0
-0.31188906802931998 -0.50311634284451667 0
-0.45279274603141395 -0.45279274603141428 0
-0.5762958527326183 -0.38506857791742194 0
-0.67765223300374555 -0.30254644030300948 0
-0.75296681799228948 -0.20839761265775084 0
-0.799345310434046 -0.10624018162878245 0
-0.81500541087383671 -5.6864768434285064e-17 0
-0.799345310434046 0.10624018162878229 0
-0.75296681799228948 0.2083976126577507 0
-0.67765223300374566 0.30254644030300931 0
-0.57629585273261852 0.38506857791742183 0
-0.45279274603141417 0.45279274603141417 0
-0.3118890680293202 0.50311634284451667 0
-0.15899966805226384 0.53410546075300014 0
-1.4444633896675771e-16 0.37510579270073646 0
0.17667096525967099 0.36789824007486782 0
0.34655256440263171 0.34655256440263205 0
0.50311634284451645 0.31188906802932026 0
0.64034564238178215 0.26523984968104619 0
0.75296681799228937 0.20839761265775081 0
0.83665190105600928 0.14354677225074569 0
0.88818492076193845 0.073179509888101776 0
0.90558549206282823 3.172819149047486e-17 0
0.88818492076193845 -0.073179509888101693 0
0.83665190105600928 -0.14354677225074558 0
0.75296681799228959 -0.2083976126577507 0
0.64034564238178238 -0.26523984968104608 0
0.50311634284451667 -0.31188906802932026 0
0.34655256440263205 -0.34655256440263205 0
0.1766709652596713 -0.36789824007486782 0
1.5662050733734199e-16 -0.37510579270073646 0
-0.17667096525967096 -0.36789824007486782 0
-0.34655256440263171 -0.34655256440263205 0
-0.50311634284451645 -0.31188906802932026 0
-0.64034564238178215 -0.26523984968104619 0
-0.75296681799228937 -0.20839761265775081 0
-0.83665190105600928 -0.14354677225074575 0
-0.88818492076193845 -0.073179509888101832 0
-0.90558549206282823 -2.4836301956425656e-17 0
-0.88818492076193845 0.073179509888101749 0
-0.83665190105600928 0.14354677225074564 0
-0.75296681799228959 0.2083976126577507 0
-0.64034564238178238 0.26523984968104608 0
-0.50311634284451667 0.31188906802932026 0
-0.34655256440263205 0.34655256440263205 0
-0.17667096525967127 0.36789824007486782 0
-1.3152453681661013e-16 0.19122727481519669 0
0.18755289635036801 0.18755289635036829 0
0.36789824007486754 0.17667096525967127 0
0.53410546075299981 0.15899966805226387 0
0.67978730810418764 0.1352181027696491 0
0.79934531043404589 0.10624018162878236 0
0.88818492076193833 0.073179509888101776 0
0.94289208268479152 0.037306590621963391 0
0.96136443065004007 1.5770335981057019e-17 0
0.94289208268479152 -0.037306590621963349 0
0.88818492076193833 -0.073179509888101707 0
0.79934531043404611 -0.10624018162878231 0
0.67978730810418786 -0.13521810276964907 0
0.53410546075300003 -0.15899966805226387 0
0.36789824007486777 -0.17667096525967124 0
0.18755289635036829 -0.18755289635036826 0
1.3052029815746226e-16 -0.19122727481519669 0
-0.18755289635036801 -0.18755289635036831 0
-0.36789824007486754 -0.1766709652596713 0
-0.53410546075299981 -0.15899966805226387 0
-0.67978730810418764 -0.13521810276964907 0
-0.79934531043404589 -0.10624018162878236 0
-0.88818492076193833 -0.073179509888101818 0
-0.94289208268479152 -0.037306590621963419 0
-0.96136443065004007 -8.1639618735251689e-18 0
-0.94289208268479152 0.037306590621963377 0
-0.88818492076193833 0.073179509888101749 0
-0.79934531043404611 0.10624018162878231 0
-0.67978730810418786 0.13521810276964905 0
-0.53410546075300003 0.15899966805226387 0
-0.36789824007486777 0.17667096525967127 0
-0.18755289635036829 0.18755289635036829 0
-1.4997824092293989e-16 1.4571414943686878e-16 0
0.19122727481519644 1.3649279319660482e-16 0
0.37510579270073624 1.187705505394277e-16 0
0.54456920533453879 1.1771502147428844e-16 0
0.69310512880526387 1.1483002572294697e-16 0
0.81500541087383682 8.8318967546319952e-17 0
0.90558549206282835 5.3130816904869923e-17 0
0.96136443065004029 2.266239640909492e-17 0
0.98019867330675514 -3.1414060314130524e-18 0
0.96136443065004029 -2.5371804399158466e-17 0
0.90558549206282846 -5.5423505582672781e-17 0
0.81500541087383704 -9.2234440779822468e-17 0
0.69310512880526409 -1.0961828740287092e-16 0
0.54456920533453901 -1.0715191110185839e-16 0
0.37510579270073646 -1.1392584118312887e-16 0
0.19122727481519672 -1.3386587299317944e-16 0
1.3825923834092305e-16 -1.5242928535802711e-16 0
-0.19122727481519644 -1.6413106575123574e-16 0
-0.37510579270073624 -1.5738533691697709e-16 0
-0.54456920533453879 -1.2658624988211989e-16 0
-0.69310512880526387 -9.0858962193456961e-17 0
-0.81500541087383682 -6.1846054906460305e-17 0
-0.90558549206282846 -3.6684302857734955e-17 0
-0.96136443065004029 -2.065249635634229e-17 0
-0.98019867330675514 -8.1904729831224154e-18 0
-0.96136443065004029 1.7353334133618585e-17 0
-0.90558549206282857 4.9375978335958007e-17 0
-0.81500541087383704 7.8358604998782822e-17 0
-0.69310512880526409 1.1098392017865244e-16 0
-0.54456920533453901 1.3505982963361723e-16 0
-0.37510579270073646 1.3676566053312395e-16 0
-0.19122727481519672 1.3779264992029382e-16 0
-1.4728751328500187e-16 -0.19122727481519644 0
0.18755289635036804 -0.18755289635036804 0
0.36789824007486766 -0.17667096525967105 0
0.53410546075299992 -0.15899966805226365 0
0.67978730810418786 -0.13521810276964891 0
0.799345310434046 -0.10624018162878218 0
0.88818492076193845 -0.073179509888101665 0
0.94289208268479174 -0.037306590621963343 0
0.96136443065004029 -2.0561779964535684e-17 0
0.94289208268479174 0.037306590621963301 0
0.88818492076193856 0.073179509888101596 0
0.79934531043404622 0.10624018162878213 0
0.67978730810418808 0.13521810276964885 0
0.53410546075300014 0.15899966805226362 0
0.36789824007486788 0.17667096525967102 0
0.18755289635036831 0.18755289635036801 0
1.3610075362076767e-16 0.19122727481519639 0
-0.18755289635036804 0.18755289635036801 0
-0.36789824007486766 0.17667096525967102 0
-0.53410546075299992 0.15899966805226362 0
-0.67978730810418786 0.13521810276964891 0
-0.799345310434046 0.10624018162878221 0
-0.88818492076193856 0.073179509888101707 0
-0.94289208268479174 0.03730659062196337 0
-0.96136443065004029 1.0514074673811122e-18 0
-0.94289208268479174 -0.037306590621963329 0
-0.88818492076193867 -0.073179509888101638 0
-0.79934531043404622 -0.10624018162878215 0
-0.67978730810418808 -0.13521810276964885 0
-0.53410546075300014 -0.15899966805226359 0
-0.36789824007486788 -0.17667096525967099 0
-0.18755289635036831 -0.18755289635036798 0
-9.912500255826631e-17 -0.37510579270073624 0
0.17667096525967108 -0.3678982400748676 0
0.34655256440263188 -0.34655256440263188 0
0.50311634284451656 -0.31188906802932009 0
0.64034564238178238 -0.26523984968104602 0
0.75296681799228948 -0.20839761265775067 0
0.83665190105600951 -0.14354677225074561 0
0.88818492076193867 -0.073179509888101721 0
0.90558549206282846 -3.5211440729627518e-17 0
0.88818492076193867 0.073179509888101651 0
0.83665190105600951 0.1435467722507455 0
0.75296681799228959 0.20839761265775056 0
0.64034564238178249 0.26523984968104591 0
0.50311634284451667 0.31188906802931998 0
0.34655256440263205 0.34655256440263182 0
0.17667096525967127 0.3678982400748676 0
8.9816839521215739e-17 0.37510579270073624 0
-0.1766709652596711 0.3678982400748676 0
-0.34655256440263194 0.34655256440263182 0
-0.50311634284451667 0.31188906802932009 0
-0.64034564238178249 0.26523984968104602 0
-0.75296681799228959 0.20839761265775067 0
-0.83665190105600951 0.14354677225074566 0
-0.88818492076193867 0.073179509888101818 0
-0.90558549206282846 2.8997753159586387e-17 0
-0.88818492076193867 -0.073179509888101693 0
-0.83665190105600951 -0.14354677225074555 0
-0.75296681799228971 -0.20839761265775056 0
-0.6403456423817826 -0.26523984968104591 0
-0.50311634284451678 -0.31188906802931998 0
-0.3465525644026321 -0.34655256440263177 0
-0.1766709652596713 -0.3678982400748676 0
-1.1527252050480655e-16 -0.54456920533453868 0
0.1589996680522637 -0.53410546075299992 0
0.31188906802932009 -0.50311634284451656 0
0.45279274603141406 -0.45279274603141406 0
0.57629585273261841 -0.38506857791742177 0
0.67765223300374566 -0.30254644030300931 0
0.75296681799228959 -0.20839761265775067 0
0.79934531043404622 -0.10624018162878227 0
0.81500541087383693 -4.7252075440345818e-17 0
0.79934531043404622 0.10624018162878218 0
0.75296681799228959 0.20839761265775056 0
0.67765223300374589 0.3025464403030092 0
0.57629585273261863 0.38506857791742166 0
0.45279274603141423 0.45279274603141395 0
0.31188906802932032 0.50311634284451656 0
0.15899966805226387 0.53410546075299992 0
1.0064927849315829e-16 0.54456920533453868 0
-0.15899966805226365 0.53410546075299992 0
-0.31188906802932009 0.50311634284451656 0
-0.45279274603141412 0.45279274603141406 0
-0.57629585273261841 0.38506857791742177 0
-0.67765223300374566 0.30254644030300931 0
-0.75296681799228959 0.20839761265775078 0
-0.79934531043404622 0.10624018162878243 0
-0.81500541087383693 6.1262722528104142e-17 0
-0.79934531043404622 -0.10624018162878224 0
-0.75296681799228959 -0.20839761265775056 0
-0.67765223300374589 -0.3025464403030092 0
-0.57629585273261863 -0.38506857791742166 0
-0.45279274603141428 -0.45279274603141395 0
-0.31188906802932032 -0.50311634284451656 0
-0.15899966805226393 -0.53410546075299992 0
-1.1052848043254064e-16 -0.69310512880526376 0
0.13521810276964891 -0.67978730810418775 0
0.26523984968104597 -0.64034564238178227 0
0.38506857791742183 -0.5762958527326183 0
0.49009933665337763 -0.49009933665337757 0
0.57629585273261852 -0.38506857791742188 0
0.64034564238178249 -0.26523984968104608 0
0.67978730810418797 -0.13521810276964902 0
0.69310512880526398 -6.1547713662546537e-17 0
0.67978730810418797 0.13521810276964891 0
0.64034564238178249 0.26523984968104586 0
0.57629585273261852 0.38506857791742166 0
0.49009933665337774 0.49009933665337746 0
0.38506857791742194 0.57629585273261819 0
0.26523984968104619 0.64034564238178227 0
0.1352181027696491 0.67978730810418775 0
9.2180353965692258e-17 0.69310512880526376 0
-0.13521810276964893 0.67978730810418775 0
-0.26523984968104597 0.64034564238178227 0
-0.38506857791742183 0.57629585273261841 0
-0.49009933665337763 0.49009933665337757 0
-0.57629585273261852 0.38506857791742188 0
-0.64034564238178249 0.26523984968104619 0
-0.67978730810418797 0.13521810276964924 0
-0.69310512880526398 8.121468524278825e-17 0
-0.67978730810418797 -0.13521810276964902 0
-0.64034564238178249 -0.26523984968104597 0
-0.57629585273261852 -0.38506857791742166 0
-0.49009933665337774 -0.49009933665337746 0
-0.38506857791742194 -0.5762958527326183 0
-0.26523984968104619 -0.64034564238178227 0
-0.13521810276964913 -0.67978730810418775 0
-8.7732449147984074e-17 -0.81500541087383671 0
0.10624018162878221 -0.799345310434046 0
0.20839761265775061 -0.75296681799228959 0
0.30254644030300931 -0.67765223300374566 0
0.38506857791742183 -0.57629585273261852 0
0.45279274603141417 -0.45279274603141417 0
0.50311634284451667 -0.3118890680293202 0
0.53410546075300014 -0.15899966805226382 0
0.5445692053345389 -7.8539596672948676e-17 0
0.53410546075300014 0.15899966805226368 0
0.50311634284451667 0.31188906802931998 0
0.45279274603141428 0.45279274603141395 0
0.38506857791742194 0.5762958527326183 0
0.30254644030300942 0.67765223300374544 0
0.20839761265775075 0.75296681799228948 0
0.10624018162878236 0.799345310434046 0
7.6621586892219488e-17 0.81500541087383671 0
-0.10624018162878222 0.799345310434046 0
-0.20839761265775064 0.75296681799228948 0
-0.30254644030300931 0.67765223300374566 0
-0.38506857791742183 0.57629585273261852 0
-0.45279274603141417 0.45279274603141417 0
-0.50311634284451667 0.31188906802932032 0
-0.53410546075300014 0.15899966805226401 0
-0.5445692053345389 9.0852879522003304e-17 0
-0.53410546075300014 -0.15899966805226376 0
-0.50311634284451667 -0.31188906802932009 0
-0.45279274603141428 -0.45279274603141395 0
-0.38506857791742194 -0.5762958527326183 0
-0.30254644030300942 -0.67765223300374544 0
-0.20839761265775078 -0.75296681799228937 0
-0.10624018162878238 -0.799345310434046 0
-4.9275043148303551e-17 -0.90558549206282846 0
0.073179509888101679 -0.88818492076193856 0
0.14354677225074561 -0.83665190105600951 0
0.2083976126577507 -0.75296681799228971 0
0.26523984968104608 -0.64034564238178249 0
0.3118890680293202 -0.50311634284451678 0
0.34655256440263199 -0.34655256440263205 0
0.36789824007486777 -0.17667096525967124 0
0.37510579270073646 -8.7960808934989811e-17 0
0.36789824007486782 0.17667096525967108 0
0.34655256440263205 0.34655256440263177 0
0.31188906802932032 0.50311634284451656 0
0.26523984968104614 0.64034564238178227 0
0.20839761265775078 0.75296681799228948 0
0.14354677225074569 0.83665190105600939 0
0.073179509888101776 0.88818492076193856 0
4.8471879078935796e-17 0.90558549206282823 0
-0.073179509888101693 0.88818492076193856 0
-0.14354677225074564 0.83665190105600939 0
-0.20839761265775072 0.75296681799228971 0
-0.26523984968104614 0.64034564238178249 0
-0.3118890680293202 0.50311634284451678 0
-0.34655256440263205 0.34655256440263221 0
-0.36789824007486782 0.17667096525967146 0
-0.37510579270073646 1.0940640393553909e-16 0
-0.36789824007486788 -0.17667096525967119 0
-0.3465525644026321 -0.34655256440263194 0
-0.31188906802932032 -0.50311634284451656 0
-0.26523984968104619 -0.64034564238178227 0
-0.20839761265775081 -0.75296681799228948 0
-0.14354677225074572 -0.83665190105600928 0
-0.07317950988810179 -0.88818492076193856 0
-1.8608764993691599e-17 -0.96136443065004029 0
0.037306590621963349 -0.94289208268479163 0
0.073179509888101707 -0.88818492076193856 0
0.10624018162878228 -0.79934531043404611 0
0.13521810276964902 -0.67978730810418797 0
0.15899966805226379 -0.53410546075300014 0
0.17667096525967119 -0.36789824007486777 0
0.1875528963503682 -0.18755289635036823 0
0.19122727481519664 -8.8858223128242615e-17 0
0.18755289635036823 0.18755289635036804 0
0.17667096525967124 0.36789824007486749 0
0.15899966805226384 0.53410546075299992 0
0.13521810276964907 0.67978730810418775 0
0.10624018162878229 0.79934531043404589 0
0.073179509888101735 0.88818492076193833 0
0.037306590621963377 0.94289208268479163 0
1.8586372077467971e-17 0.96136443065004007 0
-0.037306590621963336 0.94289208268479163 0
-0.073179509888101679 0.88818492076193856 0
-0.10624018162878227 0.79934531043404611 0
-0.13521810276964902 0.67978730810418797 0
-0.15899966805226379 0.53410546075300014 0
-0.17667096525967119 0.36789824007486793 0
-0.18755289635036823 0.18755289635036848 0
-0.19122727481519664 1.4293157293612984e-16 0
-0.18755289635036826 -0.18755289635036818 0
-0.17667096525967124 -0.36789824007486766 0
-0.15899966805226384 -0.53410546075299992 0
-0.13521810276964907 -0.67978730810418775 0
-0.10624018162878233 -0.79934531043404589 0
-0.073179509888101762 -0.88818492076193833 0
-0.037306590621963391 -0.94289208268479163 0
2.3225316557404064e-18 -0.98019867330675514 0
1.3249228104026105e-17 -0.96136443065004018 0
3.539370621563882e-17 -0.90558549206282846 0
6.0852368559058595e-17 -0.81500541087383693 0
7.2982487711560847e-17 -0.69310512880526398 0
7.6418242555552276e-17 -0.5445692053345389 0
8.6230249591338154e-17 -0.37510579270073641 0
9.8384216224445641e-17 -0.19122727481519664 0
1.0217750087387242e-16 -8.9670716755957751e-17 0
1.0210266829630708e-16 0.19122727481519641 0
1.0100031130021715e-16 0.37510579270073613 0
8.9434117167285714e-17 0.54456920533453868 0
6.7681086893099882e-17 0.69310512880526376 0
4.8994989461330728e-17 0.81500541087383671 0
3.5625295020000516e-17 0.90558549206282823 0
1.6431916121324596e-17 0.96136443065004018 0
-9.3129204615342201e-18 0.98019867330675492 0
-2.5683373116537524e-17 0.96136443065004018 0
-2.8713796989667067e-17 0.90558549206282846 0
-4.1792212459300169e-17 0.81500541087383693 0
-7.486893897978599e-17 0.69310512880526398 0
-9.5876525099622681e-17 0.5445692053345389 0
-8.6453415479595105e-17 0.37510579270073657 0
-8.2326012543774719e-17 0.19122727481519691 0
-1.0625337207100922e-16 1.7619667088759083e-16 0
-1.2205553990911701e-16 -0.19122727481519658 0
-1.0400375843132926e-16 -0.3751057927007363 0
-8.0566581281765316e-17 -0.54456920533453868 0
-7.3737438531914765e-17 -0.69310512880526376 0
-6.4388292636066633e-17 -0.81500541087383671 0
-3.8334551170186454e-17 -0.90558549206282823 0
-1.1444232296700598e-17 -0.96136443065004018 0
2.7762574984615461e-17 -0.96136443065004029 0
-0.037306590621963301 -0.94289208268479163 0
-0.073179509888101624 -0.88818492076193856 0
-0.10624018162878215 -0.79934531043404611 0
-0.13521810276964888 -0.67978730810418797 0
-0.15899966805226365 -0.53410546075300014 0
-0.17667096525967105 -0.36789824007486777 0
-0.18755289635036804 -0.18755289635036823 0
-0.19122727481519644 -8.5081812523140335e-17 0
-0.18755289635036804 0.18755289635036801 0
-0.17667096525967105 0.36789824007486749 0
-0.15899966805226368 0.53410546075299992 0
-0.13521810276964893 0.67978730810418775 0
-0.10624018162878224 0.79934531043404589 0
-0.073179509888101707 0.88818492076193845 0
-0.037306590621963356 0.94289208268479163 0
-3.442396868817389e-17 0.96136443065004007 0
0.037306590621963301 0.94289208268479163 0
0.073179509888101651 0.88818492076193845 0
0.10624018162878218 0.79934531043404611 0
0.13521810276964888 0.67978730810418797 0
0.15899966805226362 0.53410546075300014 0
0.17667096525967105 0.36789824007486793 0
0.18755289635036804 0.18755289635036851 0
0.19122727481519644 1.9864324208086784e-16 0
0.18755289635036804 -0.18755289635036818 0
0.17667096525967105 -0.36789824007486766 0
0.15899966805226365 -0.53410546075299992 0
0.13521810276964893 -0.67978730810418775 0
0.10624018162878221 -0.79934531043404589 0
0.073179509888101679 -0.88818492076193833 0
0.037306590621963356 -0.94289208268479163 0
5.7989436026641242e-17 -0.90558549206282857 0
-0.073179509888101624 -0.88818492076193867 0
-0.1435467722507455 -0.83665190105600962 0
-0.20839761265775056 -0.75296681799228971 0
-0.26523984968104586 -0.6403456423817826 0
-0.31188906802932004 -0.50311634284451678 0
-0.34655256440263177 -0.34655256440263205 0
-0.36789824007486754 -0.17667096525967127 0
-0.37510579270073618 -6.974888975690926e-17 0
-0.36789824007486754 0.17667096525967108 0
-0.34655256440263177 0.34655256440263188 0
-0.31188906802932009 0.50311634284451656 0
-0.26523984968104597 0.64034564238178238 0
-0.20839761265775061 0.75296681799228948 0
-0.14354677225074558 0.83665190105600951 0
-0.073179509888101721 0.88818492076193867 0
-4.9231399036362118e-17 0.90558549206282835 0
0.073179509888101638 0.88818492076193867 0
0.14354677225074552 0.83665190105600951 0
0.20839761265775056 0.75296681799228971 0
0.26523984968104586 0.6403456423817826 0
0.31188906802931998 0.50311634284451678 0
0.34655256440263177 0.34655256440263221 0
0.36789824007486754 0.17667096525967152 0
0.37510579270073618 2.0765370363980846e-16 0
0.36789824007486754 -0.17667096525967121 0
0.34655256440263177 -0.34655256440263205 0
0.31188906802932004 -0.50311634284451656 0
0.26523984968104597 -0.64034564238178238 0
0.20839761265775061 -0.75296681799228948 0
0.14354677225074561 -0.83665190105600939 0
0.073179509888101735 -0.88818492076193867 0
8.2635339202411124e-17 -0.81500541087383704 0
-0.10624018162878215 -0.79934531043404622 0
-0.20839761265775059 -0.75296681799228959 0
-0.3025464403030092 -0.67765223300374589 0
-0.38506857791742166 -0.57629585273261863 0
-0.45279274603141395 -0.45279274603141417 0
-0.50311634284451656 -0.3118890680293202 0
-0.53410546075299992 -0.15899966805226387 0
-0.54456920533453868 -5.7900386769903013e-17 0
-0.53410546075299992 0.1589996680522637 0
-0.50311634284451656 0.31188906802932004 0
-0.45279274603141406 0.45279274603141401 0
-0.38506857791742177 0.57629585273261841 0
-0.30254644030300931 0.67765223300374566 0
-0.20839761265775064 0.75296681799228959 0
-0.10624018162878227 0.79934531043404622 0
-6.0604364365439848e-17 0.81500541087383682 0
0.10624018162878215 0.79934531043404622 0
0.20839761265775053 0.75296681799228959 0
0.3025464403030092 0.67765223300374589 0
0.38506857791742166 0.57629585273261863 0
0.45279274603141395 0.45279274603141423 0
0.50311634284451656 0.31188906802932037 0
0.53410546075299992 0.15899966805226409 0
0.54456920533453868 1.9903277935027285e-16 0
0.53410546075299992 -0.15899966805226382 0
0.50311634284451656 -0.3118890680293202 0
0.45279274603141406 -0.45279274603141406 0
0.38506857791742177 -0.57629585273261841 0
0.30254644030300931 -0.67765223300374566 0
0.2083976126577507 -0.75296681799228959 0
0.10624018162878232 -0.79934531043404622 0
9.788844433132963e-17 -0.69310512880526398 0
-0.13521810276964891 -0.67978730810418797 0
-0.26523984968104591 -0.64034564238178249 0
-0.38506857791742177 -0.57629585273261863 0
-0.49009933665337746 -0.49009933665337774 0
-0.5762958527326183 -0.38506857791742194 0
-0.64034564238178227 -0.26523984968104608 0
-0.67978730810418775 -0.13521810276964907 0
-0.69310512880526376 -5.705231535102295e-17 0
-0.67978730810418775 0.13521810276964893 0
-0.64034564238178227 0.26523984968104597 0
-0.5762958527326183 0.38506857791742183 0
-0.49009933665337757 0.49009933665337757 0
-0.38506857791742177 0.57629585273261841 0
-0.26523984968104602 0.64034564238178249 0
-0.13521810276964902 0.67978730810418797 0
-8.5422843042245924e-17 0.69310512880526398 0
0.13521810276964885 0.67978730810418797 0
0.2652398496810458 0.64034564238178249 0
0.38506857791742166 0.57629585273261863 0
0.49009933665337746 0.49009933665337779 0
0.5762958527326183 0.38506857791742194 0
0.64034564238178227 0.26523984968104619 0
0.67978730810418775 0.13521810276964927 0
0.69310512880526376 1.7609628569699696e-16 0
0.67978730810418775 -0.13521810276964902 0
0.64034564238178227 -0.26523984968104608 0
0.5762958527326183 -0.38506857791742183 0
0.49009933665337757 -0.49009933665337763 0
0.38506857791742188 -0.57629585273261841 0
0.26523984968104614 -0.64034564238178249 0
0.13521810276964907 -0.67978730810418797 0
1.0681423262457423e-16 -0.5445692053345389 0
-0.15899966805226362 -0.53410546075300014 0
-0.31188906802931998 -0.50311634284451667 0
-0.45279274603141395 -0.45279274603141428 0
-0.5762958527326183 -0.38506857791742194 0
-0.67765223300374555 -0.30254644030300942 0
-0.75296681799228948 -0.20839761265775072 0
-0.799345310434046 -0.10624018162878233 0
-0.81500541087383671 -5.3777184595398613e-17 0
-0.799345310434046 0.10624018162878221 0
-0.75296681799228948 0.20839761265775059 0
-0.67765223300374555 0.30254644030300931 0
-0.57629585273261852 0.38506857791742183 0
-0.45279274603141417 0.45279274603141417 0
-0.3118890680293202 0.50311634284451667 0
-0.15899966805226384 0.53410546075300014 0
-1.1332015714415296e-16 0.5445692053345389 0
0.15899966805226362 0.53410546075300014 0
0.31188906802931998 0.50311634284451667 0
0.45279274603141395 0.45279274603141428 0
0.5762958527326183 0.38506857791742194 0
0.67765223300374555 0.30254644030300942 0
0.75296681799228948 0.20839761265775075 0
0.799345310434046 0.10624018162878246 0
0.81500541087383671 1.4309273995536097e-16 0
0.799345310434046 -0.10624018162878228 0
0.75296681799228948 -0.20839761265775072 0
0.67765223300374555 -0.30254644030300931 0
0.57629585273261852 -0.38506857791742183 0
0.45279274603141417 -0.45279274603141417 0
0.3118890680293202 -0.50311634284451667 0
0.15899966805226384 -0.53410546075300014 0
1.4320905489883659e-16 -0.37510579270073646 0
-0.17667096525967102 -0.36789824007486782 0
-0.34655256440263182 -0.34655256440263205 0
-0.50311634284451656 -0.31188906802932026 0
-0.64034564238178227 -0.26523984968104619 0
-0.75296681799228948 -0.20839761265775078 0
-0.83665190105600928 -0.14354677225074569 0
-0.88818492076193845 -0.073179509888101762 0
-0.90558549206282835 -4.0447619837670292e-17 0
-0.88818492076193856 0.073179509888101679 0
-0.83665190105600939 0.14354677225074555 0
-0.75296681799228971 0.20839761265775072 0
-0.64034564238178249 0.26523984968104614 0
-0.50311634284451678 0.3118890680293202 0
-0.3465525644026321 0.34655256440263199 0
-0.1766709652596713 0.36789824007486782 0
-1.5051800698056228e-16 0.37510579270073646 0
0.17667096525967102 0.36789824007486782 0
0.34655256440263177 0.3465525644026321 0
0.50311634284451656 0.31188906802932032 0
0.64034564238178227 0.26523984968104614 0
0.75296681799228948 0.20839761265775078 0
0.83665190105600939 0.14354677225074572 0
0.88818492076193856 0.073179509888101874 0
0.90558549206282835 9.6005521429674028e-17 0
0.88818492076193867 -0.073179509888101735 0
0.83665190105600951 -0.14354677225074569 0
0.75296681799228971 -0.20839761265775072 0
0.64034564238178249 -0.26523984968104608 0
0.50311634284451678 -0.31188906802932026 0
0.34655256440263205 -0.34655256440263205 0
0.1766709652596713 -0.36789824007486782 0
1.3043477125571817e-16 -0.19122727481519669 0
-0.18755289635036801 -0.18755289635036829 0
-0.3678982400748676 -0.17667096525967127 0
-0.53410546075299992 -0.15899966805226387 0
-0.67978730810418775 -0.1352181027696491 0
-0.79934531043404589 -0.10624018162878235 0
-0.88818492076193833 -0.073179509888101776 0
-0.94289208268479152 -0.037306590621963398 0
-0.96136443065004018 -2.2650505845355777e-17 0
-0.94289208268479163 0.037306590621963343 0
-0.88818492076193856 0.073179509888101721 0
-0.79934531043404611 0.10624018162878231 0
-0.67978730810418797 0.13521810276964907 0
-0.53410546075300014 0.15899966805226384 0
-0.36789824007486782 0.17667096525967124 0
-0.18755289635036826 0.18755289635036829 0
-1.2461400517504369e-16 0.19122727481519669 0
0.18755289635036804 0.18755289635036829 0
0.3678982400748676 0.1766709652596713 0
0.53410546075299992 0.1589996680522639 0
0.67978730810418775 0.13521810276964907 0
0.79934531043404589 0.10624018162878233 0
0.88818492076193833 0.073179509888101804 0
0.94289208268479163 0.037306590621963454 0
0.96136443065004018 4.3768602704609231e-17 0
0.94289208268479174 -0.03730659062196337 0
0.88818492076193856 -0.073179509888101749 0
0.79934531043404611 -0.10624018162878229 0
0.67978730810418797 -0.13521810276964905 0
0.53410546075300014 -0.15899966805226387 0
0.36789824007486782 -0.17667096525967127 0
0.18755289635036829 -0.18755289635036829 0
1.4895595906556613e-16 -1.2986305286840265e-16 0
-0.19122727481519639 -1.2657113098909776e-16 0
-0.37510579270073618 -1.2278269420489763e-16 0
-0.54456920533453868 -1.1795298025305879e-16 0
-0.69310512880526365 -9.9977502239993029e-17 0
-0.8150054108738366 -7.1212788783333212e-17 0
-0.90558549206282812 -4.7388040905715543e-17 0
-0.96136443065003996 -2.7533039654193792e-17 0
-0.98019867330675492 -2.9389300305331924e-18 0
-0.96136443065004007 2.7470291495189863e-17 0
-0.90558549206282823 6.0671429850233151e-17 0
-0.81500541087383682 8.2442721107623751e-17 0
-0.69310512880526387 8.4871659420085751e-17 0
-0.5445692053345389 9.1522850699826327e-17 0
-0.37510579270073641 1.1504004884452837e-16 0
-0.19122727481519666 1.3101487489440085e-16 0
-1.349945967993147e-16 1.3437946810704291e-16 0
0.19122727481519639 1.4382316924216638e-16 0
0.37510579270073618 1.463387457127225e-16 0
0.54456920533453868 1.2377158296455444e-16 0
0.69310512880526365 9.4391568180338425e-17 0
0.8150054108738366 7.000624030646492e-17 0
0.90558549206282823 4.1614080568821103e-17 0
0.96136443065004007 1.6528192680305699e-17 0
0.98019867330675492 1.6012689112330359e-18 0
0.96136443065004018 -1.6030097504455964e-17 0
0.90558549206282835 -3.9046959104097289e-17 0
0.81500541087383682 -6.3812977739423256e-17 0
0.69310512880526387 -9.7112887322793947e-17 0
0.5445692053345389 -1.2866122343784005e-16 0
0.37510579270073641 -1.3788450177612838e-16 0
0.19122727481519666 -1.3289198388668579e-16 0
1.5563039310721578e-16 0.19122727481519644 0
-0.18755289635036801 0.18755289635036804 0
-0.3678982400748676 0.17667096525967105 0
-0.53410546075299992 0.15899966805226365 0
-0.67978730810418775 0.13521810276964891 0
-0.79934531043404589 0.10624018162878218 0
-0.88818492076193833 0.073179509888101665 0
-0.94289208268479152 0.037306590621963343 0
-0.96136443065004018 1.8973300390102694e-17 0
-0.94289208268479163 -0.03730659062196328 0
-0.88818492076193845 -0.073179509888101596 0
-0.79934531043404611 -0.10624018162878214 0
-0.67978730810418797 -0.13521810276964888 0
-0.53410546075300014 -0.15899966805226362 0
-0.36789824007486782 -0.17667096525967102 0
-0.18755289635036829 -0.18755289635036801 0
-1.3756195021202886e-16 -0.19122727481519639 0
0.18755289635036801 -0.18755289635036801 0
0.3678982400748676 -0.17667096525967102 0
0.53410546075299992 -0.15899966805226362 0
0.67978730810418775 -0.13521810276964888 0
0.79934531043404589 -0.1062401816287822 0
0.88818492076193845 -0.073179509888101679 0
0.94289208268479163 -0.037306590621963391 0
0.96136443065004018 -4.2929848313892274e-17 0
0.94289208268479174 0.037306590621963329 0
0.88818492076193856 0.073179509888101665 0
0.79934531043404611 0.10624018162878215 0
0.67978730810418797 0.13521810276964885 0
0.53410546075300014 0.15899966805226359 0
0.36789824007486782 0.17667096525967099 0
0.18755289635036829 0.18755289635036798 0
1.1383289679808829e-16 0.37510579270073624 0
-0.17667096525967105 0.3678982400748676 0
-0.34655256440263182 0.34655256440263188 0
-0.50311634284451656 0.31188906802932009 0
-0.64034564238178227 0.26523984968104602 0
-0.75296681799228959 0.20839761265775061 0
-0.83665190105600939 0.14354677225074561 0
-0.88818492076193856 0.073179509888101721 0
-0.90558549206282835 3.8290374746866765e-17 0
-0.88818492076193856 -0.073179509888101638 0
-0.83665190105600939 -0.1435467722507455 0
-0.75296681799228959 -0.20839761265775053 0
-0.64034564238178249 -0.26523984968104591 0
-0.50311634284451678 -0.31188906802931998 0
-0.34655256440263205 -0.34655256440263182 0
-0.17667096525967124 -0.3678982400748676 0
-9.3713260100783492e-17 -0.37510579270073624 0
0.17667096525967108 -0.3678982400748676 0
0.34655256440263182 -0.34655256440263182 0
0.50311634284451656 -0.31188906802932009 0
0.64034564238178227 -0.26523984968104602 0
0.75296681799228959 -0.20839761265775064 0
0.83665190105600939 -0.14354677225074561 0
0.88818492076193856 -0.073179509888101832 0
0.90558549206282835 -1.0541082022754037e-16 0
0.88818492076193856 0.073179509888101693 0
0.83665190105600939 0.14354677225074561 0
0.75296681799228959 0.20839761265775056 0
0.64034564238178249 0.26523984968104591 0
0.50311634284451678 0.31188906802931998 0
0.34655256440263205 0.34655256440263177 0
0.17667096525967127 0.3678982400748676 0
1.1904620485511189e-16 0.54456920533453868 0
-0.15899966805226368 0.53410546075299992 0
-0.31188906802932009 0.50311634284451656 0
-0.45279274603141406 0.45279274603141406 0
-0.57629585273261841 0.38506857791742177 0
-0.67765223300374566 0.30254644030300931 0
-0.75296681799228948 0.20839761265775064 0
-0.79934531043404622 0.10624018162878227 0
-0.81500541087383693 4.7259282597799606e-17 0
-0.79934531043404622 -0.10624018162878215 0
-0.75296681799228959 -0.2083976126577505 0
-0.67765223300374589 -0.3025464403030092 0
-0.57629585273261863 -0.38506857791742166 0
-0.45279274603141428 -0.45279274603141395 0
-0.31188906802932032 -0.50311634284451656 0
-0.1589996680522639 -0.53410546075299992 0
-1.0644303654469751e-16 -0.54456920533453868 0
0.15899966805226368 -0.53410546075299992 0
0.31188906802932009 -0.50311634284451656 0
0.45279274603141406 -0.45279274603141406 0
0.57629585273261841 -0.38506857791742177 0
0.67765223300374566 -0.30254644030300931 0
0.75296681799228959 -0.20839761265775067 0
0.79934531043404622 -0.10624018162878243 0
0.81500541087383693 -1.662025231462287e-16 0
0.79934531043404622 0.10624018162878221 0
0.75296681799228971 0.20839761265775064 0
0.67765223300374589 0.3025464403030092 0
0.57629585273261863 0.38506857791742166 0
0.45279274603141428 0.45279274603141395 0
0.31188906802932032 0.50311634284451656 0
0.1589996680522639 0.53410546075299992 0
1.0212198394664401e-16 0.69310512880526376 0
-0.13521810276964891 0.67978730810418775 0
-0.26523984968104597 0.64034564238178227 0
-0.38506857791742177 0.57629585273261841 0
-0.49009933665337763 0.49009933665337757 0
-0.57629585273261841 0.38506857791742183 0
-0.64034564238178238 0.26523984968104597 0
-0.67978730810418797 0.13521810276964902 0
-0.69310512880526398 4.7516284719011292e-17 0
-0.67978730810418797 -0.13521810276964888 0
-0.64034564238178249 -0.26523984968104586 0
-0.57629585273261852 -0.38506857791742172 0
-0.49009933665337774 -0.49009933665337746 0
-0.38506857791742194 -0.5762958527326183 0
-0.26523984968104614 -0.64034564238178227 0
-0.1352181027696491 -0.67978730810418775 0
-9.9150768403241143e-17 -0.69310512880526376 0
0.13521810276964893 -0.67978730810418775 0
0.26523984968104602 -0.64034564238178227 0
0.38506857791742183 -0.5762958527326183 0
0.49009933665337763 -0.49009933665337757 0
0.57629585273261852 -0.38506857791742183 0
0.64034564238178249 -0.26523984968104608 0
0.67978730810418797 -0.13521810276964921 0
0.69310512880526398 -1.9875292849605457e-16 0
0.67978730810418797 0.13521810276964896 0
0.6403456423817826 0.26523984968104597 0
0.57629585273261863 0.38506857791742172 0
0.49009933665337774 0.49009933665337746 0
0.38506857791742199 0.57629585273261819 0
0.26523984968104619 0.64034564238178227 0
0.13521810276964913 0.67978730810418775 0
8.4344181060267149e-17 0.81500541087383671 0
-0.10624018162878222 0.799345310434046 0
-0.20839761265775061 0.75296681799228948 0
-0.30254644030300931 0.67765223300374566 0
-0.38506857791742183 0.57629585273261852 0
-0.45279274603141417 0.45279274603141406 0
-0.50311634284451667 0.31188906802932009 0
-0.53410546075300014 0.15899966805226379 0
-0.5445692053345389 5.782659985320778e-17 0
-0.53410546075300014 -0.15899966805226362 0
-0.50311634284451667 -0.31188906802931993 0
-0.45279274603141428 -0.4527927460314139 0
-0.38506857791742194 -0.5762958527326183 0
-0.30254644030300942 -0.67765223300374544 0
-0.20839761265775075 -0.75296681799228948 0
-0.10624018162878236 -0.799345310434046 0
-8.186332164694923e-17 -0.81500541087383671 0
0.1062401816287822 -0.799345310434046 0
0.20839761265775064 -0.75296681799228948 0
0.30254644030300931 -0.67765223300374566 0
0.38506857791742183 -0.57629585273261852 0
0.45279274603141417 -0.45279274603141412 0
0.50311634284451667 -0.31188906802932026 0
0.53410546075300014 -0.15899966805226401 0
0.5445692053345389 -1.9978510098193016e-16 0
0.53410546075300014 0.15899966805226373 0
0.50311634284451667 0.31188906802932009 0
0.45279274603141428 0.45279274603141395 0
0.38506857791742194 0.5762958527326183 0
0.30254644030300942 0.67765223300374544 0
0.20839761265775078 0.75296681799228948 0
0.10624018162878239 0.799345310434046 0
5.3976369167667008e-17 0.90558549206282823 0
-0.073179509888101707 0.88818492076193845 0
-0.14354677225074569 0.83665190105600939 0
-0.20839761265775075 0.75296681799228959 0
-0.26523984968104614 0.64034564238178238 0
-0.31188906802932026 0.50311634284451667 0
-0.34655256440263221 0.34655256440263188 0
-0.36789824007486799 0.17667096525967121 0
-0.37510579270073663 8.6222655287380587e-17 0
-0.36789824007486799 -0.17667096525967102 0
-0.34655256440263221 -0.34655256440263166 0
-0.31188906802932048 -0.50311634284451645 0
-0.26523984968104636 -0.64034564238178215 0
-0.20839761265775092 -0.75296681799228937 0
-0.1435467722507458 -0.83665190105600928 0
-0.073179509888101818 -0.88818492076193845 0
-5.1975899577735547e-17 -0.90558549206282823 0
0.073179509888101707 -0.88818492076193845 0
0.14354677225074569 -0.83665190105600928 0
0.20839761265775081 -0.75296681799228959 0
0.26523984968104625 -0.64034564238178238 0
0.31188906802932037 -0.50311634284451667 0
0.34655256440263221 -0.3465525644026321 0
0.36789824007486799 -0.17667096525967146 0
0.37510579270073663 -1.8197172129417008e-16 0
0.36789824007486799 0.17667096525967116 0
0.34655256440263221 0.34655256440263188 0
0.31188906802932037 0.50311634284451645 0
0.26523984968104625 0.64034564238178215 0
0.20839761265775086 0.75296681799228937 0
0.1435467722507458 0.83665190105600917 0
0.073179509888101818 0.88818492076193845 0
1.7768525519493845e-17 0.96136443065004018 0
-0.037306590621963398 0.94289208268479163 0
-0.073179509888101804 0.88818492076193856 0
-0.10624018162878242 0.79934531043404611 0
-0.13521810276964918 0.67978730810418797 0
-0.15899966805226406 0.53410546075300014 0
-0.17667096525967146 0.36789824007486777 0
-0.18755289635036848 0.18755289635036823 0
-0.19122727481519688 1.0394632539054843e-16 0
-0.18755289635036848 -0.18755289635036801 0
-0.17667096525967146 -0.36789824007486749 0
-0.15899966805226404 -0.53410546075299992 0
-0.13521810276964924 -0.67978730810418775 0
-0.10624018162878245 -0.79934531043404589 0
-0.073179509888101832 -0.88818492076193845 0
-0.037306590621963433 -0.94289208268479163 0
-2.2245458562628503e-17 -0.96136443065004018 0
0.037306590621963377 -0.94289208268479163 0
0.073179509888101776 -0.88818492076193845 0
0.10624018162878239 -0.79934531043404611 0
0.13521810276964918 -0.67978730810418797 0
0.15899966805226398 -0.53410546075300014 0
0.17667096525967146 -0.36789824007486793 0
0.18755289635036848 -0.18755289635036851 0
0.19122727481519688 -1.6994273422855286e-16 0
0.18755289635036848 0.18755289635036818 0
0.17667096525967146 0.36789824007486766 0
0.15899966805226406 0.53410546075299992 0
0.13521810276964924 0.67978730810418775 0
0.10624018162878247 0.79934531043404589 0
0.07317950988810186 0.88818492076193833 0
0.03730659062196344 0.94289208268479163 0
-1.0866573381683663e-17 0.98019867330675514 0
-5.2592635389802478e-17 0.96136443065004018 0
-9.5350655649551722e-17 0.90558549206282846 0
-1.35102584534206e-16 0.81500541087383693 0
-1.6405471184757741e-16 0.69310512880526398 0
-1.8246463743010371e-16 0.5445692053345389 0
-1.8907967125297969e-16 0.37510579270073646 0
-1.8230720231856747e-16 0.19122727481519664 0
-1.6450053253896639e-16 8.995098629320301e-17 0
-1.3538568728341997e-16 -0.19122727481519641 0
-9.7827980072572058e-17 -0.37510579270073618 0
-6.521596555835458e-17 -0.54456920533453868 0
-4.6921454197588563e-17 -0.69310512880526376 0
-3.7425979769914692e-17 -0.81500541087383671 0
-2.6372555828385043e-17 -0.90558549206282835 0
-1.0592817104052282e-17 -0.96136443065004018 0
3.8909863403013544e-18 -0.98019867330675492 0
1.2427750218841504e-17 -0.96136443065004018 0
2.0477166232449411e-17 -0.90558549206282835 0
3.1594974429752404e-17 -0.81500541087383693 0
4.3427141947299479e-17 -0.69310512880526398 0
6.5487254901022541e-17 -0.5445692053345389 0
1.0660921277414788e-16 -0.37510579270073663 0
1.4616279935178311e-16 -0.19122727481519691 0
1.6220719841355816e-16 -1.7524329599482671e-16 0
1.675764996452238e-16 0.19122727481519658 0
1.7799453242061474e-16 0.37510579270073635 0
1.8334659959179915e-16 0.54456920533453868 0
1.7301340448012058e-16 0.69310512880526376 0
1.4572325770826989e-16 0.81500541087383671 0
9.8404295968151471e-17 0.90558549206282823 0
3.9818177349067287e-17 0.96136443065004018 0
-3.3006419511836623e-17 0.96136443065004029 0
0.037306590621963329 0.94289208268479174 0
0.073179509888101679 0.88818492076193856 0
0.10624018162878222 0.79934531043404611 0
0.13521810276964899 0.67978730810418797 0
0.15899966805226376 0.53410546075300014 0
0.17667096525967116 0.36789824007486782 0
0.18755289635036815 0.1875528963503682 0
0.19122727481519658 7.2136681038310094e-17 0
0.18755289635036818 -0.18755289635036806 0
0.17667096525967119 -0.36789824007486754 0
0.15899966805226379 -0.53410546075299992 0
0.13521810276964905 -0.67978730810418775 0
0.10624018162878227 -0.79934531043404589 0
0.073179509888101735 -0.88818492076193845 0
0.037306590621963377 -0.94289208268479152 0
2.5284058747371202e-17 -0.96136443065004007 0
-0.037306590621963336 -0.94289208268479152 0
-0.073179509888101679 -0.88818492076193845 0
-0.10624018162878224 -0.79934531043404611 0
-0.13521810276964899 -0.67978730810418797 0
-0.15899966805226373 -0.53410546075300014 0
-0.17667096525967113 -0.36789824007486799 0
-0.18755289635036818 -0.18755289635036851 0
-0.19122727481519658 -1.6882577333531436e-16 0
-0.1875528963503682 0.18755289635036815 0
-0.17667096525967116 0.36789824007486771 0
-0.15899966805226376 0.53410546075299992 0
-0.13521810276964905 0.67978730810418775 0
-0.10624018162878228 0.79934531043404589 0
-0.073179509888101735 0.88818492076193833 0
-0.037306590621963384 0.94289208268479174 0
-5.7509098210376862e-17 0.90558549206282846 0
0.073179509888101679 0.88818492076193856 0
0.14354677225074561 0.83665190105600951 0
0.2083976126577507 0.75296681799228971 0
0.26523984968104608 0.64034564238178249 0
0.3118890680293202 0.50311634284451678 0
0.34655256440263199 0.34655256440263205 0
0.36789824007486771 0.17667096525967124 0
0.37510579270073635 7.4896512497048249e-17 0
0.36789824007486771 -0.17667096525967105 0
0.34655256440263194 -0.34655256440263177 0
0.31188906802932015 -0.50311634284451656 0
0.26523984968104608 -0.64034564238178227 0
0.2083976126577507 -0.75296681799228948 0
0.14354677225074566 -0.83665190105600939 0
0.073179509888101749 -0.88818492076193856 0
4.0896094581782763e-17 -0.90558549206282823 0
-0.073179509888101665 -0.88818492076193856 0
-0.14354677225074555 -0.83665190105600939 0
-0.20839761265775059 -0.75296681799228971 0
-0.26523984968104597 -0.64034564238178249 0
-0.31188906802932004 -0.50311634284451678 0
-0.34655256440263182 -0.34655256440263221 0
-0.36789824007486771 -0.17667096525967149 0
-0.37510579270073635 -1.3111027167549025e-16 0
-0.36789824007486771 0.17667096525967119 0
-0.34655256440263199 0.34655256440263194 0
-0.3118890680293202 0.50311634284451656 0
-0.26523984968104619 0.64034564238178227 0
-0.20839761265775081 0.75296681799228948 0
-0.14354677225074572 0.83665190105600928 0
-0.07317950988810179 0.88818492076193856 0
-8.486014150648629e-17 0.81500541087383693 0
0.10624018162878215 0.79934531043404622 0
0.20839761265775059 0.75296681799228959 0
0.3025464403030092 0.67765223300374589 0
0.38506857791742166 0.57629585273261863 0
0.45279274603141395 0.45279274603141417 0
0.50311634284451656 0.31188906802932026 0
0.53410546075299992 0.15899966805226387 0
0.54456920533453868 7.7298746996120863e-17 0
0.53410546075299992 -0.1589996680522637 0
0.50311634284451656 -0.31188906802932004 0
0.45279274603141406 -0.45279274603141401 0
0.38506857791742177 -0.57629585273261841 0
0.30254644030300931 -0.67765223300374566 0
0.20839761265775064 -0.75296681799228959 0
0.10624018162878228 -0.79934531043404622 0
6.2870353517742879e-17 -0.81500541087383693 0
-0.10624018162878214 -0.79934531043404622 0
-0.20839761265775053 -0.75296681799228959 0
-0.3025464403030092 -0.67765223300374589 0
-0.38506857791742166 -0.57629585273261863 0
-0.45279274603141395 -0.45279274603141423 0
-0.50311634284451656 -0.31188906802932037 0
-0.53410546075299992 -0.15899966805226409 0
-0.54456920533453868 -9.3984032662976385e-17 0
-0.53410546075299992 0.15899966805226382 0
-0.50311634284451656 0.31188906802932015 0
-0.45279274603141406 0.45279274603141406 0
-0.38506857791742177 0.57629585273261841 0
-0.30254644030300931 0.67765223300374566 0
-0.2083976126577507 0.75296681799228959 0
-0.10624018162878232 0.79934531043404622 0
-1.0585257224102696e-16 0.69310512880526398 0
0.13521810276964885 0.67978730810418797 0
0.26523984968104586 0.64034564238178249 0
0.38506857791742172 0.57629585273261852 0
0.49009933665337746 0.49009933665337774 0
0.57629585273261819 0.38506857791742194 0
0.64034564238178227 0.26523984968104614 0
0.67978730810418775 0.13521810276964907 0
0.69310512880526376 6.2435386280904577e-17 0
0.67978730810418775 -0.13521810276964896 0
0.64034564238178227 -0.26523984968104591 0
0.5762958527326183 -0.38506857791742177 0
0.49009933665337757 -0.49009933665337763 0
0.38506857791742183 -0.57629585273261841 0
0.26523984968104608 -0.64034564238178249 0
0.13521810276964907 -0.67978730810418797 0
9.6899121264204271e-17 -0.69310512880526398 0
-0.13521810276964885 -0.67978730810418797 0
-0.26523984968104586 -0.64034564238178249 0
-0.38506857791742172 -0.57629585273261863 0
-0.49009933665337746 -0.49009933665337774 0
-0.5762958527326183 -0.38506857791742199 0
-0.64034564238178227 -0.26523984968104625 0
-0.67978730810418775 -0.13521810276964924 0
-0.69310512880526376 -7.7719276707562649e-17 0
-0.67978730810418775 0.13521810276964902 0
-0.64034564238178227 0.26523984968104602 0
-0.57629585273261841 0.38506857791742183 0
-0.49009933665337757 0.49009933665337763 0
-0.38506857791742183 0.57629585273261852 0
-0.26523984968104608 0.64034564238178249 0
-0.13521810276964907 0.67978730810418797 0
-1.1342855081437276e-16 0.5445692053345389 0
0.15899966805226362 0.53410546075300014 0
0.31188906802931998 0.50311634284451667 0
0.45279274603141395 0.45279274603141428 0
0.5762958527326183 0.38506857791742194 0
0.67765223300374544 0.30254644030300942 0
0.75296681799228948 0.20839761265775075 0
0.799345310434046 0.10624018162878232 0
0.81500541087383671 4.4730842916943062e-17 0
0.799345310434046 -0.10624018162878222 0
0.75296681799228948 -0.20839761265775061 0
0.67765223300374555 -0.30254644030300926 0
0.57629585273261852 -0.38506857791742183 0
0.45279274603141417 -0.45279274603141417 0
0.3118890680293202 -0.50311634284451667 0
0.15899966805226384 -0.53410546075300014 0
1.2315888686154257e-16 -0.5445692053345389 0
-0.15899966805226362 -0.53410546075300014 0
-0.31188906802931998 -0.50311634284451667 0
-0.45279274603141395 -0.45279274603141428 0
-0.5762958527326183 -0.38506857791742194 0
-0.67765223300374555 -0.30254644030300948 0
-0.75296681799228948 -0.20839761265775084 0
-0.799345310434046 -0.10624018162878245 0
-0.81500541087383671 -5.6864768434285064e-17 0
-0.799345310434046 0.10624018162878229 0
-0.75296681799228948 0.2083976126577507 0
-0.67765223300374566 0.30254644030300931 0
-0.57629585273261852 0.38506857791742183 0
-0.45279274603141417 0.45279274603141417 0
-0.3118890680293202 0.50311634284451667 0
-0.15899966805226384 0.53410546075300014 0
-1.4444633896675771e-16 0.37510579270073646 0
0.17667096525967099 0.36789824007486782 0
0.34655256440263171 0.34655256440263205 0
0.50311634284451645 0.31188906802932026 0
0.64034564238178215 0.26523984968104619 0
0.75296681799228937 0.20839761265775081 0
0.83665190105600928 0.14354677225074569 0
0.88818492076193845 0.073179509888101776 0
0.90558549206282823 3.172819149047486e-17 0
0.88818492076193845 -0.073179509888101693 0
0.83665190105600928 -0.14354677225074558 0
0.75296681799228959 -0.2083976126577507 0
0.64034564238178238 -0.26523984968104608 0
0.50311634284451667 -0.31188906802932026 0
0.34655256440263205 -0.34655256440263205 0
0.1766709652596713 -0.36789824007486782 0
1.5662050733734199e-16 -0.37510579270073646 0
-0.17667096525967096 -0.36789824007486782 0
-0.34655256440263171 -0.34655256440263205 0
-0.50311634284451645 -0.31188906802932026 0
-0.64034564238178215 -0.26523984968104619 0
-0.75296681799228937 -0.20839761265775081 0
-0.83665190105600928 -0.14354677225074575 0
-0.88818492076193845 -0.073179509888101832 0
-0.90558549206282823 -2.4836301956425656e-17 0
-0.88818492076193845 0.073179509888101749 0
-0.83665190105600928 0.14354677225074564 0
-0.75296681799228959 0.2083976126577507 0
-0.64034564238178238 0.26523984968104608 0
-0.50311634284451667 0.31188906802932026 0
-0.34655256440263205 0.34655256440263205 0
-0.17667096525967127 0.36789824007486782 0
-1.3152453681661013e-16 0.19122727481519669 0
0.18755289635036801 0.18755289635036829 0
0.36789824007486754 0.17667096525967127 0
0.53410546075299981 0.15899966805226387 0
0.67978730810418764 0.1352181027696491 0
0.79934531043404589 0.10624018162878236 0
0.88818492076193833 0.073179509888101776 0
0.94289208268479152 0.037306590621963391 0
0.96136443065004007 1.5770335981057019e-17 0
0.94289208268479152 -0.037306590621963349 0
0.88818492076193833 -0.073179509888101707 0
0.79934531043404611 -0.10624018162878231 0
0.67978730810418786 -0.13521810276964907 0
0.53410546075300003 -0.15899966805226387 0
0.36789824007486777 -0.17667096525967124 0
0.18755289635036829 -0.18755289635036826 0
1.3052029815746226e-16 -0.19122727481519669 0
-0.18755289635036801 -0.18755289635036831 0
-0.36789824007486754 -0.1766709652596713 0
-0.53410546075299981 -0.15899966805226387 0
-0.67978730810418764 -0.13521810276964907 0
-0.79934531043404589 -0.10624018162878236 0
-0.88818492076193833 -0.073179509888101818 0
-0.94289208268479152 -0.037306590621963419 0
-0.96136443065004007 -8.1639618735251689e-18 0
-0.94289208268479152 0.037306590621963377 0
-0.88818492076193833 0.073179509888101749 0
-0.79934531043404611 0.10624018162878231 0
-0.67978730810418786 0.13521810276964905 0
-0.53410546075300003 0.15899966805226387 0
-0.36789824007486777 0.17667096525967127 0
-0.18755289635036829 0.18755289635036829 0
-1.4997824092293989e-16 1.4571414943686878e-16 0
0.19122727481519644 1.3649279319660482e-16 0
0.37510579270073624 1.187705505394277e-16 0
0.54456920533453879 1.1771502147428844e-16 0
0.69310512880526387 1.1483002572294697e-16 0
0.81500541087383682 8.8318967546319952e-17 0
0.90558549206282835 5.3130816904869923e-17 0
0.96136443065004029 2.266239640909492e-17 0
0.98019867330675514 -3.1414060314130524e-18 0
0.96136443065004029 -2.5371804399158466e-17 0
0.90558549206282846 -5.5423505582672781e-17 0
0.81500541087383704 -9.2234440779822468e-17 0
0.69310512880526409 -1.0961828740287092e-16 0
0.54456920533453901 -1.0715191110185839e-16 0
0.37510579270073646 -1.1392584118312887e-16 0
0.19122727481519672 -1.3386587299317944e-16 0
1.3825923834092305e-16 -1.5242928535802711e-16 0
-0.19122727481519644 -1.6413106575123574e-16 0
-0.37510579270073624 -1.5738533691697709e-16 0
-0.54456920533453879 -1.2658624988211989e-16 0
-0.69310512880526387 -9.0858962193456961e-17 0
-0.81500541087383682 -6.1846054906460305e-17 0
-0.90558549206282846 -3.6684302857734955e-17 0
-0.96136443065004029 -2.065249635634229e-17 0
-0.98019867330675514 -8.1904729831224154e-18 0
-0.96136443065004029 1.7353334133618585e-17 0
-0.90558549206282857 4.9375978335958007e-17 0
-0.81500541087383704 7.8358604998782822e-17 0
-0.69310512880526409 1.1098392017865244e-16 0
-0.54456920533453901 1.3505982963361723e-16 0
-0.37510579270073646 1.3676566053312395e-16 0
-0.19122727481519672 1.3779264992029382e-16 0
-1.4728751328500187e-16 -0.19122727481519644 0
0.18755289635036804 -0.18755289635036804 0
0.36789824007486766 -0.17667096525967105 0
0.53410546075299992 -0.15899966805226365 0
0.67978730810418786 -0.13521810276964891 0
0.799345310434046 -0.10624018162878218 0
0.88818492076193845 -0.073179509888101665 0
0.94289208268479174 -0.037306590621963343 0
0.96136443065004029 -2.0561779964535684e-17 0
0.94289208268479174 0.037306590621963301 0
0.88818492076193856 0.073179509888101596 0
0.79934531043404622 0.10624018162878213 0
0.67978730810418808 0.13521810276964885 0
0.53410546075300014 0.15899966805226362 0
0.36789824007486788 0.17667096525967102 0
0.18755289635036831 0.18755289635036801 0
1.3610075362076767e-16 0.19122727481519639 0
-0.18755289635036804 0.18755289635036801 0
-0.36789824007486766 0.17667096525967102 0
-0.53410546075299992 0.15899966805226362 0
-0.67978730810418786 0.13521810276964891 0
-0.799345310434046 0.10624018162878221 0
-0.88818492076193856 0.073179509888101707 0
-0.94289208268479174 0.03730659062196337 0
-0.96136443065004029 1.0514074673811122e-18 0
-0.94289208268479174 -0.037306590621963329 0
-0.88818492076193867 -0.073179509888101638 0
-0.79934531043404622 -0.10624018162878215 0
-0.67978730810418808 -0.13521810276964885 0
-0.53410546075300014 -0.15899966805226359 0
-0.36789824007486788 -0.17667096525967099 0
-0.18755289635036831 -0.18755289635036798 0
-9.912500255826631e-17 -0.37510579270073624 0
0.17667096525967108 -0.3678982400748676 0
0.34655256440263188 -0.34655256440263188 0
0.50311634284451656 -0.31188906802932009 0
0.64034564238178238 -0.26523984968104602 0
0.75296681799228948 -0.20839761265775067 0
0.83665190105600951 -0.14354677225074561 0
0.88818492076193867 -0.073179509888101721 0
0.90558549206282846 -3.5211440729627518e-17 0
0.88818492076193867 0.073179509888101651 0
0.83665190105600951 0.1435467722507455 0
0.75296681799228959 0.20839761265775056 0
0.64034564238178249 0.26523984968104591 0
0.50311634284451667 0.31188906802931998 0
0.34655256440263205 0.34655256440263182 0
0.17667096525967127 0.3678982400748676 0
8.9816839521215739e-17 0.37510579270073624 0
-0.1766709652596711 0.3678982400748676 0
-0.34655256440263194 0.34655256440263182 0
-0.50311634284451667 0.31188906802932009 0
-0.64034564238178249 0.26523984968104602 0
-0.75296681799228959 0.20839761265775067 0
-0.83665190105600951 0.14354677225074566 0
-0.88818492076193867 0.073179509888101818 0
-0.90558549206282846 2.8997753159586387e-17 0
-0.88818492076193867 -0.073179509888101693 0
-0.83665190105600951 -0.14354677225074555 0
-0.75296681799228971 -0.20839761265775056 0
-0.6403456423817826 -0.26523984968104591 0
-0.50311634284451678 -0.31188906802931998 0
-0.3465525644026321 -0.34655256440263177 0
-0.1766709652596713 -0.3678982400748676 0
-1.1527252050480655e-16 -0.54456920533453868 0
0.1589996680522637 -0.53410546075299992 0
0.31188906802932009 -0.50311634284451656 0
0.45279274603141406 -0.45279274603141406 0
0.57629585273261841 -0.38506857791742177 0
0.67765223300374566 -0.30254644030300931 0
0.75296681799228959 -0.20839761265775067 0
0.79934531043404622 -0.10624018162878227 0
0.81500541087383693 -4.7252075440345818e-17 0
0.79934531043404622 0.10624018162878218 0
0.75296681799228959 0.20839761265775056 0
0.67765223300374589 0.3025464403030092 0
0.57629585273261863 0.38506857791742166 0
0.45279274603141423 0.45279274603141395 0
0.31188906802932032 0.50311634284451656 0
0.15899966805226387 0.53410546075299992 0
1.0064927849315829e-16 0.54456920533453868 0
-0.15899966805226365 0.53410546075299992 0
-0.31188906802932009 0.50311634284451656 0
-0.45279274603141412 0.45279274603141406 0
-0.57629585273261841 0.38506857791742177 0
-0.67765223300374566 0.30254644030300931 0
-0.75296681799228959 0.20839761265775078 0
-0.79934531043404622 0.10624018162878243 0
-0.81500541087383693 6.1262722528104142e-17 0
-0.79934531043404622 -0.10624018162878224 0
-0.75296681799228959 -0.20839761265775056 0
-0.67765223300374589 -0.3025464403030092 0
-0.57629585273261863 -0.38506857791742166 0
-0.45279274603141428 -0.45279274603141395 0
-0.31188906802932032 -0.50311634284451656 0
-0.15899966805226393 -0.53410546075299992 0
-1.1052848043254064e-16 -0.69310512880526376 0
0.13521810276964891 -0.67978730810418775 0
0.26523984968104597 -0.64034564238178227 0
0.38506857791742183 -0.5762958527326183 0
0.49009933665337763 -0.49009933665337757 0
0.57629585273261852 -0.38506857791742188 0
0.64034564238178249 -0.26523984968104608 0
0.67978730810418797 -0.13521810276964902 0
0.69310512880526398 -6.1547713662546537e-17 0
0.67978730810418797 0.13521810276964891 0
0.64034564238178249 0.26523984968104586 0
0.57629585273261852 0.38506857791742166 0
0.49009933665337774 0.49009933665337746 0
0.38506857791742194 0.57629585273261819 0
0.26523984968104619 0.64034564238178227 0
0.1352181027696491 0.67978730810418775 0
9.2180353965692258e-17 0.69310512880526376 0
-0.13521810276964893 0.67978730810418775 0
-0.26523984968104597 0.64034564238178227 0
-0.38506857791742183 0.57629585273261841 0
-0.49009933665337763 0.49009933665337757 0
-0.57629585273261852 0.38506857791742188 0
-0.64034564238178249 0.26523984968104619 0
-0.67978730810418797 0.13521810276964924 0
-0.69310512880526398 8.121468524278825e-17 0
-0.67978730810418797 -0.13521810276964902 0
-0.64034564238178249 -0.26523984968104597 0
-0.57629585273261852 -0.38506857791742166 0
-0.49009933665337774 -0.49009933665337746 0
-0.38506857791742194 -0.5762958527326183 0
-0.26523984968104619 -0.64034564238178227 0
-0.13521810276964913 -0.67978730810418775 0
-8.7732449147984074e-17 -0.81500541087383671 0
0.10624018162878221 -0.799345310434046 0
0.20839761265775061 -0.75296681799228959 0
0.30254644030300931 -0.67765223300374566 0
0.38506857791742183 -0.57629585273261852 0
0.45279274603141417 -0.45279274603141417 0
0.50311634284451667 -0.3118890680293202 0
0.53410546075300014 -0.15899966805226382 0
0.5445692053345389 -7.8539596672948676e-17 0
0.53410546075300014 0.15899966805226368 0
0.50311634284451667 0.31188906802931998 0
0.45279274603141428 0.45279274603141395 0
0.38506857791742194 0.5762958527326183 0
0.30254644030300942 0.67765223300374544 0
0.20839761265775075 0.75296681799228948 0
0.10624018162878236 0.799345310434046 0
7.6621586892219488e-17 0.81500541087383671 0
-0.10624018162878222 0.799345310434046 0
-0.20839761265775064 0.75296681799228948 0
-0.30254644030300931 0.67765223300374566 0
-0.38506857791742183 0.57629585273261852 0
-0.45279274603141417 0.45279274603141417 0
-0.50311634284451667 0.31188906802932032 0
-0.53410546075300014 0.15899966805226401 0
-0.5445692053345389 9.0852879522003304e-17 0
-0.53410546075300014 -0.15899966805226376 0
-0.50311634284451667 -0.31188906802932009 0
-0.45279274603141428 -0.45279274603141395 0
-0.38506857791742194 -0.5762958527326183 0
-0.30254644030300942 -0.67765223300374544 0
-0.20839761265775078 -0.75296681799228937 0
-0.10624018162878238 -0.799345310434046 0
-4.9275043148303551e-17 -0.90558549206282846 0
0.073179509888101679 -0.88818492076193856 0
0.14354677225074561 -0.83665190105600951 0
0.2083976126577507 -0.75296681799228971 0
0.26523984968104608 -0.64034564238178249 0
0.3118890680293202 -0.50311634284451678 0
0.34655256440263199 -0.34655256440263205 0
0.36789824007486777 -0.17667096525967124 0
0.37510579270073646 -8.7960808934989811e-17 0
0.36789824007486782 0.17667096525967108 0
0.34655256440263205 0.34655256440263177 0
0.31188906802932032 0.50311634284451656 0
0.26523984968104614 0.64034564238178227 0
0.20839761265775078 0.75296681799228948 0
0.14354677225074569 0.83665190105600939 0
0.073179509888101776 0.88818492076193856 0
4.8471879078935796e-17 0.90558549206282823 0
-0.073179509888101693 0.88818492076193856 0
-0.14354677225074564 0.83665190105600939 0
-0.20839761265775072 0.75296681799228971 0
-0.26523984968104614 0.64034564238178249 0
-0.3118890680293202 0.50311634284451678 0
-0.34655256440263205 0.34655256440263221 0
-0.36789824007486782 0.17667096525967146 0
-0.37510579270073646 1.0940640393553909e-16 0
-0.36789824007486788 -0.17667096525967119 0
-0.3465525644026321 -0.34655256440263194 0
-0.31188906802932032 -0.50311634284451656 0
-0.26523984968104619 -0.64034564238178227 0
-0.20839761265775081 -0.75296681799228948 0
-0.14354677225074572 -0.83665190105600928 0
-0.07317950988810179 -0.88818492076193856 0
-1.8608764993691599e-17 -0.96136443065004029 0
0.037306590621963349 -0.94289208268479163 0
0.073179509888101707 -0.88818492076193856 0
0.10624018162878228 -0.79934531043404611 0
0.13521810276964902 -0.67978730810418797 0
0.15899966805226379 -0.53410546075300014 0
0.17667096525967119 -0.36789824007486777 0
0.1875528963503682 -0.18755289635036823 0
0.19122727481519664 -8.8858223128242615e-17 0
0.18755289635036823 0.18755289635036804 0
0.17667096525967124 0.36789824007486749 0
0.15899966805226384 0.53410546075299992 0
0.13521810276964907 0.67978730810418775 0
0.10624018162878229 0.79934531043404589 0
0.073179509888101735 0.88818492076193833 0
0.037306590621963377 0.94289208268479163 0
1.8586372077467971e-17 0.96136443065004007 0
-0.037306590621963336 0.94289208268479163 0
-0.073179509888101679 0.88818492076193856 0
-0.10624018162878227 0.79934531043404611 0
-0.13521810276964902 0.67978730810418797 0
-0.15899966805226379 0.53410546075300014 0
-0.17667096525967119 0.36789824007486793 0
-0.18755289635036823 0.18755289635036848 0
-0.19122727481519664 1.4293157293612984e-16 0
-0.18755289635036826 -0.18755289635036818 0
-0.17667096525967124 -0.36789824007486766 0
-0.15899966805226384 -0.53410546075299992 0
-0.13521810276964907 -0.67978730810418775 0
-0.10624018162878233 -0.79934531043404589 0
-0.073179509888101762 -0.88818492076193833 0
-0.037306590621963391 -0.94289208268479163 0
2.3225316557404064e-18 -0.98019867330675514 0
1.3249228104026105e-17 -0.96136443065004018 0
3.539370621563882e-17 -0.90558549206282846 0
6.0852368559058595e-17 -0.81500541087383693 0
7.2982487711560847e-17 -0.69310512880526398 0
7.6418242555552276e-17 -0.5445692053345389 0
8.6230249591338154e-17 -0.37510579270073641 0
9.8384216224445641e-17 -0.19122727481519664 0
1.0217750087387242e-16 -8.9670716755957751e-17 0
1.0210266829630708e-16 0.19122727481519641 0
1.0100031130021715e-16 0.37510579270073613 0
8.9434117167285714e-17 0.54456920533453868 0
6.7681086893099882e-17 0.69310512880526376 0
4.8994989461330728e-17 0.81500541087383671 0
3.5625295020000516e-17 0.90558549206282823 0
1.6431916121324596e-17 0.96136443065004018 0
-9.3129204615342201e-18 0.98019867330675492 0
-2.5683373116537524e-17 0.96136443065004018 0
-2.8713796989667067e-17 0.90558549206282846 0
-4.1792212459300169e-17 0.81500541087383693 0
-7.486893897978599e-17 0.69310512880526398 0
-9.5876525099622681e-17 0.5445692053345389 0
-8.6453415479595105e-17 0.37510579270073657 0
-8.2326012543774719e-17 0.19122727481519691 0
-1.0625337207100922e-16 1.7619667088759083e-16 0
-1.2205553990911701e-16 -0.19122727481519658 0
-1.0400375843132926e-16 -0.3751057927007363 0
-8.0566581281765316e-17 -0.54456920533453868 0
-7.3737438531914765e-17 -0.69310512880526376 0
-6.4388292636066633e-17 -0.81500541087383671 0
-3.8334551170186454e-17 -0.90558549206282823 0
-1.1444232296700598e-17 -0.96136443065004018 0
2.7762574984615461e-17 -0.96136443065004029 0
-0.037306590621963301 -0.94289208268479163 0
-0.073179509888101624 -0.88818492076193856 0
-0.10624018162878215 -0.79934531043404611 0
-0.13521810276964888 -0.67978730810418797 0
-0.15899966805226365 -0.53410546075300014 0
-0.17667096525967105 -0.36789824007486777 0
-0.18755289635036804 -0.18755289635036823 0
-0.19122727481519644 -8.5081812523140335e-17 0
-0.18755289635036804 0.18755289635036801 0
-0.17667096525967105 0.36789824007486749 0
-0.15899966805226368 0.53410546075299992 0
-0.13521810276964893 0.67978730810418775 0
-0.10624018162878224 0.79934531043404589 0
-0.073179509888101707 0.88818492076193845 0
-0.037306590621963356 0.94289208268479163 0
-3.442396868817389e-17 0.96136443065004007 0
0.037306590621963301 0.94289208268479163 0
0.073179509888101651 0.88818492076193845 0
0.10624018162878218 0.79934531043404611 0
0.13521810276964888 0.67978730810418797 0
0.15899966805226362 0.53410546075300014 0
0.17667096525967105 0.36789824007486793 0
0.18755289635036804 0.18755289635036851 0
0.19122727481519644 1.9864324208086784e-16 0
0.18755289635036804 -0.18755289635036818 0
0.17667096525967105 -0.36789824007486766 0
0.15899966805226365 -0.53410546075299992 0
0.13521810276964893 -0.67978730810418775 0
0.10624018162878221 -0.79934531043404589 0
0.073179509888101679 -0.88818492076193833 0
0.037306590621963356 -0.94289208268479163 0
5.7989436026641242e-17 -0.90558549206282857 0
-0.073179509888101624 -0.88818492076193867 0
-0.1435467722507455 -0.83665190105600962 0
-0.20839761265775056 -0.75296681799228971 0
-0.26523984968104586 -0.6403456423817826 0
-0.31188906802932004 -0.50311634284451678 0
-0.34655256440263177 -0.34655256440263205 0
-0.36789824007486754 -0.17667096525967127 0
-0.37510579270073618 -6.974888975690926e-17 0
-0.36789824007486754 0.17667096525967108 0
-0.34655256440263177 0.34655256440263188 0
-0.31188906802932009 0.50311634284451656 0
-0.26523984968104597 0.64034564238178238 0
-0.20839761265775061 0.75296681799228948 0
-0.14354677225074558 0.83665190105600951 0
-0.073179509888101721 0.88818492076193867 0
-4.9231399036362118e-17 0.90558549206282835 0
0.073179509888101638 0.88818492076193867 0
0.14354677225074552 0.83665190105600951 0
0.20839761265775056 0.75296681799228971 0
0.26523984968104586 0.6403456423817826 0
0.31188906802931998 0.50311634284451678 0
0.34655256440263177 0.34655256440263221 0
0.36789824007486754 0.17667096525967152 0
0.37510579270073618 2.0765370363980846e-16 0
0.36789824007486754 -0.17667096525967121 0
0.34655256440263177 -0.34655256440263205 0
0.31188906802932004 -0.50311634284451656 0
0.26523984968104597 -0.64034564238178238 0
0.20839761265775061 -0.75296681799228948 0
0.14354677225074561 -0.83665190105600939 0
0.073179509888101735 -0.88818492076193867 0
8.2635339202411124e-17 -0.81500541087383704 0
-0.10624018162878215 -0.79934531043404622 0
-0.20839761265775059 -0.75296681799228959 0
-0.3025464403030092 -0.67765223300374589 0
-0.38506857791742166 -0.57629585273261863 0
-0.45279274603141395 -0.45279274603141417 0
-0.50311634284451656 -0.3118890680293202 0
-0.53410546075299992 -0.15899966805226387 0
-0.54456920533453868 -5.7900386769903013e-17 0
-0.53410546075299992 0.1589996680522637 0
-0.50311634284451656 0.31188906802932004 0
-0.45279274603141406 0.45279274603141401 0
-0.38506857791742177 0.57629585273261841 0
-0.30254644030300931 0.67765223300374566 0
-0.20839761265775064 0.75296681799228959 0
-0.10624018162878227 0.79934531043404622 0
-6.0604364365439848e-17 0.81500541087383682 0
0.10624018162878215 0.79934531043404622 0
0.20839761265775053 0.75296681799228959 0
0.3025464403030092 0.67765223300374589 0
0.38506857791742166 0.57629585273261863 0
0.45279274603141395 0.45279274603141423 0
0.50311634284451656 0.31188906802932037 0
0.53410546075299992 0.15899966805226409 0
0.54456920533453868 1.9903277935027285e-16 0
0.53410546075299992 -0.15899966805226382 0
0.50311634284451656 -0.3118890680293202 0
0.45279274603141406 -0.45279274603141406 0
0.38506857791742177 -0.57629585273261841 0
0.30254644030300931 -0.67765223300374566 0
0.2083976126577507 -0.75296681799228959 0
0.10624018162878232 -0.79934531043404622 0
9.788844433132963e-17 -0.69310512880526398 0
-0.13521810276964891 -0.67978730810418797 0
-0.26523984968104591 -0.64034564238178249 0
-0.38506857791742177 -0.57629585273261863 0
-0.49009933665337746 -0.49009933665337774 0
-0.5762958527326183 -0.38506857791742194 0
-0.64034564238178227 -0.26523984968104608 0
-0.67978730810418775 -0.13521810276964907 0
-0.69310512880526376 -5.705231535102295e-17 0
-0.67978730810418775 0.13521810276964893 0
-0.64034564238178227 0.26523984968104597 0
-0.5762958527326183 0.38506857791742183 0
-0.49009933665337757 0.49009933665337757 0
-0.38506857791742177 0.57629585273261841 0
-0.26523984968104602 0.64034564238178249 0
-0.13521810276964902 0.67978730810418797 0
-8.5422843042245924e-17 0.69310512880526398 0
0.13521810276964885 0.67978730810418797 0
0.2652398496810458 0.64034564238178249 0
0.38506857791742166 0.57629585273261863 0
0.49009933665337746 0.49009933665337779 0
0.5762958527326183 0.38506857791742194 0
0.64034564238178227 0.26523984968104619 0
0.67978730810418775 0.13521810276964927 0
0.69310512880526376 1.7609628569699696e-16 0
0.67978730810418775 -0.13521810276964902 0
0.64034564238178227 -0.26523984968104608 0
0.5762958527326183 -0.38506857791742183 0
0.49009933665337757 -0.49009933665337763 0
0.38506857791742188 -0.57629585273261841 0
0.26523984968104614 -0.64034564238178249 0
0.13521810276964907 -0.67978730810418797 0
1.0681423262457423e-16 -0.5445692053345389 0
-0.15899966805226362 -0.53410546075300014 0
-0.31188906802931998 -0.50311634284451667 0
-0.45279274603141395 -0.45279274603141428 0
-0.5762958527326183 -0.38506857791742194 0
-0.67765223300374555 -0.30254644030300942 0
-0.75296681799228948 -0.20839761265775072 0
-0.799345310434046 -0.10624018162878233 0
-0.81500541087383671 -5.3777184595398613e-17 0
-0.799345310434046 0.10624018162878221 0
-0.75296681799228948 0.20839761265775059 0
-0.67765223300374555 0.30254644030300931 0
-0.57629585273261852 0.38506857791742183 0
-0.45279274603141417 0.45279274603141417 0
-0.3118890680293202 0.50311634284451667 0
-0.15899966805226384 0.53410546075300014 0
-1.1332015714415296e-16 0.5445692053345389 0
0.15899966805226362 0.53410546075300014 0
0.31188906802931998 0.50311634284451667 0
0.45279274603141395 0.45279274603141428 0
0.5762958527326183 0.38506857791742194 0
0.67765223300374555 0.30254644030300942 0
0.75296681799228948 0.20839761265775075 0
0.799345310434046 0.10624018162878246 0
0.81500541087383671 1.4309273995536097e-16 0
0.799345310434046 -0.10624018162878228 0
0.75296681799228948 -0.20839761265775072 0
0.67765223300374555 -0.30254644030300931 0
0.57629585273261852 -0.38506857791742183 0
0.45279274603141417 -0.45279274603141417 0
0.3118890680293202 -0.50311634284451667 0
0.15899966805226384 -0.53410546075300014 0
1.4320905489883659e-16 -0.37510579270073646 0
-0.17667096525967102 -0.36789824007486782 0
-0.34655256440263182 -0.34655256440263205 0
-0.50311634284451656 -0.31188906802932026 0
-0.64034564238178227 -0.26523984968104619 0
-0.75296681799228948 -0.20839761265775078 0
-0.83665190105600928 -0.14354677225074569 0
-0.88818492076193845 -0.073179509888101762 0
-0.90558549206282835 -4.0447619837670292e-17 0
-0.88818492076193856 0.073179509888101679 0
-0.83665190105600939 0.14354677225074555 0
-0.75296681799228971 0.20839761265775072 0
-0.64034564238178249 0.26523984968104614 0
-0.50311634284451678 0.3118890680293202 0
-0.3465525644026321 0.34655256440263199 0
-0.1766709652596713 0.36789824007486782 0
-1.5051800698056228e-16 0.37510579270073646 0
0.17667096525967102 0.36789824007486782 0
0.34655256440263177 0.3465525644026321 0
0.50311634284451656 0.31188906802932032 0
0.64034564238178227 0.26523984968104614 0
0.75296681799228948 0.20839761265775078 0
0.83665190105600939 0.14354677225074572 0
0.88818492076193856 0.073179509888101874 0
0.90558549206282835 9.6005521429674028e-17 0
0.88818492076193867 -0.073179509888101735 0
0.83665190105600951 -0.14354677225074569 0
0.75296681799228971 -0.20839761265775072 0
0.64034564238178249 -0.26523984968104608 0
0.50311634284451678 -0.31188906802932026 0
0.34655256440263205 -0.34655256440263205 0
0.1766709652596713 -0.36789824007486782 0
1.3043477125571817e-16 -0.19122727481519669 0
-0.18755289635036801 -0.18755289635036829 0
-0.3678982400748676 -0.17667096525967127 0
-0.53410546075299992 -0.15899966805226387 0
-0.67978730810418775 -0.1352181027696491 0
-0.79934531043404589 -0.10624018162878235 0
-0.88818492076193833 -0.073179509888101776 0
-0.94289208268479152 -0.037306590621963398 0
-0.96136443065004018 -2.2650505845355777e-17 0
-0.94289208268479163 0.037306590621963343 0
-0.88818492076193856 0.073179509888101721 0
-0.79934531043404611 0.10624018162878231 0
-0.67978730810418797 0.13521810276964907 0
-0.53410546075300014 0.15899966805226384 0
-0.36789824007486782 0.17667096525967124 0
-0.18755289635036826 0.18755289635036829 0
-1.2461400517504369e-16 0.19122727481519669 0
0.18755289635036804 0.18755289635036829 0
0.3678982400748676 0.1766709652596713 0
0.53410546075299992 0.1589996680522639 0
0.67978730810418775 0.13521810276964907 0
0.79934531043404589 0.10624018162878233 0
0.88818492076193833 0.073179509888101804 0
0.94289208268479163 0.037306590621963454 0
0.96136443065004018 4.3768602704609231e-17 0
0.94289208268479174 -0.03730659062196337 0
0.88818492076193856 -0.073179509888101749 0
0.79934531043404611 -0.10624018162878229 0
0.67978730810418797 -0.13521810276964905 0
0.53410546075300014 -0.15899966805226387 0
0.36789824007486782 -0.17667096525967127 0
0.18755289635036829 -0.18755289635036829 0
1.4895595906556613e-16 -1.2986305286840265e-16 0
-0.19122727481519639 -1.2657113098909776e-16 0
-0.37510579270073618 -1.2278269420489763e-16 0
-0.54456920533453868 -1.1795298025305879e-16 0
-0.69310512880526365 -9.9977502239993029e-17 0
-0.8150054108738366 -7.1212788783333212e-17 0
-0.90558549206282812 -4.7388040905715543e-17 0
-0.96136443065003996 -2.7533039654193792e-17 0
-0.98019867330675492 -2.9389300305331924e-18 0
-0.96136443065004007 2.7470291495189863e-17 0
-0.90558549206282823 6.0671429850233151e-17 0
-0.81500541087383682 8.2442721107623751e-17 0
-0.69310512880526387 8.4871659420085751e-17 0
-0.5445692053345389 9.1522850699826327e-17 0
-0.37510579270073641 1.1504004884452837e-16 0
-0.19122727481519666 1.3101487489440085e-16 0
-1.349945967993147e-16 1.3437946810704291e-16 0
0.19122727481519639 1.4382316924216638e-16 0
0.37510579270073618 1.463387457127225e-16 0
0.54456920533453868 1.2377158296455444e-16 0
0.69310512880526365 9.4391568180338425e-17 0
0.8150054108738366 7.000624030646492e-17 0
0.90558549206282823 4.1614080568821103e-17 0
0.96136443065004007 1.6528192680305699e-17 0
0.98019867330675492 1.6012689112330359e-18 0
0.96136443065004018 -1.6030097504455964e-17 0
0.90558549206282835 -3.9046959104097289e-17 0
0.81500541087383682 -6.3812977739423256e-17 0
0.69310512880526387 -9.7112887322793947e-17 0
0.5445692053345389 -1.2866122343784005e-16 0
0.37510579270073641 -1.3788450177612838e-16 0
0.19122727481519666 -1.3289198388668579e-16 0
1.5563039310721578e-16 0.19122727481519644 0
-0.18755289635036801 0.18755289635036804 0
-0.3678982400748676 0.17667096525967105 0
-0.53410546075299992 0.15899966805226365 0
-0.67978730810418775 0.13521810276964891 0
-0.79934531043404589 0.10624018162878218 0
-0.88818492076193833 0.073179509888101665 0
-0.94289208268479152 0.037306590621963343 0
-0.96136443065004018 1.8973300390102694e-17 0
-0.94289208268479163 -0.03730659062196328 0
-0.88818492076193845 -0.073179509888101596 0
-0.79934531043404611 -0.10624018162878214 0
-0.67978730810418797 -0.13521810276964888 0
-0.53410546075300014 -0.15899966805226362 0
-0.36789824007486782 -0.17667096525967102 0
-0.18755289635036829 -0.18755289635036801 0
-1.3756195021202886e-16 -0.19122727481519639 0
0.18755289635036801 -0.18755289635036801 0
0.3678982400748676 -0.17667096525967102 0
0.53410546075299992 -0.15899966805226362 0
0.67978730810418775 -0.13521810276964888 0
0.79934531043404589 -0.1062401816287822 0
0.88818492076193845 -0.073179509888101679 0
0.94289208268479163 -0.037306590621963391 0
0.96136443065004018 -4.2929848313892274e-17 0
0.94289208268479174 0.037306590621963329 0
0.88818492076193856 0.073179509888101665 0
0.79934531043404611 0.10624018162878215 0
0.67978730810418797 0.13521810276964885 0
0.53410546075300014 0.15899966805226359 0
0.36789824007486782 0.17667096525967099 0
0.18755289635036829 0.18755289635036798 0
1.1383289679808829e-16 0.37510579270073624 0
-0.17667096525967105 0.3678982400748676 0
-0.34655256440263182 0.34655256440263188 0
-0.50311634284451656 0.31188906802932009 0
-0.64034564238178227 0.26523984968104602 0
-0.75296681799228959 0.20839761265775061 0
-0.83665190105600939 0.14354677225074561 0
-0.88818492076193856 0.073179509888101721 0
-0.90558549206282835 3.8290374746866765e-17 0
-0.88818492076193856 -0.073179509888101638 0
-0.83665190105600939 -0.1435467722507455 0
-0.75296681799228959 -0.20839761265775053 0
-0.64034564238178249 -0.26523984968104591 0
-0.50311634284451678 -0.31188906802931998 0
-0.34655256440263205 -0.34655256440263182 0
-0.17667096525967124 -0.3678982400748676 0
-9.3713260100783492e-17 -0.37510579270073624 0
0.17667096525967108 -0.3678982400748676 0
0.34655256440263182 -0.34655256440263182 0
0.50311634284451656 -0.31188906802932009 0
0.64034564238178227 -0.26523984968104602 0
0.75296681799228959 -0.20839761265775064 0
0.83665190105600939 -0.14354677225074561 0
0.88818492076193856 -0.073179509888101832 0
0.90558549206282835 -1.0541082022754037e-16 0
0.88818492076193856 0.073179509888101693 0
0.83665190105600939 0.14354677225074561 0
0.75296681799228959 0.20839761265775056 0
0.64034564238178249 0.26523984968104591 0
0.50311634284451678 0.31188906802931998 0
0.34655256440263205 0.34655256440263177 0
0.17667096525967127 0.3678982400748676 0
1.1904620485511189e-16 0.54456920533453868 0
-0.15899966805226368 0.53410546075299992 0
-0.31188906802932009 0.50311634284451656 0
-0.45279274603141406 0.45279274603141406 0
-0.57629585273261841 0.38506857791742177 0
-0.67765223300374566 0.30254644030300931 0
-0.75296681799228948 0.20839761265775064 0
-0.79934531043404622 0.10624018162878227 0
-0.81500541087383693 4.7259282597799606e-17 0
-0.79934531043404622 -0.10624018162878215 0
-0.75296681799228959 -0.2083976126577505 0
-0.67765223300374589 -0.3025464403030092 0
-0.57629585273261863 -0.38506857791742166 0
-0.45279274603141428 -0.45279274603141395 0
-0.31188906802932032 -0.50311634284451656 0
-0.1589996680522639 -0.53410546075299992 0
-1.0644303654469751e-16 -0.54456920533453868 0
0.15899966805226368 -0.53410546075299992 0
0.31188906802932009 -0.50311634284451656 0
0.45279274603141406 -0.45279274603141406 0
0.57629585273261841 -0.38506857791742177 0
0.67765223300374566 -0.30254644030300931 0
0.75296681799228959 -0.20839761265775067 0
0.79934531043404622 -0.10624018162878243 0
0.81500541087383693 -1.662025231462287e-16 0
0.79934531043404622 0.10624018162878221 0
0.75296681799228971 0.20839761265775064 0
0.67765223300374589 0.3025464403030092 0
0.57629585273261863 0.38506857791742166 0
0.45279274603141428 0.45279274603141395 0
0.31188906802932032 0.50311634284451656 0
0.1589996680522639 0.53410546075299992 0
1.0212198394664401e-16 0.69310512880526376 0
-0.13521810276964891 0.67978730810418775 0
-0.26523984968104597 0.64034564238178227 0
-0.38506857791742177 0.57629585273261841 0
-0.49009933665337763 0.49009933665337757 0
-0.57629585273261841 0.38506857791742183 0
-0.64034564238178238 0.26523984968104597 0
-0.67978730810418797 0.13521810276964902 0
-0.69310512880526398 4.7516284719011292e-17 0
-0.67978730810418797 -0.13521810276964888 0
-0.64034564238178249 -0.26523984968104586 0
-0.57629585273261852 -0.38506857791742172 0
-0.49009933665337774 -0.49009933665337746 0
-0.38506857791742194 -0.5762958527326183 0
-0.26523984968104614 -0.64034564238178227 0
-0.1352181027696491 -0.67978730810418775 0
-9.9150768403241143e-17 -0.69310512880526376 0
0.13521810276964893 -0.67978730810418775 0
0.26523984968104602 -0.64034564238178227 0
0.38506857791742183 -0.5762958527326183 0
0.49009933665337763 -0.49009933665337757 0
0.57629585273261852 -0.38506857791742183 0
0.64034564238178249 -0.26523984968104608 0
0.67978730810418797 -0.13521810276964921 0
0.69310512880526398 -1.9875292849605457e-16 0
0.67978730810418797 0.13521810276964896 0
0.6403456423817826 0.26523984968104597 0
0.57629585273261863 0.38506857791742172 0
0.49009933665337774 0.49009933665337746 0
0.38506857791742199 0.57629585273261819 0
0.26523984968104619 0.64034564238178227 0
0.13521810276964913 0.67978730810418775 0
8.4344181060267149e-17 0.81500541087383671 0
-0.10624018162878222 0.799345310434046 0
-0.20839761265775061 0.75296681799228948 0
-0.30254644030300931 0.67765223300374566 0
-0.38506857791742183 0.57629585273261852 0
-0.45279274603141417 0.45279274603141406 0
-0.50311634284451667 0.31188906802932009 0
-0.53410546075300014 0.15899966805226379 0
-0.5445692053345389 5.782659985320778e-17 0
-0.53410546075300014 -0.15899966805226362 0
-0.50311634284451667 -0.31188906802931993 0
-0.45279274603141428 -0.4527927460314139 0
-0.38506857791742194 -0.5762958527326183 0
-0.30254644030300942 -0.67765223300374544 0
-0.20839761265775075 -0.75296681799228948 0
-0.10624018162878236 -0.799345310434046 0
-8.186332164694923e-17 -0.81500541087383671 0
0.1062401816287822 -0.799345310434046 0
0.20839761265775064 -0.75296681799228948 0
0.30254644030300931 -0.67765223300374566 0
0.38506857791742183 -0.57629585273261852 0
0.45279274603141417 -0.45279274603141412 0
0.50311634284451667 -0.31188906802932026 0
0.53410546075300014 -0.15899966805226401 0
0.5445692053345389 -1.9978510098193016e-16 0
0.53410546075300014 0.15899966805226373 0
0.50311634284451667 0.31188906802932009 0
0.45279274603141428 0.45279274603141395 0
0.38506857791742194 0.5762958527326183 0
0.30254644030300942 0.67765223300374544 0
0.20839761265775078 0.75296681799228948 0
0.10624018162878239 0.799345310434046 0
5.3976369167667008e-17 0.90558549206282823 0
-0.073179509888101707 0.88818492076193845 0
-0.14354677225074569 0.83665190105600939 0
-0.20839761265775075 0.75296681799228959 0
-0.26523984968104614 0.64034564238178238 0
-0.31188906802932026 0.50311634284451667 0
-0.34655256440263221 0.34655256440263188 0
-0.36789824007486799 0.17667096525967121 0
-0.37510579270073663 8.6222655287380587e-17 0
-0.36789824007486799 -0.17667096525967102 0
-0.34655256440263221 -0.34655256440263166 0
-0.31188906802932048 -0.50311634284451645 0
-0.26523984968104636 -0.64034564238178215 0
-0.20839761265775092 -0.75296681799228937 0
-0.1435467722507458 -0.83665190105600928 0
-0.073179509888101818 -0.88818492076193845 0
-5.1975899577735547e-17 -0.90558549206282823 0
0.073179509888101707 -0.88818492076193845 0
0.14354677225074569 -0.83665190105600928 0
0.20839761265775081 -0.75296681799228959 0
0.26523984968104625 -0.64034564238178238 0
0.31188906802932037 -0.50311634284451667 0
0.34655256440263221 -0.3465525644026321 0
0.36789824007486799 -0.17667096525967146 0
0.37510579270073663 -1.8197172129417008e-16 0
0.36789824007486799 0.17667096525967116 0
0.34655256440263221 0.34655256440263188 0
0.31188906802932037 0.50311634284451645 0
0.26523984968104625 0.64034564238178215 0
0.20839761265775086 0.75296681799228937 0
0.1435467722507458 0.83665190105600917 0
0.073179509888101818 0.88818492076193845 0
1.7768525519493845e-17 0.96136443065004018 0
-0.037306590621963398 0.94289208268479163 0
-0.073179509888101804 0.88818492076193856 0
-0.10624018162878242 0.79934531043404611 0
-0.13521810276964918 0.67978730810418797 0
-0.15899966805226406 0.53410546075300014 0
-0.17667096525967146 0.36789824007486777 0
-0.18755289635036848 0.18755289635036823 0
-0.19122727481519688 1.0394632539054843e-16 0
-0.18755289635036848 -0.18755289635036801 0
-0.17667096525967146 -0.36789824007486749 0
-0.15899966805226404 -0.53410546075299992 0
-0.13521810276964924 -0.67978730810418775 0
-0.10624018162878245 -0.79934531043404589 0
-0.073179509888101832 -0.88818492076193845 0
-0.037306590621963433 -0.94289208268479163 0
-2.2245458562628503e-17 -0.96136443065004018 0
0.037306590621963377 -0.94289208268479163 0
0.073179509888101776 -0.88818492076193845 0
0.10624018162878239 -0.79934531043404611 0
0.13521810276964918 -0.67978730810418797 0
0.15899966805226398 -0.53410546075300014 0
0.17667096525967146 -0.36789824007486793 0
0.18755289635036848 -0.18755289635036851 0
0.19122727481519688 -1.6994273422855286e-16 0
0.18755289635036848 0.18755289635036818 0
0.17667096525967146 0.36789824007486766 0
0.15899966805226406 0.53410546075299992 0
0.13521810276964924 0.67978730810418775 0
0.10624018162878247 0.79934531043404589 0
0.07317950988810186 0.88818492076193833 0
0.03730659062196344 0.94289208268479163 0
-1.0866573381683663e-17 0.98019867330675514 0
-5.2592635389802478e-17 0.96136443065004018 0
-9.5350655649551722e-17 0.90558549206282846 0
-1.35102584534206e-16 0.81500541087383693 0
-1.6405471184757741e-16 0.69310512880526398 0
-1.8246463743010371e-16 0.5445692053345389 0
-1.8907967125297969e-16 0.37510579270073646 0
-1.8230720231856747e-16 0.19122727481519664 0
-1.6450053253896639e-16 8.995098629320301e-17 0
-1.3538568728341997e-16 -0.19122727481519641 0
-9.7827980072572058e-17 -0.37510579270073618 0
-6.521596555835458e-17 -0.54456920533453868 0
-4.6921454197588563e-17 -0.69310512880526376 0
-3.7425979769914692e-17 -0.81500541087383671 0
-2.6372555828385043e-17 -0.90558549206282835 0
-1.0592817104052282e-17 -0.96136443065004018 0
3.8909863403013544e-18 -0.98019867330675492 0
1.2427750218841504e-17 -0.96136443065004018 0
2.0477166232449411e-17 -0.90558549206282835 0
3.1594974429752404e-17 -0.81500541087383693 0
4.3427141947299479e-17 -0.69310512880526398 0
6.5487254901022541e-17 -0.5445692053345389 0
1.0660921277414788e-16 -0.37510579270073663 0
1.4616279935178311e-16 -0.19122727481519691 0
1.6220719841355816e-16 -1.7524329599482671e-16 0
1.675764996452238e-16 0.19122727481519658 0
1.7799453242061474e-16 0.37510579270073635 0
1.8334659959179915e-16 0.54456920533453868 0
1.7301340448012058e-16 0.69310512880526376 0
1.4572325770826989e-16 0.81500541087383671 0
9.8404295968151471e-17 0.90558549206282823 0
3.9818177349067287e-17 0.96136443065004018 0
-3.3006419511836623e-17 0.96136443065004029 0
0.037306590621963329 0.94289208268479174 0
0.073179509888101679 0.88818492076193856 0
0.10624018162878222 0.79934531043404611 0
0.13521810276964899 0.67978730810418797 0
0.15899966805226376 0.53410546075300014 0
0.17667096525967116 0.36789824007486782 0
0.18755289635036815 0.1875528963503682 0
0.19122727481519658 7.2136681038310094e-17 0
0.18755289635036818 -0.18755289635036806 0
0.17667096525967119 -0.36789824007486754 0
0.15899966805226379 -0.53410546075299992 0
0.13521810276964905 -0.67978730810418775 0
0.10624018162878227 -0.79934531043404589 0
0.073179509888101735 -0.88818492076193845 0
0.037306590621963377 -0.94289208268479152 0
2.5284058747371202e-17 -0.96136443065004007 0
-0.037306590621963336 -0.94289208268479152 0
-0.073179509888101679 -0.88818492076193845 0
-0.10624018162878224 -0.79934531043404611 0
-0.13521810276964899 -0.67978730810418797 0
-0.15899966805226373 -0.53410546075300014 0
-0.17667096525967113 -0.36789824007486799 0
-0.18755289635036818 -0.18755289635036851 0
-0.19122727481519658 -1.6882577333531436e-16 0
-0.1875528963503682 0.18755289635036815 0
-0.17667096525967116 0.36789824007486771 0
-0.15899966805226376 0.53410546075299992 0
-0.13521810276964905 0.67978730810418775 0
-0.10624018162878228 0.79934531043404589 0
-0.073179509888101735 0.88818492076193833 0
-0.037306590621963384 0.94289208268479174 0
-5.7509098210376862e-17 0.90558549206282846 0
0.073179509888101679 0.88818492076193856 0
0.14354677225074561 0.83665190105600951 0
0.2083976126577507 0.75296681799228971 0
0.26523984968104608 0.64034564238178249 0
0.3118890680293202 0.50311634284451678 0
0.34655256440263199 0.34655256440263205 0
0.36789824007486771 0.17667096525967124 0
0.37510579270073635 7.4896512497048249e-17 0
0.36789824007486771 -0.17667096525967105 0
0.34655256440263194 -0.34655256440263177 0
0.31188906802932015 -0.50311634284451656 0
0.26523984968104608 -0.64034564238178227 0
0.2083976126577507 -0.75296681799228948 0
0.14354677225074566 -0.83665190105600939 0
0.073179509888101749 -0.88818492076193856 0
4.0896094581782763e-17 -0.90558549206282823 0
-0.073179509888101665 -0.88818492076193856 0
-0.14354677225074555 -0.83665190105600939 0
-0.20839761265775059 -0.75296681799228971 0
-0.26523984968104597 -0.64034564238178249 0
-0.31188906802932004 -0.50311634284451678 0
-0.34655256440263182 -0.34655256440263221 0
-0.36789824007486771 -0.17667096525967149 0
-0.37510579270073635 -1.3111027167549025e-16 0
-0.36789824007486771 0.17667096525967119 0
-0.34655256440263199 0.34655256440263194 0
-0.3118890680293202 0.50311634284451656 0
-0.26523984968104619 0.64034564238178227 0
-0.20839761265775081 0.75296681799228948 0
-0.14354677225074572 0.83665190105600928 0
-0.07317950988810179 0.88818492076193856 0
-8.486014150648629e-17 0.81500541087383693 0
0.10624018162878215 0.79934531043404622 0
0.20839761265775059 0.75296681799228959 0
0.3025464403030092 0.67765223300374589 0
0.38506857791742166 0.57629585273261863 0
0.45279274603141395 0.45279274603141417 0
0.50311634284451656 0.31188906802932026 0
0.53410546075299992 0.15899966805226387 0
0.54456920533453868 7.7298746996120863e-17 0
0.53410546075299992 -0.1589996680522637 0
0.50311634284451656 -0.31188906802932004 0
0.45279274603141406 -0.45279274603141401 0
0.38506857791742177 -0.57629585273261841 0
0.30254644030300931 -0.67765223300374566 0
0.20839761265775064 -0.75296681799228959 0
0.10624018162878228 -0.79934531043404622 0
6.2870353517742879e-17 -0.81500541087383693 0
-0.10624018162878214 -0.79934531043404622 0
-0.20839761265775053 -0.75296681799228959 0
-0.3025464403030092 -0.67765223300374589 0
-0.38506857791742166 -0.57629585273261863 0
-0.45279274603141395 -0.45279274603141423 0
-0.50311634284451656 -0.31188906802932037 0
-0.53410546075299992 -0.15899966805226409 0
-0.54456920533453868 -9.3984032662976385e-17 0
-0.53410546075299992 0.15899966805226382 0
-0.50311634284451656 0.31188906802932015 0
-0.45279274603141406 0.45279274603141406 0
-0.38506857791742177 0.57629585273261841 0
-0.30254644030300931 0.67765223300374566 0
-0.2083976126577507 0.75296681799228959 0
-0.10624018162878232 0.79934531043404622 0
-1.0585257224102696e-16 0.69310512880526398 0
0.13521810276964885 0.67978730810418797 0
0.26523984968104586 0.64034564238178249 0
0.38506857791742172 0.57629585273261852 0
0.49009933665337746 0.49009933665337774 0
0.57629585273261819 0.38506857791742194 0
0.64034564238178227 0.26523984968104614 0
0.67978730810418775 0.13521810276964907 0
0.69310512880526376 6.2435386280904577e-17 0
0.67978730810418775 -0.13521810276964896 0
0.64034564238178227 -0.26523984968104591 0
0.5762958527326183 -0.38506857791742177 0
0.49009933665337757 -0.49009933665337763 0
0.38506857791742183 -0.57629585273261841 0
0.26523984968104608 -0.64034564238178249 0
0.13521810276964907 -0.67978730810418797 0
9.6899121264204271e-17 -0.69310512880526398 0
-0.13521810276964885 -0.67978730810418797 0
-0.26523984968104586 -0.64034564238178249 0
-0.38506857791742172 -0.57629585273261863 0
-0.49009933665337746 -0.49009933665337774 0
-0.5762958527326183 -0.38506857791742199 0
-0.64034564238178227 -0.26523984968104625 0
-0.67978730810418775 -0.13521810276964924 0
-0.69310512880526376 -7.7719276707562649e-17 0
-0.67978730810418775 0.13521810276964902 0
-0.64034564238178227 0.26523984968104602 0
-0.57629585273261841 0.38506857791742183 0
-0.49009933665337757 0.49009933665337763 0
-0.38506857791742183 0.57629585273261852 0
-0.26523984968104608 0.64034564238178249 0
-0.13521810276964907 0.67978730810418797 0
-1.1342855081437276e-16 0.5445692053345389 0
0.15899966805226362 0.53410546075300014 0
0.31188906802931998 0.50311634284451667 0
0.45279274603141395 0.45279274603141428 0
0.5762958527326183 0.38506857791742194 0
0.67765223300374544 0.30254644030300942 0
0.75296681799228948 0.20839761265775075 0
0.799345310434046 0.10624018162878232 0
0.81500541087383671 4.4730842916943062e-17 0
0.799345310434046 -0.10624018162878222 0
0.75296681799228948 -0.20839761265775061 0
0.67765223300374555 -0.30254644030300926 0
0.57629585273261852 -0.38506857791742183 0
0.45279274603141417 -0.45279274603141417 0
0.3118890680293202 -0.50311634284451667 0
0.15899966805226384 -0.53410546075300014 0
1.2315888686154257e-16 -0.5445692053345389 0
-0.15899966805226362 -0.53410546075300014 0
-0.31188906802931998 -0.50311634284451667 0
-0.45279274603141395 -0.45279274603141428 0
-0.5762958527326183 -0.38506857791742194 0
-0.67765223300374555 -0.30254644030300948 0
-0.75296681799228948 -0.20839761265775084 0
-0.799345310434046 -0.10624018162878245 0
-0.81500541087383671 -5.6864768434285064e-17 0
-0.799345310434046 0.10624018162878229 0
-0.75296681799228948 0.2083976126577507 0
-0.67765223300374566 0.30254644030300931 0
-0.57629585273261852 0.38506857791742183 0
-0.45279274603141417 0.45279274603141417 0
-0.3118890680293202 0.50311634284451667 0
-0.15899966805226384 0.53410546075300014 0
-1.4444633896675771e-16 0.37510579270073646 0
0.17667096525967099 0.36789824007486782 0
0.34655256440263171 0.34655256440263205 0
0.50311634284451645 0.31188906802932026 0
0.64034564238178215 0.26523984968104619 0
0.75296681799228937 0.20839761265775081 0
0.83665190105600928 0.14354677225074569 0
0.88818492076193845 0.073179509888101776 0
0.90558549206282823 3.172819149047486e-17 0
0.88818492076193845 -0.073179509888101693 0
0.83665190105600928 -0.14354677225074558 0
0.75296681799228959 -0.2083976126577507 0
0.64034564238178238 -0.26523984968104608 0
0.50311634284451667 -0.31188906802932026 0
0.34655256440263205 -0.34655256440263205 0
0.1766709652596713 -0.36789824007486782 0
1.5662050733734199e-16 -0.37510579270073646 0
-0.17667096525967096 -0.36789824007486782 0
-0.34655256440263171 -0.34655256440263205 0
-0.50311634284451645 -0.31188906802932026 0
-0.64034564238178215 -0.26523984968104619 0
-0.75296681799228937 -0.20839761265775081 0
-0.83665190105600928 -0.14354677225074575 0
-0.88818492076193845 -0.073179509888101832 0
-0.90558549206282823 -2.4836301956425656e-17 0
-0.88818492076193845 0.073179509888101749 0
-0.83665190105600928 0.14354677225074564 0
-0.75296681799228959 0.2083976126577507 0
-0.64034564238178238 0.26523984968104608 0
-0.50311634284451667 0.31188906802932026 0
-0.34655256440263205 0.34655256440263205 0
-0.17667096525967127 0.36789824007486782 0
-1.3152453681661013e-16 0.19122727481519669 0
0.18755289635036801 0.18755289635036829 0
0.36789824007486754 0.17667096525967127 0
0.53410546075299981 0.15899966805226387 0
0.67978730810418764 0.1352181027696491 0
0.79934531043404589 0.10624018162878236 0
0.88818492076193833 0.073179509888101776 0
0.94289208268479152 0.037306590621963391 0
0.96136443065004007 1.5770335981057019e-17 0
0.94289208268479152 -0.037306590621963349 0
0.88818492076193833 -0.073179509888101707 0
0.79934531043404611 -0.10624018162878231 0
0.67978730810418786 -0.13521810276964907 0
0.53410546075300003 -0.15899966805226387 0
0.36789824007486777 -0.17667096525967124 0
0.18755289635036829 -0.18755289635036826 0
1.3052029815746226e-16 -0.19122727481519669 0
-0.18755289635036801 -0.18755289635036831 0
-0.36789824007486754 -0.1766709652596713 0
-0.53410546075299981 -0.15899966805226387 0
-0.67978730810418764 -0.13521810276964907 0
-0.79934531043404589 -0.10624018162878236 0
-0.88818492076193833 -0.073179509888101818 0
-0.94289208268479152 -0.037306590621963419 0
-0.96136443065004007 -8.1639618735251689e-18 0
-0.94289208268479152 0.037306590621963377 0
-0.88818492076193833 0.073179509888101749 0
-0.79934531043404611 0.10624018162878231 0
-0.67978730810418786 0.13521810276964905 0
-0.53410546075300003 0.15899966805226387 0
-0.36789824007486777 0.17667096525967127 0
-0.18755289635036829 0.18755289635036829 0
-1.4997824092293989e-16 1.4571414943686878e-16 0
0.19122727481519644 1.3649279319660482e-16 0
0.37510579270073624 1.187705505394277e-16 0
0.54456920533453879 1.1771502147428844e-16 0
0.69310512880526387 1.1483002572294697e-16 0
0.81500541087383682 8.8318967546319952e-17 0
0.90558549206282835 5.3130816904869923e-17 0
0.96136443065004029 2.266239640909492e-17 0
0.98019867330675514 -3.1414060314130524e-18 0
0.96136443065004029 -2.5371804399158466e-17 0
0.90558549206282846 -5.5423505582672781e-17 0
0.81500541087383704 -9.2234440779822468e-17 0
0.69310512880526409 -1.0961828740287092e-16 0
0.54456920533453901 -1.0715191110185839e-16 0
0.37510579270073646 -1.1392584118312887e-16 0
0.19122727481519672 -1.3386587299317944e-16 0
1.3825923834092305e-16 -1.5242928535802711e-16 0
-0.19122727481519644 -1.6413106575123574e-16 0
-0.37510579270073624 -1.5738533691697709e-16 0
-0.54456920533453879 -1.2658624988211989e-16 0
-0.69310512880526387 -9.0858962193456961e-17 0
-0.81500541087383682 -6.1846054906460305e-17 0
-0.90558549206282846 -3.6684302857734955e-17 0
-0.96136443065004029 -2.065249635634229e-17 0
-0.98019867330675514 -8.1904729831224154e-18 0
-0.96136443065004029 1.7353334133618585e-17 0
-0.90558549206282857 4.9375978335958007e-17 0
-0.81500541087383704 7.8358604998782822e-17 0
-0.69310512880526409 1.1098392017865244e-16 0
-0.54456920533453901 1.3505982963361723e-16 0
-0.37510579270073646 1.3676566053312395e-16 0
-0.19122727481519672 1.3779264992029382e-16 0
-1.4728751328500187e-16 -0.19122727481519644 0
0.18755289635036804 -0.18755289635036804 0
0.36789824007486766 -0.17667096525967105 0
0.53410546075299992 -0.15899966805226365 0
0.67978730810418786 -0.13521810276964891 0
0.799345310434046 -0.10624018162878218 0
0.88818492076193845 -0.073179509888101665 0
0.94289208268479174 -0.037306590621963343 0
0.96136443065004029 -2.0561779964535684e-17 0
0.94289208268479174 0.037306590621963301 0
0.88818492076193856 0.073179509888101596 0
0.79934531043404622 0.10624018162878213 0
0.67978730810418808 0.13521810276964885 0
0.53410546075300014 0.15899966805226362 0
0.36789824007486788 0.17667096525967102 0
0.18755289635036831 0.18755289635036801 0
1.3610075362076767e-16 0.19122727481519639 0
-0.18755289635036804 0.18755289635036801 0
-0.36789824007486766 0.17667096525967102 0
-0.53410546075299992 0.15899966805226362 0
-0.67978730810418786 0.13521810276964891 0
-0.799345310434046 0.10624018162878221 0
-0.88818492076193856 0.073179509888101707 0
-0.94289208268479174 0.03730659062196337 0
-0.96136443065004029 1.0514074673811122e-18 0
-0.94289208268479174 -0.037306590621963329 0
-0.88818492076193867 -0.073179509888101638 0
-0.79934531043404622 -0.10624018162878215 0
-0.67978730810418808 -0.13521810276964885 0
-0.53410546075300014 -0.15899966805226359 0
-0.36789824007486788 -0.17667096525967099 0
-0.18755289635036831 -0.18755289635036798 0
-9.912500255826631e-17 -0.37510579270073624 0
0.17667096525967108 -0.3678982400748676 0
0.34655256440263188 -0.34655256440263188 0
0.50311634284451656 -0.31188906802932009 0
0.64034564238178238 -0.26523984968104602 0
0.75296681799228948 -0.20839761265775067 0
0.83665190105600951 -0.14354677225074561 0
0.88818492076193867 -0.073179509888101721 0
0.90558549206282846 -3.5211440729627518e-17 0
0.88818492076193867 0.073179509888101651 0
0.83665190105600951 0.1435467722507455 0
0.75296681799228959 0.20839761265775056 0
0.64034564238178249 0.26523984968104591 0
0.50311634284451667 0.31188906802931998 0
0.34655256440263205 0.34655256440263182 0
0.17667096525967127 0.3678982400748676 0
8.9816839521215739e-17 0.37510579270073624 0
-0.1766709652596711 0.3678982400748676 0
-0.34655256440263194 0.34655256440263182 0
-0.50311634284451667 0.31188906802932009 0
-0.64034564238178249 0.26523984968104602 0
-0.75296681799228959 0.20839761265775067 0
-0.83665190105600951 0.14354677225074566 0
-0.88818492076193867 0.073179509888101818 0
-0.90558549206282846 2.8997753159586387e-17 0
-0.88818492076193867 -0.073179509888101693 0
-0.83665190105600951 -0.14354677225074555 0
-0.75296681799228971 -0.20839761265775056 0
-0.6403456423817826 -0.26523984968104591 0
-0.50311634284451678 -0.31188906802931998 0
-0.3465525644026321 -0.34655256440263177 0
-0.1766709652596713 -0.3678982400748676 0
-1.1527252050480655e-16 -0.54456920533453868 0
0.1589996680522637 -0.53410546075299992 0
0.31188906802932009 -0.50311634284451656 0
0.45279274603141406 -0.45279274603141406 0
0.57629585273261841 -0.38506857791742177 0
0.67765223300374566 -0.30254644030300931 0
0.75296681799228959 -0.20839761265775067 0
0.79934531043404622 -0.10624018162878227 0
0.81500541087383693 -4.7252075440345818e-17 0
0.79934531043404622 0.10624018162878218 0
0.75296681799228959 0.20839761265775056 0
0.67765223300374589 0.3025464403030092 0
0.57629585273261863 0.38506857791742166 0
0.45279274603141423 0.45279274603141395 0
0.31188906802932032 0.50311634284451656 0
0.15899966805226387 0.53410546075299992 0
1.0064927849315829e-16 0.54456920533453868 0
-0.15899966805226365 0.53410546075299992 0
-0.31188906802932009 0.50311634284451656 0
-0.45279274603141412 0.45279274603141406 0
-0.57629585273261841 0.38506857791742177 0
-0.67765223300374566 0.30254644030300931 0
-0.75296681799228959 0.20839761265775078 0
-0.79934531043404622 0.10624018162878243 0
-0.81500541087383693 6.1262722528104142e-17 0
-0.79934531043404622 -0.10624018162878224 0
-0.75296681799228959 -0.20839761265775056 0
-0.67765223300374589 -0.3025464403030092 0
-0.57629585273261863 -0.38506857791742166 0
-0.45279274603141428 -0.45279274603141395 0
-0.31188906802932032 -0.50311634284451656 0
-0.15899966805226393 -0.53410546075299992 0
-1.1052848043254064e-16 -0.69310512880526376 0
0.13521810276964891 -0.67978730810418775 0
0.26523984968104597 -0.64034564238178227 0
0.38506857791742183 -0.5762958527326183 0
0.49009933665337763 -0.49009933665337757 0
0.57629585273261852 -0.38506857791742188 0
0.64034564238178249 -0.26523984968104608 0
0.67978730810418797 -0.13521810276964902 0
0.69310512880526398 -6.1547713662546537e-17 0
0.67978730810418797 0.13521810276964891 0
0.64034564238178249 0.26523984968104586 0
0.57629585273261852 0.38506857791742166 0
0.49009933665337774 0.49009933665337746 0
0.38506857791742194 0.57629585273261819 0
0.26523984968104619 0.64034564238178227 0
0.1352181027696491 0.67978730810418775 0
9.2180353965692258e-17 0.69310512880526376 0
-0.13521810276964893 0.67978730810418775 0
-0.26523984968104597 0.64034564238178227 0
-0.38506857791742183 0.57629585273261841 0
-0.49009933665337763 0.49009933665337757 0
-0.57629585273261852 0.38506857791742188 0
-0.64034564238178249 0.26523984968104619 0
-0.67978730810418797 0.13521810276964924 0
-0.69310512880526398 8.121468524278825e-17 0
-0.67978730810418797 -0.13521810276964902 0
-0.64034564238178249 -0.26523984968104597 0
-0.57629585273261852 -0.38506857791742166 0
-0.49009933665337774 -0.49009933665337746 0
-0.38506857791742194 -0.5762958527326183 0
-0.26523984968104619 -0.64034564238178227 0
-0.13521810276964913 -0.67978730810418775 0
-8.7732449147984074e-17 -0.81500541087383671 0
0.10624018162878221 -0.799345310434046 0
0.20839761265775061 -0.75296681799228959 0
0.30254644030300931 -0.67765223300374566 0
0.38506857791742183 -0.57629585273261852 0
0.45279274603141417 -0.45279274603141417 0
0.50311634284451667 -0.3118890680293202 0
0.53410546075300014 -0.15899966805226382 0
0.5445692053345389 -7.8539596672948676e-17 0
0.53410546075300014 0.15899966805226368 0
0.50311634284451667 0.31188906802931998 0
0.45279274603141428 0.45279274603141395 0
0.38506857791742194 0.5762958527326183 0
0.30254644030300942 0.67765223300374544 0
0.20839761265775075 0.75296681799228948 0
0.10624018162878236 0.799345310434046 0
7.6621586892219488e-17 0.81500541087383671 0
-0.10624018162878222 0.799345310434046 0
-0.20839761265775064 0.75296681799228948 0
-0.30254644030300931 0.67765223300374566 0
-0.38506857791742183 0.57629585273261852 0
-0.45279274603141417 0.45279274603141417 0
-0.50311634284451667 0.31188906802932032 0
-0.53410546075300014 0.15899966805226401 0
-0.5445692053345389 9.0852879522003304e-17 0
-0.53410546075300014 -0.15899966805226376 0
-0.50311634284451667 -0.31188906802932009 0
-0.45279274603141428 -0.45279274603141395 0
-0.38506857791742194 -0.5762958527326183 0
-0.30254644030300942 -0.67765223300374544 0
-0.20839761265775078 -0.75296681799228937 0
-0.10624018162878238 -0.799345310434046 0
-4.9275043148303551e-17 -0.90558549206282846 0
0.073179509888101679 -0.88818492076193856 0
0.14354677225074561 -0.83665190105600951 0
0.2083976126577507 -0.75296681799228971 0
0.26523984968104608 -0.64034564238178249 0
0.3118890680293202 -0.50311634284451678 0
0.34655256440263199 -0.34655256440263205 0
0.36789824007486777 -0.17667096525967124 0
0.37510579270073646 -8.7960808934989811e-17 0
0.36789824007486782 0.17667096525967108 0
0.34655256440263205 0.34655256440263177 0
0.31188906802932032 0.50311634284451656 0
0.26523984968104614 0.64034564238178227 0
0.20839761265775078 0.75296681799228948 0
0.14354677225074569 0.83665190105600939 0
0.073179509888101776 0.88818492076193856 0
4.8471879078935796e-17 0.90558549206282823 0
-0.073179509888101693 0.88818492076193856 0
-0.14354677225074564 0.83665190105600939 0
-0.20839761265775072 0.75296681799228971 0
-0.26523984968104614 0.64034564238178249 0
-0.3118890680293202 0.50311634284451678 0
-0.34655256440263205 0.34655256440263221 0
-0.36789824007486782 0.17667096525967146 0
-0.37510579270073646 1.0940640393553909e-16 0
-0.36789824007486788 -0.17667096525967119 0
-0.3465525644026321 -0.34655256440263194 0
-0.31188906802932032 -0.50311634284451656 0
-0.26523984968104619 -0.64034564238178227 0
-0.20839761265775081 -0.75296681799228948 0
-0.14354677225074572 -0.83665190105600928 0
-0.07317950988810179 -0.88818492076193856 0
-1.8608764993691599e-17 -0.96136443065004029 0
0.037306590621963349 -0.94289208268479163 0
0.073179509888101707 -0.88818492076193856 0
0.10624018162878228 -0.79934531043404611 0
0.13521810276964902 -0.67978730810418797 0
0.15899966805226379 -0.53410546075300014 0
0.17667096525967119 -0.36789824007486777 0
0.1875528963503682 -0.18755289635036823 0
0.19122727481519664 -8.8858223128242615e-17 0
0.18755289635036823 0.18755289635036804 0
0.17667096525967124 0.36789824007486749 0
0.15899966805226384 0.53410546075299992 0
0.13521810276964907 0.67978730810418775 0
0.10624018162878229 0.79934531043404589 0
0.073179509888101735 0.88818492076193833 0
0.037306590621963377 0.94289208268479163 0
1.8586372077467971e-17 0.96136443065004007 0
-0.037306590621963336 0.94289208268479163 0
-0.073179509888101679 0.88818492076193856 0
-0.10624018162878227 0.79934531043404611 0
-0.13521810276964902 0.67978730810418797 0
-0.15899966805226379 0.53410546075300014 0
-0.17667096525967119 0.36789824007486793 0
-0.18755289635036823 0.18755289635036848 0
-0.19122727481519664 1.4293157293612984e-16 0
-0.18755289635036826 -0.18755289635036818 0
-0.17667096525967124 -0.36789824007486766 0
-0.15899966805226384 -0.53410546075299992 0
-0.13521810276964907 -0.67978730810418775 0
-0.10624018162878233 -0.79934531043404589 0
-0.073179509888101762 -0.88818492076193833 0
-0.037306590621963391 -0.94289208268479163 0
2.3225316557404064e-18 -0.98019867330675514 0
1.3249228104026105e-17 -0.96136443065004018 0
3.539370621563882e-17 -0.90558549206282846 0
6.0852368559058595e-17 -0.81500541087383693 0
7.2982487711560847e-17 -0.69310512880526398 0
7.6418242555552276e-17 -0.5445692053345389 0
8.6230249591338154e-17 -0.37510579270073641 0
9.8384216224445641e-17 -0.19122727481519664 0
1.0217750087387242e-16 -8.9670716755957751e-17 0
1.0210266829630708e-16 0.19122727481519641 0
1.0100031130021715e-16 0.37510579270073613 0
8.9434117167285714e-17 0.54456920533453868 0
6.7681086893099882e-17 0.69310512880526376 0
4.8994989461330728e-17 0.81500541087383671 0
3.5625295020000516e-17 0.90558549206282823 0
1.6431916121324596e-17 0.96136443065004018 0
-9.3129204615342201e-18 0.98019867330675492 0
-2.5683373116537524e-17 0.96136443065004018 0
-2.8713796989667067e-17 0.90558549206282846 0
-4.1792212459300169e-17 0.81500541087383693 0
-7.486893897978599e-17 0.69310512880526398 0
-9.5876525099622681e-17 0.5445692053345389 0
-8.6453415479595105e-17 0.37510579270073657 0
-8.2326012543774719e-17 0.19122727481519691 0
-1.0625337207100922e-16 1.7619667088759083e-16 0
-1.2205553990911701e-16 -0.19122727481519658 0
-1.0400375843132926e-16 -0.3751057927007363 0
-8.0566581281765316e-17 -0.54456920533453868 0
-7.3737438531914765e-17 -0.69310512880526376 0
-6.4388292636066633e-17 -0.81500541087383671 0
-3.8334551170186454e-17 -0.90558549206282823 0
-1.1444232296700598e-17 -0.96136443065004018 0
2.7762574984615461e-17 -0.96136443065004029 0
-0.037306590621963301 -0.94289208268479163 0
-0.073179509888101624 -0.88818492076193856 0
-0.10624018162878215 -0.79934531043404611 0
-0.13521810276964888 -0.67978730810418797 0
-0.15899966805226365 -0.53410546075300014 0
-0.17667096525967105 -0.36789824007486777 0
-0.18755289635036804 -0.18755289635036823 0
-0.19122727481519644 -8.5081812523140335e-17 0
-0.18755289635036804 0.18755289635036801 0
-0.17667096525967105 0.36789824007486749 0
-0.15899966805226368 0.53410546075299992 0
-0.13521810276964893 0.67978730810418775 0
-0.10624018162878224 0.79934531043404589 0
-0.073179509888101707 0.88818492076193845 0
-0.037306590621963356 0.94289208268479163 0
-3.442396868817389e-17 0.96136443065004007 0
0.037306590621963301 0.94289208268479163 0
0.073179509888101651 0.88818492076193845 0
0.10624018162878218 0.79934531043404611 0
0.13521810276964888 0.67978730810418797 0
0.15899966805226362 0.53410546075300014 0
0.17667096525967105 0.36789824007486793 0
0.18755289635036804 0.18755289635036851 0
0.19122727481519644 1.9864324208086784e-16 0
0.18755289635036804 -0.18755289635036818 0
0.17667096525967105 -0.36789824007486766 0
0.15899966805226365 -0.53410546075299992 0
0.13521810276964893 -0.67978730810418775 0
0.10624018162878221 -0.79934531043404589 0
0.073179509888101679 -0.88818492076193833 0
0.037306590621963356 -0.94289208268479163 0
5.7989436026641242e-17 -0.90558549206282857 0
-0.073179509888101624 -0.88818492076193867 0
-0.1435467722507455 -0.83665190105600962 0
-0.20839761265775056 -0.75296681799228971 0
-0.26523984968104586 -0.6403456423817826 0
-0.31188906802932004 -0.50311634284451678 0
-0.34655256440263177 -0.34655256440263205 0
-0.36789824007486754 -0.17667096525967127 0
-0.37510579270073618 -6.974888975690926e-17 0
-0.36789824007486754 0.17667096525967108 0
-0.34655256440263177 0.34655256440263188 0
-0.31188906802932009 0.50311634284451656 0
-0.26523984968104597 0.64034564238178238 0
-0.20839761265775061 0.75296681799228948 0
-0.14354677225074558 0.83665190105600951 0
-0.073179509888101721 0.88818492076193867 0
-4.9231399036362118e-17 0.90558549206282835 0
0.073179509888101638 0.88818492076193867 0
0.14354677225074552 0.83665190105600951 0
0.20839761265775056 0.75296681799228971 0
0.26523984968104586 0.6403456423817826 0
0.31188906802931998 0.50311634284451678 0
0.34655256440263177 0.34655256440263221 0
0.36789824007486754 0.17667096525967152 0
0.37510579270073618 2.0765370363980846e-16 0
0.36789824007486754 -0.17667096525967121 0
0.34655256440263177 -0.34655256440263205 0
0.31188906802932004 -0.50311634284451656 0
0.26523984968104597 -0.64034564238178238 0
0.20839761265775061 -0.75296681799228948 0
0.14354677225074561 -0.83665190105600939 0
0.073179509888101735 -0.88818492076193867 0
8.2635339202411124e-17 -0.81500541087383704 0
-0.10624018162878215 -0.79934531043404622 0
-0.20839761265775059 -0.75296681799228959 0
-0.3025464403030092 -0.67765223300374589 0
-0.38506857791742166 -0.57629585273261863 0
-0.45279274603141395 -0.45279274603141417 0
-0.50311634284451656 -0.3118890680293202 0
-0.53410546075299992 -0.15899966805226387 0
-0.54456920533453868 -5.7900386769903013e-17 0
-0.53410546075299992 0.1589996680522637 0
-0.50311634284451656 0.31188906802932004 0
-0.45279274603141406 0.45279274603141401 0
-0.38506857791742177 0.57629585273261841 0
-0.30254644030300931 0.67765223300374566 0
-0.20839761265775064 0.75296681799228959 0
-0.10624018162878227 0.79934531043404622 0
-6.0604364365439848e-17 0.81500541087383682 0
0.10624018162878215 0.79934531043404622 0
0.20839761265775053 0.75296681799228959 0
0.3025464403030092 0.67765223300374589 0
0.38506857791742166 0.57629585273261863 0
0.45279274603141395 0.45279274603141423 0
0.50311634284451656 0.31188906802932037 0
0.53410546075299992 0.15899966805226409 0
0.54456920533453868 1.9903277935027285e-16 0
0.53410546075299992 -0.15899966805226382 0
0.50311634284451656 -0.3118890680293202 0
0.45279274603141406 -0.45279274603141406 0
0.38506857791742177 -0.57629585273261841 0
0.30254644030300931 -0.67765223300374566 0
0.2083976126577507 -0.75296681799228959 0
0.10624018162878232 -0.79934531043404622 0
9.788844433132963e-17 -0.69310512880526398 0
-0.13521810276964891 -0.67978730810418797 0
-0.26523984968104591 -0.64034564238178249 0
-0.38506857791742177 -0.57629585273261863 0
-0.49009933665337746 -0.49009933665337774 0
-0.5762958527326183 -0.38506857791742194 0
-0.64034564238178227 -0.26523984968104608 0
-0.67978730810418775 -0.13521810276964907 0
-0.69310512880526376 -5.705231535102295e-17 0
-0.67978730810418775 0.13521810276964893 0
-0.64034564238178227 0.26523984968104597 0
-0.5762958527326183 0.38506857791742183 0
-0.49009933665337757 0.49009933665337757 0
-0.38506857791742177 0.57629585273261841 0
-0.26523984968104602 0.64034564238178249 0
-0.13521810276964902 0.67978730810418797 0
-8.5422843042245924e-17 0.69310512880526398 0
0.13521810276964885 0.67978730810418797 0
0.2652398496810458 0.64034564238178249 0
0.38506857791742166 0.57629585273261863 0
0.49009933665337746 0.49009933665337779 0
0.5762958527326183 0.38506857791742194 0
0.64034564238178227 0.26523984968104619 0
0.67978730810418775 0.13521810276964927 0
0.69310512880526376 1.7609628569699696e-16 0
0.67978730810418775 -0.13521810276964902 0
0.64034564238178227 -0.26523984968104608 0
0.5762958527326183 -0.38506857791742183 0
0.49009933665337757 -0.49009933665337763 0
0.38506857791742188 -0.57629585273261841 0
0.26523984968104614 -0.64034564238178249 0
0.13521810276964907 -0.67978730810418797 0
1.0681423262457423e-16 -0.5445692053345389 0
-0.15899966805226362 -0.53410546075300014 0
-0.31188906802931998 -0.50311634284451667 0
-0.45279274603141395 -0.45279274603141428 0
-0.5762958527326183 -0.38506857791742194 0
-0.67765223300374555 -0.30254644030300942 0
-0.75296681799228948 -0.20839761265775072 0
-0.799345310434046 -0.10624018162878233 0
-0.81500541087383671 -5.3777184595398613e-17 0
-0.799345310434046 0.10624018162878221 0
-0.75296681799228948 0.20839761265775059 0
-0.67765223300374555 0.30254644030300931 0
-0.57629585273261852 0.38506857791742183 0
-0.45279274603141417 0.45279274603141417 0
-0.3118890680293202 0.50311634284451667 0
-0.15899966805226384 0.53410546075300014 0
-1.1332015714415296e-16 0.5445692053345389 0
0.15899966805226362 0.53410546075300014 0
0.31188906802931998 0.50311634284451667 0
0.45279274603141395 0.45279274603141428 0
0.5762958527326183 0.38506857791742194 0
0.67765223300374555 0.30254644030300942 0
0.75296681799228948 0.20839761265775075 0
0.799345310434046 0.10624018162878246 0
0.81500541087383671 1.4309273995536097e-16 0
0.799345310434046 -0.10624018162878228 0
0.75296681799228948 -0.20839761265775072 0
0.67765223300374555 -0.30254644030300931 0
0.57629585273261852 -0.38506857791742183 0
0.45279274603141417 -0.45279274603141417 0
0.3118890680293202 -0.50311634284451667 0
0.15899966805226384 -0.53410546075300014 0
1.4320905489883659e-16 -0.37510579270073646 0
-0.17667096525967102 -0.36789824007486782 0
-0.34655256440263182 -0.34655256440263205 0
-0.50311634284451656 -0.31188906802932026 0
-0.64034564238178227 -0.26523984968104619 0
-0.75296681799228948 -0.20839761265775078 0
-0.83665190105600928 -0.14354677225074569 0
-0.88818492076193845 -0.073179509888101762 0
-0.90558549206282835 -4.0447619837670292e-17 0
-0.88818492076193856 0.073179509888101679 0
-0.83665190105600939 0.14354677225074555 0
-0.75296681799228971 0.20839761265775072 0
-0.64034564238178249 0.26523984968104614 0
-0.50311634284451678 0.3118890680293202 0
-0.3465525644026321 0.34655256440263199 0
-0.1766709652596713 0.36789824007486782 0
-1.5051800698056228e-16 0.37510579270073646 0
0.17667096525967102 0.36789824007486782 0
0.34655256440263177 0.3465525644026321 0
0.50311634284451656 0.31188906802932032 0
0.64034564238178227 0.26523984968104614 0
0.75296681799228948 0.20839761265775078 0
0.83665190105600939 0.14354677225074572 0
0.88818492076193856 0.073179509888101874 0
0.90558549206282835 9.6005521429674028e-17 0
0.88818492076193867 -0.073179509888101735 0
0.83665190105600951 -0.14354677225074569 0
0.75296681799228971 -0.20839761265775072 0
0.64034564238178249 -0.26523984968104608 0
0.50311634284451678 -0.31188906802932026 0
0.34655256440263205 -0.34655256440263205 0
0.1766709652596713 -0.36789824007486782 0
1.3043477125571817e-16 -0.19122727481519669 0
-0.18755289635036801 -0.18755289635036829 0
-0.3678982400748676 -0.17667096525967127 0
-0.53410546075299992 -0.15899966805226387 0
-0.67978730810418775 -0.1352181027696491 0
-0.79934531043404589 -0.10624018162878235 0
-0.88818492076193833 -0.073179509888101776 0
-0.94289208268479152 -0.037306590621963398 0
-0.96136443065004018 -2.2650505845355777e-17 0
-0.94289208268479163 0.037306590621963343 0
-0.88818492076193856 0.073179509888101721 0
-0.79934531043404611 0.10624018162878231 0
-0.67978730810418797 0.13521810276964907 0
-0.53410546075300014 0.15899966805226384 0
-0.36789824007486782 0.17667096525967124 0
-0.18755289635036826 0.18755289635036829 0
-1.2461400517504369e-16 0.19122727481519669 0
0.18755289635036804 0.18755289635036829 0
0.3678982400748676 0.1766709652596713 0
0.53410546075299992 0.1589996680522639 0
0.67978730810418775 0.13521810276964907 0
0.79934531043404589 0.10624018162878233 0
0.88818492076193833 0.073179509888101804 0
0.94289208268479163 0.037306590621963454 0
0.96136443065004018 4.3768602704609231e-17 0
0.94289208268479174 -0.03730659062196337 0
0.88818492076193856 -0.073179509888101749 0
0.79934531043404611 -0.10624018162878229 0
0.67978730810418797 -0.13521810276964905 0
0.53410546075300014 -0.15899966805226387 0
0.36789824007486782 -0.17667096525967127 0
0.18755289635036829 -0.18755289635036829 0
1.4895595906556613e-16 -1.2986305286840265e-16 0
-0.19122727481519639 -1.2657113098909776e-16 0
-0.37510579270073618 -1.2278269420489763e-16 0
-0.54456920533453868 -1.1795298025305879e-16 0
-0.69310512880526365 -9.9977502239993029e-17 0
-0.8150054108738366 -7.1212788783333212e-17 0
-0.90558549206282812 -4.7388040905715543e-17 0
-0.96136443065003996 -2.7533039654193792e-17 0
-0.98019867330675492 -2.9389300305331924e-18 0
-0.96136443065004007 2.7470291495189863e-17 0
-0.90558549206282823 6.0671429850233151e-17 0
-0.81500541087383682 8.2442721107623751e-17 0
-0.69310512880526387 8.4871659420085751e-17 0
-0.5445692053345389 9.1522850699826327e-17 0
-0.37510579270073641 1.1504004884452837e-16 0
-0.19122727481519666 1.3101487489440085e-16 0
-1.349945967993147e-16 1.3437946810704291e-16 0
0.19122727481519639 1.4382316924216638e-16 0
0.37510579270073618 1.463387457127225e-16 0
0.54456920533453868 1.2377158296455444e-16 0
0.69310512880526365 9.4391568180338425e-17 0
0.8150054108738366 7.000624030646492e-17 0
0.90558549206282823 4.1614080568821103e-17 0
0.96136443065004007 1.6528192680305699e-17 0
0.98019867330675492 1.6012689112330359e-18 0
0.96136443065004018 -1.6030097504455964e-17 0
0.90558549206282835 -3.9046959104097289e-17 0
0.81500541087383682 -6.3812977739423256e-17 0
0.69310512880526387 -9.7112887322793947e-17 0
0.5445692053345389 -1.2866122343784005e-16 0
0.37510579270073641 -1.3788450177612838e-16 0
0.19122727481519666 -1.3289198388668579e-16 0
1.5563039310721578e-16 0.19122727481519644 0
-0.18755289635036801 0.18755289635036804 0
-0.3678982400748676 0.17667096525967105 0
-0.53410546075299992 0.15899966805226365 0
-0.67978730810418775 0.13521810276964891 0
-0.79934531043404589 0.10624018162878218 0
-0.88818492076193833 0.073179509888101665 0
-0.94289208268479152 0.037306590621963343 0
-0.96136443065004018 1.8973300390102694e-17 0
-0.94289208268479163 -0.03730659062196328 0
-0.88818492076193845 -0.073179509888101596 0
-0.79934531043404611 -0.10624018162878214 0
-0.67978730810418797 -0.13521810276964888 0
-0.53410546075300014 -0.15899966805226362 0
-0.36789824007486782 -0.17667096525967102 0
-0.18755289635036829 -0.18755289635036801 0
-1.3756195021202886e-16 -0.19122727481519639 0
0.18755289635036801 -0.18755289635036801 0
0.3678982400748676 -0.17667096525967102 0
0.53410546075299992 -0.15899966805226362 0
0.67978730810418775 -0.13521810276964888 0
0.79934531043404589 -0.1062401816287822 0
0.88818492076193845 -0.073179509888101679 0
0.94289208268479163 -0.037306590621963391 0
0.96136443065004018 -4.2929848313892274e-17 0
0.94289208268479174 0.037306590621963329 0
0.88818492076193856 0.073179509888101665 0
0.79934531043404611 0.10624018162878215 0
0.67978730810418797 0.13521810276964885 0
0.53410546075300014 0.15899966805226359 0
0.36789824007486782 0.17667096525967099 0
0.18755289635036829 0.18755289635036798 0
1.1383289679808829e-16 0.37510579270073624 0
-0.17667096525967105 0.3678982400748676 0
-0.34655256440263182 0.34655256440263188 0
-0.50311634284451656 0.31188906802932009 0
-0.64034564238178227 0.26523984968104602 0
-0.75296681799228959 0.20839761265775061 0
-0.83665190105600939 0.14354677225074561 0
-0.88818492076193856 0.073179509888101721 0
-0.90558549206282835 3.8290374746866765e-17 0
-0.88818492076193856 -0.073179509888101638 0
-0.83665190105600939 -0.1435467722507455 0
-0.75296681799228959 -0.20839761265775053 0
-0.64034564238178249 -0.26523984968104591 0
-0.50311634284451678 -0.31188906802931998 0
-0.34655256440263205 -0.34655256440263182 0
-0.17667096525967124 -0.3678982400748676 0
-9.3713260100783492e-17 -0.37510579270073624 0
0.17667096525967108 -0.3678982400748676 0
0.34655256440263182 -0.34655256440263182 0
0.50311634284451656 -0.31188906802932009 0
0.64034564238178227 -0.26523984968104602 0
0.75296681799228959 -0.20839761265775064 0
0.83665190105600939 -0.14354677225074561 0
0.88818492076193856 -0.073179509888101832 0
0.90558549206282835 -1.0541082022754037e-16 0
0.88818492076193856 0.073179509888101693 0
0.83665190105600939 0.14354677225074561 0
0.75296681799228959 0.20839761265775056 0
0.64034564238178249 0.26523984968104591 0
0.50311634284451678 0.31188906802931998 0
0.34655256440263205 0.34655256440263177 0
0.17667096525967127 0.3678982400748676 0
1.1904620485511189e-16 0.54456920533453868 0
-0.15899966805226368 0.53410546075299992 0
-0.31188906802932009 0.50311634284451656 0
-0.45279274603141406 0.45279274603141406 0
-0.57629585273261841 0.38506857791742177 0
-0.67765223300374566 0.30254644030300931 0
-0.75296681799228948 0.20839761265775064 0
-0.79934531043404622 0.10624018162878227 0
-0.81500541087383693 4.7259282597799606e-17 0
-0.79934531043404622 -0.10624018162878215 0
-0.75296681799228959 -0.2083976126577505 0
-0.67765223300374589 -0.3025464403030092 0
-0.57629585273261863 -0.38506857791742166 0
-0.45279274603141428 -0.45279274603141395 0
-0.31188906802932032 -0.50311634284451656 0
-0.1589996680522639 -0.53410546075299992 0
-1.0644303654469751e-16 -0.54456920533453868 0
0.15899966805226368 -0.53410546075299992 0
0.31188906802932009 -0.50311634284451656 0
0.45279274603141406 -0.45279274603141406 0
0.57629585273261841 -0.38506857791742177 0
0.67765223300374566 -0.30254644030300931 0
0.75296681799228959 -0.20839761265775067 0
0.79934531043404622 -0.10624018162878243 0
0.81500541087383693 -1.662025231462287e-16 0
0.79934531043404622 0.10624018162878221 0
0.75296681799228971 0.20839761265775064 0
0.67765223300374589 0.3025464403030092 0
0.57629585273261863 0.38506857791742166 0
0.45279274603141428 0.45279274603141395 0
0.31188906802932032 0.50311634284451656 0
0.1589996680522639 0.53410546075299992 0
1.0212198394664401e-16 0.69310512880526376 0
-0.13521810276964891 0.67978730810418775 0
-0.26523984968104597 0.64034564238178227 0
-0.38506857791742177 0.57629585273261841 0
-0.49009933665337763 0.49009933665337757 0
-0.57629585273261841 0.38506857791742183 0
-0.64034564238178238 0.26523984968104597 0
-0.67978730810418797 0.13521810276964902 0
-0.69310512880526398 4.7516284719011292e-17 0
-0.67978730810418797 -0.13521810276964888 0
-0.64034564238178249 -0.26523984968104586 0
-0.57629585273261852 -0.38506857791742172 0
-0.49009933665337774 -0.49009933665337746 0
-0.38506857791742194 -0.5762958527326183 0
-0.26523984968104614 -0.64034564238178227 0
-0.1352181027696491 -0.67978730810418775 0
-9.9150768403241143e-17 -0.69310512880526376 0
0.13521810276964893 -0.67978730810418775 0
0.26523984968104602 -0.64034564238178227 0
0.38506857791742183 -0.5762958527326183 0
0.49009933665337763 -0.49009933665337757 0
0.57629585273261852 -0.38506857791742183 0
0.64034564238178249 -0.26523984968104608 0
0.67978730810418797 -0.13521810276964921 0
0.69310512880526398 -1.9875292849605457e-16 0
0.67978730810418797 0.13521810276964896 0
0.6403456423817826 0.26523984968104597 0
0.57629585273261863 0.38506857791742172 0
0.49009933665337774 0.49009933665337746 0
0.38506857791742199 0.57629585273261819 0
0.26523984968104619 0.64034564238178227 0
0.13521810276964913 0.67978730810418775 0
8.4344181060267149e-17 0.81500541087383671 0
-0.10624018162878222 0.799345310434046 0
-0.20839761265775061 0.75296681799228948 0
-0.30254644030300931 0.67765223300374566 0
-0.38506857791742183 0.57629585273261852 0
-0.45279274603141417 0.45279274603141406 0
-0.50311634284451667 0.31188906802932009 0
-0.53410546075300014 0.15899966805226379 0
-0.5445692053345389 5.782659985320778e-17 0
-0.53410546075300014 -0.15899966805226362 0
-0.50311634284451667 -0.31188906802931993 0
-0.45279274603141428 -0.4527927460314139 0
-0.38506857791742194 -0.5762958527326183 0
-0.30254644030300942 -0.67765223300374544 0
-0.20839761265775075 -0.75296681799228948 0
-0.10624018162878236 -0.799345310434046 0
-8.186332164694923e-17 -0.81500541087383671 0
0.1062401816287822 -0.799345310434046 0
0.20839761265775064 -0.75296681799228948 0
0.30254644030300931 -0.67765223300374566 0
0.38506857791742183 -0.57629585273261852 0
0.45279274603141417 -0.45279274603141412 0
0.50311634284451667 -0.31188906802932026 0
0.53410546075300014 -0.15899966805226401 0
0.5445692053345389 -1.9978510098193016e-16 0
0.53410546075300014 0.15899966805226373 0
0.50311634284451667 0.31188906802932009 0
0.45279274603141428 0.45279274603141395 0
0.38506857791742194 0.5762958527326183 0
0.30254644030300942 0.67765223300374544 0
0.20839761265775078 0.75296681799228948 0
0.10624018162878239 0.799345310434046 0
5.3976369167667008e-17 0.90558549206282823 0
-0.073179509888101707 0.88818492076193845 0
-0.14354677225074569 0.83665190105600939 0
-0.20839761265775075 0.75296681799228959 0
-0.26523984968104614 0.64034564238178238 0
-0.31188906802932026 0.50311634284451667 0
-0.34655256440263221 0.34655256440263188 0
-0.36789824007486799 0.17667096525967121 0
-0.37510579270073663 8.6222655287380587e-17 0
-0.36789824007486799 -0.17667096525967102 0
-0.34655256440263221 -0.34655256440263166 0
-0.31188906802932048 -0.50311634284451645 0
-0.26523984968104636 -0.64034564238178215 0
-0.20839761265775092 -0.75296681799228937 0
-0.1435467722507458 -0.83665190105600928 0
-0.073179509888101818 -0.88818492076193845 0
-5.1975899577735547e-17 -0.90558549206282823 0
0.073179509888101707 -0.88818492076193845 0
0.14354677225074569 -0.83665190105600928 0
0.20839761265775081 -0.75296681799228959 0
0.26523984968104625 -0.64034564238178238 0
0.31188906802932037 -0.50311634284451667 0
0.34655256440263221 -0.3465525644026321 0
0.36789824007486799 -0.17667096525967146 0
0.37510579270073663 -1.8197172129417008e-16 0
0.36789824007486799 0.17667096525967116 0
0.34655256440263221 0.34655256440263188 0
0.31188906802932037 0.50311634284451645 0
0.26523984968104625 0.64034564238178215 0
0.20839761265775086 0.75296681799228937 0
0.1435467722507458 0.83665190105600917 0
0.073179509888101818 0.88818492076193845 0
1.7768525519493845e-17 0.96136443065004018 0
-0.037306590621963398 0.94289208268479163 0
-0.073179509888101804 0.88818492076193856 0
-0.10624018162878242 0.79934531043404611 0
-0.13521810276964918 0.67978730810418797 0
-0.15899966805226406 0.53410546075300014 0
-0.17667096525967146 0.36789824007486777 0
-0.18755289635036848 0.18755289635036823 0
-0.19122727481519688 1.0394632539054843e-16 0
-0.18755289635036848 -0.18755289635036801 0
-0.17667096525967146 -0.36789824007486749 0
-0.15899966805226404 -0.53410546075299992 0
-0.13521810276964924 -0.67978730810418775 0
-0.10624018162878245 -0.79934531043404589 0
-0.073179509888101832 -0.88818492076193845 0
-0.037306590621963433 -0.94289208268479163 0
-2.2245458562628503e-17 -0.96136443065004018 0
0.037306590621963377 -0.94289208268479163 0
0.073179509888101776 -0.88818492076193845 0
0.10624018162878239 -0.79934531043404611 0
0.13521810276964918 -0.67978730810418797 0
0.15899966805226398 -0.53410546075300014 0
0.17667096525967146 -0.36789824007486793 0
0.18755289635036848 -0.18755289635036851 0
0.19122727481519688 -1.6994273422855286e-16 0
0.18755289635036848 0.18755289635036818 0
0.17667096525967146 0.36789824007486766 0
0.15899966805226406 0.53410546075299992 0
0.13521810276964924 0.67978730810418775 0
0.10624018162878247 0.79934531043404589 0
0.07317950988810186 0.88818492076193833 0
0.03730659062196344 0.94289208268479163 0
-1.0866573381683663e-17 0.98019867330675514 0
-5.2592635389802478e-17 0.96136443065004018 0
-9.5350655649551722e-17 0.90558549206282846 0
-1.35102584534206e-16 0.81500541087383693 0
-1.6405471184757741e-16 0.69310512880526398 0
-1.8246463743010371e-16 0.5445692053345389 0
-1.8907967125297969e-16 0.37510579270073646 0
-1.8230720231856747e-16 0.19122727481519664 0
-1.6450053253896639e-16 8.995098629320301e-17 0
-1.3538568728341997e-16 -0.19122727481519641 0
-9.7827980072572058e-17 -0.37510579270073618 0
-6.521596555835458e-17 -0.54456920533453868 0
-4.6921454197588563e-17 -0.69310512880526376 0
-3.7425979769914692e-17 -0.81500541087383671 0
-2.6372555828385043e-17 -0.90558549206282835 0
-1.0592817104052282e-17 -0.96136443065004018 0
3.8909863403013544e-18 -0.98019867330675492 0
1.2427750218841504e-17 -0.96136443065004018 0
2.0477166232449411e-17 -0.90558549206282835 0
3.1594974429752404e-17 -0.81500541087383693 0
4.3427141947299479e-17 -0.69310512880526398 0
6.5487254901022541e-17 -0.5445692053345389 0
1.0660921277414788e-16 -0.37510579270073663 0
1.4616279935178311e-16 -0.19122727481519691 0
1.6220719841355816e-16 -1.7524329599482671e-16 0
1.675764996452238e-16 0.19122727481519658 0
1.7799453242061474e-16 0.37510579270073635 0
1.8334659959179915e-16 0.54456920533453868 0
1.7301340448012058e-16 0.69310512880526376 0
1.4572325770826989e-16 0.81500541087383671 0
9.8404295968151471e-17 0.90558549206282823 0
3.9818177349067287e-17 0.96136443065004018 0
-3.3006419511836623e-17 0.96136443065004029 0
0.037306590621963329 0.94289208268479174 0
0.073179509888101679 0.88818492076193856 0
0.10624018162878222 0.79934531043404611 0
0.13521810276964899 0.67978730810418797 0
0.15899966805226376 0.53410546075300014 0
0.17667096525967116 0.36789824007486782 0
0.18755289635036815 0.1875528963503682 0
0.19122727481519658 7.2136681038310094e-17 0
0.18755289635036818 -0.18755289635036806 0
0.17667096525967119 -0.36789824007486754 0
0.15899966805226379 -0.53410546075299992 0
0.13521810276964905 -0.67978730810418775 0
0.10624018162878227 -0.79934531043404589 0
0.073179509888101735 -0.88818492076193845 0
0.037306590621963377 -0.94289208268479152 0
2.5284058747371202e-17 -0.96136443065004007 0
-0.037306590621963336 -0.94289208268479152 0
-0.073179509888101679 -0.88818492076193845 0
-0.10624018162878224 -0.79934531043404611 0
-0.13521810276964899 -0.67978730810418797 0
-0.15899966805226373 -0.53410546075300014 0
-0.17667096525967113 -0.36789824007486799 0
-0.18755289635036818 -0.18755289635036851 0
-0.19122727481519658 -1.6882577333531436e-16 0
-0.1875528963503682 0.18755289635036815 0
-0.17667096525967116 0.36789824007486771 0
-0.15899966805226376 0.53410546075299992 0
-0.13521810276964905 0.67978730810418775 0
-0.10624018162878228 0.79934531043404589 0
-0.073179509888101735 0.88818492076193833 0
-0.037306590621963384 0.94289208268479174 0
-5.7509098210376862e-17 0.90558549206282846 0
0.073179509888101679 0.88818492076193856 0
0.14354677225074561 0.83665190105600951 0
0.2083976126577507 0.75296681799228971 0
0.26523984968104608 0.64034564238178249 0
0.3118890680293202 0.50311634284451678 0
0.34655256440263199 0.34655256440263205 0
0.36789824007486771 0.17667096525967124 0
0.37510579270073635 7.4896512497048249e-17 0
0.36789824007486771 -0.17667096525967105 0
0.34655256440263194 -0.34655256440263177 0
0.31188906802932015 -0.50311634284451656 0
0.26523984968104608 -0.64034564238178227 0
0.2083976126577507 -0.75296681799228948 0
0.14354677225074566 -0.83665190105600939 0
0.073179509888101749 -0.88818492076193856 0
4.0896094581782763e-17 -0.90558549206282823 0
-0.073179509888101665 -0.88818492076193856 0
-0.14354677225074555 -0.83665190105600939 0
-0.20839761265775059 -0.75296681799228971 0
-0.26523984968104597 -0.64034564238178249 0
-0.31188906802932004 -0.50311634284451678 0
-0.34655256440263182 -0.34655256440263221 0
-0.36789824007486771 -0.17667096525967149 0
-0.37510579270073635 -1.3111027167549025e-16 0
-0.36789824007486771 0.17667096525967119 0
-0.34655256440263199 0.34655256440263194 0
-0.3118890680293202 0.50311634284451656 0
-0.26523984968104619 0.64034564238178227 0
-0.20839761265775081 0.75296681799228948 0
-0.14354677225074572 0.83665190105600928 0
-0.07317950988810179 0.88818492076193856 0
-8.486014150648629e-17 0.81500541087383693 0
0.10624018162878215 0.79934531043404622 0
0.20839761265775059 0.75296681799228959 0
0.3025464403030092 0.67765223300374589 0
0.38506857791742166 0.57629585273261863 0
0.45279274603141395 0.45279274603141417 0
0.50311634284451656 0.31188906802932026 0
0.53410546075299992 0.15899966805226387 0
0.54456920533453868 7.7298746996120863e-17 0
0.53410546075299992 -0.1589996680522637 0
0.50311634284451656 -0.31188906802932004 0
0.45279274603141406 -0.45279274603141401 0
0.38506857791742177 -0.57629585273261841 0
0.30254644030300931 -0.67765223300374566 0
0.20839761265775064 -0.75296681799228959 0
0.10624018162878228 -0.79934531043404622 0
6.2870353517742879e-17 -0.81500541087383693 0
-0.10624018162878214 -0.79934531043404622 0
-0.20839761265775053 -0.75296681799228959 0
-0.3025464403030092 -0.67765223300374589 0
-0.38506857791742166 -0.57629585273261863 0
-0.45279274603141395 -0.45279274603141423 0
-0.50311634284451656 -0.31188906802932037 0
-0.53410546075299992 -0.15899966805226409 0
-0.54456920533453868 -9.3984032662976385e-17 0
-0.53410546075299992 0.15899966805226382 0
-0.50311634284451656 0.31188906802932015 0
-0.45279274603141406 0.45279274603141406 0
-0.38506857791742177 0.57629585273261841 0
-0.30254644030300931 0.67765223300374566 0
-0.2083976126577507 0.75296681799228959 0
-0.10624018162878232 0.79934531043404622 0
-1.0585257224102696e-16 0.69310512880526398 0
0.13521810276964885 0.67978730810418797 0
0.26523984968104586 0.64034564238178249 0
0.38506857791742172 0.57629585273261852 0
0.49009933665337746 0.49009933665337774 0
0.57629585273261819 0.38506857791742194 0
0.64034564238178227 0.26523984968104614 0
0.67978730810418775 0.13521810276964907 0
0.69310512880526376 6.2435386280904577e-17 0
0.67978730810418775 -0.13521810276964896 0
0.64034564238178227 -0.26523984968104591 0
0.5762958527326183 -0.38506857791742177 0
0.49009933665337757 -0.49009933665337763 0
0.38506857791742183 -0.57629585273261841 0
0.26523984968104608 -0.64034564238178249 0
0.13521810276964907 -0.67978730810418797 0
9.6899121264204271e-17 -0.69310512880526398 0
-0.13521810276964885 -0.67978730810418797 0
-0.26523984968104586 -0.64034564238178249 0
-0.38506857791742172 -0.57629585273261863 0
-0.49009933665337746 -0.49009933665337774 0
-0.5762958527326183 -0.38506857791742199 0
-0.64034564238178227 -0.26523984968104625 0
-0.67978730810418775 -0.13521810276964924 0
-0.69310512880526376 -7.7719276707562649e-17 0
-0.67978730810418775 0.13521810276964902 0
-0.64034564238178227 0.26523984968104602 0
-0.57629585273261841 0.38506857791742183 0
-0.49009933665337757 0.49009933665337763 0
-0.38506857791742183 0.57629585273261852 0
-0.26523984968104608 0.64034564238178249 0
-0.13521810276964907 0.67978730810418797 0
-1.1342855081437276e-16 0.5445692053345389 0
0.15899966805226362 0.53410546075300014 0
0.31188906802931998 0.50311634284451667 0
0.45279274603141395 0.45279274603141428 0
0.5762958527326183 0.38506857791742194 0
0.67765223300374544 0.30254644030300942 0
0.75296681799228948 0.20839761265775075 0
0.799345310434046 0.10624018162878232 0
0.81500541087383671 4.4730842916943062e-17 0
0.799345310434046 -0.10624018162878222 0
0.75296681799228948 -0.20839761265775061 0
0.67765223300374555 -0.30254644030300926 0
0.57629585273261852 -0.38506857791742183 0
0.45279274603141417 -0.45279274603141417 0
0.3118890680293202 -0.50311634284451667 0
0.15899966805226384 -0.53410546075300014 0
1.2315888686154257e-16 -0.5445692053345389 0
-0.15899966805226362 -0.53410546075300014 0
-0.31188906802931998 -0.50311634284451667 0
-0.45279274603141395 -0.45279274603141428 0
-0.5762958527326183 -0.38506857791742194 0
-0.67765223300374555 -0.30254644030300948 0
-0.75296681799228948 -0.20839761265775084 0
-0.799345310434046 -0.10624018162878245 0
-0.81500541087383671 -5.6864768434285064e-17 0
-0.799345310434046 0.10624018162878229 0
-0.75296681799228948 0.2083976126577507 0
-0.67765223300374566 0.30254644030300931 0
-0.57629585273261852 0.38506857791742183 0
-0.45279274603141417 0.45279274603141417 0
-0.3118890680293202 0.50311634284451667 0
-0.15899966805226384 0.53410546075300014 0
-1.4444633896675771e-16 0.37510579270073646 0
0.17667096525967099 0.36789824007486782 0
0.34655256440263171 0.34655256440263205 0
0.50311634284451645 0.31188906802932026 0
0.64034564238178215 0.26523984968104619 0
0.75296681799228937 0.20839761265775081 0
0.83665190105600928 0.14354677225074569 0
0.88818492076193845 0.073179509888101776 0
0.90558549206282823 3.172819149047486e-17 0
0.88818492076193845 -0.073179509888101693 0
0.83665190105600928 -0.14354677225074558 0
0.75296681799228959 -0.2083976126577507 0
0.64034564238178238 -0.26523984968104608 0
0.50311634284451667 -0.31188906802932026 0
0.34655256440263205 -0.34655256440263205 0
0.1766709652596713 -0.36789824007486782 0
1.5662050733734199e-16 -0.37510579270073646 0
-0.17667096525967096 -0.36789824007486782 0
-0.34655256440263171 -0.34655256440263205 0
-0.50311634284451645 -0.31188906802932026 0
-0.64034564238178215 -0.26523984968104619 0
-0.75296681799228937 -0.20839761265775081 0
-0.83665190105600928 -0.14354677225074575 0
-0.88818492076193845 -0.073179509888101832 0
-0.90558549206282823 -2.4836301956425656e-17 0
-0.88818492076193845 0.073179509888101749 0
-0.83665190105600928 0.14354677225074564 0
-0.75296681799228959 0.2083976126577507 0
-0.64034564238178238 0.26523984968104608 0
-0.50311634284451667 0.31188906802932026 0
-0.34655256440263205 0.34655256440263205 0
-0.17667096525967127 0.36789824007486782 0
-1.3152453681661013e-16 0.19122727481519669 0
0.18755289635036801 0.18755289635036829 0
0.36789824007486754 0.17667096525967127 0
0.53410546075299981 0.15899966805226387 0
0.67978730810418764 0.1352181027696491 0
0.79934531043404589 0.10624018162878236 0
0.88818492076193833 0.073179509888101776 0
0.94289208268479152 0.037306590621963391 0
0.96136443065004007 1.5770335981057019e-17 0
0.94289208268479152 -0.037306590621963349 0
0.88818492076193833 -0.073179509888101707 0
0.79934531043404611 -0.10624018162878231 0
0.67978730810418786 -0.13521810276964907 0
0.53410546075300003 -0.15899966805226387 0
0.36789824007486777 -0.17667096525967124 0
0.18755289635036829 -0.18755289635036826 0
1.3052029815746226e-16 -0.19122727481519669 0
-0.18755289635036801 -0.18755289635036831 0
-0.36789824007486754 -0.1766709652596713 0
-0.53410546075299981 -0.15899966805226387 0
-0.67978730810418764 -0.13521810276964907 0
-0.79934531043404589 -0.10624018162878236 0
-0.88818492076193833 -0.073179509888101818 0
-0.94289208268479152 -0.037306590621963419 0
-0.96136443065004007 -8.1639618735251689e-18 0
-0.94289208268479152 0.037306590621963377 0
-0.88818492076193833 0.073179509888101749 0
-0.79934531043404611 0.10624018162878231 0
-0.67978730810418786 0.13521810276964905 0
-0.53410546075300003 0.15899966805226387 0
-0.36789824007486777 0.17667096525967127 0
-0.18755289635036829 0.18755289635036829 0
-1.4997824092293989e-16 1.4571414943686878e-16 0
0.19122727481519644 1.3649279319660482e-16 0
0.37510579270073624 1.187705505394277e-16 0
0.54456920533453879 1.1771502147428844e-16 0
0.69310512880526387 1.1483002572294697e-16 0
0.81500541087383682 8.8318967546319952e-17 0
0.90558549206282835 5.3130816904869923e-17 0
0.96136443065004029 2.266239640909492e-17 0
0.98019867330675514 -3.1414060314130524e-18 0
0.96136443065004029 -2.5371804399158466e-17 0
0.90558549206282846 -5.5423505582672781e-17 0
0.81500541087383704 -9.2234440779822468e-17 0
0.69310512880526409 -1.0961828740287092e-16 0
0.54456920533453901 -1.0715191110185839e-16 0
0.37510579270073646 -1.1392584118312887e-16 0
0.19122727481519672 -1.3386587299317944e-16 0
1.3825923834092305e-16 -1.5242928535802711e-16 0
-0.19122727481519644 -1.6413106575123574e-16 0
-0.37510579270073624 -1.5738533691697709e-16 0
-0.54456920533453879 -1.2658624988211989e-16 0
-0.69310512880526387 -9.0858962193456961e-17 0
-0.81500541087383682 -6.1846054906460305e-17 0
-0.90558549206282846 -3.6684302857734955e-17 0
-0.96136443065004029 -2.065249635634229e-17 0
-0.98019867330675514 -8.1904729831224154e-18 0
-0.96136443065004029 1.7353334133618585e-17 0
-0.90558549206282857 4.9375978335958007e-17 0
-0.81500541087383704 7.8358604998782822e-17 0
-0.69310512880526409 1.1098392017865244e-16 0
-0.54456920533453901 1.3505982963361723e-16 0
-0.37510579270073646 1.3676566053312395e-16 0
-0.19122727481519672 1.3779264992029382e-16 0
-1.4728751328500187e-16 -0.19122727481519644 0
0.18755289635036804 -0.18755289635036804 0
0.36789824007486766 -0.17667096525967105 0
0.53410546075299992 -0.15899966805226365 0
0.67978730810418786 -0.13521810276964891 0
0.799345310434046 -0.10624018162878218 0
0.88818492076193845 -0.073179509888101665 0
0.94289208268479174 -0.037306590621963343 0
0.96136443065004029 -2.0561779964535684e-17 0
0.94289208268479174 0.037306590621963301 0
0.88818492076193856 0.073179509888101596 0
0.79934531043404622 0.10624018162878213 0
0.67978730810418808 0.13521810276964885 0
0.53410546075300014 0.15899966805226362 0
0.36789824007486788 0.17667096525967102 0
0.18755289635036831 0.18755289635036801 0
1.3610075362076767e-16 0.19122727481519639 0
-0.18755289635036804 0.18755289635036801 0
-0.36789824007486766 0.17667096525967102 0
-0.53410546075299992 0.15899966805226362 0
-0.67978730810418786 0.13521810276964891 0
-0.799345310434046 0.10624018162878221 0
-0.88818492076193856 0.073179509888101707 0
-0.94289208268479174 0.03730659062196337 0
-0.96136443065004029 1.0514074673811122e-18 0
-0.94289208268479174 -0.037306590621963329 0
-0.88818492076193867 -0.073179509888101638 0
-0.79934531043404622 -0.10624018162878215 0
-0.67978730810418808 -0.13521810276964885 0
-0.53410546075300014 -0.15899966805226359 0
-0.36789824007486788 -0.17667096525967099 0
-0.18755289635036831 -0.18755289635036798 0
-9.912500255826631e-17 -0.37510579270073624 0
0.17667096525967108 -0.3678982400748676 0
0.34655256440263188 -0.34655256440263188 0
0.50311634284451656 -0.31188906802932009 0
0.64034564238178238 -0.26523984968104602 0
0.75296681799228948 -0.20839761265775067 0
0.83665190105600951 -0.14354677225074561 0
0.88818492076193867 -0.073179509888101721 0
0.90558549206282846 -3.5211440729627518e-17 0
0.88818492076193867 0.073179509888101651 0
0.83665190105600951 0.1435467722507455 0
0.75296681799228959 0.20839761265775056 0
0.64034564238178249 0.26523984968104591 0
0.50311634284451667 0.31188906802931998 0
0.34655256440263205 0.34655256440263182 0
0.17667096525967127 0.3678982400748676 0
8.9816839521215739e-17 0.37510579270073624 0
-0.1766709652596711 0.3678982400748676 0
-0.34655256440263194 0.34655256440263182 0
-0.50311634284451667 0.31188906802932009 0
-0.64034564238178249 0.26523984968104602 0
-0.75296681799228959 0.20839761265775067 0
-0.83665190105600951 0.14354677225074566 0
-0.88818492076193867 0.073179509888101818 0
-0.90558549206282846 2.8997753159586387e-17 0
-0.88818492076193867 -0.073179509888101693 0
-0.83665190105600951 -0.14354677225074555 0
-0.75296681799228971 -0.20839761265775056 0
-0.6403456423817826 -0.26523984968104591 0
-0.50311634284451678 -0.31188906802931998 0
-0.3465525644026321 -0.34655256440263177 0
-0.1766709652596713 -0.3678982400748676 0
-1.1527252050480655e-16 -0.54456920533453868 0
0.1589996680522637 -0.53410546075299992 0
0.31188906802932009 -0.50311634284451656 0
0.45279274603141406 -0.45279274603141406 0
0.57629585273261841 -0.38506857791742177 0
0.67765223300374566 -0.30254644030300931 0
0.75296681799228959 -0.20839761265775067 0
0.79934531043404622 -0.10624018162878227 0
0.81500541087383693 -4.7252075440345818e-17 0
0.79934531043404622 0.10624018162878218 0
0.75296681799228959 0.20839761265775056 0
0.67765223300374589 0.3025464403030092 0
0.57629585273261863 0.38506857791742166 0
0.45279274603141423 0.45279274603141395 0
0.31188906802932032 0.50311634284451656 0
0.15899966805226387 0.53410546075299992 0
1.0064927849315829e-16 0.54456920533453868 0
-0.15899966805226365 0.53410546075299992 0
-0.31188906802932009 0.50311634284451656 0
-0.45279274603141412 0.45279274603141406 0
-0.57629585273261841 0.38506857791742177 0
-0.67765223300374566 0.30254644030300931 0
-0.75296681799228959 0.20839761265775078 0
-0.79934531043404622 0.10624018162878243 0
-0.81500541087383693 6.1262722528104142e-17 0
-0.79934531043404622 -0.10624018162878224 0
-0.75296681799228959 -0.20839761265775056 0
-0.67765223300374589 -0.3025464403030092 0
-0.57629585273261863 -0.38506857791742166 0
-0.45279274603141428 -0.45279274603141395 0
-0.31188906802932032 -0.50311634284451656 0
-0.15899966805226393 -0.53410546075299992 0
-1.1052848043254064e-16 -0.69310512880526376 0
0.13521810276964891 -0.67978730810418775 0
0.26523984968104597 -0.64034564238178227 0
0.38506857791742183 -0.5762958527326183 0
0.49009933665337763 -0.49009933665337757 0
0.57629585273261852 -0.38506857791742188 0
0.64034564238178249 -0.26523984968104608 0
0.67978730810418797 -0.13521810276964902 0
0.69310512880526398 -6.1547713662546537e-17 0
0.67978730810418797 0.13521810276964891 0
0.64034564238178249 0.26523984968104586 0
0.57629585273261852 0.38506857791742166 0
0.49009933665337774 0.49009933665337746 0
0.38506857791742194 0.57629585273261819 0
0.26523984968104619 0.64034564238178227 0
0.1352181027696491 0.67978730810418775 0
9.2180353965692258e-17 0.69310512880526376 0
-0.13521810276964893 0.67978730810418775 0
-0.26523984968104597 0.64034564238178227 0
-0.38506857791742183 0.57629585273261841 0
-0.49009933665337763 0.49009933665337757 0
-0.57629585273261852 0.38506857791742188 0
-0.64034564238178249 0.26523984968104619 0
-0.67978730810418797 0.13521810276964924 0
-0.69310512880526398 8.121468524278825e-17 0
-0.67978730810418797 -0.13521810276964902 0
-0.64034564238178249 -0.26523984968104597 0
-0.57629585273261852 -0.38506857791742166 0
-0.49009933665337774 -0.49009933665337746 0
-0.38506857791742194 -0.5762958527326183 0
-0.26523984968104619 -0.64034564238178227 0
-0.13521810276964913 -0.67978730810418775 0
-8.7732449147984074e-17 -0.81500541087383671 0
0.10624018162878221 -0.799345310434046 0
0.20839761265775061 -0.75296681799228959 0
0.30254644030300931 -0.67765223300374566 0
0.38506857791742183 -0.57629585273261852 0
0.45279274603141417 -0.45279274603141417 0
0.50311634284451667 -0.3118890680293202 0
0.53410546075300014 -0.15899966805226382 0
0.5445692053345389 -7.8539596672948676e-17 0
0.53410546075300014 0.15899966805226368 0
0.50311634284451667 0.31188906802931998 0
0.45279274603141428 0.45279274603141395 0
0.38506857791742194 0.5762958527326183 0
0.30254644030300942 0.67765223300374544 0
0.20839761265775075 0.75296681799228948 0
0.10624018162878236 0.799345310434046 0
7.6621586892219488e-17 0.81500541087383671 0
-0.10624018162878222 0.799345310434046 0
-0.20839761265775064 0.75296681799228948 0
-0.30254644030300931 0.67765223300374566 0
-0.38506857791742183 0.57629585273261852 0
-0.45279274603141417 0.45279274603141417 0
-0.50311634284451667 0.31188906802932032 0
-0.53410546075300014 0.15899966805226401 0
-0.5445692053345389 9.0852879522003304e-17 0
-0.53410546075300014 -0.15899966805226376 0
-0.50311634284451667 -0.31188906802932009 0
-0.45279274603141428 -0.45279274603141395 0
-0.38506857791742194 -0.5762958527326183 0
-0.30254644030300942 -0.67765223300374544 0
-0.20839761265775078 -0.75296681799228937 0
-0.10624018162878238 -0.799345310434046 0
-4.9275043148303551e-17 -0.90558549206282846 0
0.073179509888101679 -0.88818492076193856 0
0.14354677225074561 -0.83665190105600951 0
0.2083976126577507 -0.75296681799228971 0
0.26523984968104608 -0.64034564238178249 0
0.3118890680293202 -0.50311634284451678 0
0.34655256440263199 -0.34655256440263205 0
0.36789824007486777 -0.17667096525967124 0
0.37510579270073646 -8.7960808934989811e-17 0
0.36789824007486782 0.17667096525967108 0
0.34655256440263205 0.34655256440263177 0
0.31188906802932032 0.50311634284451656 0
0.26523984968104614 0.64034564238178227 0
0.20839761265775078 0.75296681799228948 0
0.14354677225074569 0.83665190105600939 0
0.073179509888101776 0.88818492076193856 0
4.8471879078935796e-17 0.90558549206282823 0
-0.073179509888101693 0.88818492076193856 0
-0.14354677225074564 0.83665190105600939 0
-0.20839761265775072 0.75296681799228971 0
-0.26523984968104614 0.64034564238178249 0
-0.3118890680293202 0.50311634284451678 0
-0.34655256440263205 0.34655256440263221 0
-0.36789824007486782 0.17667096525967146 0
-0.37510579270073646 1.0940640393553909e-16 0
-0.36789824007486788 -0.17667096525967119 0
-0.3465525644026321 -0.34655256440263194 0
-0.31188906802932032 -0.50311634284451656 0
-0.26523984968104619 -0.64034564238178227 0
-0.20839761265775081 -0.75296681799228948 0
-0.14354677225074572 -0.83665190105600928 0
-0.07317950988810179 -0.88818492076193856 0
-1.8608764993691599e-17 -0.96136443065004029 0
0.037306590621963349 -0.94289208268479163 0
0.073179509888101707 -0.88818492076193856 0
0.10624018162878228 -0.79934531043404611 0
0.13521810276964902 -0.67978730810418797 0
0.15899966805226379 -0.53410546075300014 0
0.17667096525967119 -0.36789824007486777 0
0.1875528963503682 -0.18755289635036823 0
0.19122727481519664 -8.8858223128242615e-17 0
0.18755289635036823 0.18755289635036804 0
0.17667096525967124 0.36789824007486749 0
0.15899966805226384 0.53410546075299992 0
0.13521810276964907 0.67978730810418775 0
0.10624018162878229 0.79934531043404589 0
0.073179509888101735 0.88818492076193833 0
0.037306590621963377 0.94289208268479163 0
1.8586372077467971e-17 0.96136443065004007 0
-0.037306590621963336 0.94289208268479163 0
-0.073179509888101679 0.88818492076193856 0
-0.10624018162878227 0.79934531043404611 0
-0.13521810276964902 0.67978730810418797 0
-0.15899966805226379 0.53410546075300014 0
-0.17667096525967119 0.36789824007486793 0
-0.18755289635036823 0.18755289635036848 0
-0.19122727481519664 1.4293157293612984e-16 0
-0.18755289635036826 -0.18755289635036818 0
-0.17667096525967124 -0.36789824007486766 0
-0.15899966805226384 -0.53410546075299992 0
-0.13521810276964907 -0.67978730810418775 0
-0.10624018162878233 -0.79934531043404589 0
-0.073179509888101762 -0.88818492076193833 0
-0.037306590621963391 -0.94289208268479163 0
2.3225316557404064e-18 -0.98019867330675514 0
1.3249228104026105e-17 -0.96136443065004018 0
3.539370621563882e-17 -0.90558549206282846 0
6.0852368559058595e-17 -0.81500541087383693 0
7.2982487711560847e-17 -0.69310512880526398 0
7.6418242555552276e-17 -0.5445692053345389 0
8.6230249591338154e-17 -0.37510579270073641 0
9.8384216224445641e-17 -0.19122727481519664 0
1.0217750087387242e-16 -8.9670716755957751e-17 0
1.0210266829630708e-16 0.19122727481519641 0
1.0100031130021715e-16 0.37510579270073613 0
8.9434117167285714e-17 0.54456920533453868 0
6.7681086893099882e-17 0.69310512880526376 0
4.8994989461330728e-17 0.81500541087383671 0
3.5625295020000516e-17 0.90558549206282823 0
1.6431916121324596e-17 0.96136443065004018 0
-9.3129204615342201e-18 0.98019867330675492 0
-2.5683373116537524e-17 0.96136443065004018 0
-2.8713796989667067e-17 0.90558549206282846 0
-4.1792212459300169e-17 0.81500541087383693 0
-7.486893897978599e-17 0.69310512880526398 0
-9.5876525099622681e-17 0.5445692053345389 0
-8.6453415479595105e-17 0.37510579270073657 0
-8.2326012543774719e-17 0.19122727481519691 0
-1.0625337207100922e-16 1.7619667088759083e-16 0
-1.2205553990911701e-16 -0.19122727481519658 0
-1.0400375843132926e-16 -0.3751057927007363 0
-8.0566581281765316e-17 -0.54456920533453868 0
-7.3737438531914765e-17 -0.69310512880526376 0
-6.4388292636066633e-17 -0.81500541087383671 0
-3.8334551170186454e-17 -0.90558549206282823 0
-1.1444232296700598e-17 -0.96136443065004018 0
2.7762574984615461e-17 -0.96136443065004029 0
-0.037306590621963301 -0.94289208268479163 0
-0.073179509888101624 -0.88818492076193856 0
-0.10624018162878215 -0.79934531043404611 0
-0.13521810276964888 -0.67978730810418797 0
-0.15899966805226365 -0.53410546075300014 0
-0.17667096525967105 -0.36789824007486777 0
-0.18755289635036804 -0.18755289635036823 0
-0.19122727481519644 -8.5081812523140335e-17 0
-0.18755289635036804 0.18755289635036801 0
-0.17667096525967105 0.36789824007486749 0
-0.15899966805226368 0.53410546075299992 0
-0.13521810276964893 0.67978730810418775 0
-0.10624018162878224 0.79934531043404589 0
-0.073179509888101707 0.88818492076193845 0
-0.037306590621963356 0.94289208268479163 0
-3.442396868817389e-17 0.96136443065004007 0
0.037306590621963301 0.94289208268479163 0
0.073179509888101651 0.88818492076193845 0
0.10624018162878218 0.79934531043404611 0
0.13521810276964888 0.67978730810418797 0
0.15899966805226362 0.53410546075300014 0
0.17667096525967105 0.36789824007486793 0
0.18755289635036804 0.18755289635036851 0
0.19122727481519644 1.9864324208086784e-16 0
0.18755289635036804 -0.18755289635036818 0
0.17667096525967105 -0.36789824007486766 0
0.15899966805226365 -0.53410546075299992 0
0.13521810276964893 -0.67978730810418775 0
0.10624018162878221 -0.79934531043404589 0
0.073179509888101679 -0.88818492076193833 0
0.037306590621963356 -0.94289208268479163 0
5.7989436026641242e-17 -0.90558549206282857 0
-0.073179509888101624 -0.88818492076193867 0
-0.1435467722507455 -0.83665190105600962 0
-0.20839761265775056 -0.75296681799228971 0
-0.26523984968104586 -0.6403456423817826 0
-0.31188906802932004 -0.50311634284451678 0
-0.34655256440263177 -0.34655256440263205 0
-0.36789824007486754 -0.17667096525967127 0
-0.37510579270073618 -6.974888975690926e-17 0
-0.36789824007486754 0.17667096525967108 0
-0.34655256440263177 0.34655256440263188 0
-0.31188906802932009 0.50311634284451656 0
-0.26523984968104597 0.64034564238178238 0
-0.20839761265775061 0.75296681799228948 0
-0.14354677225074558 0.83665190105600951 0
-0.073179509888101721 0.88818492076193867 0
-4.9231399036362118e-17 0.90558549206282835 0
0.073179509888101638 0.88818492076193867 0
0.14354677225074552 0.83665190105600951 0
0.20839761265775056 0.75296681799228971 0
0.26523984968104586 0.6403456423817826 0
0.31188906802931998 0.50311634284451678 0
0.34655256440263177 0.34655256440263221 0
0.36789824007486754 0.17667096525967152 0
0.37510579270073618 2.0765370363980846e-16 0
0.36789824007486754 -0.17667096525967121 0
0.34655256440263177 -0.34655256440263205 0
0.31188906802932004 -0.50311634284451656 0
0.26523984968104597 -0.64034564238178238 0
0.20839761265775061 -0.75296681799228948 0
0.14354677225074561 -0.83665190105600939 0
0.073179509888101735 -0.88818492076193867 0
8.2635339202411124e-17 -0.81500541087383704 0
-0.10624018162878215 -0.79934531043404622 0
-0.20839761265775059 -0.75296681799228959 0
-0.3025464403030092 -0.67765223300374589 0
-0.38506857791742166 -0.57629585273261863 0
-0.45279274603141395 -0.45279274603141417 0
-0.50311634284451656 -0.3118890680293202 0
-0.53410546075299992 -0.15899966805226387 0
-0.54456920533453868 -5.7900386769903013e-17 0
-0.53410546075299992 0.1589996680522637 0
-0.50311634284451656 0.31188906802932004 0
-0.45279274603141406 0.45279274603141401 0
-0.38506857791742177 0.57629585273261841 0
-0.30254644030300931 0.67765223300374566 0
-0.20839761265775064 0.75296681799228959 0
-0.10624018162878227 0.79934531043404622 0
-6.0604364365439848e-17 0.81500541087383682 0
0.10624018162878215 0.79934531043404622 0
0.20839761265775053 0.75296681799228959 0
0.3025464403030092 0.67765223300374589 0
0.38506857791742166 0.57629585273261863 0
0.45279274603141395 0.45279274603141423 0
0.50311634284451656 0.31188906802932037 0
0.53410546075299992 0.15899966805226409 0
0.54456920533453868 1.9903277935027285e-16 0
0.53410546075299992 -0.15899966805226382 0
0.50311634284451656 -0.3118890680293202 0
0.45279274603141406 -0.45279274603141406 0
0.38506857791742177 -0.57629585273261841 0
0.30254644030300931 -0.67765223300374566 0
0.2083976126577507 -0.75296681799228959 0
0.10624018162878232 -0.79934531043404622 0
9.788844433132963e-17 -0.69310512880526398 0
-0.13521810276964891 -0.67978730810418797 0
-0.26523984968104591 -0.64034564238178249 0
-0.38506857791742177 -0.57629585273261863 0
-0.49009933665337746 -0.49009933665337774 0
-0.5762958527326183 -0.38506857791742194 0
-0.64034564238178227 -0.26523984968104608 0
-0.67978730810418775 -0.13521810276964907 0
-0.69310512880526376 -5.705231535102295e-17 0
-0.67978730810418775 0.13521810276964893 0
-0.64034564238178227 0.26523984968104597 0
-0.5762958527326183 0.38506857791742183 0
-0.49009933665337757 0.49009933665337757 0
-0.38506857791742177 0.57629585273261841 0
-0.26523984968104602 0.64034564238178249 0
-0.13521810276964902 0.67978730810418797 0
-8.5422843042245924e-17 0.69310512880526398 0
0.13521810276964885 0.67978730810418797 0
0.2652398496810458 0.64034564238178249 0
0.38506857791742166 0.57629585273261863 0
0.49009933665337746 0.49009933665337779 0
0.5762958527326183 0.38506857791742194 0
0.64034564238178227 0.26523984968104619 0
0.67978730810418775 0.13521810276964927 0
0.69310512880526376 1.7609628569699696e-16 0
0.67978730810418775 -0.13521810276964902 0
0.64034564238178227 -0.26523984968104608 0
0.5762958527326183 -0.38506857791742183 0
0.49009933665337757 -0.49009933665337763 0
0.38506857791742188 -0.57629585273261841 0
0.26523984968104614 -0.64034564238178249 0
0.13521810276964907 -0.67978730810418797 0
1.0681423262457423e-16 -0.5445692053345389 0
-0.15899966805226362 -0.53410546075300014 0
-0.31188906802931998 -0.50311634284451667 0
-0.45279274603141395 -0.45279274603141428 0
-0.5762958527326183 -0.38506857791742194 0
-0.67765223300374555 -0.30254644030300942 0
-0.75296681799228948 -0.20839761265775072 0
-0.799345310434046 -0.10624018162878233 0
-0.81500541087383671 -5.3777184595398613e-17 0
-0.799345310434046 0.10624018162878221 0
-0.75296681799228948 0.20839761265775059 0
-0.67765223300374555 0.30254644030300931 0
-0.57629585273261852 0.38506857791742183 0
-0.45279274603141417 0.45279274603141417 0
-0.3118890680293202 0.50311634284451667 0
-0.15899966805226384 0.53410546075300014 0
-1.1332015714415296e-16 0.5445692053345389 0
0.15899966805226362 0.53410546075300014 0
0.31188906802931998 0.50311634284451667 0
0.45279274603141395 0.45279274603141428 0
0.5762958527326183 0.38506857791742194 0
0.67765223300374555 0.30254644030300942 0
0.75296681799228948 0.20839761265775075 0
0.799345310434046 0.10624018162878246 0
0.81500541087383671 1.4309273995536097e-16 0
0.799345310434046 -0.10624018162878228 0
0.75296681799228948 -0.20839761265775072 0
0.67765223300374555 -0.30254644030300931 0
0.57629585273261852 -0.38506857791742183 0
0.45279274603141417 -0.45279274603141417 0
0.3118890680293202 -0.50311634284451667 0
0.15899966805226384 -0.53410546075300014 0
1.4320905489883659e-16 -0.37510579270073646 0
-0.17667096525967102 -0.36789824007486782 0
-0.34655256440263182 -0.34655256440263205 0
-0.50311634284451656 -0.31188906802932026 0
-0.64034564238178227 -0.26523984968104619 0
-0.75296681799228948 -0.20839761265775078 0
-0.83665190105600928 -0.14354677225074569 0
-0.88818492076193845 -0.073179509888101762 0
-0.90558549206282835 -4.0447619837670292e-17 0
-0.88818492076193856 0.073179509888101679 0
-0.83665190105600939 0.14354677225074555 0
-0.75296681799228971 0.20839761265775072 0
-0.64034564238178249 0.26523984968104614 0
-0.50311634284451678 0.3118890680293202 0
-0.3465525644026321 0.34655256440263199 0
-0.1766709652596713 0.36789824007486782 0
-1.5051800698056228e-16 0.37510579270073646 0
0.17667096525967102 0.36789824007486782 0
0.34655256440263177 0.3465525644026321 0
0.50311634284451656 0.31188906802932032 0
0.64034564238178227 0.26523984968104614 0
0.75296681799228948 0.20839761265775078 0
0.83665190105600939 0.14354677225074572 0
0.88818492076193856 0.073179509888101874 0
0.90558549206282835 9.6005521429674028e-17 0
0.88818492076193867 -0.073179509888101735 0
0.83665190105600951 -0.14354677225074569 0
0.75296681799228971 -0.20839761265775072 0
0.64034564238178249 -0.26523984968104608 0
0.50311634284451678 -0.31188906802932026 0
0.34655256440263205 -0.34655256440263205 0
0.1766709652596713 -0.36789824007486782 0
1.3043477125571817e-16 -0.19122727481519669 0
-0.18755289635036801 -0.18755289635036829 0
-0.3678982400748676 -0.17667096525967127 0
-0.53410546075299992 -0.15899966805226387 0
-0.67978730810418775 -0.1352181027696491 0
-0.79934531043404589 -0.10624018162878235 0
-0.88818492076193833 -0.073179509888101776 0
-0.94289208268479152 -0.037306590621963398 0
-0.96136443065004018 -2.2650505845355777e-17 0
-0.94289208268479163 0.037306590621963343 0
-0.88818492076193856 0.073179509888101721 0
-0.79934531043404611 0.10624018162878231 0
-0.67978730810418797 0.13521810276964907 0
-0.53410546075300014 0.15899966805226384 0
-0.36789824007486782 0.17667096525967124 0
-0.18755289635036826 0.18755289635036829 0
-1.2461400517504369e-16 0.19122727481519669 0
0.18755289635036804 0.18755289635036829 0
0.3678982400748676 0.1766709652596713 0
0.53410546075299992 0.1589996680522639 0
0.67978730810418775 0.13521810276964907 0
0.79934531043404589 0.10624018162878233 0
0.88818492076193833 0.073179509888101804 0
0.94289208268479163 0.037306590621963454 0
0.96136443065004018 4.3768602704609231e-17 0
0.94289208268479174 -0.03730659062196337 0
0.88818492076193856 -0.073179509888101749 0
0.79934531043404611 -0.10624018162878229 0
0.67978730810418797 -0.13521810276964905 0
0.53410546075300014 -0.15899966805226387 0
0.36789824007486782 -0.17667096525967127 0
0.18755289635036829 -0.18755289635036829 0
1.4895595906556613e-16 -1.2986305286840265e-16 0
-0.19122727481519639 -1.2657113098909776e-16 0
-0.37510579270073618 -1.2278269420489763e-16 0
-0.54456920533453868 -1.1795298025305879e-16 0
-0.69310512880526365 -9.9977502239993029e-17 0
-0.8150054108738366 -7.1212788783333212e-17 0
-0.90558549206282812 -4.7388040905715543e-17 0
-0.96136443065003996 -2.7533039654193792e-17 0
-0.98019867330675492 -2.9389300305331924e-18 0
-0.96136443065004007 2.7470291495189863e-17 0
-0.90558549206282823 6.0671429850233151e-17 0
-0.81500541087383682 8.2442721107623751e-17 0
-0.69310512880526387 8.4871659420085751e-17 0
-0.5445692053345389 9.1522850699826327e-17 0
-0.37510579270073641 1.1504004884452837e-16 0
-0.19122727481519666 1.3101487489440085e-16 0
-1.349945967993147e-16 1.3437946810704291e-16 0
0.19122727481519639 1.4382316924216638e-16 0
0.37510579270073618 1.463387457127225e-16 0
0.54456920533453868 1.2377158296455444e-16 0
0.69310512880526365 9.4391568180338425e-17 0
0.8150054108738366 7.000624030646492e-17 0
0.90558549206282823 4.1614080568821103e-17 0
0.96136443065004007 1.6528192680305699e-17 0
0.98019867330675492 1.6012689112330359e-18 0
0.96136443065004018 -1.6030097504455964e-17 0
0.90558549206282835 -3.9046959104097289e-17 0
0.81500541087383682 -6.3812977739423256e-17 0
0.69310512880526387 -9.7112887322793947e-17 0
0.5445692053345389 -1.2866122343784005e-16 0
0.37510579270073641 -1.3788450177612838e-16 0
0.19122727481519666 -1.3289198388668579e-16 0
1.5563039310721578e-16 0.19122727481519644 0
-0.18755289635036801 0.18755289635036804 0
-0.3678982400748676 0.17667096525967105 0
-0.53410546075299992 0.15899966805226365 0
-0.67978730810418775 0.13521810276964891 0
-0.79934531043404589 0.10624018162878218 0
-0.88818492076193833 0.073179509888101665 0
-0.94289208268479152 0.037306590621963343 0
-0.96136443065004018 1.8973300390102694e-17 0
-0.94289208268479163 -0.03730659062196328 0
-0.88818492076193845 -0.073179509888101596 0
-0.79934531043404611 -0.10624018162878214 0
-0.67978730810418797 -0.13521810276964888 0
-0.53410546075300014 -0.15899966805226362 0
-0.36789824007486782 -0.17667096525967102 0
-0.18755289635036829 -0.18755289635036801 0
-1.3756195021202886e-16 -0.19122727481519639 0
0.18755289635036801 -0.18755289635036801 0
0.3678982400748676 -0.17667096525967102 0
0.53410546075299992 -0.15899966805226362 0
0.67978730810418775 -0.13521810276964888 0
0.79934531043404589 -0.1062401816287822 0
0.88818492076193845 -0.073179509888101679 0
0.94289208268479163 -0.037306590621963391 0
0.96136443065004018 -4.2929848313892274e-17 0
0.94289208268479174 0.037306590621963329 0
0.88818492076193856 0.073179509888101665 0
0.79934531043404611 0.10624018162878215 0
0.67978730810418797 0.13521810276964885 0
0.53410546075300014 0.15899966805226359 0
0.36789824007486782 0.17667096525967099 0
0.18755289635036829 0.18755289635036798 0
1.1383289679808829e-16 0.37510579270073624 0
-0.17667096525967105 0.3678982400748676 0
-0.34655256440263182 0.34655256440263188 0
-0.50311634284451656 0.31188906802932009 0
-0.64034564238178227 0.26523984968104602 0
-0.75296681799228959 0.20839761265775061 0
-0.83665190105600939 0.14354677225074561 0
-0.88818492076193856 0.073179509888101721 0
-0.90558549206282835 3.8290374746866765e-17 0
-0.88818492076193856 -0.073179509888101638 0
-0.83665190105600939 -0.1435467722507455 0
-0.75296681799228959 -0.20839761265775053 0
-0.64034564238178249 -0.26523984968104591 0
-0.50311634284451678 -0.31188906802931998 0
-0.34655256440263205 -0.34655256440263182 0
-0.17667096525967124 -0.3678982400748676 0
-9.3713260100783492e-17 -0.37510579270073624 0
0.17667096525967108 -0.3678982400748676 0
0.34655256440263182 -0.34655256440263182 0
0.50311634284451656 -0.31188906802932009 0
0.64034564238178227 -0.26523984968104602 0
0.75296681799228959 -0.20839761265775064 0
0.83665190105600939 -0.14354677225074561 0
0.88818492076193856 -0.073179509888101832 0
0.90558549206282835 -1.0541082022754037e-16 0
0.88818492076193856 0.073179509888101693 0
0.83665190105600939 0.14354677225074561 0
0.75296681799228959 0.20839761265775056 0
0.64034564238178249 0.26523984968104591 0
0.50311634284451678 0.31188906802931998 0
0.34655256440263205 0.34655256440263177 0
0.17667096525967127 0.3678982400748676 0
1.1904620485511189e-16 0.54456920533453868 0
-0.15899966805226368 0.53410546075299992 0
-0.31188906802932009 0.50311634284451656 0
-0.45279274603141406 0.45279274603141406 0
-0.57629585273261841 0.38506857791742177 0
-0.67765223300374566 0.30254644030300931 0
-0.75296681799228948 0.20839761265775064 0
-0.79934531043404622 0.10624018162878227 0
-0.81500541087383693 4.7259282597799606e-17 0
-0.79934531043404622 -0.10624018162878215 0
-0.75296681799228959 -0.2083976126577505 0
-0.67765223300374589 -0.3025464403030092 0
-0.57629585273261863 -0.38506857791742166 0
-0.45279274603141428 -0.45279274603141395 0
-0.31188906802932032 -0.50311634284451656 0
-0.1589996680522639 -0.53410546075299992 0
-1.0644303654469751e-16 -0.54456920533453868 0
0.15899966805226368 -0.53410546075299992 0
0.31188906802932009 -0.50311634284451656 0
0.45279274603141406 -0.45279274603141406 0
0.57629585273261841 -0.38506857791742177 0
0.67765223300374566 -0.30254644030300931 0
0.75296681799228959 -0.20839761265775067 0
0.79934531043404622 -0.10624018162878243 0
0.81500541087383693 -1.662025231462287e-16 0
0.79934531043404622 0.10624018162878221 0
0.75296681799228971 0.20839761265775064 0
0.67765223300374589 0.3025464403030092 0
0.57629585273261863 0.38506857791742166 0
0.45279274603141428 0.45279274603141395 0
0.31188906802932032 0.50311634284451656 0
0.1589996680522639 0.53410546075299992 0
1.0212198394664401e-16 0.69310512880526376 0
-0.13521810276964891 0.67978730810418775 0
-0.26523984968104597 0.64034564238178227 0
-0.38506857791742177 0.57629585273261841 0
-0.49009933665337763 0.49009933665337757 0
-0.57629585273261841 0.38506857791742183 0
-0.64034564238178238 0.26523984968104597 0
-0.67978730810418797 0.13521810276964902 0
-0.69310512880526398 4.7516284719011292e-17 0
-0.67978730810418797 -0.13521810276964888 0
-0.64034564238178249 -0.26523984968104586 0
-0.57629585273261852 -0.38506857791742172 0
-0.49009933665337774 -0.49009933665337746 0
-0.38506857791742194 -0.5762958527326183 0
-0.26523984968104614 -0.64034564238178227 0
-0.1352181027696491 -0.67978730810418775 0
-9.9150768403241143e-17 -0.69310512880526376 0
0.13521810276964893 -0.67978730810418775 0
0.26523984968104602 -0.64034564238178227 0
0.38506857791742183 -0.5762958527326183 0
0.49009933665337763 -0.49009933665337757 0
0.57629585273261852 -0.38506857791742183 0
0.64034564238178249 -0.26523984968104608 0
0.67978730810418797 -0.13521810276964921 0
0.69310512880526398 -1.9875292849605457e-16 0
0.67978730810418797 0.13521810276964896 0
0.6403456423817826 0.26523984968104597 0
0.57629585273261863 0.38506857791742172 0
0.49009933665337774 0.49009933665337746 0
0.38506857791742199 0.57629585273261819 0
0.26523984968104619 0.64034564238178227 0
0.13521810276964913 0.67978730810418775 0
8.4344181060267149e-17 0.81500541087383671 0
-0.10624018162878222 0.799345310434046 0
-0.20839761265775061 0.75296681799228948 0
-0.30254644030300931 0.67765223300374566 0
-0.38506857791742183 0.57629585273261852 0
-0.45279274603141417 0.45279274603141406 0
-0.50311634284451667 0.31188906802932009 0
-0.53410546075300014 0.15899966805226379 0
-0.5445692053345389 5.782659985320778e-17 0
-0.53410546075300014 -0.15899966805226362 0
-0.50311634284451667 -0.31188906802931993 0
-0.45279274603141428 -0.4527927460314139 0
-0.38506857791742194 -0.5762958527326183 0
-0.30254644030300942 -0.67765223300374544 0
-0.20839761265775075 -0.75296681799228948 0
-0.10624018162878236 -0.799345310434046 0
-8.186332164694923e-17 -0.81500541087383671 0
0.1062401816287822 -0.799345310434046 0
0.20839761265775064 -0.75296681799228948 0
0.30254644030300931 -0.67765223300374566 0
0.38506857791742183 -0.57629585273261852 0
0.45279274603141417 -0.45279274603141412 0
0.50311634284451667 -0.31188906802932026 0
0.53410546075300014 -0.15899966805226401 0
0.5445692053345389 -1.9978510098193016e-16 0
0.53410546075300014 0.15899966805226373 0
0.50311634284451667 0.31188906802932009 0
0.45279274603141428 0.45279274603141395 0
0.38506857791742194 0.5762958527326183 0
0.30254644030300942 0.67765223300374544 0
0.20839761265775078 0.75296681799228948 0
0.10624018162878239 0.799345310434046 0
5.3976369167667008e-17 0.90558549206282823 0
-0.073179509888101707 0.88818492076193845 0
-0.14354677225074569 0.83665190105600939 0
-0.20839761265775075 0.75296681799228959 0
-0.26523984968104614 0.64034564238178238 0
-0.31188906802932026 0.50311634284451667 0
-0.34655256440263221 0.34655256440263188 0
-0.36789824007486799 0.17667096525967121 0
-0.37510579270073663 8.6222655287380587e-17 0
-0.36789824007486799 -0.17667096525967102 0
-0.34655256440263221 -0.34655256440263166 0
-0.31188906802932048 -0.50311634284451645 0
-0.26523984968104636 -0.64034564238178215 0
-0.20839761265775092 -0.75296681799228937 0
-0.1435467722507458 -0.83665190105600928 0
-0.073179509888101818 -0.88818492076193845 0
-5.1975899577735547e-17 -0.90558549206282823 0
0.073179509888101707 -0.88818492076193845 0
0.14354677225074569 -0.83665190105600928 0
0.20839761265775081 -0.75296681799228959 0
0.26523984968104625 -0.64034564238178238 0
0.31188906802932037 -0.50311634284451667 0
0.34655256440263221 -0.3465525644026321 0
0.36789824007486799 -0.17667096525967146 0
0.37510579270073663 -1.8197172129417008e-16 0
0.36789824007486799 0.17667096525967116 0
0.34655256440263221 0.34655256440263188 0
0.31188906802932037 0.50311634284451645 0
0.26523984968104625 0.64034564238178215 0
0.20839761265775086 0.75296681799228937 0
0.1435467722507458 0.83665190105600917 0
0.073179509888101818 0.88818492076193845 0
1.7768525519493845e-17 0.96136443065004018 0
-0.037306590621963398 0.94289208268479163 0
-0.073179509888101804 0.88818492076193856 0
-0.10624018162878242 0.79934531043404611 0
-0.13521810276964918 0.67978730810418797 0
-0.15899966805226406 0.53410546075300014 0
-0.17667096525967146 0.36789824007486777 0
-0.18755289635036848 0.18755289635036823 0
-0.19122727481519688 1.0394632539054843e-16 0
-0.18755289635036848 -0.18755289635036801 0
-0.17667096525967146 -0.36789824007486749 0
-0.15899966805226404 -0.53410546075299992 0
-0.13521810276964924 -0.67978730810418775 0
-0.10624018162878245 -0.79934531043404589 0
-0.073179509888101832 -0.88818492076193845 0
-0.037306590621963433 -0.94289208268479163 0
-2.2245458562628503e-17 -0.96136443065004018 0
0.037306590621963377 -0.94289208268479163 0
0.073179509888101776 -0.88818492076193845 0
0.10624018162878239 -0.79934531043404611 0
0.13521810276964918 -0.67978730810418797 0
0.15899966805226398 -0.53410546075300014 0
0.17667096525967146 -0.36789824007486793 0
0.18755289635036848 -0.18755289635036851 0
0.19122727481519688 -1.6994273422855286e-16 0
0.18755289635036848 0.18755289635036818 0
0.17667096525967146 0.36789824007486766 0
0.15899966805226406 0.53410546075299992 0
0.13521810276964924 0.67978730810418775 0
0.10624018162878247 0.79934531043404589 0
0.07317950988810186 0.88818492076193833 0
0.03730659062196344 0.94289208268479163 0
-1.0866573381683663e-17 0.98019867330675514 0
-5.2592635389802478e-17 0.96136443065004018 0
-9.5350655649551722e-17 0.90558549206282846 0
-1.35102584534206e-16 0.81500541087383693 0
-1.6405471184757741e-16 0.69310512880526398 0
-1.8246463743010371e-16 0.5445692053345389 0
-1.8907967125297969e-16 0.37510579270073646 0
-1.8230720231856747e-16 0.19122727481519664 0
-1.6450053253896639e-16 8.995098629320301e-17 0
-1.3538568728341997e-16 -0.19122727481519641 0
-9.7827980072572058e-17 -0.37510579270073618 0
-6.521596555835458e-17 -0.54456920533453868 0
-4.6921454197588563e-17 -0.69310512880526376 0
-3.7425979769914692e-17 -0.81500541087383671 0
-2.6372555828385043e-17 -0.90558549206282835 0
-1.0592817104052282e-17 -0.96136443065004018 0
3.8909863403013544e-18 -0.98019867330675492 0
1.2427750218841504e-17 -0.96136443065004018 0
2.0477166232449411e-17 -0.90558549206282835 0
3.1594974429752404e-17 -0.81500541087383693 0
4.3427141947299479e-17 -0.69310512880526398 0
6.5487254901022541e-17 -0.5445692053345389 0
1.0660921277414788e-16 -0.37510579270073663 0
1.4616279935178311e-16 -0.19122727481519691 0
1.6220719841355816e-16 -1.7524329599482671e-16 0
1.675764996452238e-16 0.19122727481519658 0
1.7799453242061474e-16 0.37510579270073635 0
1.8334659959179915e-16 0.54456920533453868 0
1.7301340448012058e-16 0.69310512880526376 0
1.4572325770826989e-16 0.81500541087383671 0
9.8404295968151471e-17 0.90558549206282823 0
3.9818177349067287e-17 0.96136443065004018 0
-3.3006419511836623e-17 0.96136443065004029 0
0.037306590621963329 0.94289208268479174 0
0.073179509888101679 0.88818492076193856 0
0.10624018162878222 0.79934531043404611 0
0.13521810276964899 0.67978730810418797 0
0.15899966805226376 0.53410546075300014 0
0.17667096525967116 0.36789824007486782 0
0.18755289635036815 0.1875528963503682 0
0.19122727481519658 7.2136681038310094e-17 0
0.18755289635036818 -0.18755289635036806 0
0.17667096525967119 -0.36789824007486754 0
0.15899966805226379 -0.53410546075299992 0
0.13521810276964905 -0.67978730810418775 0
0.10624018162878227 -0.79934531043404589 0
0.073179509888101735 -0.88818492076193845 0
0.037306590621963377 -0.94289208268479152 0
2.5284058747371202e-17 -0.96136443065004007 0
-0.037306590621963336 -0.94289208268479152 0
-0.073179509888101679 -0.88818492076193845 0
-0.10624018162878224 -0.79934531043404611 0
-0.13521810276964899 -0.67978730810418797 0
-0.15899966805226373 -0.53410546075300014 0
-0.17667096525967113 -0.36789824007486799 0
-0.18755289635036818 -0.18755289635036851 0
-0.19122727481519658 -1.6882577333531436e-16 0
-0.1875528963503682 0.18755289635036815 0
-0.17667096525967116 0.36789824007486771 0
-0.15899966805226376 0.53410546075299992 0
-0.13521810276964905 0.67978730810418775 0
-0.10624018162878228 0.79934531043404589 0
-0.073179509888101735 0.88818492076193833 0
-0.037306590621963384 0.94289208268479174 0
-5.7509098210376862e-17 0.90558549206282846 0
0.073179509888101679 0.88818492076193856 0
0.14354677225074561 0.83665190105600951 0
0.2083976126577507 0.75296681799228971 0
0.26523984968104608 0.64034564238178249 0
0.3118890680293202 0.50311634284451678 0
0.34655256440263199 0.34655256440263205 0
0.36789824007486771 0.17667096525967124 0
0.37510579270073635 7.4896512497048249e-17 0
0.36789824007486771 -0.17667096525967105 0
0.34655256440263194 -0.34655256440263177 0
0.31188906802932015 -0.50311634284451656 0
0.26523984968104608 -0.64034564238178227 0
0.2083976126577507 -0.75296681799228948 0
0.14354677225074566 -0.83665190105600939 0
0.073179509888101749 -0.88818492076193856 0
4.0896094581782763e-17 -0.90558549206282823 0
-0.073179509888101665 -0.88818492076193856 0
-0.14354677225074555 -0.83665190105600939 0
-0.20839761265775059 -0.75296681799228971 0
-0.26523984968104597 -0.64034564238178249 0
-0.31188906802932004 -0.50311634284451678 0
-0.34655256440263182 -0.34655256440263221 0
-0.36789824007486771 -0.17667096525967149 0
-0.37510579270073635 -1.3111027167549025e-16 0
-0.36789824007486771 0.17667096525967119 0
-0.34655256440263199 0.34655256440263194 0
-0.3118890680293202 0.50311634284451656 0
-0.26523984968104619 0.64034564238178227 0
-0.20839761265775081 0.75296681799228948 0
-0.14354677225074572 0.83665190105600928 0
-0.07317950988810179 0.88818492076193856 0
-8.486014150648629e-17 0.81500541087383693 0
0.10624018162878215 0.79934531043404622 0
0.20839761265775059 0.75296681799228959 0
0.3025464403030092 0.67765223300374589 0
0.38506857791742166 0.57629585273261863 0
0.45279274603141395 0.45279274603141417 0
0.50311634284451656 0.31188906802932026 0
0.53410546075299992 0.15899966805226387 0
0.54456920533453868 7.7298746996120863e-17 0
0.53410546075299992 -0.1589996680522637 0
0.50311634284451656 -0.31188906802932004 0
0.45279274603141406 -0.45279274603141401 0
0.38506857791742177 -0.57629585273261841 0
0.30254644030300931 -0.67765223300374566 0
0.20839761265775064 -0.75296681799228959 0
0.10624018162878228 -0.79934531043404622 0
6.2870353517742879e-17 -0.81500541087383693 0
-0.10624018162878214 -0.79934531043404622 0
-0.20839761265775053 -0.75296681799228959 0
-0.3025464403030092 -0.67765223300374589 0
-0.38506857791742166 -0.57629585273261863 0
-0.45279274603141395 -0.45279274603141423 0
-0.50311634284451656 -0.31188906802932037 0
-0.53410546075299992 -0.15899966805226409 0
-0.54456920533453868 -9.3984032662976385e-17 0
-0.53410546075299992 0.15899966805226382 0
-0.50311634284451656 0.31188906802932015 0
-0.45279274603141406 0.45279274603141406 0
-0.38506857791742177 0.57629585273261841 0
-0.30254644030300931 0.67765223300374566 0
-0.2083976126577507 0.75296681799228959 0
-0.10624018162878232 0.79934531043404622 0
-1.0585257224102696e-16 0.69310512880526398 0
0.13521810276964885 0.67978730810418797 0
0.26523984968104586 0.64034564238178249 0
0.38506857791742172 0.57629585273261852 0
0.49009933665337746 0.49009933665337774 0
0.57629585273261819 0.38506857791742194 0
0.64034564238178227 0.26523984968104614 0
0.67978730810418775 0.13521810276964907 0
0.69310512880526376 6.2435386280904577e-17 0
0.67978730810418775 -0.13521810276964896 0
0.64034564238178227 -0.26523984968104591 0
0.5762958527326183 -0.38506857791742177 0
0.49009933665337757 -0.49009933665337763 0
0.38506857791742183 -0.57629585273261841 0
0.26523984968104608 -0.64034564238178249 0
0.13521810276964907 -0.67978730810418797 0
9.6899121264204271e-17 -0.69310512880526398 0
-0.13521810276964885 -0.67978730810418797 0
-0.26523984968104586 -0.64034564238178249 0
-0.38506857791742172 -0.57629585273261863 0
-0.49009933665337746 -0.49009933665337774 0
-0.5762958527326183 -0.38506857791742199 0
-0.64034564238178227 -0.26523984968104625 0
-0.67978730810418775 -0.13521810276964924 0
-0.69310512880526376 -7.7719276707562649e-17 0
-0.67978730810418775 0.13521810276964902 0
-0.64034564238178227 0.26523984968104602 0
-0.57629585273261841 0.38506857791742183 0
-0.49009933665337757 0.49009933665337763 0
-0.38506857791742183 0.57629585273261852 0
-0.26523984968104608 0.64034564238178249 0
-0.13521810276964907 0.67978730810418797 0
-1.1342855081437276e-16 0.5445692053345389 0
0.15899966805226362 0.53410546075300014 0
0.31188906802931998 0.50311634284451667 0
0.45279274603141395 0.45279274603141428 0
0.5762958527326183 0.38506857791742194 0
0.67765223300374544 0.30254644030300942 0
0.75296681799228948 0.20839761265775075 0
0.799345310434046 0.10624018162878232 0
0.81500541087383671 4.4730842916943062e-17 0
0.799345310434046 -0.10624018162878222 0
0.75296681799228948 -0.20839761265775061 0
0.67765223300374555 -0.30254644030300926 0
0.57629585273261852 -0.38506857791742183 0
0.45279274603141417 -0.45279274603141417 0
0.3118890680293202 -0.50311634284451667 0
0.15899966805226384 -0.53410546075300014 0
1.2315888686154257e-16 -0.5445692053345389 0
-0.15899966805226362 -0.53410546075300014 0
-0.31188906802931998 -0.50311634284451667 0
-0.45279274603141395 -0.45279274603141428 0
-0.5762958527326183 -0.38506857791742194 0
-0.67765223300374555 -0.30254644030300948 0
-0.75296681799228948 -0.20839761265775084 0
-0.799345310434046 -0.10624018162878245 0
-0.81500541087383671 -5.6864768434285064e-17 0
-0.799345310434046 0.10624018162878229 0
-0.75296681799228948 0.2083976126577507 0
-0.67765223300374566 0.30254644030300931 0
-0.57629585273261852 0.38506857791742183 0
-0.45279274603141417 0.45279274603141417 0
-0.3118890680293202 0.50311634284451667 0
-0.15899966805226384 0.53410546075300014 0
-1.4444633896675771e-16 0.37510579270073646 0
0.17667096525967099 0.36789824007486782 0
0.34655256440263171 0.34655256440263205 0
0.50311634284451645 0.31188906802932026 0
0.64034564238178215 0.26523984968104619 0
0.75296681799228937 0.20839761265775081 0
0.83665190105600928 0.14354677225074569 0
0.88818492076193845 0.073179509888101776 0
0.90558549206282823 3.172819149047486e-17 0
0.88818492076193845 -0.073179509888101693 0
0.83665190105600928 -0.14354677225074558 0
0.75296681799228959 -0.2083976126577507 0
0.64034564238178238 -0.26523984968104608 0
0.50311634284451667 -0.31188906802932026 0
0.34655256440263205 -0.34655256440263205 0
0.1766709652596713 -0.36789824007486782 0
1.5662050733734199e-16 -0.37510579270073646 0
-0.17667096525967096 -0.36789824007486782 0
-0.34655256440263171 -0.34655256440263205 0
-0.50311634284451645 -0.31188906802932026 0
-0.64034564238178215 -0.26523984968104619 0
-0.75296681799228937 -0.20839761265775081 0
-0.83665190105600928 -0.14354677225074575 0
-0.88818492076193845 -0.073179509888101832 0
-0.90558549206282823 -2.4836301956425656e-17 0
-0.88818492076193845 0.073179509888101749 0
-0.83665190105600928 0.14354677225074564 0
-0.75296681799228959 0.2083976126577507 0
-0.64034564238178238 0.26523984968104608 0
-0.50311634284451667 0.31188906802932026 0
-0.34655256440263205 0.34655256440263205 0
-0.17667096525967127 0.36789824007486782 0
-1.3152453681661013e-16 0.19122727481519669 0
0.18755289635036801 0.18755289635036829 0
0.36789824007486754 0.17667096525967127 0
0.53410546075299981 0.15899966805226387 0
0.67978730810418764 0.1352181027696491 0
0.79934531043404589 0.10624018162878236 0
0.88818492076193833 0.073179509888101776 0
0.94289208268479152 0.037306590621963391 0
0.96136443065004007 1.5770335981057019e-17 0
0.94289208268479152 -0.037306590621963349 0
0.88818492076193833 -0.073179509888101707 0
0.79934531043404611 -0.10624018162878231 0
0.67978730810418786 -0.13521810276964907 0
0.53410546075300003 -0.15899966805226387 0
0.36789824007486777 -0.17667096525967124 0
0.18755289635036829 -0.18755289635036826 0
1.3052029815746226e-16 -0.19122727481519669 0
-0.18755289635036801 -0.18755289635036831 0
-0.36789824007486754 -0.1766709652596713 0
-0.53410546075299981 -0.15899966805226387 0
-0.67978730810418764 -0.13521810276964907 0
-0.79934531043404589 -0.10624018162878236 0
-0.88818492076193833 -0.073179509888101818 0
-0.94289208268479152 -0.037306590621963419 0
-0.96136443065004007 -8.1639618735251689e-18 0
-0.94289208268479152 0.037306590621963377 0
-0.88818492076193833 0.073179509888101749 0
-0.79934531043404611 0.10624018162878231 0
-0.67978730810418786 0.13521810276964905 0
-0.53410546075300003 0.15899966805226387 0
-0.36789824007486777 0.17667096525967127 0
-0.18755289635036829 0.18755289635036829 0
-1.4997824092293989e-16 1.4571414943686878e-16 0
0.19122727481519644 1.3649279319660482e-16 0
0.37510579270073624 1.187705505394277e-16 0
0.54456920533453879 1.1771502147428844e-16 0
0.69310512880526387 1.1483002572294697e-16 0
0.81500541087383682 8.8318967546319952e-17 0
0.90558549206282835 5.3130816904869923e-17 0
0.96136443065004029 2.266239640909492e-17 0
0.98019867330675514 -3.1414060314130524e-18 0
0.96136443065004029 -2.5371804399158466e-17 0
0.90558549206282846 -5.5423505582672781e-17 0
0.81500541087383704 -9.2234440779822468e-17 0
0.69310512880526409 -1.0961828740287092e-16 0
0.54456920533453901 -1.0715191110185839e-16 0
0.37510579270073646 -1.1392584118312887e-16 0
0.19122727481519672 -1.3386587299317944e-16 0
1.3825923834092305e-16 -1.5242928535802711e-16 0
-0.19122727481519644 -1.6413106575123574e-16 0
-0.37510579270073624 -1.5738533691697709e-16 0
-0.54456920533453879 -1.2658624988211989e-16 0
-0.69310512880526387 -9.0858962193456961e-17 0
-0.81500541087383682 -6.1846054906460305e-17 0
-0.90558549206282846 -3.6684302857734955e-17 0
-0.96136443065004029 -2.065249635634229e-17 0
-0.98019867330675514 -8.1904729831224154e-18 0
-0.96136443065004029 1.7353334133618585e-17 0
-0.90558549206282857 4.9375978335958007e-17 0
-0.81500541087383704 7.8358604998782822e-17 0
-0.69310512880526409 1.1098392017865244e-16 0
-0.54456920533453901 1.3505982963361723e-16 0
-0.37510579270073646 1.3676566053312395e-16 0
-0.19122727481519672 1.3779264992029382e-16 0
-1.4728751328500187e-16 -0.19122727481519644 0
0.18755289635036804 -0.18755289635036804 0
0.36789824007486766 -0.17667096525967105 0
0.53410546075299992 -0.15899966805226365 0
0.67978730810418786 -0.13521810276964891 0
0.799345310434046 -0.10624018162878218 0
0.88818492076193845 -0.073179509888101665 0
0.94289208268479174 -0.037306590621963343 0
0.96136443065004029 -2.0561779964535684e-17 0
0.94289208268479174 0.037306590621963301 0
0.88818492076193856 0.073179509888101596 0
0.79934531043404622 0.10624018162878213 0
0.67978730810418808 0.13521810276964885 0
0.53410546075300014 0.15899966805226362 0
0.36789824007486788 0.17667096525967102 0
0.18755289635036831 0.18755289635036801 0
1.3610075362076767e-16 0.19122727481519639 0
-0.18755289635036804 0.18755289635036801 0
-0.36789824007486766 0.17667096525967102 0
-0.53410546075299992 0.15899966805226362 0
-0.67978730810418786 0.13521810276964891 0
-0.799345310434046 0.10624018162878221 0
-0.88818492076193856 0.073179509888101707 0
-0.94289208268479174 0.03730659062196337 0
-0.96136443065004029 1.0514074673811122e-18 0
-0.94289208268479174 -0.037306590621963329 0
-0.88818492076193867 -0.073179509888101638 0
-0.79934531043404622 -0.10624018162878215 0
-0.67978730810418808 -0.13521810276964885 0
-0.53410546075300014 -0.15899966805226359 0
-0.36789824007486788 -0.17667096525967099 0
-0.18755289635036831 -0.18755289635036798 0
-9.912500255826631e-17 -0.37510579270073624 0
0.17667096525967108 -0.3678982400748676 0
0.34655256440263188 -0.34655256440263188 0
0.50311634284451656 -0.31188906802932009 0
0.64034564238178238 -0.26523984968104602 0
0.75296681799228948 -0.20839761265775067 0
0.83665190105600951 -0.14354677225074561 0
0.88818492076193867 -0.073179509888101721 0
0.90558549206282846 -3.5211440729627518e-17 0
0.88818492076193867 0.073179509888101651 0
0.83665190105600951 0.1435467722507455 0
0.75296681799228959 0.20839761265775056 0
0.64034564238178249 0.26523984968104591 0
0.50311634284451667 0.31188906802931998 0
0.34655256440263205 0.34655256440263182 0
0.17667096525967127 0.3678982400748676 0
8.9816839521215739e-17 0.37510579270073624 0
-0.1766709652596711 0.3678982400748676 0
-0.34655256440263194 0.34655256440263182 0
-0.50311634284451667 0.31188906802932009 0
-0.64034564238178249 0.26523984968104602 0
-0.75296681799228959 0.20839761265775067 0
-0.83665190105600951 0.14354677225074566 0
-0.88818492076193867 0.073179509888101818 0
-0.90558549206282846 2.8997753159586387e-17 0
-0.88818492076193867 -0.073179509888101693 0
-0.83665190105600951 -0.14354677225074555 0
-0.75296681799228971 -0.20839761265775056 0
-0.6403456423817826 -0.26523984968104591 0
-0.50311634284451678 -0.31188906802931998 0
-0.3465525644026321 -0.34655256440263177 0
-0.1766709652596713 -0.3678982400748676 0
-1.1527252050480655e-16 -0.54456920533453868 0
0.1589996680522637 -0.53410546075299992 0
0.31188906802932009 -0.50311634284451656 0
0.45279274603141406 -0.45279274603141406 0
0.57629585273261841 -0.38506857791742177 0
0.67765223300374566 -0.30254644030300931 0
0.75296681799228959 -0.20839761265775067 0
0.79934531043404622 -0.10624018162878227 0
0.81500541087383693 -4.7252075440345818e-17 0
0.79934531043404622 0.10624018162878218 0
0.75296681799228959 0.20839761265775056 0
0.67765223300374589 0.3025464403030092 0
0.57629585273261863 0.38506857791742166 0
0.45279274603141423 0.45279274603141395 0
0.31188906802932032 0.50311634284451656 0
0.15899966805226387 0.53410546075299992 0
1.0064927849315829e-16 0.54456920533453868 0
-0.15899966805226365 0.53410546075299992 0
-0.31188906802932009 0.50311634284451656 0
-0.45279274603141412 0.45279274603141406 0
-0.57629585273261841 0.38506857791742177 0
-0.67765223300374566 0.30254644030300931 0
-0.75296681799228959 0.20839761265775078 0
-0.79934531043404622 0.10624018162878243 0
-0.81500541087383693 6.1262722528104142e-17 0
-0.79934531043404622 -0.10624018162878224 0
-0.75296681799228959 -0.20839761265775056 0
-0.67765223300374589 -0.3025464403030092 0
-0.57629585273261863 -0.38506857791742166 0
-0.45279274603141428 -0.45279274603141395 0
-0.31188906802932032 -0.50311634284451656 0
-0.15899966805226393 -0.53410546075299992 0
-1.1052848043254064e-16 -0.69310512880526376 0
0.13521810276964891 -0.67978730810418775 0
0.26523984968104597 -0.64034564238178227 0
0.38506857791742183 -0.5762958527326183 0
0.49009933665337763 -0.49009933665337757 0
0.57629585273261852 -0.38506857791742188 0
0.64034564238178249 -0.26523984968104608 0
0.67978730810418797 -0.13521810276964902 0
0.69310512880526398 -6.1547713662546537e-17 0
0.67978730810418797 0.13521810276964891 0
0.64034564238178249 0.26523984968104586 0
0.57629585273261852 0.38506857791742166 0
0.49009933665337774 0.49009933665337746 0
0.38506857791742194 0.57629585273261819 0
0.26523984968104619 0.64034564238178227 0
0.1352181027696491 0.67978730810418775 0
9.2180353965692258e-17 0.69310512880526376 0
-0.13521810276964893 0.67978730810418775 0
-0.26523984968104597 0.64034564238178227 0
-0.38506857791742183 0.57629585273261841 0
-0.49009933665337763 0.49009933665337757 0
-0.57629585273261852 0.38506857791742188 0
-0.64034564238178249 0.26523984968104619 0
-0.67978730810418797 0.13521810276964924 0
-0.69310512880526398 8.121468524278825e-17 0
-0.67978730810418797 -0.13521810276964902 0
-0.64034564238178249 -0.26523984968104597 0
-0.57629585273261852 -0.38506857791742166 0
-0.49009933665337774 -0.49009933665337746 0
-0.38506857791742194 -0.5762958527326183 0
-0.26523984968104619 -0.64034564238178227 0
-0.13521810276964913 -0.67978730810418775 0
-8.7732449147984074e-17 -0.81500541087383671 0
0.10624018162878221 -0.799345310434046 0
0.20839761265775061 -0.75296681799228959 0
0.30254644030300931 -0.67765223300374566 0
0.38506857791742183 -0.57629585273261852 0
0.45279274603141417 -0.45279274603141417 0
0.50311634284451667 -0.3118890680293202 0
0.53410546075300014 -0.15899966805226382 0
0.5445692053345389 -7.8539596672948676e-17 0
0.53410546075300014 0.15899966805226368 0
0.50311634284451667 0.31188906802931998 0
0.45279274603141428 0.45279274603141395 0
0.38506857791742194 0.5762958527326183 0
0.30254644030300942 0.67765223300374544 0
0.20839761265775075 0.75296681799228948 0
0.10624018162878236 0.799345310434046 0
7.6621586892219488e-17 0.81500541087383671 0
-0.10624018162878222 0.799345310434046 0
-0.20839761265775064 0.75296681799228948 0
-0.30254644030300931 0.67765223300374566 0
-0.38506857791742183 0.57629585273261852 0
-0.45279274603141417 0.45279274603141417 0
-0.50311634284451667 0.31188906802932032 0
-0.53410546075300014 0.15899966805226401 0
-0.5445692053345389 9.0852879522003304e-17 0
-0.53410546075300014 -0.15899966805226376 0
-0.50311634284451667 -0.31188906802932009 0
-0.45279274603141428 -0.45279274603141395 0
-0.38506857791742194 -0.5762958527326183 0
-0.30254644030300942 -0.67765223300374544 0
-0.20839761265775078 -0.75296681799228937 0
-0.10624018162878238 -0.799345310434046 0
-4.9275043148303551e-17 -0.90558549206282846 0
0.073179509888101679 -0.88818492076193856 0
0.14354677225074561 -0.83665190105600951 0
0.2083976126577507 -0.75296681799228971 0
0.26523984968104608 -0.64034564238178249 0
0.3118890680293202 -0.50311634284451678 0
0.34655256440263199 -0.34655256440263205 0
0.36789824007486777 -0.17667096525967124 0
0.37510579270073646 -8.7960808934989811e-17 0
0.36789824007486782 0.17667096525967108 0
0.34655256440263205 0.34655256440263177 0
0.31188906802932032 0.50311634284451656 0
0.26523984968104614 0.64034564238178227 0
0.20839761265775078 0.75296681799228948 0
0.14354677225074569 0.83665190105600939 0
0.073179509888101776 0.88818492076193856 0
4.8471879078935796e-17 0.90558549206282823 0
-0.073179509888101693 0.88818492076193856 0
-0.14354677225074564 0.83665190105600939 0
-0.20839761265775072 0.75296681799228971 0
-0.26523984968104614 0.64034564238178249 0
-0.3118890680293202 0.50311634284451678 0
-0.34655256440263205 0.34655256440263221 0
-0.36789824007486782 0.17667096525967146 0
-0.37510579270073646 1.0940640393553909e-16 0
-0.36789824007486788 -0.17667096525967119 0
-0.3465525644026321 -0.34655256440263194 0
-0.31188906802932032 -0.50311634284451656 0
-0.26523984968104619 -0.64034564238178227 0
-0.20839761265775081 -0.75296681799228948 0
-0.14354677225074572 -0.83665190105600928 0
-0.07317950988810179 -0.88818492076193856 0
-1.8608764993691599e-17 -0.96136443065004029 0
0.037306590621963349 -0.94289208268479163 0
0.073179509888101707 -0.88818492076193856 0
0.10624018162878228 -0.79934531043404611 0
0.13521810276964902 -0.67978730810418797 0
0.15899966805226379 -0.53410546075300014 0
0.17667096525967119 -0.36789824007486777 0
0.1875528963503682 -0.18755289635036823 0
0.19122727481519664 -8.8858223128242615e-17 0
0.18755289635036823 0.18755289635036804 0
0.17667096525967124 0.36789824007486749 0
0.15899966805226384 0.53410546075299992 0
0.13521810276964907 0.67978730810418775 0
0.10624018162878229 0.79934531043404589 0
0.073179509888101735 0.88818492076193833 0
0.037306590621963377 0.94289208268479163 0
1.8586372077467971e-17 0.96136443065004007 0
-0.037306590621963336 0.94289208268479163 0
-0.073179509888101679 0.88818492076193856 0
-0.10624018162878227 0.79934531043404611 0
-0.13521810276964902 0.67978730810418797 0
-0.15899966805226379 0.53410546075300014 0
-0.17667096525967119 0.36789824007486793 0
-0.18755289635036823 0.18755289635036848 0
-0.19122727481519664 1.4293157293612984e-16 0
-0.18755289635036826 -0.18755289635036818 0
-0.17667096525967124 -0.36789824007486766 0
-0.15899966805226384 -0.53410546075299992 0
-0.13521810276964907 -0.67978730810418775 0
-0.10624018162878233 -0.79934531043404589 0
-0.073179509888101762 -0.88818492076193833 0
-0.037306590621963391 -0.94289208268479163 0
2.3225316557404064e-18 -0.98019867330675514 0
1.3249228104026105e-17 -0.96136443065004018 0
3.539370621563882e-17 -0.90558549206282846 0
6.0852368559058595e-17 -0.81500541087383693 0
7.2982487711560847e-17 -0.69310512880526398 0
7.6418242555552276e-17 -0.5445692053345389 0
8.6230249591338154e-17 -0.37510579270073641 0
9.8384216224445641e-17 -0.19122727481519664 0
1.0217750087387242e-16 -8.9670716755957751e-17 0
1.0210266829630708e-16 0.19122727481519641 0
1.0100031130021715e-16 0.37510579270073613 0
8.9434117167285714e-17 0.54456920533453868 0
6.7681086893099882e-17 0.69310512880526376 0
4.8994989461330728e-17 0.81500541087383671 0
3.5625295020000516e-17 0.90558549206282823 0
1.6431916121324596e-17 0.96136443065004018 0
-9.3129204615342201e-18 0.98019867330675492 0
-2.5683373116537524e-17 0.96136443065004018 0
-2.8713796989667067e-17 0.90558549206282846 0
-4.1792212459300169e-17 0.81500541087383693 0
-7.486893897978599e-17 0.69310512880526398 0
-9.5876525099622681e-17 0.5445692053345389 0
-8.6453415479595105e-17 0.37510579270073657 0
-8.2326012543774719e-17 0.19122727481519691 0
-1.0625337207100922e-16 1.7619667088759083e-16 0
-1.2205553990911701e-16 -0.19122727481519658 0
-1.0400375843132926e-16 -0.3751057927007363 0
-8.0566581281765316e-17 -0.54456920533453868 0
-7.3737438531914765e-17 -0.69310512880526376 0
-6.4388292636066633e-17 -0.81500541087383671 0
-3.8334551170186454e-17 -0.90558549206282823 0
-1.1444232296700598e-17 -0.96136443065004018 0
2.7762574984615461e-17 -0.96136443065004029 0
-0.037306590621963301 -0.94289208268479163 0
-0.073179509888101624 -0.88818492076193856 0
-0.10624018162878215 -0.79934531043404611 0
-0.13521810276964888 -0.67978730810418797 0
-0.15899966805226365 -0.53410546075300014 0
-0.17667096525967105 -0.36789824007486777 0
-0.18755289635036804 -0.18755289635036823 0
-0.19122727481519644 -8.5081812523140335e-17 0
-0.18755289635036804 0.18755289635036801 0
-0.17667096525967105 0.36789824007486749 0
-0.15899966805226368 0.53410546075299992 0
-0.13521810276964893 0.67978730810418775 0
-0.10624018162878224 0.79934531043404589 0
-0.073179509888101707 0.88818492076193845 0
-0.037306590621963356 0.94289208268479163 0
-3.442396868817389e-17 0.96136443065004007 0
0.037306590621963301 0.94289208268479163 0
0.073179509888101651 0.88818492076193845 0
0.10624018162878218 0.79934531043404611 0
0.13521810276964888 0.67978730810418797 0
0.15899966805226362 0.53410546075300014 0
0.17667096525967105 0.36789824007486793 0
0.18755289635036804 0.18755289635036851 0
0.19122727481519644 1.9864324208086784e-16 0
0.18755289635036804 -0.18755289635036818 0
0.17667096525967105 -0.36789824007486766 0
0.15899966805226365 -0.53410546075299992 0
0.13521810276964893 -0.67978730810418775 0
0.10624018162878221 -0.79934531043404589 0
0.073179509888101679 -0.88818492076193833 0
0.037306590621963356 -0.94289208268479163 0
5.7989436026641242e-17 -0.90558549206282857 0
-0.073179509888101624 -0.88818492076193867 0
-0.1435467722507455 -0.83665190105600962 0
-0.20839761265775056 -0.75296681799228971 0
-0.26523984968104586 -0.6403456423817826 0
-0.31188906802932004 -0.50311634284451678 0
-0.34655256440263177 -0.34655256440263205 0
-0.36789824007486754 -0.17667096525967127 0
-0.37510579270073618 -6.974888975690926e-17 0
-0.36789824007486754 0.17667096525967108 0
-0.34655256440263177 0.34655256440263188 0
-0.31188906802932009 0.50311634284451656 0
-0.26523984968104597 0.64034564238178238 0
-0.20839761265775061 0.75296681799228948 0
-0.14354677225074558 0.83665190105600951 0
-0.073179509888101721 0.88818492076193867 0
-4.9231399036362118e-17 0.90558549206282835 0
0.073179509888101638 0.88818492076193867 0
0.14354677225074552 0.83665190105600951 0
0.20839761265775056 0.75296681799228971 0
0.26523984968104586 0.6403456423817826 0
0.31188906802931998 0.50311634284451678 0
0.34655256440263177 0.34655256440263221 0
0.36789824007486754 0.17667096525967152 0
0.37510579270073618 2.0765370363980846e-16 0
0.36789824007486754 -0.17667096525967121 0
0.34655256440263177 -0.34655256440263205 0
0.31188906802932004 -0.50311634284451656 0
0.26523984968104597 -0.64034564238178238 0
0.20839761265775061 -0.75296681799228948 0
0.14354677225074561 -0.83665190105600939 0
0.073179509888101735 -0.88818492076193867 0
8.2635339202411124e-17 -0.81500541087383704 0
-0.10624018162878215 -0.79934531043404622 0
-0.20839761265775059 -0.75296681799228959 0
-0.3025464403030092 -0.67765223300374589 0
-0.38506857791742166 -0.57629585273261863 0
-0.45279274603141395 -0.45279274603141417 0
-0.50311634284451656 -0.3118890680293202 0
-0.53410546075299992 -0.15899966805226387 0
-0.54456920533453868 -5.7900386769903013e-17 0
-0.53410546075299992 0.1589996680522637 0
-0.50311634284451656 0.31188906802932004 0
-0.45279274603141406 0.45279274603141401 0
-0.38506857791742177 0.57629585273261841 0
-0.30254644030300931 0.67765223300374566 0
-0.20839761265775064 0.75296681799228959 0
-0.10624018162878227 0.79934531043404622 0
-6.0604364365439848e-17 0.81500541087383682 0
0.10624018162878215 0.79934531043404622 0
0.20839761265775053 0.75296681799228959 0
0.3025464403030092 0.67765223300374589 0
0.38506857791742166 0.57629585273261863 0
0.45279274603141395 0.45279274603141423 0
0.50311634284451656 0.31188906802932037 0
0.53410546075299992 0.15899966805226409 0
0.54456920533453868 1.9903277935027285e-16 0
0.53410546075299992 -0.15899966805226382 0
0.50311634284451656 -0.3118890680293202 0
0.45279274603141406 -0.45279274603141406 0
0.38506857791742177 -0.57629585273261841 0
0.30254644030300931 -0.67765223300374566 0
0.2083976126577507 -0.75296681799228959 0
0.10624018162878232 -0.79934531043404622 0
9.788844433132963e-17 -0.69310512880526398 0
-0.13521810276964891 -0.67978730810418797 0
-0.26523984968104591 -0.64034564238178249 0
-0.38506857791742177 -0.57629585273261863 0
-0.49009933665337746 -0.49009933665337774 0
-0.5762958527326183 -0.38506857791742194 0
-0.64034564238178227 -0.26523984968104608 0
-0.67978730810418775 -0.13521810276964907 0
-0.69310512880526376 -5.705231535102295e-17 0
-0.67978730810418775 0.13521810276964893 0
-0.64034564238178227 0.26523984968104597 0
-0.5762958527326183 0.38506857791742183 0
-0.49009933665337757 0.49009933665337757 0
-0.38506857791742177 0.57629585273261841 0
-0.26523984968104602 0.64034564238178249 0
-0.13521810276964902 0.67978730810418797 0
-8.5422843042245924e-17 0.69310512880526398 0
0.13521810276964885 0.67978730810418797 0
0.2652398496810458 0.64034564238178249 0
0.38506857791742166 0.57629585273261863 0
0.49009933665337746 0.49009933665337779 0
0.5762958527326183 0.38506857791742194 0
0.64034564238178227 0.26523984968104619 0
0.67978730810418775 0.13521810276964927 0
0.69310512880526376 1.7609628569699696e-16 0
0.67978730810418775 -0.13521810276964902 0
0.64034564238178227 -0.26523984968104608 0
0.5762958527326183 -0.38506857791742183 0
0.49009933665337757 -0.49009933665337763 0
0.38506857791742188 -0.57629585273261841 0
0.26523984968104614 -0.64034564238178249 0
0.13521810276964907 -0.67978730810418797 0
1.0681423262457423e-16 -0.5445692053345389 0
-0.15899966805226362 -0.53410546075300014 0
-0.31188906802931998 -0.50311634284451667 0
-0.45279274603141395 -0.45279274603141428 0
-0.5762958527326183 -0.38506857791742194 0
-0.67765223300374555 -0.30254644030300942 0
-0.75296681799228948 -0.20839761265775072 0
-0.799345310434046 -0.10624018162878233 0
-0.81500541087383671 -5.3777184595398613e-17 0
-0.799345310434046 0.10624018162878221 0
-0.75296681799228948 0.20839761265775059 0
-0.67765223300374555 0.30254644030300931 0
-0.57629585273261852 0.38506857791742183 0
-0.45279274603141417 0.45279274603141417 0
-0.3118890680293202 0.50311634284451667 0
-0.15899966805226384 0.53410546075300014 0
-1.1332015714415296e-16 0.5445692053345389 0
0.15899966805226362 0.53410546075300014 0
0.31188906802931998 0.50311634284451667 0
0.45279274603141395 0.45279274603141428 0
0.5762958527326183 0.38506857791742194 0
0.67765223300374555 0.30254644030300942 0
0.75296681799228948 0.20839761265775075 0
0.799345310434046 0.10624018162878246 0
0.81500541087383671 1.4309273995536097e-16 0
0.799345310434046 -0.10624018162878228 0
0.75296681799228948 -0.20839761265775072 0
0.67765223300374555 -0.30254644030300931 0
0.57629585273261852 -0.38506857791742183 0
0.45279274603141417 -0.45279274603141417 0
0.3118890680293202 -0.50311634284451667 0
0.15899966805226384 -0.53410546075300014 0
1.4320905489883659e-16 -0.37510579270073646 0
-0.17667096525967102 -0.36789824007486782 0
-0.34655256440263182 -0.34655256440263205 0
-0.50311634284451656 -0.31188906802932026 0
-0.64034564238178227 -0.26523984968104619 0
-0.75296681799228948 -0.20839761265775078 0
-0.83665190105600928 -0.14354677225074569 0
-0.88818492076193845 -0.073179509888101762 0
-0.90558549206282835 -4.0447619837670292e-17 0
-0.88818492076193856 0.073179509888101679 0
-0.83665190105600939 0.14354677225074555 0
-0.75296681799228971 0.20839761265775072 0
-0.64034564238178249 0.26523984968104614 0
-0.50311634284451678 0.3118890680293202 0
-0.3465525644026321 0.34655256440263199 0
-0.1766709652596713 0.36789824007486782 0
-1.5051800698056228e-16 0.37510579270073646 0
0.17667096525967102 0.36789824007486782 0
0.34655256440263177 0.3465525644026321 0
0.50311634284451656 0.31188906802932032 0
0.64034564238178227 0.26523984968104614 0
0.75296681799228948 0.20839761265775078 0
0.83665190105600939 0.14354677225074572 0
0.88818492076193856 0.073179509888101874 0
0.90558549206282835 9.6005521429674028e-17 0
0.88818492076193867 -0.073179509888101735 0
0.83665190105600951 -0.14354677225074569 0
0.75296681799228971 -0.20839761265775072 0
0.64034564238178249 -0.26523984968104608 0
0.50311634284451678 -0.31188906802932026 0
0.34655256440263205 -0.34655256440263205 0
0.1766709652596713 -0.36789824007486782 0
1.3043477125571817e-16 -0.19122727481519669 0
-0.18755289635036801 -0.18755289635036829 0
-0.3678982400748676 -0.17667096525967127 0
-0.53410546075299992 -0.15899966805226387 0
-0.67978730810418775 -0.1352181027696491 0
-0.79934531043404589 -0.10624018162878235 0
-0.88818492076193833 -0.073179509888101776 0
-0.94289208268479152 -0.037306590621963398 0
-0.96136443065004018 -2.2650505845355777e-17 0
-0.94289208268479163 0.037306590621963343 0
-0.88818492076193856 0.073179509888101721 0
-0.79934531043404611 0.10624018162878231 0
-0.67978730810418797 0.13521810276964907 0
-0.53410546075300014 0.15899966805226384 0
-0.36789824007486782 0.17667096525967124 0
-0.18755289635036826 0.18755289635036829 0
-1.2461400517504369e-16 0.19122727481519669 0
0.18755289635036804 0.18755289635036829 0
0.3678982400748676 0.1766709652596713 0
0.53410546075299992 0.1589996680522639 0
0.67978730810418775 0.13521810276964907 0
0.79934531043404589 0.10624018162878233 0
0.88818492076193833 0.073179509888101804 0
0.94289208268479163 0.037306590621963454 0
0.96136443065004018 4.3768602704609231e-17 0
0.94289208268479174 -0.03730659062196337 0
0.88818492076193856 -0.073179509888101749 0
0.79934531043404611 -0.10624018162878229 0
0.67978730810418797 -0.13521810276964905 0
0.53410546075300014 -0.15899966805226387 0
0.36789824007486782 -0.17667096525967127 0
0.18755289635036829 -0.18755289635036829 0
1.4895595906556613e-16 -1.2986305286840265e-16 0
-0.19122727481519639 -1.2657113098909776e-16 0
-0.37510579270073618 -1.2278269420489763e-16 0
-0.54456920533453868 -1.1795298025305879e-16 0
-0.69310512880526365 -9.9977502239993029e-17 0
-0.8150054108738366 -7.1212788783333212e-17 0
-0.90558549206282812 -4.7388040905715543e-17 0
-0.96136443065003996 -2.7533039654193792e-17 0
-0.98019867330675492 -2.9389300305331924e-18 0
-0.96136443065004007 2.7470291495189863e-17 0
-0.90558549206282823 6.0671429850233151e-17 0
-0.81500541087383682 8.2442721107623751e-17 0
-0.69310512880526387 8.4871659420085751e-17 0
-0.5445692053345389 9.1522850699826327e-17 0
-0.37510579270073641 1.1504004884452837e-16 0
-0.19122727481519666 1.3101487489440085e-16 0
-1.349945967993147e-16 1.3437946810704291e-16 0
0.19122727481519639 1.4382316924216638e-16 0
0.37510579270073618 1.463387457127225e-16 0
0.54456920533453868 1.2377158296455444e-16 0
0.69310512880526365 9.4391568180338425e-17 0
0.8150054108738366 7.000624030646492e-17 0
0.90558549206282823 4.1614080568821103e-17 0
0.96136443065004007 1.6528192680305699e-17 0
0.98019867330675492 1.6012689112330359e-18 0
0.96136443065004018 -1.6030097504455964e-17 0
0.90558549206282835 -3.9046959104097289e-17 0
0.81500541087383682 -6.3812977739423256e-17 0
0.69310512880526387 -9.7112887322793947e-17 0
0.5445692053345389 -1.2866122343784005e-16 0
0.37510579270073641 -1.3788450177612838e-16 0
0.19122727481519666 -1.3289198388668579e-16 0
1.5563039310721578e-16 0.19122727481519644 0
-0.18755289635036801 0.18755289635036804 0
-0.3678982400748676 0.17667096525967105 0
-0.53410546075299992 0.15899966805226365 0
-0.67978730810418775 0.13521810276964891 0
-0.79934531043404589 0.10624018162878218 0
-0.88818492076193833 0.073179509888101665 0
-0.94289208268479152 0.037306590621963343 0
-0.96136443065004018 1.8973300390102694e-17 0
-0.94289208268479163 -0.03730659062196328 0
-0.88818492076193845 -0.073179509888101596 0
-0.79934531043404611 -0.10624018162878214 0
-0.67978730810418797 -0.13521810276964888 0
-0.53410546075300014 -0.15899966805226362 0
-0.36789824007486782 -0.17667096525967102 0
-0.18755289635036829 -0.18755289635036801 0
-1.3756195021202886e-16 -0.19122727481519639 0
0.18755289635036801 -0.18755289635036801 0
0.3678982400748676 -0.17667096525967102 0
0.53410546075299992 -0.15899966805226362 0
0.67978730810418775 -0.13521810276964888 0
0.79934531043404589 -0.1062401816287822 0
0.88818492076193845 -0.073179509888101679 0
0.94289208268479163 -0.037306590621963391 0
0.96136443065004018 -4.2929848313892274e-17 0
0.94289208268479174 0.037306590621963329 0
0.88818492076193856 0.073179509888101665 0
0.79934531043404611 0.10624018162878215 0
0.67978730810418797 0.13521810276964885 0
0.53410546075300014 0.15899966805226359 0
0.36789824007486782 0.17667096525967099 0
0.18755289635036829 0.18755289635036798 0
1.1383289679808829e-16 0.37510579270073624 0
-0.17667096525967105 0.3678982400748676 0
-0.34655256440263182 0.34655256440263188 0
-0.50311634284451656 0.31188906802932009 0
-0.64034564238178227 0.26523984968104602 0
-0.75296681799228959 0.20839761265775061 0
-0.83665190105600939 0.14354677225074561 0
-0.88818492076193856 0.073179509888101721 0
-0.90558549206282835 3.8290374746866765e-17 0
-0.88818492076193856 -0.073179509888101638 0
-0.83665190105600939 -0.1435467722507455 0
-0.75296681799228959 -0.20839761265775053 0
-0.64034564238178249 -0.26523984968104591 0
-0.50311634284451678 -0.31188906802931998 0
-0.34655256440263205 -0.34655256440263182 0
-0.17667096525967124 -0.3678982400748676 0
-9.3713260100783492e-17 -0.37510579270073624 0
0.17667096525967108 -0.3678982400748676 0
0.34655256440263182 -0.34655256440263182 0
0.50311634284451656 -0.31188906802932009 0
0.64034564238178227 -0.26523984968104602 0
0.75296681799228959 -0.20839761265775064 0
0.83665190105600939 -0.14354677225074561 0
0.88818492076193856 -0.073179509888101832 0
0.90558549206282835 -1.0541082022754037e-16 0
0.88818492076193856 0.073179509888101693 0
0.83665190105600939 0.14354677225074561 0
0.75296681799228959 0.20839761265775056 0
0.64034564238178249 0.26523984968104591 0
0.50311634284451678 0.31188906802931998 0
0.34655256440263205 0.34655256440263177 0
0.17667096525967127 0.3678982400748676 0
1.1904620485511189e-16 0.54456920533453868 0
-0.15899966805226368 0.53410546075299992 0
-0.31188906802932009 0.50311634284451656 0
-0.45279274603141406 0.45279274603141406 0
-0.57629585273261841 0.38506857791742177 0
-0.67765223300374566 0.30254644030300931 0
-0.75296681799228948 0.20839761265775064 0
-0.79934531043404622 0.10624018162878227 0
-0.81500541087383693 4.7259282597799606e-17 0
-0.79934531043404622 -0.10624018162878215 0
-0.75296681799228959 -0.2083976126577505 0
-0.67765223300374589 -0.3025464403030092 0
-0.57629585273261863 -0.38506857791742166 0
-0.45279274603141428 -0.45279274603141395 0
-0.31188906802932032 -0.50311634284451656 0
-0.1589996680522639 -0.53410546075299992 0
-1.0644303654469751e-16 -0.54456920533453868 0
0.15899966805226368 -0.53410546075299992 0
0.31188906802932009 -0.50311634284451656 0
0.45279274603141406 -0.45279274603141406 0
0.57629585273261841 -0.38506857791742177 0
0.67765223300374566 -0.30254644030300931 0
0.75296681799228959 -0.20839761265775067 0
0.79934531043404622 -0.10624018162878243 0
0.81500541087383693 -1.662025231462287e-16 0
0.79934531043404622 0.10624018162878221 0
0.75296681799228971 0.20839761265775064 0
0.67765223300374589 0.3025464403030092 0
0.57629585273261863 0.38506857791742166 0
0.45279274603141428 0.45279274603141395 0
0.31188906802932032 0.50311634284451656 0
0.1589996680522639 0.53410546075299992 0
1.0212198394664401e-16 0.69310512880526376 0
-0.13521810276964891 0.67978730810418775 0
-0.26523984968104597 0.64034564238178227 0
-0.38506857791742177 0.57629585273261841 0
-0.49009933665337763 0.49009933665337757 0
-0.57629585273261841 0.38506857791742183 0
-0.64034564238178238 0.26523984968104597 0
-0.67978730810418797 0.13521810276964902 0
-0.69310512880526398 4.7516284719011292e-17 0
-0.67978730810418797 -0.13521810276964888 0
-0.64034564238178249 -0.26523984968104586 0
-0.57629585273261852 -0.38506857791742172 0
-0.49009933665337774 -0.49009933665337746 0
-0.38506857791742194 -0.5762958527326183 0
-0.26523984968104614 -0.64034564238178227 0
-0.1352181027696491 -0.67978730810418775 0
-9.9150768403241143e-17 -0.69310512880526376 0
0.13521810276964893 -0.67978730810418775 0
0.26523984968104602 -0.64034564238178227 0
0.38506857791742183 -0.5762958527326183 0
0.49009933665337763 -0.49009933665337757 0
0.57629585273261852 -0.38506857791742183 0
0.64034564238178249 -0.26523984968104608 0
0.67978730810418797 -0.13521810276964921 0
0.69310512880526398 -1.9875292849605457e-16 0
0.67978730810418797 0.13521810276964896 0
0.6403456423817826 0.26523984968104597 0
0.57629585273261863 0.38506857791742172 0
0.49009933665337774 0.49009933665337746 0
0.38506857791742199 0.57629585273261819 0
0.26523984968104619 0.64034564238178227 0
0.13521810276964913 0.67978730810418775 0
8.4344181060267149e-17 0.81500541087383671 0
-0.10624018162878222 0.799345310434046 0
-0.20839761265775061 0.75296681799228948 0
-0.30254644030300931 0.67765223300374566 0
-0.38506857791742183 0.57629585273261852 0
-0.45279274603141417 0.45279274603141406 0
-0.50311634284451667 0.31188906802932009 0
-0.53410546075300014 0.15899966805226379 0
-0.5445692053345389 5.782659985320778e-17 0
-0.53410546075300014 -0.15899966805226362 0
-0.50311634284451667 -0.31188906802931993 0
-0.45279274603141428 -0.4527927460314139 0
-0.38506857791742194 -0.5762958527326183 0
-0.30254644030300942 -0.67765223300374544 0
-0.20839761265775075 -0.75296681799228948 0
-0.10624018162878236 -0.799345310434046 0
-8.186332164694923e-17 -0.81500541087383671 0
0.1062401816287822 -0.799345310434046 0
0.20839761265775064 -0.75296681799228948 0
0.30254644030300931 -0.67765223300374566 0
0.38506857791742183 -0.57629585273261852 0
0.45279274603141417 -0.45279274603141412 0
0.50311634284451667 -0.31188906802932026 0
0.53410546075300014 -0.15899966805226401 0
0.5445692053345389 -1.9978510098193016e-16 0
0.53410546075300014 0.15899966805226373 0
0.50311634284451667 0.31188906802932009 0
0.45279274603141428 0.45279274603141395 0
0.38506857791742194 0.5762958527326183 0
0.30254644030300942 0.67765223300374544 0
0.20839761265775078 0.75296681799228948 0
0.10624018162878239 0.799345310434046 0
5.3976369167667008e-17 0.90558549206282823 0
-0.073179509888101707 0.88818492076193845 0
-0.14354677225074569 0.83665190105600939 0
-0.20839761265775075 0.75296681799228959 0
-0.26523984968104614 0.64034564238178238 0
-0.31188906802932026 0.50311634284451667 0
-0.34655256440263221 0.34655256440263188 0
-0.36789824007486799 0.17667096525967121 0
-0.37510579270073663 8.6222655287380587e-17 0
-0.36789824007486799 -0.17667096525967102 0
-0.34655256440263221 -0.34655256440263166 0
-0.31188906802932048 -0.50311634284451645 0
-0.26523984968104636 -0.64034564238178215 0
-0.20839761265775092 -0.75296681799228937 0
-0.1435467722507458 -0.83665190105600928 0
-0.073179509888101818 -0.88818492076193845 0
-5.1975899577735547e-17 -0.90558549206282823 0
0.073179509888101707 -0.88818492076193845 0
0.14354677225074569 -0.83665190105600928 0
0.20839761265775081 -0.75296681799228959 0
0.26523984968104625 -0.64034564238178238 0
0.31188906802932037 -0.50311634284451667 0
0.34655256440263221 -0.3465525644026321 0
0.36789824007486799 -0.17667096525967146 0
0.37510579270073663 -1.8197172129417008e-16 0
0.36789824007486799 0.17667096525967116 0
0.34655256440263221 0.34655256440263188 0
0.31188906802932037 0.50311634284451645 0
0.26523984968104625 0.64034564238178215 0
0.20839761265775086 0.75296681799228937 0
0.1435467722507458 0.83665190105600917 0
0.073179509888101818 0.88818492076193845 0
1.7768525519493845e-17 0.96136443065004018 0
-0.037306590621963398 0.94289208268479163 0
-0.073179509888101804 0.88818492076193856 0
-0.10624018162878242 0.79934531043404611 0
-0.13521810276964918 0.67978730810418797 0
-0.15899966805226406 0.53410546075300014 0
-0.17667096525967146 0.36789824007486777 0
-0.18755289635036848 0.18755289635036823 0
-0.19122727481519688 1.0394632539054843e-16 0
-0.18755289635036848 -0.18755289635036801 0
-0.17667096525967146 -0.36789824007486749 0
-0.15899966805226404 -0.53410546075299992 0
-0.13521810276964924 -0.67978730810418775 0
-0.10624018162878245 -0.79934531043404589 0
-0.073179509888101832 -0.88818492076193845 0
-0.037306590621963433 -0.94289208268479163 0
-2.2245458562628503e-17 -0.96136443065004018 0
0.037306590621963377 -0.94289208268479163 0
0.073179509888101776 -0.88818492076193845 0
0.10624018162878239 -0.79934531043404611 0
0.13521810276964918 -0.67978730810418797 0
0.15899966805226398 -0.53410546075300014 0
0.17667096525967146 -0.36789824007486793 0
0.18755289635036848 -0.18755289635036851 0
0.19122727481519688 -1.6994273422855286e-16 0
0.18755289635036848 0.18755289635036818 0
0.17667096525967146 0.36789824007486766 0
0.15899966805226406 0.53410546075299992 0
0.13521810276964924 0.67978730810418775 0
0.10624018162878247 0.79934531043404589 0
0.07317950988810186 0.88818492076193833 0
0.03730659062196344 0.94289208268479163 0
-1.0866573381683663e-17 0.98019867330675514 0
-5.2592635389802478e-17 0.96136443065004018 0
-9.5350655649551722e-17 0.90558549206282846 0
-1.35102584534206e-16 0.81500541087383693 0
-1.6405471184757741e-16 0.69310512880526398 0
-1.8246463743010371e-16 0.5445692053345389 0
-1.8907967125297969e-16 0.37510579270073646 0
-1.8230720231856747e-16 0.19122727481519664 0
-1.6450053253896639e-16 8.995098629320301e-17 0
-1.3538568728341997e-16 -0.19122727481519641 0
-9.7827980072572058e-17 -0.37510579270073618 0
-6.521596555835458e-17 -0.54456920533453868 0
-4.6921454197588563e-17 -0.69310512880526376 0
-3.7425979769914692e-17 -0.81500541087383671 0
-2.6372555828385043e-17 -0.90558549206282835 0
-1.0592817104052282e-17 -0.96136443065004018 0
3.8909863403013544e-18 -0.98019867330675492 0
1.2427750218841504e-17 -0.96136443065004018 0
2.0477166232449411e-17 -0.90558549206282835 0
3.1594974429752404e-17 -0.81500541087383693 0
4.3427141947299479e-17 -0.69310512880526398 0
6.5487254901022541e-17 -0.5445692053345389 0
1.0660921277414788e-16 -0.37510579270073663 0
1.4616279935178311e-16 -0.19122727481519691 0
1.6220719841355816e-16 -1.7524329599482671e-16 0
1.675764996452238e-16 0.19122727481519658 0
1.7799453242061474e-16 0.37510579270073635 0
1.8334659959179915e-16 0.54456920533453868 0
1.7301340448012058e-16 0.69310512880526376 0
1.4572325770826989e-16 0.81500541087383671 0
9.8404295968151471e-17 0.90558549206282823 0
3.9818177349067287e-17 0.96136443065004018 0
-3.3006419511836623e-17 0.96136443065004029 0
0.037306590621963329 0.94289208268479174 0
0.073179509888101679 0.88818492076193856 0
0.10624018162878222 0.79934531043404611 0
0.13521810276964899 0.67978730810418797 0
0.15899966805226376 0.53410546075300014 0
0.17667096525967116 0.36789824007486782 0
0.18755289635036815 0.1875528963503682 0
0.19122727481519658 7.2136681038310094e-17 0
0.18755289635036818 -0.18755289635036806 0
0.17667096525967119 -0.36789824007486754 0
0.15899966805226379 -0.53410546075299992 0
0.13521810276964905 -0.67978730810418775 0
0.10624018162878227 -0.79934531043404589 0
0.073179509888101735 -0.88818492076193845 0
0.037306590621963377 -0.94289208268479152 0
2.5284058747371202e-17 -0.96136443065004007 0
-0.037306590621963336 -0.94289208268479152 0
-0.073179509888101679 -0.88818492076193845 0
-0.10624018162878224 -0.79934531043404611 0
-0.13521810276964899 -0.67978730810418797 0
-0.15899966805226373 -0.53410546075300014 0
-0.17667096525967113 -0.36789824007486799 0
-0.18755289635036818 -0.18755289635036851 0
-0.19122727481519658 -1.6882577333531436e-16 0
-0.1875528963503682 0.18755289635036815 0
-0.17667096525967116 0.36789824007486771 0
-0.15899966805226376 0.53410546075299992 0
-0.13521810276964905 0.67978730810418775 0
-0.10624018162878228 0.79934531043404589 0
-0.073179509888101735 0.88818492076193833 0
-0.037306590621963384 0.94289208268479174 0
-5.7509098210376862e-17 0.90558549206282846 0
0.073179509888101679 0.88818492076193856 0
0.14354677225074561 0.83665190105600951 0
0.2083976126577507 0.75296681799228971 0
0.26523984968104608 0.64034564238178249 0
0.3118890680293202 0.50311634284451678 0
0.34655256440263199 0.34655256440263205 0
0.36789824007486771 0.17667096525967124 0
0.37510579270073635 7.4896512497048249e-17 0
0.36789824007486771 -0.17667096525967105 0
0.34655256440263194 -0.34655256440263177 0
0.31188906802932015 -0.50311634284451656 0
0.26523984968104608 -0.64034564238178227 0
0.2083976126577507 -0.75296681799228948 0
0.14354677225074566 -0.83665190105600939 0
0.073179509888101749 -0.88818492076193856 0
4.0896094581782763e-17 -0.90558549206282823 0
-0.073179509888101665 -0.88818492076193856 0
-0.14354677225074555 -0.83665190105600939 0
-0.20839761265775059 -0.75296681799228971 0
-0.26523984968104597 -0.64034564238178249 0
-0.31188906802932004 -0.50311634284451678 0
-0.34655256440263182 -0.34655256440263221 0
-0.36789824007486771 -0.17667096525967149 0
-0.37510579270073635 -1.3111027167549025e-16 0
-0.36789824007486771 0.17667096525967119 0
-0.34655256440263199 0.34655256440263194 0
-0.3118890680293202 0.50311634284451656 0
-0.26523984968104619 0.64034564238178227 0
-0.20839761265775081 0.75296681799228948 0
-0.14354677225074572 0.83665190105600928 0
-0.07317950988810179 0.88818492076193856 0
-8.486014150648629e-17 0.81500541087383693 0
0.10624018162878215 0.79934531043404622 0
0.20839761265775059 0.75296681799228959 0
0.3025464403030092 0.67765223300374589 0
0.38506857791742166 0.57629585273261863 0
0.45279274603141395 0.45279274603141417 0
0.50311634284451656 0.31188906802932026 0
0.53410546075299992 0.15899966805226387 0
0.54456920533453868 7.7298746996120863e-17 0
0.53410546075299992 -0.1589996680522637 0
0.50311634284451656 -0.31188906802932004 0
0.45279274603141406 -0.45279274603141401 0
0.38506857791742177 -0.57629585273261841 0
0.30254644030300931 -0.67765223300374566 0
0.20839761265775064 -0.75296681799228959 0
0.10624018162878228 -0.79934531043404622 0
6.2870353517742879e-17 -0.81500541087383693 0
-0.10624018162878214 -0.79934531043404622 0
-0.20839761265775053 -0.75296681799228959 0
-0.3025464403030092 -0.67765223300374589 0
-0.38506857791742166 -0.57629585273261863 0
-0.45279274603141395 -0.45279274603141423 0
-0.50311634284451656 -0.31188906802932037 0
-0.53410546075299992 -0.15899966805226409 0
-0.54456920533453868 -9.3984032662976385e-17 0
-0.53410546075299992 0.15899966805226382 0
-0.50311634284451656 0.31188906802932015 0
-0.45279274603141406 0.45279274603141406 0
-0.38506857791742177 0.57629585273261841 0
-0.30254644030300931 0.67765223300374566 0
-0.2083976126577507 0.75296681799228959 0
-0.10624018162878232 0.79934531043404622 0
-1.0585257224102696e-16 0.69310512880526398 0
0.13521810276964885 0.67978730810418797 0
0.26523984968104586 0.64034564238178249 0
0.38506857791742172 0.57629585273261852 0
0.49009933665337746 0.49009933665337774 0
0.57629585273261819 0.38506857791742194 0
0.64034564238178227 0.26523984968104614 0
0.67978730810418775 0.13521810276964907 0
0.69310512880526376 6.2435386280904577e-17 0
0.67978730810418775 -0.13521810276964896 0
0.64034564238178227 -0.26523984968104591 0
0.5762958527326183 -0.38506857791742177 0
0.49009933665337757 -0.49009933665337763 0
0.38506857791742183 -0.57629585273261841 0
0.26523984968104608 -0.64034564238178249 0
0.13521810276964907 -0.67978730810418797 0
9.6899121264204271e-17 -0.69310512880526398 0
-0.13521810276964885 -0.67978730810418797 0
-0.26523984968104586 -0.64034564238178249 0
-0.38506857791742172 -0.57629585273261863 0
-0.49009933665337746 -0.49009933665337774 0
-0.5762958527326183 -0.38506857791742199 0
-0.64034564238178227 -0.26523984968104625 0
-0.67978730810418775 -0.13521810276964924 0
-0.69310512880526376 -7.7719276707562649e-17 0
-0.67978730810418775 0.13521810276964902 0
-0.64034564238178227 0.26523984968104602 0
-0.57629585273261841 0.38506857791742183 0
-0.49009933665337757 0.49009933665337763 0
-0.38506857791742183 0.57629585273261852 0
-0.26523984968104608 0.64034564238178249 0
-0.13521810276964907 0.67978730810418797 0
-1.1342855081437276e-16 0.5445692053345389 0
0.15899966805226362 0.53410546075300014 0
0.31188906802931998 0.50311634284451667 0
0.45279274603141395 0.45279274603141428 0
0.5762958527326183 0.38506857791742194 0
0.67765223300374544 0.30254644030300942 0
0.75296681799228948 0.20839761265775075 0
0.799345310434046 0.10624018162878232 0
0.81500541087383671 4.4730842916943062e-17 0
0.799345310434046 -0.10624018162878222 0
0.75296681799228948 -0.20839761265775061 0
0.67765223300374555 -0.30254644030300926 0
0.57629585273261852 -0.38506857791742183 0
0.45279274603141417 -0.45279274603141417 0
0.3118890680293202 -0.50311634284451667 0
0.15899966805226384 -0.53410546075300014 0
1.2315888686154257e-16 -0.5445692053345389 0
-0.15899966805226362 -0.53410546075300014 0
-0.31188906802931998 -0.50311634284451667 0
-0.45279274603141395 -0.45279274603141428 0
-0.5762958527326183 -0.38506857791742194 0
-0.67765223300374555 -0.30254644030300948 0
-0.75296681799228948 -0.20839761265775084 0
-0.799345310434046 -0.10624018162878245 0
-0.81500541087383671 -5.6864768434285064e-17 0
-0.799345310434046 0.10624018162878229 0
-0.75296681799228948 0.2083976126577507 0
-0.67765223300374566 0.30254644030300931 0
-0.57629585273261852 0.38506857791742183 0
-0.45279274603141417 0.45279274603141417 0
-0.3118890680293202 0.50311634284451667 0
-0.15899966805226384 0.53410546075300014 0
-1.4444633896675771e-16 0.37510579270073646 0
0.17667096525967099 0.36789824007486782 0
0.34655256440263171 0.34655256440263205 0
0.50311634284451645 0.31188906802932026 0
0.64034564238178215 0.26523984968104619 0
0.75296681799228937 0.20839761265775081 0
0.83665190105600928 0.14354677225074569 0
0.88818492076193845 0.073179509888101776 0
0.90558549206282823 3.172819149047486e-17 0
0.88818492076193845 -0.073179509888101693 0
0.83665190105600928 -0.14354677225074558 0
0.75296681799228959 -0.2083976126577507 0
0.64034564238178238 -0.26523984968104608 0
0.50311634284451667 -0.31188906802932026 0
0.34655256440263205 -0.34655256440263205 0
0.1766709652596713 -0.36789824007486782 0
1.5662050733734199e-16 -0.37510579270073646 0
-0.17667096525967096 -0.36789824007486782 0
-0.34655256440263171 -0.34655256440263205 0
-0.50311634284451645 -0.31188906802932026 0
-0.64034564238178215 -0.26523984968104619 0
-0.75296681799228937 -0.20839761265775081 0
-0.83665190105600928 -0.14354677225074575 0
-0.88818492076193845 -0.073179509888101832 0
-0.90558549206282823 -2.4836301956425656e-17 0
-0.88818492076193845 0.073179509888101749 0
-0.83665190105600928 0.14354677225074564 0
-0.75296681799228959 0.2083976126577507 0
-0.64034564238178238 0.26523984968104608 0
-0.50311634284451667 0.31188906802932026 0
-0.34655256440263205 0.34655256440263205 0
-0.17667096525967127 0.36789824007486782 0
-1.3152453681661013e-16 0.19122727481519669 0
0.18755289635036801 0.18755289635036829 0
0.36789824007486754 0.17667096525967127 0
0.53410546075299981 0.15899966805226387 0
0.67978730810418764 0.1352181027696491 0
0.79934531043404589 0.10624018162878236 0
0.88818492076193833 0.073179509888101776 0
0.94289208268479152 0.037306590621963391 0
0.96136443065004007 1.5770335981057019e-17 0
0.94289208268479152 -0.037306590621963349 0
0.88818492076193833 -0.073179509888101707 0
0.79934531043404611 -0.10624018162878231 0
0.67978730810418786 -0.13521810276964907 0
0.53410546075300003 -0.15899966805226387 0
0.36789824007486777 -0.17667096525967124 0
0.18755289635036829 -0.18755289635036826 0
1.3052029815746226e-16 -0.19122727481519669 0
-0.18755289635036801 -0.18755289635036831 0
-0.36789824007486754 -0.1766709652596713 0
-0.53410546075299981 -0.15899966805226387 0
-0.67978730810418764 -0.13521810276964907 0
-0.79934531043404589 -0.10624018162878236 0
-0.88818492076193833 -0.073179509888101818 0
-0.94289208268479152 -0.037306590621963419 0
-0.96136443065004007 -8.1639618735251689e-18 0
-0.94289208268479152 0.037306590621963377 0
-0.88818492076193833 0.073179509888101749 0
-0.79934531043404611 0.10624018162878231 0
-0.67978730810418786 0.13521810276964905 0
-0.53410546075300003 0.15899966805226387 0
-0.36789824007486777 0.17667096525967127 0
-0.18755289635036829 0.18755289635036829 0
-1.4997824092293989e-16 1.4571414943686878e-16 0
0.19122727481519644 1.3649279319660482e-16 0
0.37510579270073624 1.187705505394277e-16 0
0.54456920533453879 1.1771502147428844e-16 0
0.69310512880526387 1.1483002572294697e-16 0
0.81500541087383682 8.8318967546319952e-17 0
0.90558549206282835 5.3130816904869923e-17 0
0.96136443065004029 2.266239640909492e-17 0
0.98019867330675514 -3.1414060314130524e-18 0
0.96136443065004029 -2.5371804399158466e-17 0
0.90558549206282846 -5.5423505582672781e-17 0
0.81500541087383704 -9.2234440779822468e-17 0
0.69310512880526409 -1.0961828740287092e-16 0
0.54456920533453901 -1.0715191110185839e-16 0
0.37510579270073646 -1.1392584118312887e-16 0
0.19122727481519672 -1.3386587299317944e-16 0
1.3825923834092305e-16 -1.5242928535802711e-16 0
-0.19122727481519644 -1.6413106575123574e-16 0
-0.37510579270073624 -1.5738533691697709e-16 0
-0.54456920533453879 -1.2658624988211989e-16 0
-0.69310512880526387 -9.0858962193456961e-17 0
-0.81500541087383682 -6.1846054906460305e-17 0
-0.90558549206282846 -3.6684302857734955e-17 0
-0.96136443065004029 -2.065249635634229e-17 0
-0.98019867330675514 -8.1904729831224154e-18 0
-0.96136443065004029 1.7353334133618585e-17 0
-0.90558549206282857 4.9375978335958007e-17 0
-0.81500541087383704 7.8358604998782822e-17 0
-0.69310512880526409 1.1098392017865244e-16 0
-0.54456920533453901 1.3505982963361723e-16 0
-0.37510579270073646 1.3676566053312395e-16 0
-0.19122727481519672 1.3779264992029382e-16 0
-1.4728751328500187e-16 -0.19122727481519644 0
0.18755289635036804 -0.18755289635036804 0
0.36789824007486766 -0.17667096525967105 0
0.53410546075299992 -0.15899966805226365 0
0.67978730810418786 -0.13521810276964891 0
0.799345310434046 -0.10624018162878218 0
0.88818492076193845 -0.073179509888101665 0
0.94289208268479174 -0.037306590621963343 0
0.96136443065004029 -2.0561779964535684e-17 0
0.94289208268479174 0.037306590621963301 0
0.88818492076193856 0.073179509888101596 0
0.79934531043404622 0.10624018162878213 0
0.67978730810418808 0.13521810276964885 0
0.53410546075300014 0.15899966805226362 0
0.36789824007486788 0.17667096525967102 0
0.18755289635036831 0.18755289635036801 0
1.3610075362076767e-16 0.19122727481519639 0
-0.18755289635036804 0.18755289635036801 0
-0.36789824007486766 0.17667096525967102 0
-0.53410546075299992 0.15899966805226362 0
-0.67978730810418786 0.13521810276964891 0
-0.799345310434046 0.10624018162878221 0
-0.88818492076193856 0.073179509888101707 0
-0.94289208268479174 0.03730659062196337 0
-0.96136443065004029 1.0514074673811122e-18 0
-0.94289208268479174 -0.037306590621963329 0
-0.88818492076193867 -0.073179509888101638 0
-0.79934531043404622 -0.10624018162878215 0
-0.67978730810418808 -0.13521810276964885 0
-0.53410546075300014 -0.15899966805226359 0
-0.36789824007486788 -0.17667096525967099 0
-0.18755289635036831 -0.18755289635036798 0
-9.912500255826631e-17 -0.37510579270073624 0
0.17667096525967108 -0.3678982400748676 0
0.34655256440263188 -0.34655256440263188 0
0.50311634284451656 -0.31188906802932009 0
0.64034564238178238 -0.26523984968104602 0
0.75296681799228948 -0.20839761265775067 0
0.83665190105600951 -0.14354677225074561 0
0.88818492076193867 -0.073179509888101721 0
0.90558549206282846 -3.5211440729627518e-17 0
0.88818492076193867 0.073179509888101651 0
0.83665190105600951 0.1435467722507455 0
0.75296681799228959 0.20839761265775056 0
0.64034564238178249 0.26523984968104591 0
0.50311634284451667 0.31188906802931998 0
0.34655256440263205 0.34655256440263182 0
0.17667096525967127 0.3678982400748676 0
8.9816839521215739e-17 0.37510579270073624 0
-0.1766709652596711 0.3678982400748676 0
-0.34655256440263194 0.34655256440263182 0
-0.50311634284451667 0.31188906802932009 0
-0.64034564238178249 0.26523984968104602 0
-0.75296681799228959 0.20839761265775067 0
-0.83665190105600951 0.14354677225074566 0
-0.88818492076193867 0.073179509888101818 0
-0.90558549206282846 2.8997753159586387e-17 0
-0.88818492076193867 -0.073179509888101693 0
-0.83665190105600951 -0.14354677225074555 0
-0.75296681799228971 -0.20839761265775056 0
-0.6403456423817826 -0.26523984968104591 0
-0.50311634284451678 -0.31188906802931998 0
-0.3465525644026321 -0.34655256440263177 0
-0.1766709652596713 -0.3678982400748676 0
-1.1527252050480655e-16 -0.54456920533453868 0
0.1589996680522637 -0.53410546075299992 0
0.31188906802932009 -0.50311634284451656 0
0.45279274603141406 -0.45279274603141406 0
0.57629585273261841 -0.38506857791742177 0
0.67765223300374566 -0.30254644030300931 0
0.75296681799228959 -0.20839761265775067 0
0.79934531043404622 -0.10624018162878227 0
0.81500541087383693 -4.7252075440345818e-17 0
0.79934531043404622 0.10624018162878218 0
0.75296681799228959 0.20839761265775056 0
0.67765223300374589 0.3025464403030092 0
0.57629585273261863 0.38506857791742166 0
0.45279274603141423 0.45279274603141395 0
0.31188906802932032 0.50311634284451656 0
0.15899966805226387 0.53410546075299992 0
1.0064927849315829e-16 0.54456920533453868 0
-0.15899966805226365 0.53410546075299992 0
-0.31188906802932009 0.50311634284451656 0
-0.45279274603141412 0.45279274603141406 0
-0.57629585273261841 0.38506857791742177 0
-0.67765223300374566 0.30254644030300931 0
-0.75296681799228959 0.20839761265775078 0
-0.79934531043404622 0.10624018162878243 0
-0.81500541087383693 6.1262722528104142e-17 0
-0.79934531043404622 -0.10624018162878224 0
-0.75296681799228959 -0.20839761265775056 0
-0.67765223300374589 -0.3025464403030092 0
-0.57629585273261863 -0.38506857791742166 0
-0.45279274603141428 -0.45279274603141395 0
-0.31188906802932032 -0.50311634284451656 0
-0.15899966805226393 -0.53410546075299992 0
-1.1052848043254064e-16 -0.69310512880526376 0
0.13521810276964891 -0.67978730810418775 0
0.26523984968104597 -0.64034564238178227 0
0.38506857791742183 -0.5762958527326183 0
0.49009933665337763 -0.49009933665337757 0
0.57629585273261852 -0.38506857791742188 0
0.64034564238178249 -0.26523984968104608 0
0.67978730810418797 -0.13521810276964902 0
0.69310512880526398 -6.1547713662546537e-17 0
0.67978730810418797 0.13521810276964891 0
0.64034564238178249 0.26523984968104586 0
0.57629585273261852 0.38506857791742166 0
0.49009933665337774 0.49009933665337746 0
0.38506857791742194 0.57629585273261819 0
0.26523984968104619 0.64034564238178227 0
0.1352181027696491 0.67978730810418775 0
9.2180353965692258e-17 0.69310512880526376 0
-0.13521810276964893 0.67978730810418775 0
-0.26523984968104597 0.64034564238178227 0
-0.38506857791742183 0.57629585273261841 0
-0.49009933665337763 0.49009933665337757 0
-0.57629585273261852 0.38506857791742188 0
-0.64034564238178249 0.26523984968104619 0
-0.67978730810418797 0.13521810276964924 0
-0.69310512880526398 8.121468524278825e-17 0
-0.67978730810418797 -0.13521810276964902 0
-0.64034564238178249 -0.26523984968104597 0
-0.57629585273261852 -0.38506857791742166 0
-0.49009933665337774 -0.49009933665337746 0
-0.38506857791742194 -0.5762958527326183 0
-0.26523984968104619 -0.64034564238178227 0
-0.13521810276964913 -0.67978730810418775 0
-8.7732449147984074e-17 -0.81500541087383671 0
0.10624018162878221 -0.799345310434046 0
0.20839761265775061 -0.75296681799228959 0
0.30254644030300931 -0.67765223300374566 0
0.38506857791742183 -0.57629585273261852 0
0.45279274603141417 -0.45279274603141417 0
0.50311634284451667 -0.3118890680293202 0
0.53410546075300014 -0.15899966805226382 0
0.5445692053345389 -7.8539596672948676e-17 0
0.53410546075300014 0.15899966805226368 0
0.50311634284451667 0.31188906802931998 0
0.45279274603141428 0.45279274603141395 0
0.38506857791742194 0.5762958527326183 0
0.30254644030300942 0.67765223300374544 0
0.20839761265775075 0.75296681799228948 0
0.10624018162878236 0.799345310434046 0
7.6621586892219488e-17 0.81500541087383671 0
-0.10624018162878222 0.799345310434046 0
-0.20839761265775064 0.75296681799228948 0
-0.30254644030300931 0.67765223300374566 0
-0.38506857791742183 0.57629585273261852 0
-0.45279274603141417 0.45279274603141417 0
-0.50311634284451667 0.31188906802932032 0
-0.53410546075300014 0.15899966805226401 0
-0.5445692053345389 9.0852879522003304e-17 0
-0.53410546075300014 -0.15899966805226376 0
-0.50311634284451667 -0.31188906802932009 0
-0.45279274603141428 -0.45279274603141395 0
-0.38506857791742194 -0.5762958527326183 0
-0.30254644030300942 -0.67765223300374544 0
-0.20839761265775078 -0.75296681799228937 0
-0.10624018162878238 -0.799345310434046 0
-4.9275043148303551e-17 -0.90558549206282846 0
0.073179509888101679 -0.88818492076193856 0
0.14354677225074561 -0.83665190105600951 0
0.2083976126577507 -0.75296681799228971 0
0.26523984968104608 -0.64034564238178249 0
0.3118890680293202 -0.50311634284451678 0
0.34655256440263199 -0.34655256440263205 0
0.36789824007486777 -0.17667096525967124 0
0.37510579270073646 -8.7960808934989811e-17 0
0.36789824007486782 0.17667096525967108 0
0.34655256440263205 0.34655256440263177 0
0.31188906802932032 0.50311634284451656 0
0.26523984968104614 0.64034564238178227 0
0.20839761265775078 0.75296681799228948 0
0.14354677225074569 0.83665190105600939 0
0.073179509888101776 0.88818492076193856 0
4.8471879078935796e-17 0.90558549206282823 0
-0.073179509888101693 0.88818492076193856 0
-0.14354677225074564 0.83665190105600939 0
-0.20839761265775072 0.75296681799228971 0
-0.26523984968104614 0.64034564238178249 0
-0.3118890680293202 0.50311634284451678 0
-0.34655256440263205 0.34655256440263221 0
-0.36789824007486782 0.17667096525967146 0
-0.37510579270073646 1.0940640393553909e-16 0
-0.36789824007486788 -0.17667096525967119 0
-0.3465525644026321 -0.34655256440263194 0
-0.31188906802932032 -0.50311634284451656 0
-0.26523984968104619 -0.64034564238178227 0
-0.20839761265775081 -0.75296681799228948 0
-0.14354677225074572 -0.83665190105600928 0
-0.07317950988810179 -0.88818492076193856 0
-1.8608764993691599e-17 -0.96136443065004029 0
0.037306590621963349 -0.94289208268479163 0
0.073179509888101707 -0.88818492076193856 0
0.10624018162878228 -0.79934531043404611 0
0.13521810276964902 -0.67978730810418797 0
0.15899966805226379 -0.53410546075300014 0
0.17667096525967119 -0.36789824007486777 0
0.1875528963503682 -0.18755289635036823 0
0.19122727481519664 -8.8858223128242615e-17 0
0.18755289635036823 0.18755289635036804 0
0.17667096525967124 0.36789824007486749 0
0.15899966805226384 0.53410546075299992 0
0.13521810276964907 0.67978730810418775 0
0.10624018162878229 0.79934531043404589 0
0.073179509888101735 0.88818492076193833 0
0.037306590621963377 0.94289208268479163 0
1.8586372077467971e-17 0.96136443065004007 0
-0.037306590621963336 0.94289208268479163 0
-0.073179509888101679 0.88818492076193856 0
-0.10624018162878227 0.79934531043404611 0
-0.13521810276964902 0.67978730810418797 0
-0.15899966805226379 0.53410546075300014 0
-0.17667096525967119 0.36789824007486793 0
-0.18755289635036823 0.18755289635036848 0
-0.19122727481519664 1.4293157293612984e-16 0
-0.18755289635036826 -0.18755289635036818 0
-0.17667096525967124 -0.36789824007486766 0
-0.15899966805226384 -0.53410546075299992 0
-0.13521810276964907 -0.67978730810418775 0
-0.10624018162878233 -0.79934531043404589 0
-0.073179509888101762 -0.88818492076193833 0
-0.037306590621963391 -0.94289208268479163 0
2.3225316557404064e-18 -0.98019867330675514 0
1.3249228104026105e-17 -0.96136443065004018 0
3.539370621563882e-17 -0.90558549206282846 0
6.0852368559058595e-17 -0.81500541087383693 0
7.2982487711560847e-17 -0.69310512880526398 0
7.6418242555552276e-17 -0.5445692053345389 0
8.6230249591338154e-17 -0.37510579270073641 0
9.8384216224445641e-17 -0.19122727481519664 0
1.0217750087387242e-16 -8.9670716755957751e-17 0
1.0210266829630708e-16 0.19122727481519641 0
1.0100031130021715e-16 0.37510579270073613 0
8.9434117167285714e-17 0.54456920533453868 0
6.7681086893099882e-17 0.69310512880526376 0
4.8994989461330728e-17 0.81500541087383671 0
3.5625295020000516e-17 0.90558549206282823 0
1.6431916121324596e-17 0.96136443065004018 0
-9.3129204615342201e-18 0.98019867330675492 0
-2.5683373116537524e-17 0.96136443065004018 0
-2.8713796989667067e-17 0.90558549206282846 0
-4.1792212459300169e-17 0.81500541087383693 0
-7.486893897978599e-17 0.69310512880526398 0
-9.5876525099622681e-17 0.5445692053345389 0
-8.6453415479595105e-17 0.37510579270073657 0
-8.2326012543774719e-17 0.19122727481519691 0
-1.0625337207100922e-16 1.7619667088759083e-16 0
-1.2205553990911701e-16 -0.19122727481519658 0
-1.0400375843132926e-16 -0.3751057927007363 0
-8.0566581281765316e-17 -0.54456920533453868 0
-7.3737438531914765e-17 -0.69310512880526376 0
-6.4388292636066633e-17 -0.81500541087383671 0
-3.8334551170186454e-17 -0.90558549206282823 0
-1.1444232296700598e-17 -0.96136443065004018 0
2.7762574984615461e-17 -0.96136443065004029 0
-0.037306590621963301 -0.94289208268479163 0
-0.073179509888101624 -0.88818492076193856 0
-0.10624018162878215 -0.79934531043404611 0
-0.13521810276964888 -0.67978730810418797 0
-0.15899966805226365 -0.53410546075300014 0
-0.17667096525967105 -0.36789824007486777 0
-0.18755289635036804 -0.18755289635036823 0
-0.19122727481519644 -8.5081812523140335e-17 0
-0.18755289635036804 0.18755289635036801 0
-0.17667096525967105 0.36789824007486749 0
-0.15899966805226368 0.53410546075299992 0
-0.13521810276964893 0.67978730810418775 0
-0.10624018162878224 0.79934531043404589 0
-0.073179509888101707 0.88818492076193845 0
-0.037306590621963356 0.94289208268479163 0
-3.442396868817389e-17 0.96136443065004007 0
0.037306590621963301 0.94289208268479163 0
0.073179509888101651 0.88818492076193845 0
0.10624018162878218 0.79934531043404611 0
0.13521810276964888 0.67978730810418797 0
0.15899966805226362 0.53410546075300014 0
0.17667096525967105 0.36789824007486793 0
0.18755289635036804 0.18755289635036851 0
0.19122727481519644 1.9864324208086784e-16 0
0.18755289635036804 -0.18755289635036818 0
0.17667096525967105 -0.36789824007486766 0
0.15899966805226365 -0.53410546075299992 0
0.13521810276964893 -0.67978730810418775 0
0.10624018162878221 -0.79934531043404589 0
0.073179509888101679 -0.88818492076193833 0
0.037306590621963356 -0.94289208268479163 0
5.7989436026641242e-17 -0.90558549206282857 0
-0.073179509888101624 -0.88818492076193867 0
-0.1435467722507455 -0.83665190105600962 0
-0.20839761265775056 -0.75296681799228971 0
-0.26523984968104586 -0.6403456423817826 0
-0.31188906802932004 -0.50311634284451678 0
-0.34655256440263177 -0.34655256440263205 0
-0.36789824007486754 -0.17667096525967127 0
-0.37510579270073618 -6.974888975690926e-17 0
-0.36789824007486754 0.17667096525967108 0
-0.34655256440263177 0.34655256440263188 0
-0.31188906802932009 0.50311634284451656 0
-0.26523984968104597 0.64034564238178238 0
-0.20839761265775061 0.75296681799228948 0
-0.14354677225074558 0.83665190105600951 0
-0.073179509888101721 0.88818492076193867 0
-4.9231399036362118e-17 0.90558549206282835 0
0.073179509888101638 0.88818492076193867 0
0.14354677225074552 0.83665190105600951 0
0.20839761265775056 0.75296681799228971 0
0.26523984968104586 0.6403456423817826 0
0.31188906802931998 0.50311634284451678 0
0.34655256440263177 0.34655256440263221 0
0.36789824007486754 0.17667096525967152 0
0.37510579270073618 2.0765370363980846e-16 0
0.36789824007486754 -0.17667096525967121 0
0.34655256440263177 -0.34655256440263205 0
0.31188906802932004 -0.50311634284451656 0
0.26523984968104597 -0.64034564238178238 0
0.20839761265775061 -0.75296681799228948 0
0.14354677225074561 -0.83665190105600939 0
0.073179509888101735 -0.88818492076193867 0
8.2635339202411124e-17 -0.81500541087383704 0
-0.10624018162878215 -0.79934531043404622 0
-0.20839761265775059 -0.75296681799228959 0
-0.3025464403030092 -0.67765223300374589 0
-0.38506857791742166 -0.57629585273261863 0
-0.45279274603141395 -0.45279274603141417 0
-0.50311634284451656 -0.3118890680293202 0
-0.53410546075299992 -0.15899966805226387 0
-0.54456920533453868 -5.7900386769903013e-17 0
-0.53410546075299992 0.1589996680522637 0
-0.50311634284451656 0.31188906802932004 0
-0.45279274603141406 0.45279274603141401 0
-0.38506857791742177 0.57629585273261841 0
-0.30254644030300931 0.67765223300374566 0
-0.20839761265775064 0.75296681799228959 0
-0.10624018162878227 0.79934531043404622 0
-6.0604364365439848e-17 0.81500541087383682 0
0.10624018162878215 0.79934531043404622 0
0.20839761265775053 0.75296681799228959 0
0.3025464403030092 0.67765223300374589 0
0.38506857791742166 0.57629585273261863 0
0.45279274603141395 0.45279274603141423 0
0.50311634284451656 0.31188906802932037 0
0.53410546075299992 0.15899966805226409 0
0.54456920533453868 1.9903277935027285e-16 0
0.53410546075299992 -0.15899966805226382 0
0.50311634284451656 -0.3118890680293202 0
0.45279274603141406 -0.45279274603141406 0
0.38506857791742177 -0.57629585273261841 0
0.30254644030300931 -0.67765223300374566 0
0.2083976126577507 -0.75296681799228959 0
0.10624018162878232 -0.79934531043404622 0
9.788844433132963e-17 -0.69310512880526398 0
-0.13521810276964891 -0.67978730810418797 0
-0.26523984968104591 -0.64034564238178249 0
-0.38506857791742177 -0.57629585273261863 0
-0.49009933665337746 -0.49009933665337774 0
-0.5762958527326183 -0.38506857791742194 0
-0.64034564238178227 -0.26523984968104608 0
-0.67978730810418775 -0.13521810276964907 0
-0.69310512880526376 -5.705231535102295e-17 0
-0.67978730810418775 0.13521810276964893 0
-0.64034564238178227 0.26523984968104597 0
-0.5762958527326183 0.38506857791742183 0
-0.49009933665337757 0.49009933665337757 0
-0.38506857791742177 0.57629585273261841 0
-0.26523984968104602 0.64034564238178249 0
-0.13521810276964902 0.67978730810418797 0
-8.5422843042245924e-17 0.69310512880526398 0
0.13521810276964885 0.67978730810418797 0
0.2652398496810458 0.64034564238178249 0
0.38506857791742166 0.57629585273261863 0
0.49009933665337746 0.49009933665337779 0
0.5762958527326183 0.38506857791742194 0
0.64034564238178227 0.26523984968104619 0
0.67978730810418775 0.13521810276964927 0
0.69310512880526376 1.7609628569699696e-16 0
0.67978730810418775 -0.13521810276964902 0
0.64034564238178227 -0.26523984968104608 0
0.5762958527326183 -0.38506857791742183 0
0.49009933665337757 -0.49009933665337763 0
0.38506857791742188 -0.57629585273261841 0
0.26523984968104614 -0.64034564238178249 0
0.13521810276964907 -0.67978730810418797 0
1.0681423262457423e-16 -0.5445692053345389 0
-0.15899966805226362 -0.53410546075300014 0
-0.31188906802931998 -0.50311634284451667 0
-0.45279274603141395 -0.45279274603141428 0
-0.5762958527326183 -0.38506857791742194 0
-0.67765223300374555 -0.30254644030300942 0
-0.75296681799228948 -0.20839761265775072 0
-0.799345310434046 -0.10624018162878233 0
-0.81500541087383671 -5.3777184595398613e-17 0
-0.799345310434046 0.10624018162878221 0
-0.75296681799228948 0.20839761265775059 0
-0.67765223300374555 0.30254644030300931 0
-0.57629585273261852 0.38506857791742183 0
-0.45279274603141417 0.45279274603141417 0
-0.3118890680293202 0.50311634284451667 0
-0.15899966805226384 0.53410546075300014 0
-1.1332015714415296e-16 0.5445692053345389 0
0.15899966805226362 0.53410546075300014 0
0.31188906802931998 0.50311634284451667 0
0.45279274603141395 0.45279274603141428 0
0.5762958527326183 0.38506857791742194 0
0.67765223300374555 0.30254644030300942 0
0.75296681799228948 0.20839761265775075 0
0.799345310434046 0.10624018162878246 0
0.81500541087383671 1.4309273995536097e-16 0
0.799345310434046 -0.10624018162878228 0
0.75296681799228948 -0.20839761265775072 0
0.67765223300374555 -0.30254644030300931 0
0.57629585273261852 -0.38506857791742183 0
0.45279274603141417 -0.45279274603141417 0
0.3118890680293202 -0.50311634284451667 0
0.15899966805226384 -0.53410546075300014 0
1.4320905489883659e-16 -0.37510579270073646 0
-0.17667096525967102 -0.36789824007486782 0
-0.34655256440263182 -0.34655256440263205 0
-0.50311634284451656 -0.31188906802932026 0
-0.64034564238178227 -0.26523984968104619 0
-0.75296681799228948 -0.20839761265775078 0
-0.83665190105600928 -0.14354677225074569 0
-0.88818492076193845 -0.073179509888101762 0
-0.90558549206282835 -4.0447619837670292e-17 0
-0.88818492076193856 0.073179509888101679 0
-0.83665190105600939 0.14354677225074555 0
-0.75296681799228971 0.20839761265775072 0
-0.64034564238178249 0.26523984968104614 0
-0.50311634284451678 0.3118890680293202 0
-0.3465525644026321 0.34655256440263199 0
-0.1766709652596713 0.36789824007486782 0
-1.5051800698056228e-16 0.37510579270073646 0
0.17667096525967102 0.36789824007486782 0
0.34655256440263177 0.3465525644026321 0
0.50311634284451656 0.31188906802932032 0
0.64034564238178227 0.26523984968104614 0
0.75296681799228948 0.20839761265775078 0
0.83665190105600939 0.14354677225074572 0
0.88818492076193856 0.073179509888101874 0
0.90558549206282835 9.6005521429674028e-17 0
0.88818492076193867 -0.073179509888101735 0
0.83665190105600951 -0.14354677225074569 0
0.75296681799228971 -0.20839761265775072 0
0.64034564238178249 -0.26523984968104608 0
0.50311634284451678 -0.31188906802932026 0
0.34655256440263205 -0.34655256440263205 0
0.1766709652596713 -0.36789824007486782 0
1.3043477125571817e-16 -0.19122727481519669 0
-0.18755289635036801 -0.18755289635036829 0
-0.3678982400748676 -0.17667096525967127 0
-0.53410546075299992 -0.15899966805226387 0
-0.67978730810418775 -0.1352181027696491 0
-0.79934531043404589 -0.10624018162878235 0
-0.88818492076193833 -0.073179509888101776 0
-0.94289208268479152 -0.037306590621963398 0
-0.96136443065004018 -2.2650505845355777e-17 0
-0.94289208268479163 0.037306590621963343 0
-0.88818492076193856 0.073179509888101721 0
-0.79934531043404611 0.10624018162878231 0
-0.67978730810418797 0.13521810276964907 0
-0.53410546075300014 0.15899966805226384 0
-0.36789824007486782 0.17667096525967124 0
-0.18755289635036826 0.18755289635036829 0
-1.2461400517504369e-16 0.19122727481519669 0
0.18755289635036804 0.18755289635036829 0
0.3678982400748676 0.1766709652596713 0
0.53410546075299992 0.1589996680522639 0
0.67978730810418775 0.13521810276964907 0
0.79934531043404589 0.10624018162878233 0
0.88818492076193833 0.073179509888101804 0
0.94289208268479163 0.037306590621963454 0
0.96136443065004018 4.3768602704609231e-17 0
0.94289208268479174 -0.03730659062196337 0
0.88818492076193856 -0.073179509888101749 0
0.79934531043404611 -0.10624018162878229 0
0.67978730810418797 -0.13521810276964905 0
0.53410546075300014 -0.15899966805226387 0
0.36789824007486782 -0.17667096525967127 0
0.18755289635036829 -0.18755289635036829 0
1.4895595906556613e-16 -1.2986305286840265e-16 0
-0.19122727481519639 -1.2657113098909776e-16 0
-0.37510579270073618 -1.2278269420489763e-16 0
-0.54456920533453868 -1.1795298025305879e-16 0
-0.69310512880526365 -9.9977502239993029e-17 0
-0.8150054108738366 -7.1212788783333212e-17 0
-0.90558549206282812 -4.7388040905715543e-17 0
-0.96136443065003996 -2.7533039654193792e-17 0
-0.98019867330675492 -2.9389300305331924e-18 0
-0.96136443065004007 2.7470291495189863e-17 0
-0.90558549206282823 6.0671429850233151e-17 0
-0.81500541087383682 8.2442721107623751e-17 0
-0.69310512880526387 8.4871659420085751e-17 0
-0.5445692053345389 9.1522850699826327e-17 0
-0.37510579270073641 1.1504004884452837e-16 0
-0.19122727481519666 1.3101487489440085e-16 0
-1.349945967993147e-16 1.3437946810704291e-16 0
0.19122727481519639 1.4382316924216638e-16 0
0.37510579270073618 1.463387457127225e-16 0
0.54456920533453868 1.2377158296455444e-16 0
0.69310512880526365 9.4391568180338425e-17 0
0.8150054108738366 7.000624030646492e-17 0
0.90558549206282823 4.1614080568821103e-17 0
0.96136443065004007 1.6528192680305699e-17 0
0.98019867330675492 1.6012689112330359e-18 0
0.96136443065004018 -1.6030097504455964e-17 0
0.90558549206282835 -3.9046959104097289e-17 0
0.81500541087383682 -6.3812977739423256e-17 0
0.69310512880526387 -9.7112887322793947e-17 0
0.5445692053345389 -1.2866122343784005e-16 0
0.37510579270073641 -1.3788450177612838e-16 0
0.19122727481519666 -1.3289198388668579e-16 0
1.5563039310721578e-16 0.19122727481519644 0
-0.18755289635036801 0.18755289635036804 0
-0.3678982400748676 0.17667096525967105 0
-0.53410546075299992 0.15899966805226365 0
-0.67978730810418775 0.13521810276964891 0
-0.79934531043404589 0.10624018162878218 0
-0.88818492076193833 0.073179509888101665 0
-0.94289208268479152 0.037306590621963343 0
-0.96136443065004018 1.8973300390102694e-17 0
-0.94289208268479163 -0.03730659062196328 0
-0.88818492076193845 -0.073179509888101596 0
-0.79934531043404611 -0.10624018162878214 0
-0.67978730810418797 -0.13521810276964888 0
-0.53410546075300014 -0.15899966805226362 0
-0.36789824007486782 -0.17667096525967102 0
-0.18755289635036829 -0.18755289635036801 0
-1.3756195021202886e-16 -0.19122727481519639 0
0.18755289635036801 -0.18755289635036801 0
0.3678982400748676 -0.17667096525967102 0
0.53410546075299992 -0.15899966805226362 0
0.67978730810418775 -0.13521810276964888 0
0.79934531043404589 -0.1062401816287822 0
0.88818492076193845 -0.073179509888101679 0
0.94289208268479163 -0.037306590621963391 0
0.96136443065004018 -4.2929848313892274e-17 0
0.94289208268479174 0.037306590621963329 0
0.88818492076193856 0.073179509888101665 0
0.79934531043404611 0.10624018162878215 0
0.67978730810418797 0.13521810276964885 0
0.53410546075300014 0.15899966805226359 0
0.36789824007486782 0.17667096525967099 0
0.18755289635036829 0.18755289635036798 0
1.1383289679808829e-16 0.37510579270073624 0
-0.17667096525967105 0.3678982400748676 0
-0.34655256440263182 0.34655256440263188 0
-0.50311634284451656 0.31188906802932009 0
-0.64034564238178227 0.26523984968104602 0
-0.75296681799228959 0.20839761265775061 0
-0.83665190105600939 0.14354677225074561 0
-0.88818492076193856 0.073179509888101721 0
-0.90558549206282835 3.8290374746866765e-17 0
-0.88818492076193856 -0.073179509888101638 0
-0.83665190105600939 -0.1435467722507455 0
-0.75296681799228959 -0.20839761265775053 0
-0.64034564238178249 -0.26523984968104591 0
-0.50311634284451678 -0.31188906802931998 0
-0.34655256440263205 -0.34655256440263182 0
-0.17667096525967124 -0.3678982400748676 0
-9.3713260100783492e-17 -0.37510579270073624 0
0.17667096525967108 -0.3678982400748676 0
0.34655256440263182 -0.34655256440263182 0
0.50311634284451656 -0.31188906802932009 0
0.64034564238178227 -0.26523984968104602 0
0.75296681799228959 -0.20839761265775064 0
0.83665190105600939 -0.14354677225074561 0
0.88818492076193856 -0.073179509888101832 0
0.90558549206282835 -1.0541082022754037e-16 0
0.88818492076193856 0.073179509888101693 0
0.83665190105600939 0.14354677225074561 0
0.75296681799228959 0.20839761265775056 0
0.64034564238178249 0.26523984968104591 0
0.50311634284451678 0.31188906802931998 0
0.34655256440263205 0.34655256440263177 0
0.17667096525967127 0.3678982400748676 0
1.1904620485511189e-16 0.54456920533453868 0
-0.15899966805226368 0.53410546075299992 0
-0.31188906802932009 0.50311634284451656 0
-0.45279274603141406 0.45279274603141406 0
-0.57629585273261841 0.38506857791742177 0
-0.67765223300374566 0.30254644030300931 0
-0.75296681799228948 0.20839761265775064 0
-0.79934531043404622 0.10624018162878227 0
-0.81500541087383693 4.7259282597799606e-17 0
-0.79934531043404622 -0.10624018162878215 0
-0.75296681799228959 -0.2083976126577505 0
-0.67765223300374589 -0.3025464403030092 0
-0.57629585273261863 -0.38506857791742166 0
-0.45279274603141428 -0.45279274603141395 0
-0.31188906802932032 -0.50311634284451656 0
-0.1589996680522639 -0.53410546075299992 0
-1.0644303654469751e-16 -0.54456920533453868 0
0.15899966805226368 -0.53410546075299992 0
0.31188906802932009 -0.50311634284451656 0
0.45279274603141406 -0.45279274603141406 0
0.57629585273261841 -0.38506857791742177 0
0.67765223300374566 -0.30254644030300931 0
0.75296681799228959 -0.20839761265775067 0
0.79934531043404622 -0.10624018162878243 0
0.81500541087383693 -1.662025231462287e-16 0
0.79934531043404622 0.10624018162878221 0
0.75296681799228971 0.20839761265775064 0
0.67765223300374589 0.3025464403030092 0
0.57629585273261863 0.38506857791742166 0
0.45279274603141428 0.45279274603141395 0
0.31188906802932032 0.50311634284451656 0
0.1589996680522639 0.53410546075299992 0
1.0212198394664401e-16 0.69310512880526376 0
-0.13521810276964891 0.67978730810418775 0
-0.26523984968104597 0.64034564238178227 0
-0.38506857791742177 0.57629585273261841 0
-0.49009933665337763 0.49009933665337757 0
-0.57629585273261841 0.38506857791742183 0
-0.64034564238178238 0.26523984968104597 0
-0.67978730810418797 0.13521810276964902 0
-0.69310512880526398 4.7516284719011292e-17 0
-0.67978730810418797 -0.13521810276964888 0
-0.64034564238178249 -0.26523984968104586 0
-0.57629585273261852 -0.38506857791742172 0
-0.49009933665337774 -0.49009933665337746 0
-0.38506857791742194 -0.5762958527326183 0
-0.26523984968104614 -0.64034564238178227 0
-0.1352181027696491 -0.67978730810418775 0
-9.9150768403241143e-17 -0.69310512880526376 0
0.13521810276964893 -0.67978730810418775 0
0.26523984968104602 -0.64034564238178227 0
0.38506857791742183 -0.5762958527326183 0
0.49009933665337763 -0.49009933665337757 0
0.57629585273261852 -0.38506857791742183 0
0.64034564238178249 -0.26523984968104608 0
0.67978730810418797 -0.13521810276964921 0
0.69310512880526398 -1.9875292849605457e-16 0
0.67978730810418797 0.13521810276964896 0
0.6403456423817826 0.26523984968104597 0
0.57629585273261863 0.38506857791742172 0
0.49009933665337774 0.49009933665337746 0
0.38506857791742199 0.57629585273261819 0
0.26523984968104619 0.64034564238178227 0
0.13521810276964913 0.67978730810418775 0
8.4344181060267149e-17 0.81500541087383671 0
-0.10624018162878222 0.799345310434046 0
-0.20839761265775061 0.75296681799228948 0
-0.30254644030300931 0.67765223300374566 0
-0.38506857791742183 0.57629585273261852 0
-0.45279274603141417 0.45279274603141406 0
-0.50311634284451667 0.31188906802932009 0
-0.53410546075300014 0.15899966805226379 0
-0.5445692053345389 5.782659985320778e-17 0
-0.53410546075300014 -0.15899966805226362 0
-0.50311634284451667 -0.31188906802931993 0
-0.45279274603141428 -0.4527927460314139 0
-0.38506857791742194 -0.5762958527326183 0
-0.30254644030300942 -0.67765223300374544 0
-0.20839761265775075 -0.75296681799228948 0
-0.10624018162878236 -0.799345310434046 0
-8.186332164694923e-17 -0.81500541087383671 0
0.1062401816287822 -0.799345310434046 0
0.20839761265775064 -0.75296681799228948 0
0.30254644030300931 -0.67765223300374566 0
0.38506857791742183 -0.57629585273261852 0
0.45279274603141417 -0.45279274603141412 0
0.50311634284451667 -0.31188906802932026 0
0.53410546075300014 -0.15899966805226401 0
0.5445692053345389 -1.9978510098193016e-16 0
0.53410546075300014 0.15899966805226373 0
0.50311634284451667 0.31188906802932009 0
0.45279274603141428 0.45279274603141395 0
0.38506857791742194 0.5762958527326183 0
0.30254644030300942 0.67765223300374544 0
0.20839761265775078 0.75296681799228948 0
0.10624018162878239 0.799345310434046 0
5.3976369167667008e-17 0.90558549206282823 0
-0.073179509888101707 0.88818492076193845 0
-0.14354677225074569 0.83665190105600939 0
-0.20839761265775075 0.75296681799228959 0
-0.26523984968104614 0.64034564238178238 0
-0.31188906802932026 0.50311634284451667 0
-0.34655256440263221 0.34655256440263188 0
-0.36789824007486799 0.17667096525967121 0
-0.37510579270073663 8.6222655287380587e-17 0
-0.36789824007486799 -0.17667096525967102 0
-0.34655256440263221 -0.34655256440263166 0
-0.31188906802932048 -0.50311634284451645 0
-0.26523984968104636 -0.64034564238178215 0
-0.20839761265775092 -0.75296681799228937 0
-0.1435467722507458 -0.83665190105600928 0
-0.073179509888101818 -0.88818492076193845 0
-5.1975899577735547e-17 -0.90558549206282823 0
0.073179509888101707 -0.88818492076193845 0
0.14354677225074569 -0.83665190105600928 0
0.20839761265775081 -0.75296681799228959 0
0.26523984968104625 -0.64034564238178238 0
0.31188906802932037 -0.50311634284451667 0
0.34655256440263221 -0.3465525644026321 0
0.36789824007486799 -0.17667096525967146 0
0.37510579270073663 -1.8197172129417008e-16 0
0.36789824007486799 0.17667096525967116 0
0.34655256440263221 0.34655256440263188 0
0.31188906802932037 0.50311634284451645 0
0.26523984968104625 0.64034564238178215 0
0.20839761265775086 0.75296681799228937 0
0.1435467722507458 0.83665190105600917 0
0.073179509888101818 0.88818492076193845 0
1.7768525519493845e-17 0.96136443065004018 0
-0.037306590621963398 0.94289208268479163 0
-0.073179509888101804 0.88818492076193856 0
-0.10624018162878242 0.79934531043404611 0
-0.13521810276964918 0.67978730810418797 0
-0.15899966805226406 0.53410546075300014 0
-0.17667096525967146 0.36789824007486777 0
-0.18755289635036848 0.18755289635036823 0
-0.19122727481519688 1.0394632539054843e-16 0
-0.18755289635036848 -0.18755289635036801 0
-0.17667096525967146 -0.36789824007486749 0
-0.15899966805226404 -0.53410546075299992 0
-0.13521810276964924 -0.67978730810418775 0
-0.10624018162878245 -0.79934531043404589 0
-0.073179509888101832 -0.88818492076193845 0
-0.037306590621963433 -0.94289208268479163 0
-2.2245458562628503e-17 -0.96136443065004018 0
0.037306590621963377 -0.94289208268479163 0
0.073179509888101776 -0.88818492076193845 0
0.10624018162878239 -0.79934531043404611 0
0.13521810276964918 -0.67978730810418797 0
0.15899966805226398 -0.53410546075300014 0
0.17667096525967146 -0.36789824007486793 0
0.18755289635036848 -0.18755289635036851 0
0.19122727481519688 -1.6994273422855286e-16 0
0.18755289635036848 0.18755289635036818 0
0.17667096525967146 0.36789824007486766 0
0.15899966805226406 0.53410546075299992 0
0.13521810276964924 0.67978730810418775 0
0.10624018162878247 0.79934531043404589 0
0.07317950988810186 0.88818492076193833 0
0.03730659062196344 0.94289208268479163 0
-1.0866573381683663e-17 0.98019867330675514 0
-5.2592635389802478e-17 0.96136443065004018 0
-9.5350655649551722e-17 0.90558549206282846 0
-1.35102584534206e-16 0.81500541087383693 0
-1.6405471184757741e-16 0.69310512880526398 0
-1.8246463743010371e-16 0.5445692053345389 0
-1.8907967125297969e-16 0.37510579270073646 0
-1.8230720231856747e-16 0.19122727481519664 0
-1.6450053253896639e-16 8.995098629320301e-17 0
-1.3538568728341997e-16 -0.19122727481519641 0
-9.7827980072572058e-17 -0.37510579270073618 0
-6.521596555835458e-17 -0.54456920533453868 0
-4.6921454197588563e-17 -0.69310512880526376 0
-3.7425979769914692e-17 -0.81500541087383671 0
-2.6372555828385043e-17 -0.90558549206282835 0
-1.0592817104052282e-17 -0.96136443065004018 0
3.8909863403013544e-18 -0.98019867330675492 0
1.2427750218841504e-17 -0.96136443065004018 0
2.0477166232449411e-17 -0.90558549206282835 0
3.1594974429752404e-17 -0.81500541087383693 0
4.3427141947299479e-17 -0.69310512880526398 0
6.5487254901022541e-17 -0.5445692053345389 0
1.0660921277414788e-16 -0.37510579270073663 0
1.4616279935178311e-16 -0.19122727481519691 0
1.6220719841355816e-16 -1.7524329599482671e-16 0
1.675764996452238e-16 0.19122727481519658 0
1.7799453242061474e-16 0.37510579270073635 0
1.8334659959179915e-16 0.54456920533453868 0
1.7301340448012058e-16 0.69310512880526376 0
1.4572325770826989e-16 0.81500541087383671 0
9.8404295968151471e-17 0.90558549206282823 0
3.9818177349067287e-17 0.96136443065004018 0
-3.3006419511836623e-17 0.96136443065004029 0
0.037306590621963329 0.94289208268479174 0
0.073179509888101679 0.88818492076193856 0
0.10624018162878222 0.79934531043404611 0
0.13521810276964899 0.67978730810418797 0
0.15899966805226376 0.53410546075300014 0
0.17667096525967116 0.36789824007486782 0
0.18755289635036815 0.1875528963503682 0
0.19122727481519658 7.2136681038310094e-17 0
0.18755289635036818 -0.18755289635036806 0
0.17667096525967119 -0.36789824007486754 0
0.15899966805226379 -0.53410546075299992 0
0.13521810276964905 -0.67978730810418775 0
0.10624018162878227 -0.79934531043404589 0
0.073179509888101735 -0.88818492076193845 0
0.037306590621963377 -0.94289208268479152 0
2.5284058747371202e-17 -0.96136443065004007 0
-0.037306590621963336 -0.94289208268479152 0
-0.073179509888101679 -0.88818492076193845 0
-0.10624018162878224 -0.79934531043404611 0
-0.13521810276964899 -0.67978730810418797 0
-0.15899966805226373 -0.53410546075300014 0
-0.17667096525967113 -0.36789824007486799 0
-0.18755289635036818 -0.18755289635036851 0
-0.19122727481519658 -1.6882577333531436e-16 0
-0.1875528963503682 0.18755289635036815 0
-0.17667096525967116 0.36789824007486771 0
-0.15899966805226376 0.53410546075299992 0
-0.13521810276964905 0.67978730810418775 0
-0.10624018162878228 0.79934531043404589 0
-0.073179509888101735 0.88818492076193833 0
-0.037306590621963384 0.94289208268479174 0
-5.7509098210376862e-17 0.90558549206282846 0
0.073179509888101679 0.88818492076193856 0
0.14354677225074561 0.83665190105600951 0
0.2083976126577507 0.75296681799228971 0
0.26523984968104608 0.64034564238178249 0
0.3118890680293202 0.50311634284451678 0
0.34655256440263199 0.34655256440263205 0
0.36789824007486771 0.17667096525967124 0
0.37510579270073635 7.4896512497048249e-17 0
0.36789824007486771 -0.17667096525967105 0
0.34655256440263194 -0.34655256440263177 0
0.31188906802932015 -0.50311634284451656 0
0.26523984968104608 -0.64034564238178227 0
0.2083976126577507 -0.75296681799228948 0
0.14354677225074566 -0.83665190105600939 0
0.073179509888101749 -0.88818492076193856 0
4.0896094581782763e-17 -0.90558549206282823 0
-0.073179509888101665 -0.88818492076193856 0
-0.14354677225074555 -0.83665190105600939 0
-0.20839761265775059 -0.75296681799228971 0
-0.26523984968104597 -0.64034564238178249 0
-0.31188906802932004 -0.50311634284451678 0
-0.34655256440263182 -0.34655256440263221 0
-0.36789824007486771 -0.17667096525967149 0
-0.37510579270073635 -1.3111027167549025e-16 0
-0.36789824007486771 0.17667096525967119 0
-0.34655256440263199 0.34655256440263194 0
-0.3118890680293202 0.50311634284451656 0
-0.26523984968104619 0.64034564238178227 0
-0.20839761265775081 0.75296681799228948 0
-0.14354677225074572 0.83665190105600928 0
-0.07317950988810179 0.88818492076193856 0
-8.486014150648629e-17 0.81500541087383693 0
0.10624018162878215 0.79934531043404622 0
0.20839761265775059 0.75296681799228959 0
0.3025464403030092 0.67765223300374589 0
0.38506857791742166 0.57629585273261863 0
0.45279274603141395 0.45279274603141417 0
0.50311634284451656 0.31188906802932026 0
0.53410546075299992 0.15899966805226387 0
0.54456920533453868 7.7298746996120863e-17 0
0.53410546075299992 -0.1589996680522637 0
0.50311634284451656 -0.31188906802932004 0
0.45279274603141406 -0.45279274603141401 0
0.38506857791742177 -0.57629585273261841 0
0.30254644030300931 -0.67765223300374566 0
0.20839761265775064 -0.75296681799228959 0
0.10624018162878228 -0.79934531043404622 0
6.2870353517742879e-17 -0.81500541087383693 0
-0.10624018162878214 -0.79934531043404622 0
-0.20839761265775053 -0.75296681799228959 0
-0.3025464403030092 -0.67765223300374589 0
-0.38506857791742166 -0.57629585273261863 0
-0.45279274603141395 -0.45279274603141423 0
-0.50311634284451656 -0.31188906802932037 0
-0.53410546075299992 -0.15899966805226409 0
-0.54456920533453868 -9.3984032662976385e-17 0
-0.53410546075299992 0.15899966805226382 0
-0.50311634284451656 0.31188906802932015 0
-0.45279274603141406 0.45279274603141406 0
-0.38506857791742177 0.57629585273261841 0
-0.30254644030300931 0.67765223300374566 0
-0.2083976126577507 0.75296681799228959 0
-0.10624018162878232 0.79934531043404622 0
-1.0585257224102696e-16 0.69310512880526398 0
0.13521810276964885 0.67978730810418797 0
0.26523984968104586 0.64034564238178249 0
0.38506857791742172 0.57629585273261852 0
0.49009933665337746 0.49009933665337774 0
0.57629585273261819 0.38506857791742194 0
0.64034564238178227 0.26523984968104614 0
0.67978730810418775 0.13521810276964907 0
0.69310512880526376 6.2435386280904577e-17 0
0.67978730810418775 -0.13521810276964896 0
0.64034564238178227 -0.26523984968104591 0
0.5762958527326183 -0.38506857791742177 0
0.49009933665337757 -0.49009933665337763 0
0.38506857791742183 -0.57629585273261841 0
0.26523984968104608 -0.64034564238178249 0
0.13521810276964907 -0.67978730810418797 0
9.6899121264204271e-17 -0.69310512880526398 0
-0.13521810276964885 -0.67978730810418797 0
-0.26523984968104586 -0.64034564238178249 0
-0.38506857791742172 -0.57629585273261863 0
-0.49009933665337746 -0.49009933665337774 0
-0.5762958527326183 -0.38506857791742199 0
-0.64034564238178227 -0.26523984968104625 0
-0.67978730810418775 -0.13521810276964924 0
-0.69310512880526376 -7.7719276707562649e-17 0
-0.67978730810418775 0.13521810276964902 0
-0.64034564238178227 0.26523984968104602 0
-0.57629585273261841 0.38506857791742183 0
-0.49009933665337757 0.49009933665337763 0
-0.38506857791742183 0.57629585273261852 0
-0.26523984968104608 0.64034564238178249 0
-0.13521810276964907 0.67978730810418797 0
-1.1342855081437276e-16 0.5445692053345389 0
0.15899966805226362 0.53410546075300014 0
0.31188906802931998 0.50311634284451667 0
0.45279274603141395 0.45279274603141428 0
0.5762958527326183 0.38506857791742194 0
0.67765223300374544 0.30254644030300942 0
0.75296681799228948 0.20839761265775075 0
0.799345310434046 0.10624018162878232 0
0.81500541087383671 4.4730842916943062e-17 0
0.799345310434046 -0.10624018162878222 0
0.75296681799228948 -0.20839761265775061 0
0.67765223300374555 -0.30254644030300926 0
0.57629585273261852 -0.38506857791742183 0
0.45279274603141417 -0.45279274603141417 0
0.3118890680293202 -0.50311634284451667 0
0.15899966805226384 -0.53410546075300014 0
1.2315888686154257e-16 -0.5445692053345389 0
-0.15899966805226362 -0.53410546075300014 0
-0.31188906802931998 -0.50311634284451667 0
-0.45279274603141395 -0.45279274603141428 0
-0.5762958527326183 -0.38506857791742194 0
-0.67765223300374555 -0.30254644030300948 0
-0.75296681799228948 -0.20839761265775084 0
-0.799345310434046 -0.10624018162878245 0
-0.81500541087383671 -5.6864768434285064e-17 0
-0.799345310434046 0.10624018162878229 0
-0.75296681799228948 0.2083976126577507 0
-0.67765223300374566 0.30254644030300931 0
-0.57629585273261852 0.38506857791742183 0
-0.45279274603141417 0.45279274603141417 0
-0.3118890680293202 0.50311634284451667 0
-0.15899966805226384 0.53410546075300014 0
-1.4444633896675771e-16 0.37510579270073646 0
0.17667096525967099 0.36789824007486782 0
0.34655256440263171 0.34655256440263205 0
0.50311634284451645 0.31188906802932026 0
0.64034564238178215 0.26523984968104619 0
0.75296681799228937 0.20839761265775081 0
0.83665190105600928 0.14354677225074569 0
0.88818492076193845 0.073179509888101776 0
0.90558549206282823 3.172819149047486e-17 0
0.88818492076193845 -0.073179509888101693 0
0.83665190105600928 -0.14354677225074558 0
0.75296681799228959 -0.2083976126577507 0
0.64034564238178238 -0.26523984968104608 0
0.50311634284451667 -0.31188906802932026 0
0.34655256440263205 -0.34655256440263205 0
0.1766709652596713 -0.36789824007486782 0
1.5662050733734199e-16 -0.37510579270073646 0
-0.17667096525967096 -0.36789824007486782 0
-0.34655256440263171 -0.34655256440263205 0
-0.50311634284451645 -0.31188906802932026 0
-0.64034564238178215 -0.26523984968104619 0
-0.75296681799228937 -0.20839761265775081 0
-0.83665190105600928 -0.14354677225074575 0
-0.88818492076193845 -0.073179509888101832 0
-0.90558549206282823 -2.4836301956425656e-17 0
-0.88818492076193845 0.073179509888101749 0
-0.83665190105600928 0.14354677225074564 0
-0.75296681799228959 0.2083976126577507 0
-0.64034564238178238 0.26523984968104608 0
-0.50311634284451667 0.31188906802932026 0
-0.34655256440263205 0.34655256440263205 0
-0.17667096525967127 0.36789824007486782 0
-1.3152453681661013e-16 0.19122727481519669 0
0.18755289635036801 0.18755289635036829 0
0.36789824007486754 0.17667096525967127 0
0.53410546075299981 0.15899966805226387 0
0.67978730810418764 0.1352181027696491 0
0.79934531043404589 0.10624018162878236 0
0.88818492076193833 0.073179509888101776 0
0.94289208268479152 0.037306590621963391 0
0.96136443065004007 1.5770335981057019e-17 0
0.94289208268479152 -0.037306590621963349 0
0.88818492076193833 -0.073179509888101707 0
0.79934531043404611 -0.10624018162878231 0
0.67978730810418786 -0.13521810276964907 0
0.53410546075300003 -0.15899966805226387 0
0.36789824007486777 -0.17667096525967124 0
0.18755289635036829 -0.18755289635036826 0
1.3052029815746226e-16 -0.19122727481519669 0
-0.18755289635036801 -0.18755289635036831 0
-0.36789824007486754 -0.1766709652596713 0
-0.53410546075299981 -0.15899966805226387 0
-0.67978730810418764 -0.13521810276964907 0
-0.79934531043404589 -0.10624018162878236 0
-0.88818492076193833 -0.073179509888101818 0
-0.94289208268479152 -0.037306590621963419 0
-0.96136443065004007 -8.1639618735251689e-18 0
-0.94289208268479152 0.037306590621963377 0
-0.88818492076193833 0.073179509888101749 0
-0.79934531043404611 0.10624018162878231 0
-0.67978730810418786 0.13521810276964905 0
-0.53410546075300003 0.15899966805226387 0
-0.36789824007486777 0.17667096525967127 0
-0.18755289635036829 0.18755289635036829 0
-1.4997824092293989e-16 1.4571414943686878e-16 0
0.19122727481519644 1.3649279319660482e-16 0
0.37510579270073624 1.187705505394277e-16 0
0.54456920533453879 1.1771502147428844e-16 0
0.69310512880526387 1.1483002572294697e-16 0
0.81500541087383682 8.8318967546319952e-17 0
0.90558549206282835 5.3130816904869923e-17 0
0.96136443065004029 2.266239640909492e-17 0
0.98019867330675514 -3.1414060314130524e-18 0
0.96136443065004029 -2.5371804399158466e-17 0
0.90558549206282846 -5.5423505582672781e-17 0
0.81500541087383704 -9.2234440779822468e-17 0
0.69310512880526409 -1.0961828740287092e-16 0
0.54456920533453901 -1.0715191110185839e-16 0
0.37510579270073646 -1.1392584118312887e-16 0
0.19122727481519672 -1.3386587299317944e-16 0
1.3825923834092305e-16 -1.5242928535802711e-16 0
-0.19122727481519644 -1.6413106575123574e-16 0
-0.37510579270073624 -1.5738533691697709e-16 0
-0.54456920533453879 -1.2658624988211989e-16 0
-0.69310512880526387 -9.0858962193456961e-17 0
-0.81500541087383682 -6.1846054906460305e-17 0
-0.90558549206282846 -3.6684302857734955e-17 0
-0.96136443065004029 -2.065249635634229e-17 0
-0.98019867330675514 -8.1904729831224154e-18 0
-0.96136443065004029 1.7353334133618585e-17 0
-0.90558549206282857 4.9375978335958007e-17 0
-0.81500541087383704 7.8358604998782822e-17 0
-0.69310512880526409 1.1098392017865244e-16 0
-0.54456920533453901 1.3505982963361723e-16 0
-0.37510579270073646 1.3676566053312395e-16 0
-0.19122727481519672 1.3779264992029382e-16 0
-1.4728751328500187e-16 -0.19122727481519644 0
0.18755289635036804 -0.18755289635036804 0
0.36789824007486766 -0.17667096525967105 0
0.53410546075299992 -0.15899966805226365 0
0.67978730810418786 -0.13521810276964891 0
0.799345310434046 -0.10624018162878218 0
0.88818492076193845 -0.073179509888101665 0
0.94289208268479174 -0.037306590621963343 0
0.96136443065004029 -2.0561779964535684e-17 0
0.94289208268479174 0.037306590621963301 0
0.88818492076193856 0.073179509888101596 0
0.79934531043404622 0.10624018162878213 0
0.67978730810418808 0.13521810276964885 0
0.53410546075300014 0.15899966805226362 0
0.36789824007486788 0.17667096525967102 0
0.18755289635036831 0.18755289635036801 0
1.3610075362076767e-16 0.19122727481519639 0
-0.18755289635036804 0.18755289635036801 0
-0.36789824007486766 0.17667096525967102 0
-0.53410546075299992 0.15899966805226362 0
-0.67978730810418786 0.13521810276964891 0
-0.799345310434046 0.10624018162878221 0
-0.88818492076193856 0.073179509888101707 0
-0.94289208268479174 0.03730659062196337 0
-0.96136443065004029 1.0514074673811122e-18 0
-0.94289208268479174 -0.037306590621963329 0
-0.88818492076193867 -0.073179509888101638 0
-0.79934531043404622 -0.10624018162878215 0
-0.67978730810418808 -0.13521810276964885 0
-0.53410546075300014 -0.15899966805226359 0
-0.36789824007486788 -0.17667096525967099 0
-0.18755289635036831 -0.18755289635036798 0
-9.912500255826631e-17 -0.37510579270073624 0
0.17667096525967108 -0.3678982400748676 0
0.34655256440263188 -0.34655256440263188 0
0.50311634284451656 -0.31188906802932009 0
0.64034564238178238 -0.26523984968104602 0
0.75296681799228948 -0.20839761265775067 0
0.83665190105600951 -0.14354677225074561 0
0.88818492076193867 -0.073179509888101721 0
0.90558549206282846 -3.5211440729627518e-17 0
0.88818492076193867 0.073179509888101651 0
0.83665190105600951 0.1435467722507455 0
0.75296681799228959 0.20839761265775056 0
0.64034564238178249 0.26523984968104591 0
0.50311634284451667 0.31188906802931998 0
0.34655256440263205 0.34655256440263182 0
0.17667096525967127 0.3678982400748676 0
8.9816839521215739e-17 0.37510579270073624 0
-0.1766709652596711 0.3678982400748676 0
-0.34655256440263194 0.34655256440263182 0
-0.50311634284451667 0.31188906802932009 0
-0.64034564238178249 0.26523984968104602 0
-0.75296681799228959 0.20839761265775067 0
-0.83665190105600951 0.14354677225074566 0
-0.88818492076193867 0.073179509888101818 0
-0.90558549206282846 2.8997753159586387e-17 0
-0.88818492076193867 -0.073179509888101693 0
-0.83665190105600951 -0.14354677225074555 0
-0.75296681799228971 -0.20839761265775056 0
-0.6403456423817826 -0.26523984968104591 0
-0.50311634284451678 -0.31188906802931998 0
-0.3465525644026321 -0.34655256440263177 0
-0.1766709652596713 -0.3678982400748676 0
-1.1527252050480655e-16 -0.54456920533453868 0
0.1589996680522637 -0.53410546075299992 0
0.31188906802932009 -0.50311634284451656 0
0.45279274603141406 -0.45279274603141406 0
0.57629585273261841 -0.38506857791742177 0
0.67765223300374566 -0.30254644030300931 0
0.75296681799228959 -0.20839761265775067 0
0.79934531043404622 -0.10624018162878227 0
0.81500541087383693 -4.7252075440345818e-17 0
0.79934531043404622 0.10624018162878218 0
0.75296681799228959 0.20839761265775056 0
0.67765223300374589 0.3025464403030092 0
0.57629585273261863 0.38506857791742166 0
0.45279274603141423 0.45279274603141395 0
0.31188906802932032 0.50311634284451656 0
0.15899966805226387 0.53410546075299992 0
1.0064927849315829e-16 0.54456920533453868 0
-0.15899966805226365 0.53410546075299992 0
-0.31188906802932009 0.50311634284451656 0
-0.45279274603141412 0.45279274603141406 0
-0.57629585273261841 0.38506857791742177 0
-0.67765223300374566 0.30254644030300931 0
-0.75296681799228959 0.20839761265775078 0
-0.79934531043404622 0.10624018162878243 0
-0.81500541087383693 6.1262722528104142e-17 0
-0.79934531043404622 -0.10624018162878224 0
-0.75296681799228959 -0.20839761265775056 0
-0.67765223300374589 -0.3025464403030092 0
-0.57629585273261863 -0.38506857791742166 0
-0.45279274603141428 -0.45279274603141395 0
-0.31188906802932032 -0.50311634284451656 0
-0.15899966805226393 -0.53410546075299992 0
-1.1052848043254064e-16 -0.69310512880526376 0
0.13521810276964891 -0.67978730810418775 0
0.26523984968104597 -0.64034564238178227 0
0.38506857791742183 -0.5762958527326183 0
0.49009933665337763 -0.49009933665337757 0
0.57629585273261852 -0.38506857791742188 0
0.64034564238178249 -0.26523984968104608 0
0.67978730810418797 -0.13521810276964902 0
0.69310512880526398 -6.1547713662546537e-17 0
0.67978730810418797 0.13521810276964891 0
0.64034564238178249 0.26523984968104586 0
0.57629585273261852 0.38506857791742166 0
0.49009933665337774 0.49009933665337746 0
0.38506857791742194 0.57629585273261819 0
0.26523984968104619 0.64034564238178227 0
0.1352181027696491 0.67978730810418775 0
9.2180353965692258e-17 0.69310512880526376 0
-0.13521810276964893 0.67978730810418775 0
-0.26523984968104597 0.64034564238178227 0
-0.38506857791742183 0.57629585273261841 0
-0.49009933665337763 0.49009933665337757 0
-0.57629585273261852 0.38506857791742188 0
-0.64034564238178249 0.26523984968104619 0
-0.67978730810418797 0.13521810276964924 0
-0.69310512880526398 8.121468524278825e-17 0
-0.67978730810418797 -0.13521810276964902 0
-0.64034564238178249 -0.26523984968104597 0
-0.57629585273261852 -0.38506857791742166 0
-0.49009933665337774 -0.49009933665337746 0
-0.38506857791742194 -0.5762958527326183 0
-0.26523984968104619 -0.64034564238178227 0
-0.13521810276964913 -0.67978730810418775 0
-8.7732449147984074e-17 -0.81500541087383671 0
0.10624018162878221 -0.799345310434046 0
0.20839761265775061 -0.75296681799228959 0
0.30254644030300931 -0.67765223300374566 0
0.38506857791742183 -0.57629585273261852 0
0.45279274603141417 -0.45279274603141417 0
0.50311634284451667 -0.3118890680293202 0
0.53410546075300014 -0.15899966805226382 0
0.5445692053345389 -7.8539596672948676e-17 0
0.53410546075300014 0.15899966805226368 0
0.50311634284451667 0.31188906802931998 0
0.45279274603141428 0.45279274603141395 0
0.38506857791742194 0.5762958527326183 0
0.30254644030300942 0.67765223300374544 0
0.20839761265775075 0.75296681799228948 0
0.10624018162878236 0.799345310434046 0
7.6621586892219488e-17 0.81500541087383671 0
-0.10624018162878222 0.799345310434046 0
-0.20839761265775064 0.75296681799228948 0
-0.30254644030300931 0.67765223300374566 0
-0.38506857791742183 0.57629585273261852 0
-0.45279274603141417 0.45279274603141417 0
-0.50311634284451667 0.31188906802932032 0
-0.53410546075300014 0.15899966805226401 0
-0.5445692053345389 9.0852879522003304e-17 0
-0.53410546075300014 -0.15899966805226376 0
-0.50311634284451667 -0.31188906802932009 0
-0.45279274603141428 -0.45279274603141395 0
-0.38506857791742194 -0.5762958527326183 0
-0.30254644030300942 -0.67765223300374544 0
-0.20839761265775078 -0.75296681799228937 0
-0.10624018162878238 -0.799345310434046 0
-4.9275043148303551e-17 -0.90558549206282846 0
0.073179509888101679 -0.88818492076193856 0
0.14354677225074561 -0.83665190105600951 0
0.2083976126577507 -0.75296681799228971 0
0.26523984968104608 -0.64034564238178249 0
0.3118890680293202 -0.50311634284451678 0
0.34655256440263199 -0.34655256440263205 0
0.36789824007486777 -0.17667096525967124 0
0.37510579270073646 -8.7960808934989811e-17 0
0.36789824007486782 0.17667096525967108 0
0.34655256440263205 0.34655256440263177 0
0.31188906802932032 0.50311634284451656 0
0.26523984968104614 0.64034564238178227 0
0.20839761265775078 0.75296681799228948 0
0.14354677225074569 0.83665190105600939 0
0.073179509888101776 0.88818492076193856 0
4.8471879078935796e-17 0.90558549206282823 0
-0.073179509888101693 0.88818492076193856 0
-0.14354677225074564 0.83665190105600939 0
-0.20839761265775072 0.75296681799228971 0
-0.26523984968104614 0.64034564238178249 0
-0.3118890680293202 0.50311634284451678 0
-0.34655256440263205 0.34655256440263221 0
-0.36789824007486782 0.17667096525967146 0
-0.37510579270073646 1.0940640393553909e-16 0
-0.36789824007486788 -0.17667096525967119 0
-0.3465525644026321 -0.34655256440263194 0
-0.31188906802932032 -0.50311634284451656 0
-0.26523984968104619 -0.64034564238178227 0
-0.20839761265775081 -0.75296681799228948 0
-0.14354677225074572 -0.83665190105600928 0
-0.07317950988810179 -0.88818492076193856 0
-1.8608764993691599e-17 -0.96136443065004029 0
0.037306590621963349 -0.94289208268479163 0
0.073179509888101707 -0.88818492076193856 0
0.10624018162878228 -0.79934531043404611 0
0.13521810276964902 -0.67978730810418797 0
0.15899966805226379 -0.53410546075300014 0
0.17667096525967119 -0.36789824007486777 0
0.1875528963503682 -0.18755289635036823 0
0.19122727481519664 -8.8858223128242615e-17 0
0.18755289635036823 0.18755289635036804 0
0.17667096525967124 0.36789824007486749 0
0.15899966805226384 0.53410546075299992 0
0.13521810276964907 0.67978730810418775 0
0.10624018162878229 0.79934531043404589 0
0.073179509888101735 0.88818492076193833 0
0.037306590621963377 0.94289208268479163 0
1.8586372077467971e-17 0.96136443065004007 0
-0.037306590621963336 0.94289208268479163 0
-0.073179509888101679 0.88818492076193856 0
-0.10624018162878227 0.79934531043404611 0
-0.13521810276964902 0.67978730810418797 0
-0.15899966805226379 0.53410546075300014 0
-0.17667096525967119 0.36789824007486793 0
-0.18755289635036823 0.18755289635036848 0
-0.19122727481519664 1.4293157293612984e-16 0
-0.18755289635036826 -0.18755289635036818 0
-0.17667096525967124 -0.36789824007486766 0
-0.15899966805226384 -0.53410546075299992 0
-0.13521810276964907 -0.67978730810418775 0
-0.10624018162878233 -0.79934531043404589 0
-0.073179509888101762 -0.88818492076193833 0
-0.037306590621963391 -0.94289208268479163 0
2.3225316557404064e-18 -0.98019867330675514 0
1.3249228104026105e-17 -0.96136443065004018 0
3.539370621563882e-17 -0.90558549206282846 0
6.0852368559058595e-17 -0.81500541087383693 0
7.2982487711560847e-17 -0.69310512880526398 0
7.6418242555552276e-17 -0.5445692053345389 0
8.6230249591338154e-17 -0.37510579270073641 0
9.8384216224445641e-17 -0.19122727481519664 0
1.0217750087387242e-16 -8.9670716755957751e-17 0
1.0210266829630708e-16 0.19122727481519641 0
1.0100031130021715e-16 0.37510579270073613 0
8.9434117167285714e-17 0.54456920533453868 0
6.7681086893099882e-17 0.69310512880526376 0
4.8994989461330728e-17 0.81500541087383671 0
3.5625295020000516e-17 0.90558549206282823 0
1.6431916121324596e-17 0.96136443065004018 0
-9.3129204615342201e-18 0.98019867330675492 0
-2.5683373116537524e-17 0.96136443065004018 0
-2.8713796989667067e-17 0.90558549206282846 0
-4.1792212459300169e-17 0.81500541087383693 0
-7.486893897978599e-17 0.69310512880526398 0
-9.5876525099622681e-17 0.5445692053345389 0
-8.6453415479595105e-17 0.37510579270073657 0
-8.2326012543774719e-17 0.19122727481519691 0
-1.0625337207100922e-16 1.7619667088759083e-16 0
-1.2205553990911701e-16 -0.19122727481519658 0
-1.0400375843132926e-16 -0.3751057927007363 0
-8.0566581281765316e-17 -0.54456920533453868 0
-7.3737438531914765e-17 -0.69310512880526376 0
-6.4388292636066633e-17 -0.81500541087383671 0
-3.8334551170186454e-17 -0.90558549206282823 0
-1.1444232296700598e-17 -0.96136443065004018 0
2.7762574984615461e-17 -0.96136443065004029 0
-0.037306590621963301 -0.94289208268479163 0
-0.073179509888101624 -0.88818492076193856 0
-0.10624018162878215 -0.79934531043404611 0
-0.13521810276964888 -0.67978730810418797 0
-0.15899966805226365 -0.53410546075300014 0
-0.17667096525967105 -0.36789824007486777 0
-0.18755289635036804 -0.18755289635036823 0
-0.19122727481519644 -8.5081812523140335e-17 0
-0.18755289635036804 0.18755289635036801 0
-0.17667096525967105 0.36789824007486749 0
-0.15899966805226368 0.53410546075299992 0
-0.13521810276964893 0.67978730810418775 0
-0.10624018162878224 0.79934531043404589 0
-0.073179509888101707 0.88818492076193845 0
-0.037306590621963356 0.94289208268479163 0
-3.442396868817389e-17 0.96136443065004007 0
0.037306590621963301 0.94289208268479163 0
0.073179509888101651 0.88818492076193845 0
0.10624018162878218 0.79934531043404611 0
0.13521810276964888 0.67978730810418797 0
0.15899966805226362 0.53410546075300014 0
0.17667096525967105 0.36789824007486793 0
0.18755289635036804 0.18755289635036851 0
0.19122727481519644 1.9864324208086784e-16 0
0.18755289635036804 -0.18755289635036818 0
0.17667096525967105 -0.36789824007486766 0
0.15899966805226365 -0.53410546075299992 0
0.13521810276964893 -0.67978730810418775 0
0.10624018162878221 -0.79934531043404589 0
0.073179509888101679 -0.88818492076193833 0
0.037306590621963356 -0.94289208268479163 0
5.7989436026641242e-17 -0.90558549206282857 0
-0.073179509888101624 -0.88818492076193867 0
-0.1435467722507455 -0.83665190105600962 0
-0.20839761265775056 -0.75296681799228971 0
-0.26523984968104586 -0.6403456423817826 0
-0.31188906802932004 -0.50311634284451678 0
-0.34655256440263177 -0.34655256440263205 0
-0.36789824007486754 -0.17667096525967127 0
-0.37510579270073618 -6.974888975690926e-17 0
-0.36789824007486754 0.17667096525967108 0
-0.34655256440263177 0.34655256440263188 0
-0.31188906802932009 0.50311634284451656 0
-0.26523984968104597 0.64034564238178238 0
-0.20839761265775061 0.75296681799228948 0
-0.14354677225074558 0.83665190105600951 0
-0.073179509888101721 0.88818492076193867 0
-4.9231399036362118e-17 0.90558549206282835 0
0.073179509888101638 0.88818492076193867 0
0.14354677225074552 0.83665190105600951 0
0.20839761265775056 0.75296681799228971 0
0.26523984968104586 0.6403456423817826 0
0.31188906802931998 0.50311634284451678 0
0.34655256440263177 0.34655256440263221 0
0.36789824007486754 0.17667096525967152 0
0.37510579270073618 2.0765370363980846e-16 0
0.36789824007486754 -0.17667096525967121 0
0.34655256440263177 -0.34655256440263205 0
0.31188906802932004 -0.50311634284451656 0
0.26523984968104597 -0.64034564238178238 0
0.20839761265775061 -0.75296681799228948 0
0.14354677225074561 -0.83665190105600939 0
0.073179509888101735 -0.88818492076193867 0
8.2635339202411124e-17 -0.81500541087383704 0
-0.10624018162878215 -0.79934531043404622 0
-0.20839761265775059 -0.75296681799228959 0
-0.3025464403030092 -0.67765223300374589 0
-0.38506857791742166 -0.57629585273261863 0
-0.45279274603141395 -0.45279274603141417 0
-0.50311634284451656 -0.3118890680293202 0
-0.53410546075299992 -0.15899966805226387 0
-0.54456920533453868 -5.7900386769903013e-17 0
-0.53410546075299992 0.1589996680522637 0
-0.50311634284451656 0.31188906802932004 0
-0.45279274603141406 0.45279274603141401 0
-0.38506857791742177 0.57629585273261841 0
-0.30254644030300931 0.67765223300374566 0
-0.20839761265775064 0.75296681799228959 0
-0.10624018162878227 0.79934531043404622 0
-6.0604364365439848e-17 0.81500541087383682 0
0.10624018162878215 0.79934531043404622 0
0.20839761265775053 0.75296681799228959 0
0.3025464403030092 0.67765223300374589 0
0.38506857791742166 0.57629585273261863 0
0.45279274603141395 0.45279274603141423 0
0.50311634284451656 0.31188906802932037 0
0.53410546075299992 0.15899966805226409 0
0.54456920533453868 1.9903277935027285e-16 0
0.53410546075299992 -0.15899966805226382 0
0.50311634284451656 -0.3118890680293202 0
0.45279274603141406 -0.45279274603141406 0
0.38506857791742177 -0.57629585273261841 0
0.30254644030300931 -0.67765223300374566 0
0.2083976126577507 -0.75296681799228959 0
0.10624018162878232 -0.79934531043404622 0
9.788844433132963e-17 -0.69310512880526398 0
-0.13521810276964891 -0.67978730810418797 0
-0.26523984968104591 -0.64034564238178249 0
-0.38506857791742177 -0.57629585273261863 0
-0.49009933665337746 -0.49009933665337774 0
-0.5762958527326183 -0.38506857791742194 0
-0.64034564238178227 -0.26523984968104608 0
-0.67978730810418775 -0.13521810276964907 0
-0.69310512880526376 -5.705231535102295e-17 0
-0.67978730810418775 0.13521810276964893 0
-0.64034564238178227 0.26523984968104597 0
-0.5762958527326183 0.38506857791742183 0
-0.49009933665337757 0.49009933665337757 0
-0.38506857791742177 0.57629585273261841 0
-0.26523984968104602 0.64034564238178249 0
-0.13521810276964902 0.67978730810418797 0
-8.5422843042245924e-17 0.69310512880526398 0
0.13521810276964885 0.67978730810418797 0
0.2652398496810458 0.64034564238178249 0
0.38506857791742166 0.57629585273261863 0
0.49009933665337746 0.49009933665337779 0
0.5762958527326183 0.38506857791742194 0
0.64034564238178227 0.26523984968104619 0
0.67978730810418775 0.13521810276964927 0
0.69310512880526376 1.7609628569699696e-16 0
0.67978730810418775 -0.13521810276964902 0
0.64034564238178227 -0.26523984968104608 0
0.5762958527326183 -0.38506857791742183 0
0.49009933665337757 -0.49009933665337763 0
0.38506857791742188 -0.57629585273261841 0
0.26523984968104614 -0.64034564238178249 0
0.13521810276964907 -0.67978730810418797 0
1.0681423262457423e-16 -0.5445692053345389 0
-0.15899966805226362 -0.53410546075300014 0
-0.31188906802931998 -0.50311634284451667 0
-0.45279274603141395 -0.45279274603141428 0
-0.5762958527326183 -0.38506857791742194 0
-0.67765223300374555 -0.30254644030300942 0
-0.75296681799228948 -0.20839761265775072 0
-0.799345310434046 -0.10624018162878233 0
-0.81500541087383671 -5.3777184595398613e-17 0
-0.799345310434046 0.10624018162878221 0
-0.75296681799228948 0.20839761265775059 0
-0.67765223300374555 0.30254644030300931 0
-0.57629585273261852 0.38506857791742183 0
-0.45279274603141417 0.45279274603141417 0
-0.3118890680293202 0.50311634284451667 0
-0.15899966805226384 0.53410546075300014 0
-1.1332015714415296e-16 0.5445692053345389 0
0.15899966805226362 0.53410546075300014 0
0.31188906802931998 0.50311634284451667 0
0.45279274603141395 0.45279274603141428 0
0.5762958527326183 0.38506857791742194 0
0.67765223300374555 0.30254644030300942 0
0.75296681799228948 0.20839761265775075 0
0.799345310434046 0.10624018162878246 0
0.81500541087383671 1.4309273995536097e-16 0
0.799345310434046 -0.10624018162878228 0
0.75296681799228948 -0.20839761265775072 0
0.67765223300374555 -0.30254644030300931 0
0.57629585273261852 -0.38506857791742183 0
0.45279274603141417 -0.45279274603141417 0
0.3118890680293202 -0.50311634284451667 0
0.15899966805226384 -0.53410546075300014 0
1.4320905489883659e-16 -0.37510579270073646 0
-0.17667096525967102 -0.36789824007486782 0
-0.34655256440263182 -0.34655256440263205 0
-0.50311634284451656 -0.31188906802932026 0
-0.64034564238178227 -0.26523984968104619 0
-0.75296681799228948 -0.20839761265775078 0
-0.83665190105600928 -0.14354677225074569 0
-0.88818492076193845 -0.073179509888101762 0
-0.90558549206282835 -4.0447619837670292e-17 0
-0.88818492076193856 0.073179509888101679 0
-0.83665190105600939 0.14354677225074555 0
-0.75296681799228971 0.20839761265775072 0
-0.64034564238178249 0.26523984968104614 0
-0.50311634284451678 0.3118890680293202 0
-0.3465525644026321 0.34655256440263199 0
-0.1766709652596713 0.36789824007486782 0
-1.5051800698056228e-16 0.37510579270073646 0
0.17667096525967102 0.36789824007486782 0
0.34655256440263177 0.3465525644026321 0
0.50311634284451656 0.31188906802932032 0
0.64034564238178227 0.26523984968104614 0
0.75296681799228948 0.20839761265775078 0
0.83665190105600939 0.14354677225074572 0
0.88818492076193856 0.073179509888101874 0
0.90558549206282835 9.6005521429674028e-17 0
0.88818492076193867 -0.073179509888101735 0
0.83665190105600951 -0.14354677225074569 0
0.75296681799228971 -0.20839761265775072 0
0.64034564238178249 -0.26523984968104608 0
0.50311634284451678 -0.31188906802932026 0
0.34655256440263205 -0.34655256440263205 0
0.1766709652596713 -0.36789824007486782 0
1.3043477125571817e-16 -0.19122727481519669 0
-0.18755289635036801 -0.18755289635036829 0
-0.3678982400748676 -0.17667096525967127 0
-0.53410546075299992 -0.15899966805226387 0
-0.67978730810418775 -0.1352181027696491 0
-0.79934531043404589 -0.10624018162878235 0
-0.88818492076193833 -0.073179509888101776 0
-0.94289208268479152 -0.037306590621963398 0
-0.96136443065004018 -2.2650505845355777e-17 0
-0.94289208268479163 0.037306590621963343 0
-0.88818492076193856 0.073179509888101721 0
-0.79934531043404611 0.10624018162878231 0
-0.67978730810418797 0.13521810276964907 0
-0.53410546075300014 0.15899966805226384 0
-0.36789824007486782 0.17667096525967124 0
-0.18755289635036826 0.18755289635036829 0
-1.2461400517504369e-16 0.19122727481519669 0
0.18755289635036804 0.18755289635036829 0
0.3678982400748676 0.1766709652596713 0
0.53410546075299992 0.1589996680522639 0
0.67978730810418775 0.13521810276964907 0
0.79934531043404589 0.10624018162878233 0
0.88818492076193833 0.073179509888101804 0
0.94289208268479163 0.037306590621963454 0
0.96136443065004018 4.3768602704609231e-17 0
0.94289208268479174 -0.03730659062196337 0
0.88818492076193856 -0.073179509888101749 0
0.79934531043404611 -0.10624018162878229 0
0.67978730810418797 -0.13521810276964905 0
0.53410546075300014 -0.15899966805226387 0
0.36789824007486782 -0.17667096525967127 0
0.18755289635036829 -0.18755289635036829 0
1.4895595906556613e-16 -1.2986305286840265e-16 0
-0.19122727481519639 -1.2657113098909776e-16 0
-0.37510579270073618 -1.2278269420489763e-16 0
-0.54456920533453868 -1.1795298025305879e-16 0
-0.69310512880526365 -9.9977502239993029e-17 0
-0.8150054108738366 -7.1212788783333212e-17 0
-0.90558549206282812 -4.7388040905715543e-17 0
-0.96136443065003996 -2.7533039654193792e-17 0
-0.98019867330675492 -2.9389300305331924e-18 0
-0.96136443065004007 2.7470291495189863e-17 0
-0.90558549206282823 6.0671429850233151e-17 0
-0.81500541087383682 8.2442721107623751e-17 0
-0.69310512880526387 8.4871659420085751e-17 0
-0.5445692053345389 9.1522850699826327e-17 0
-0.37510579270073641 1.1504004884452837e-16 0
-0.19122727481519666 1.3101487489440085e-16 0
-1.349945967993147e-16 1.3437946810704291e-16 0
0.19122727481519639 1.4382316924216638e-16 0
0.37510579270073618 1.463387457127225e-16 0
0.54456920533453868 1.2377158296455444e-16 0
0.69310512880526365 9.4391568180338425e-17 0
0.8150054108738366 7.000624030646492e-17 0
0.90558549206282823 4.1614080568821103e-17 0
0.96136443065004007 1.6528192680305699e-17 0
0.98019867330675492 1.6012689112330359e-18 0
0.96136443065004018 -1.6030097504455964e-17 0
0.90558549206282835 -3.9046959104097289e-17 0
0.81500541087383682 -6.3812977739423256e-17 0
0.69310512880526387 -9.7112887322793947e-17 0
0.5445692053345389 -1.2866122343784005e-16 0
0.37510579270073641 -1.3788450177612838e-16 0
0.19122727481519666 -1.3289198388668579e-16 0
1.5563039310721578e-16 0.19122727481519644 0
-0.18755289635036801 0.18755289635036804 0
-0.3678982400748676 0.17667096525967105 0
-0.53410546075299992 0.15899966805226365 0
-0.67978730810418775 0.13521810276964891 0
-0.79934531043404589 0.10624018162878218 0
-0.88818492076193833 0.073179509888101665 0
-0.94289208268479152 0.037306590621963343 0
-0.96136443065004018 1.8973300390102694e-17 0
-0.94289208268479163 -0.03730659062196328 0
-0.88818492076193845 -0.073179509888101596 0
-0.79934531043404611 -0.10624018162878214 0
-0.67978730810418797 -0.13521810276964888 0
-0.53410546075300014 -0.15899966805226362 0
-0.36789824007486782 -0.17667096525967102 0
-0.18755289635036829 -0.18755289635036801 0
-1.3756195021202886e-16 -0.19122727481519639 0
0.18755289635036801 -0.18755289635036801 0
0.3678982400748676 -0.17667096525967102 0
0.53410546075299992 -0.15899966805226362 0
0.67978730810418775 -0.13521810276964888 0
0.79934531043404589 -0.1062401816287822 0
0.88818492076193845 -0.073179509888101679 0
0.94289208268479163 -0.037306590621963391 0
0.96136443065004018 -4.2929848313892274e-17 0
0.94289208268479174 0.037306590621963329 0
0.88818492076193856 0.073179509888101665 0
0.79934531043404611 0.10624018162878215 0
0.67978730810418797 0.13521810276964885 0
0.53410546075300014 0.15899966805226359 0
0.36789824007486782 0.17667096525967099 0
0.18755289635036829 0.18755289635036798 0
1.1383289679808829e-16 0.37510579270073624 0
-0.17667096525967105 0.3678982400748676 0
-0.34655256440263182 0.34655256440263188 0
-0.50311634284451656 0.31188906802932009 0
-0.64034564238178227 0.26523984968104602 0
-0.75296681799228959 0.20839761265775061 0
-0.83665190105600939 0.14354677225074561 0
-0.88818492076193856 0.073179509888101721 0
-0.90558549206282835 3.8290374746866765e-17 0
-0.88818492076193856 -0.073179509888101638 0
-0.83665190105600939 -0.1435467722507455 0
-0.75296681799228959 -0.20839761265775053 0
-0.64034564238178249 -0.26523984968104591 0
-0.50311634284451678 -0.31188906802931998 0
-0.34655256440263205 -0.34655256440263182 0
-0.17667096525967124 -0.3678982400748676 0
-9.3713260100783492e-17 -0.37510579270073624 0
0.17667096525967108 -0.3678982400748676 0
0.34655256440263182 -0.34655256440263182 0
0.50311634284451656 -0.31188906802932009 0
0.64034564238178227 -0.26523984968104602 0
0.75296681799228959 -0.20839761265775064 0
0.83665190105600939 -0.14354677225074561 0
0.88818492076193856 -0.073179509888101832 0
0.90558549206282835 -1.0541082022754037e-16 0
0.88818492076193856 0.073179509888101693 0
0.83665190105600939 0.14354677225074561 0
0.75296681799228959 0.20839761265775056 0
0.64034564238178249 0.26523984968104591 0
0.50311634284451678 0.31188906802931998 0
0.34655256440263205 0.34655256440263177 0
0.17667096525967127 0.3678982400748676 0
1.1904620485511189e-16 0.54456920533453868 0
-0.15899966805226368 0.53410546075299992 0
-0.31188906802932009 0.50311634284451656 0
-0.45279274603141406 0.45279274603141406 0
-0.57629585273261841 0.38506857791742177 0
-0.67765223300374566 0.30254644030300931 0
-0.75296681799228948 0.20839761265775064 0
-0.79934531043404622 0.10624018162878227 0
-0.81500541087383693 4.7259282597799606e-17 0
-0.79934531043404622 -0.10624018162878215 0
-0.75296681799228959 -0.2083976126577505 0
-0.67765223300374589 -0.3025464403030092 0
-0.57629585273261863 -0.38506857791742166 0
-0.45279274603141428 -0.45279274603141395 0
-0.31188906802932032 -0.50311634284451656 0
-0.1589996680522639 -0.53410546075299992 0
-1.0644303654469751e-16 -0.54456920533453868 0
0.15899966805226368 -0.53410546075299992 0
0.31188906802932009 -0.50311634284451656 0
0.45279274603141406 -0.45279274603141406 0
0.57629585273261841 -0.38506857791742177 0
0.67765223300374566 -0.30254644030300931 0
0.75296681799228959 -0.20839761265775067 0
0.79934531043404622 -0.10624018162878243 0
0.81500541087383693 -1.662025231462287e-16 0
0.79934531043404622 0.10624018162878221 0
0.75296681799228971 0.20839761265775064 0
0.67765223300374589 0.3025464403030092 0
0.57629585273261863 0.38506857791742166 0
0.45279274603141428 0.45279274603141395 0
0.31188906802932032 0.50311634284451656 0
0.1589996680522639 0.53410546075299992 0
1.0212198394664401e-16 0.69310512880526376 0
-0.13521810276964891 0.67978730810418775 0
-0.26523984968104597 0.64034564238178227 0
-0.38506857791742177 0.57629585273261841 0
-0.49009933665337763 0.49009933665337757 0
-0.57629585273261841 0.38506857791742183 0
-0.64034564238178238 0.26523984968104597 0
-0.67978730810418797 0.13521810276964902 0
-0.69310512880526398 4.7516284719011292e-17 0
-0.67978730810418797 -0.13521810276964888 0
-0.64034564238178249 -0.26523984968104586 0
-0.57629585273261852 -0.38506857791742172 0
-0.49009933665337774 -0.49009933665337746 0
-0.38506857791742194 -0.5762958527326183 0
-0.26523984968104614 -0.64034564238178227 0
-0.1352181027696491 -0.67978730810418775 0
-9.9150768403241143e-17 -0.69310512880526376 0
0.13521810276964893 -0.67978730810418775 0
0.26523984968104602 -0.64034564238178227 0
0.38506857791742183 -0.5762958527326183 0
0.49009933665337763 -0.49009933665337757 0
0.57629585273261852 -0.38506857791742183 0
0.64034564238178249 -0.26523984968104608 0
0.67978730810418797 -0.13521810276964921 0
0.69310512880526398 -1.9875292849605457e-16 0
0.67978730810418797 0.13521810276964896 0
0.6403456423817826 0.26523984968104597 0
0.57629585273261863 0.38506857791742172 0
0.49009933665337774 0.49009933665337746 0
0.38506857791742199 0.57629585273261819 0
0.26523984968104619 0.64034564238178227 0
0.13521810276964913 0.67978730810418775 0
8.4344181060267149e-17 0.81500541087383671 0
-0.10624018162878222 0.799345310434046 0
-0.20839761265775061 0.75296681799228948 0
-0.30254644030300931 0.67765223300374566 0
-0.38506857791742183 0.57629585273261852 0
-0.45279274603141417 0.45279274603141406 0
-0.50311634284451667 0.31188906802932009 0
-0.53410546075300014 0.15899966805226379 0
-0.5445692053345389 5.782659985320778e-17 0
-0.53410546075300014 -0.15899966805226362 0
-0.50311634284451667 -0.31188906802931993 0
-0.45279274603141428 -0.4527927460314139 0
-0.38506857791742194 -0.5762958527326183 0
-0.30254644030300942 -0.67765223300374544 0
-0.20839761265775075 -0.75296681799228948 0
-0.10624018162878236 -0.799345310434046 0
-8.186332164694923e-17 -0.81500541087383671 0
0.1062401816287822 -0.799345310434046 0
0.20839761265775064 -0.75296681799228948 0
0.30254644030300931 -0.67765223300374566 0
0.38506857791742183 -0.57629585273261852 0
0.45279274603141417 -0.45279274603141412 0
0.50311634284451667 -0.31188906802932026 0
0.53410546075300014 -0.15899966805226401 0
0.5445692053345389 -1.9978510098193016e-16 0
0.53410546075300014 0.15899966805226373 0
0.50311634284451667 0.31188906802932009 0
0.45279274603141428 0.45279274603141395 0
0.38506857791742194 0.5762958527326183 0
0.30254644030300942 0.67765223300374544 0
0.20839761265775078 0.75296681799228948 0
0.10624018162878239 0.799345310434046 0
5.3976369167667008e-17 0.90558549206282823 0
-0.073179509888101707 0.88818492076193845 0
-0.14354677225074569 0.83665190105600939 0
-0.20839761265775075 0.75296681799228959 0
-0.26523984968104614 0.64034564238178238 0
-0.31188906802932026 0.50311634284451667 0
-0.34655256440263221 0.34655256440263188 0
-0.36789824007486799 0.17667096525967121 0
-0.37510579270073663 8.6222655287380587e-17 0
-0.36789824007486799 -0.17667096525967102 0
-0.34655256440263221 -0.34655256440263166 0
-0.31188906802932048 -0.50311634284451645 0
-0.26523984968104636 -0.64034564238178215 0
-0.20839761265775092 -0.75296681799228937 0
-0.1435467722507458 -0.83665190105600928 0
-0.073179509888101818 -0.88818492076193845 0
-5.1975899577735547e-17 -0.90558549206282823 0
0.073179509888101707 -0.88818492076193845 0
0.14354677225074569 -0.83665190105600928 0
0.20839761265775081 -0.75296681799228959 0
0.26523984968104625 -0.64034564238178238 0
0.31188906802932037 -0.50311634284451667 0
0.34655256440263221 -0.3465525644026321 0
0.36789824007486799 -0.17667096525967146 0
0.37510579270073663 -1.8197172129417008e-16 0
0.36789824007486799 0.17667096525967116 0
0.34655256440263221 0.34655256440263188 0
0.31188906802932037 0.50311634284451645 0
0.26523984968104625 0.64034564238178215 0
0.20839761265775086 0.75296681799228937 0
0.1435467722507458 0.83665190105600917 0
0.073179509888101818 0.88818492076193845 0
1.7768525519493845e-17 0.96136443065004018 0
-0.037306590621963398 0.94289208268479163 0
-0.073179509888101804 0.88818492076193856 0
-0.10624018162878242 0.79934531043404611 0
-0.13521810276964918 0.67978730810418797 0
-0.15899966805226406 0.53410546075300014 0
-0.17667096525967146 0.36789824007486777 0
-0.18755289635036848 0.18755289635036823 0
-0.19122727481519688 1.0394632539054843e-16 0
-0.18755289635036848 -0.18755289635036801 0
-0.17667096525967146 -0.36789824007486749 0
-0.15899966805226404 -0.53410546075299992 0
-0.13521810276964924 -0.67978730810418775 0
-0.10624018162878245 -0.79934531043404589 0
-0.073179509888101832 -0.88818492076193845 0
-0.037306590621963433 -0.94289208268479163 0
-2.2245458562628503e-17 -0.96136443065004018 0
0.037306590621963377 -0.94289208268479163 0
0.073179509888101776 -0.88818492076193845 0
0.10624018162878239 -0.79934531043404611 0
0.13521810276964918 -0.67978730810418797 0
0.15899966805226398 -0.53410546075300014 0
0.17667096525967146 -0.36789824007486793 0
0.18755289635036848 -0.18755289635036851 0
0.19122727481519688 -1.6994273422855286e-16 0
0.18755289635036848 0.18755289635036818 0
0.17667096525967146 0.36789824007486766 0
0.15899966805226406 0.53410546075299992 0
0.13521810276964924 0.67978730810418775 0
0.10624018162878247 0.79934531043404589 0
0.07317950988810186 0.88818492076193833 0
0.03730659062196344 0.94289208268479163 0
-1.0866573381683663e-17 0.98019867330675514 0
-5.2592635389802478e-17 0.96136443065004018 0
-9.5350655649551722e-17 0.90558549206282846 0
-1.35102584534206e-16 0.81500541087383693 0
-1.6405471184757741e-16 0.69310512880526398 0
-1.8246463743010371e-16 0.5445692053345389 0
-1.8907967125297969e-16 0.37510579270073646 0
-1.8230720231856747e-16 0.19122727481519664 0
-1.6450053253896639e-16 8.995098629320301e-17 0
-1.3538568728341997e-16 -0.19122727481519641 0
-9.7827980072572058e-17 -0.37510579270073618 0
-6.521596555835458e-17 -0.54456920533453868 0
-4.6921454197588563e-17 -0.69310512880526376 0
-3.7425979769914692e-17 -0.81500541087383671 0
-2.6372555828385043e-17 -0.90558549206282835 0
-1.0592817104052282e-17 -0.96136443065004018 0
3.8909863403013544e-18 -0.98019867330675492 0
1.2427750218841504e-17 -0.96136443065004018 0
2.0477166232449411e-17 -0.90558549206282835 0
3.1594974429752404e-17 -0.81500541087383693 0
4.3427141947299479e-17 -0.69310512880526398 0
6.5487254901022541e-17 -0.5445692053345389 0
1.0660921277414788e-16 -0.37510579270073663 0
1.4616279935178311e-16 -0.19122727481519691 0
1.6220719841355816e-16 -1.7524329599482671e-16 0
1.675764996452238e-16 0.19122727481519658 0
1.7799453242061474e-16 0.37510579270073635 0
1.8334659959179915e-16 0.54456920533453868 0
1.7301340448012058e-16 0.69310512880526376 0
1.4572325770826989e-16 0.81500541087383671 0
9.8404295968151471e-17 0.90558549206282823 0
3.9818177349067287e-17 0.96136443065004018 0
-3.3006419511836623e-17 0.96136443065004029 0
0.037306590621963329 0.94289208268479174 0
0.073179509888101679 0.88818492076193856 0
0.10624018162878222 0.79934531043404611 0
0.13521810276964899 0.67978730810418797 0
0.15899966805226376 0.53410546075300014 0
0.17667096525967116 0.36789824007486782 0
0.18755289635036815 0.1875528963503682 0
0.19122727481519658 7.2136681038310094e-17 0
0.18755289635036818 -0.18755289635036806 0
0.17667096525967119 -0.36789824007486754 0
0.15899966805226379 -0.53410546075299992 0
0.13521810276964905 -0.67978730810418775 0
0.10624018162878227 -0.79934531043404589 0
0.073179509888101735 -0.88818492076193845 0
0.037306590621963377 -0.94289208268479152 0
2.5284058747371202e-17 -0.96136443065004007 0
-0.037306590621963336 -0.94289208268479152 0
-0.073179509888101679 -0.88818492076193845 0
-0.10624018162878224 -0.79934531043404611 0
-0.13521810276964899 -0.67978730810418797 0
-0.15899966805226373 -0.53410546075300014 0
-0.17667096525967113 -0.36789824007486799 0
-0.18755289635036818 -0.18755289635036851 0
-0.19122727481519658 -1.6882577333531436e-16 0
-0.1875528963503682 0.18755289635036815 0
-0.17667096525967116 0.36789824007486771 0
-0.15899966805226376 0.53410546075299992 0
-0.13521810276964905 0.67978730810418775 0
-0.10624018162878228 0.79934531043404589 0
-0.073179509888101735 0.88818492076193833 0
-0.037306590621963384 0.94289208268479174 0
-5.7509098210376862e-17 0.90558549206282846 0
0.073179509888101679 0.88818492076193856 0
0.14354677225074561 0.83665190105600951 0
0.2083976126577507 0.75296681799228971 0
0.26523984968104608 0.64034564238178249 0
0.3118890680293202 0.50311634284451678 0
0.34655256440263199 0.34655256440263205 0
0.36789824007486771 0.17667096525967124 0
0.37510579270073635 7.4896512497048249e-17 0
0.36789824007486771 -0.17667096525967105 0
0.34655256440263194 -0.34655256440263177 0
0.31188906802932015 -0.50311634284451656 0
0.26523984968104608 -0.64034564238178227 0
0.2083976126577507 -0.75296681799228948 0
0.14354677225074566 -0.83665190105600939 0
0.073179509888101749 -0.88818492076193856 0
4.0896094581782763e-17 -0.90558549206282823 0
-0.073179509888101665 -0.88818492076193856 0
-0.14354677225074555 -0.83665190105600939 0
-0.20839761265775059 -0.75296681799228971 0
-0.26523984968104597 -0.64034564238178249 0
-0.31188906802932004 -0.50311634284451678 0
-0.34655256440263182 -0.34655256440263221 0
-0.36789824007486771 -0.17667096525967149 0
-0.37510579270073635 -1.3111027167549025e-16 0
-0.36789824007486771 0.17667096525967119 0
-0.34655256440263199 0.34655256440263194 0
-0.3118890680293202 0.50311634284451656 0
-0.26523984968104619 0.64034564238178227 0
-0.20839761265775081 0.75296681799228948 0
-0.14354677225074572 0.83665190105600928 0
-0.07317950988810179 0.88818492076193856 0
-8.486014150648629e-17 0.81500541087383693 0
0.10624018162878215 0.79934531043404622 0
0.20839761265775059 0.75296681799228959 0
0.3025464403030092 0.67765223300374589 0
0.38506857791742166 0.57629585273261863 0
0.45279274603141395 0.45279274603141417 0
0.50311634284451656 0.31188906802932026 0
0.53410546075299992 0.15899966805226387 0
0.54456920533453868 7.7298746996120863e-17 0
0.53410546075299992 -0.1589996680522637 0
0.50311634284451656 -0.31188906802932004 0
0.45279274603141406 -0.45279274603141401 0
0.38506857791742177 -0.57629585273261841 0
0.30254644030300931 -0.67765223300374566 0
0.20839761265775064 -0.75296681799228959 0
0.10624018162878228 -0.79934531043404622 0
6.2870353517742879e-17 -0.81500541087383693 0
-0.10624018162878214 -0.79934531043404622 0
-0.20839761265775053 -0.75296681799228959 0
-0.3025464403030092 -0.67765223300374589 0
-0.38506857791742166 -0.57629585273261863 0
-0.45279274603141395 -0.45279274603141423 0
-0.50311634284451656 -0.31188906802932037 0
-0.53410546075299992 -0.15899966805226409 0
-0.54456920533453868 -9.3984032662976385e-17 0
-0.53410546075299992 0.15899966805226382 0
-0.50311634284451656 0.31188906802932015 0
-0.45279274603141406 0.45279274603141406 0
-0.38506857791742177 0.57629585273261841 0
-0.30254644030300931 0.67765223300374566 0
-0.2083976126577507 0.75296681799228959 0
-0.10624018162878232 0.79934531043404622 0
-1.0585257224102696e-16 0.69310512880526398 0
0.13521810276964885 0.67978730810418797 0
0.26523984968104586 0.64034564238178249 0
0.38506857791742172 0.57629585273261852 0
0.49009933665337746 0.49009933665337774 0
0.57629585273261819 0.38506857791742194 0
0.64034564238178227 0.26523984968104614 0
0.67978730810418775 0.13521810276964907 0
0.69310512880526376 6.2435386280904577e-17 0
0.67978730810418775 -0.13521810276964896 0
0.64034564238178227 -0.26523984968104591 0
0.5762958527326183 -0.38506857791742177 0
0.49009933665337757 -0.49009933665337763 0
0.38506857791742183 -0.57629585273261841 0
0.26523984968104608 -0.64034564238178249 0
0.13521810276964907 -0.67978730810418797 0
9.6899121264204271e-17 -0.69310512880526398 0
-0.13521810276964885 -0.67978730810418797 0
-0.26523984968104586 -0.64034564238178249 0
-0.38506857791742172 -0.57629585273261863 0
-0.49009933665337746 -0.49009933665337774 0
-0.5762958527326183 -0.38506857791742199 0
-0.64034564238178227 -0.26523984968104625 0
-0.67978730810418775 -0.13521810276964924 0
-0.69310512880526376 -7.7719276707562649e-17 0
-0.67978730810418775 0.13521810276964902 0
-0.64034564238178227 0.26523984968104602 0
-0.57629585273261841 0.38506857791742183 0
-0.49009933665337757 0.49009933665337763 0
-0.38506857791742183 0.57629585273261852 0
-0.26523984968104608 0.64034564238178249 0
-0.13521810276964907 0.67978730810418797 0
-1.1342855081437276e-16 0.5445692053345389 0
0.15899966805226362 0.53410546075300014 0
0.31188906802931998 0.50311634284451667 0
0.45279274603141395 0.45279274603141428 0
0.5762958527326183 0.38506857791742194 0
0.67765223300374544 0.30254644030300942 0
0.75296681799228948 0.20839761265775075 0
0.799345310434046 0.10624018162878232 0
0.81500541087383671 4.4730842916943062e-17 0
0.799345310434046 -0.10624018162878222 0
0.75296681799228948 -0.20839761265775061 0
0.67765223300374555 -0.30254644030300926 0
0.57629585273261852 -0.38506857791742183 0
0.45279274603141417 -0.45279274603141417 0
0.3118890680293202 -0.50311634284451667 0
0.15899966805226384 -0.53410546075300014 0
1.2315888686154257e-16 -0.5445692053345389 0
-0.15899966805226362 -0.53410546075300014 0
-0.31188906802931998 -0.50311634284451667 0
-0.45279274603141395 -0.45279274603141428 0
-0.5762958527326183 -0.38506857791742194 0
-0.67765223300374555 -0.30254644030300948 0
-0.75296681799228948 -0.20839761265775084 0
-0.799345310434046 -0.10624018162878245 0
-0.81500541087383671 -5.6864768434285064e-17 0
-0.799345310434046 0.10624018162878229 0
-0.75296681799228948 0.2083976126577507 0
-0.67765223300374566 0.30254644030300931 0
-0.57629585273261852 0.38506857791742183 0
-0.45279274603141417 0.45279274603141417 0
-0.3118890680293202 0.50311634284451667 0
-0.15899966805226384 0.53410546075300014 0
-1.4444633896675771e-16 0.37510579270073646 0
0.17667096525967099 0.36789824007486782 0
0.34655256440263171 0.34655256440263205 0
0.50311634284451645 0.31188906802932026 0
0.64034564238178215 0.26523984968104619 0
0.75296681799228937 0.20839761265775081 0
0.83665190105600928 0.14354677225074569 0
0.88818492076193845 0.073179509888101776 0
0.90558549206282823 3.172819149047486e-17 0
0.88818492076193845 -0.073179509888101693 0
0.83665190105600928 -0.14354677225074558 0
0.75296681799228959 -0.2083976126577507 0
0.64034564238178238 -0.26523984968104608 0
0.50311634284451667 -0.31188906802932026 0
0.34655256440263205 -0.34655256440263205 0
0.1766709652596713 -0.36789824007486782 0
1.5662050733734199e-16 -0.37510579270073646 0
-0.17667096525967096 -0.36789824007486782 0
-0.34655256440263171 -0.34655256440263205 0
-0.50311634284451645 -0.31188906802932026 0
-0.64034564238178215 -0.26523984968104619 0
-0.75296681799228937 -0.20839761265775081 0
-0.83665190105600928 -0.14354677225074575 0
-0.88818492076193845 -0.073179509888101832 0
-0.90558549206282823 -2.4836301956425656e-17 0
-0.88818492076193845 0.073179509888101749 0
-0.83665190105600928 0.14354677225074564 0
-0.75296681799228959 0.2083976126577507 0
-0.64034564238178238 0.26523984968104608 0
-0.50311634284451667 0.31188906802932026 0
-0.34655256440263205 0.34655256440263205 0
-0.17667096525967127 0.36789824007486782 0
-1.3152453681661013e-16 0.19122727481519669 0
0.18755289635036801 0.18755289635036829 0
0.36789824007486754 0.17667096525967127 0
0.53410546075299981 0.15899966805226387 0
0.67978730810418764 0.1352181027696491 0
0.79934531043404589 0.10624018162878236 0
0.88818492076193833 0.073179509888101776 0
0.94289208268479152 0.037306590621963391 0
0.96136443065004007 1.5770335981057019e-17 0
0.94289208268479152 -0.037306590621963349 0
0.88818492076193833 -0.073179509888101707 0
0.79934531043404611 -0.10624018162878231 0
0.67978730810418786 -0.13521810276964907 0
0.53410546075300003 -0.15899966805226387 0
0.36789824007486777 -0.17667096525967124 0
0.18755289635036829 -0.18755289635036826 0
1.3052029815746226e-16 -0.19122727481519669 0
-0.18755289635036801 -0.18755289635036831 0
-0.36789824007486754 -0.1766709652596713 0
-0.53410546075299981 -0.15899966805226387 0
-0.67978730810418764 -0.13521810276964907 0
-0.79934531043404589 -0.10624018162878236 0
-0.88818492076193833 -0.073179509888101818 0
-0.94289208268479152 -0.037306590621963419 0
-0.96136443065004007 -8.1639618735251689e-18 0
-0.94289208268479152 0.037306590621963377 0
-0.88818492076193833 0.073179509888101749 0
-0.79934531043404611 0.10624018162878231 0
-0.67978730810418786 0.13521810276964905 0
-0.53410546075300003 0.15899966805226387 0
-0.36789824007486777 0.17667096525967127 0
-0.18755289635036829 0.18755289635036829 0
SCALARS omega_z double 1
LOOKUP_TABLE default
-4.2407109270904218e-17
-2.2018874396294483e-16
-2.0815327792132836e-16
-2.0119744426465144e-16
-4.1712522325085419e-16
-5.8502534099072175e-16
-5.6384988824322757e-16
-5.0983411849412882e-16
-4.5401523916426192e-16
-4.2893318605685556e-16
-4.6001517841902237e-16
-3.3711753735471962e-16
-6.6671838751060595e-17
3.3545625031046727e-18
-1.2241860086905888e-16
-1.3308439174197809e-16
-1.8097862627312693e-18
1.8126470428151207e-16
4.2276171589687172e-16
6.2157285659564733e-16
6.8899181319976878e-16
6.5288303962095925e-16
5.036044536911438e-16
3.5503493539517876e-16
3.9613464465545548e-16
4.9554531377321252e-16
4.881262046152039e-16
4.9277144497584612e-16
4.4918089340805096e-16
2.0165681719028028e-16
1.5648646646863931e-17
3.9279318491168124e-17
-1.6310518838832173e-16
0.074613181243926657
0.14635901977620347
0.21248036325756453
0.27043620553929798
0.31799933610452741
0.35334193051934226
0.37510579270073624
0.3824545496303931
0.37510579270073624
0.35334193051934226
0.31799933610452774
0.27043620553929837
0.21248036325756475
0.14635901977620344
0.074613181243926699
-7.2829499248273522e-18
-0.074613181243926616
-0.14635901977620316
-0.21248036325756425
-0.27043620553929781
-0.31799933610452741
-0.35334193051934248
-0.37510579270073668
-0.38245454963039333
-0.37510579270073624
-0.35334193051934226
-0.31799933610452752
-0.27043620553929798
-0.21248036325756448
-0.14635901977620347
-0.074613181243926879
-9.4775913702327686e-17
0.14635901977620336
0.2870935445014911
0.41679522531550112
0.53047969936209205
0.62377813605864008
0.69310512880526354
0.7357964801497352
0.75021158540147248
0.73579648014973509
0.69310512880526354
0.62377813605864019
0.53047969936209216
0.41679522531550134
0.28709354450149122
0.14635901977620341
-5.0814659976269171e-17
-0.14635901977620336
-0.28709354450149099
-0.41679522531550134
-0.53047969936209238
-0.62377813605863996
-0.69310512880526332
-0.73579648014973553
-0.75021158540147292
-0.73579648014973498
-0.69310512880526332
-0.62377813605864008
-0.53047969936209205
-0.41679522531550112
-0.2870935445014911
-0.14635901977620352
-1.378030475734917e-16
0.21248036325756431
0.41679522531550101
0.6050928806060184
0.77013715583484332
0.90558549206282823
1.0062326856890331
1.0682109215059998
1.0891384106690776
1.0682109215059998
1.0062326856890329
0.90558549206282801
0.77013715583484366
0.60509288060601851
0.41679522531550101
0.21248036325756439
3.6240511046372597e-17
-0.21248036325756411
-0.41679522531550067
-0.60509288060601851
-0.77013715583484388
-0.90558549206282757
-1.006232685689032
-1.0682109215059998
-1.0891384106690785
-1.0682109215059998
-1.0062326856890327
-0.90558549206282823
-0.77013715583484377
-0.60509288060601862
-0.41679522531550134
-0.21248036325756464
-3.4245160951407823e-16
0.27043620553929781
0.53047969936209194
0.77013715583484332
0.98019867330675481
1.1525917054652368
1.2806912847635645
1.3595746162083757
1.3862102576105277
1.3595746162083755
1.2806912847635643
1.1525917054652368
0.98019867330675525
0.77013715583484355
0.53047969936209172
0.27043620553929787
1.328136453300413e-16
-0.27043620553929743
-0.53047969936209105
-0.7701371558348431
-0.98019867330675503
-1.1525917054652359
-1.2806912847635634
-1.3595746162083759
-1.3862102576105286
-1.3595746162083757
-1.2806912847635641
-1.1525917054652368
-0.98019867330675547
-0.77013715583484377
-0.53047969936209216
-0.27043620553929837
-4.7992682348294176e-16
0.31799933610452752
0.62377813605864041
0.90558549206282801
1.1525917054652368
1.3553044660074915
1.5059336359845792
1.598690620868092
1.6300108217476739
1.5986906208680922
1.5059336359845792
1.355304466007492
1.1525917054652377
0.90558549206282857
0.6237781360586403
0.31799933610452769
1.5657351342600667e-16
-0.31799933610452724
-0.62377813605863963
-0.90558549206282812
-1.1525917054652373
-1.3553044660074911
-1.5059336359845787
-1.5986906208680931
-1.6300108217476752
-1.5986906208680924
-1.5059336359845787
-1.3553044660074915
-1.1525917054652373
-0.90558549206282823
-0.62377813605864041
-0.31799933610452807
-4.2413627660315336e-16
0.35334193051934237
0.69310512880526376
1.0062326856890331
1.2806912847635648
1.5059336359845792
1.6733038021120186
1.7763698415238767
1.8111709841256567
1.7763698415238769
1.6733038021120186
1.5059336359845796
1.2806912847635654
1.0062326856890336
0.69310512880526387
0.35334193051934254
1.7701625321611156e-16
-0.3533419305193421
-0.69310512880526343
-1.0062326856890336
-1.280691284763565
-1.5059336359845787
-1.6733038021120181
-1.7763698415238778
-1.811170984125658
-1.7763698415238771
-1.6733038021120181
-1.5059336359845792
-1.2806912847635648
-1.0062326856890331
-0.69310512880526398
-0.35334193051934293
-3.1433834428469347e-16
0.37510579270073635
0.7357964801497352
1.0682109215059996
1.3595746162083755
1.598690620868092
1.7763698415238767
1.8857841653695828
1.9227288613000799
1.8857841653695826
1.7763698415238764
1.5986906208680924
1.3595746162083762
1.0682109215059998
0.73579648014973498
0.37510579270073635
2.0403376841025289e-16
-0.3751057927007358
-0.73579648014973453
-1.0682109215059998
-1.3595746162083762
-1.5986906208680915
-1.7763698415238756
-1.8857841653695835
-1.9227288613000812
-1.8857841653695833
-1.7763698415238762
-1.598690620868092
-1.3595746162083759
-1.0682109215060001
-0.73579648014973564
-0.37510579270073691
-3.0215070732474396e-16
0.38245454963039299
0.75021158540147248
1.0891384106690774
1.3862102576105275
1.6300108217476739
1.8111709841256567
1.9227288613000804
1.9603973466135098
1.9227288613000799
1.8111709841256565
1.6300108217476741
1.3862102576105284
1.0891384106690778
0.75021158540147237
0.38245454963039321
1.8916746662876194e-16
-0.38245454963039266
-0.7502115854014717
-1.0891384106690774
-1.386210257610528
-1.6300108217476732
-1.8111709841256556
-1.9227288613000804
-1.9603973466135112
-1.9227288613000808
-1.8111709841256562
-1.6300108217476734
-1.386210257610528
-1.0891384106690778
-0.75021158540147292
-0.38245454963039355
-3.4366840464745181e-16
0.37510579270073607
0.73579648014973509
1.0682109215059996
1.3595746162083755
1.598690620868092
1.7763698415238767
1.8857841653695828
1.9227288613000799
1.8857841653695826
1.7763698415238767
1.5986906208680927
1.3595746162083762
1.0682109215060001
0.73579648014973531
0.37510579270073657
1.3132097131405876e-16
-0.37510579270073602
-0.73579648014973442
-1.0682109215059996
-1.3595746162083762
-1.5986906208680918
-1.7763698415238753
-1.885784165369583
-1.9227288613000812
-1.8857841653695837
-1.7763698415238762
-1.5986906208680915
-1.3595746162083759
-1.0682109215060001
-0.73579648014973553
-0.37510579270073674
-3.1599413617857843e-16
0.35334193051934221
0.69310512880526354
1.0062326856890331
1.2806912847635645
1.5059336359845787
1.6733038021120183
1.7763698415238771
1.8111709841256565
1.7763698415238764
1.6733038021120186
1.5059336359845792
1.2806912847635648
1.0062326856890331
0.69310512880526365
0.35334193051934243
6.9602036847218454e-17
-0.35334193051934198
-0.69310512880526276
-1.0062326856890327
-1.2806912847635648
-1.5059336359845783
-1.6733038021120172
-1.7763698415238769
-1.8111709841256578
-1.776369841523878
-1.6733038021120183
-1.5059336359845787
-1.280691284763565
-1.0062326856890336
-0.6931051288052642
-0.35334193051934287
-1.7412163292163088e-16
0.31799933610452763
0.62377813605864041
0.90558549206282846
1.1525917054652373
1.355304466007492
1.5059336359845794
1.5986906208680927
1.6300108217476741
1.5986906208680922
1.5059336359845792
1.355304466007492
1.1525917054652373
0.90558549206282846
0.62377813605864019
0.31799933610452763
3.3482912381593873e-17
-0.31799933610452719
-0.6237781360586393
-0.90558549206282801
-1.1525917054652373
-1.3553044660074915
-1.5059336359845783
-1.5986906208680922
-1.6300108217476754
-1.5986906208680935
-1.505933635984579
-1.3553044660074915
-1.1525917054652373
-0.9055854920628289
-0.62377813605864085
-0.31799933610452807
-4.1484302901109578e-17
0.27043620553929815
0.53047969936209227
0.77013715583484377
0.98019867330675559
1.1525917054652375
1.2806912847635656
1.3595746162083762
1.3862102576105282
1.3595746162083762
1.2806912847635652
1.1525917054652377
0.98019867330675592
0.77013715583484399
0.53047969936209227
0.27043620553929826
4.034700386088923e-17
-0.27043620553929792
-0.53047969936209161
-0.77013715583484355
-0.98019867330675614
-1.1525917054652377
-1.2806912847635648
-1.3595746162083762
-1.3862102576105291
-1.3595746162083771
-1.2806912847635652
-1.152591705465237
-0.98019867330675559
-0.77013715583484421
-0.53047969936209249
-0.27043620553929826
-1.0742970678677266e-16
0.21248036325756456
0.41679522531550128
0.6050928806060184
0.77013715583484366
0.90558549206282857
1.0062326856890331
1.0682109215060003
1.0891384106690778
1.0682109215060001
1.0062326856890333
0.9055854920628289
0.77013715583484421
0.60509288060601873
0.41679522531550156
0.21248036325756489
9.8603838098210384e-17
-0.2124803632575645
-0.41679522531550101
-0.60509288060601851
-0.77013715583484421
-0.90558549206282868
-1.0062326856890329
-1.0682109215060001
-1.0891384106690782
-1.0682109215060007
-1.0062326856890331
-0.90558549206282812
-0.77013715583484388
-0.60509288060601885
-0.41679522531550151
-0.21248036325756472
-2.4942045245706253e-16
0.1463590197762033
0.28709354450149105
0.41679522531550084
0.53047969936209172
0.62377813605864008
0.69310512880526354
0.73579648014973509
0.75021158540147248
0.73579648014973509
0.69310512880526376
0.62377813605864074
0.53047969936209238
0.41679522531550123
0.28709354450149116
0.14635901977620355
1.2976829140339915e-16
-0.14635901977620316
-0.28709354450149072
-0.41679522531550101
-0.53047969936209194
-0.62377813605863985
-0.69310512880526287
-0.73579648014973509
-0.75021158540147315
-0.73579648014973553
-0.69310512880526354
-0.62377813605864008
-0.53047969936209216
-0.41679522531550139
-0.28709354450149127
-0.14635901977620364
-1.5891827910829428e-16
0.074613181243926713
0.14635901977620344
0.21248036325756445
0.27043620553929798
0.31799933610452769
0.35334193051934237
0.37510579270073635
0.38245454963039316
0.37510579270073635
0.35334193051934254
0.31799933610452791
0.2704362055392982
0.21248036325756442
0.14635901977620339
0.074613181243926727
4.3302981780035829e-17
-0.074613181243926505
-0.14635901977620316
-0.21248036325756448
-0.27043620553929809
-0.31799933610452746
-0.35334193051934221
-0.37510579270073657
-0.3824545496303936
-0.37510579270073657
-0.35334193051934237
-0.31799933610452769
-0.27043620553929831
-0.21248036325756467
-0.14635901977620344
-0.074613181243926852
4.2792369884247099e-17
3.3348775343589496e-17
4.9012814753595813e-17
1.4781433581703767e-16
2.6674627179330027e-16
2.205326308211e-16
8.8381955471167784e-17
4.5549053687630703e-17
6.2934438111226029e-17
7.4936580797889951e-17
2.6096474407470022e-18
-1.8907236174229553e-16
-2.409788517379956e-16
-2.7987437710003998e-17
8.7742792636923511e-17
-1.5464526601824674e-17
-3.0987987471425521e-17
-6.5583378968769793e-18
-1.5992478100351617e-16
-2.953004654814141e-16
-3.0269734251575883e-16
-3.3937188126147338e-16
-2.8544905684638289e-16
-5.190594987471269e-17
6.4232783023542604e-17
-3.1889844940909476e-18
-4.0728185326640989e-17
-9.6934020182472841e-17
-1.8821276801421965e-16
-1.0383331374772604e-16
7.0567500656426431e-17
9.347750338088032e-17
1.28279913402682e-16
-0.074613181243926685
-0.14635901977620336
-0.21248036325756431
-0.2704362055392977
-0.31799933610452724
-0.35334193051934193
-0.37510579270073596
-0.38245454963039272
-0.3751057927007358
-0.35334193051934215
-0.31799933610452763
-0.27043620553929792
-0.21248036325756425
-0.14635901977620319
-0.074613181243926643
-7.4003033386186043e-18
0.07461318124392656
0.14635901977620303
0.21248036325756409
0.27043620553929759
0.31799933610452719
0.35334193051934193
0.37510579270073613
0.38245454963039316
0.37510579270073618
0.35334193051934193
0.31799933610452713
0.27043620553929781
0.21248036325756436
0.1463590197762033
0.074613181243926796
1.7213979804800928e-16
-0.14635901977620328
-0.28709354450149099
-0.41679522531550089
-0.53047969936209161
-0.62377813605863952
-0.69310512880526309
-0.73579648014973453
-0.75021158540147159
-0.73579648014973431
-0.69310512880526309
-0.62377813605863963
-0.53047969936209149
-0.41679522531550084
-0.28709354450149088
-0.14635901977620322
3.1479532538252857e-17
0.14635901977620322
0.28709354450149077
0.41679522531550073
0.53047969936209172
0.62377813605863985
0.69310512880526287
0.73579648014973431
0.75021158540147204
0.73579648014973498
0.69310512880526287
0.62377813605863908
0.53047969936209161
0.41679522531550089
0.28709354450149088
0.14635901977620339
3.0879415967008863e-16
-0.21248036325756411
-0.41679522531550101
-0.60509288060601829
-0.77013715583484332
-0.90558549206282801
-1.0062326856890333
-1.0682109215060001
-1.0891384106690774
-1.0682109215059996
-1.0062326856890331
-0.90558549206282823
-0.77013715583484388
-0.60509288060601873
-0.41679522531550123
-0.21248036325756445
-4.7416647571270133e-17
0.21248036325756434
0.41679522531550078
0.60509288060601807
0.77013715583484388
0.90558549206282823
1.0062326856890322
1.0682109215059992
1.0891384106690778
1.0682109215060005
1.0062326856890329
0.90558549206282757
0.77013715583484355
0.60509288060601851
0.41679522531550123
0.21248036325756456
3.9729053326272643e-16
-0.2704362055392977
-0.53047969936209183
-0.77013715583484366
-0.98019867330675514
-1.152591705465237
-1.280691284763565
-1.3595746162083759
-1.3862102576105282
-1.3595746162083757
-1.2806912847635648
-1.1525917054652375
-0.98019867330675581
-0.77013715583484377
-0.53047969936209194
-0.27043620553929815
-1.54173438468669e-16
0.27043620553929781
0.53047969936209127
0.7701371558348431
0.98019867330675536
1.152591705465237
1.2806912847635639
1.3595746162083753
1.3862102576105291
1.3595746162083768
1.2806912847635645
1.1525917054652366
0.98019867330675559
0.7701371558348441
0.53047969936209227
0.27043620553929826
4.2617316715580988e-16
-0.31799933610452746
-0.62377813605864019
-0.90558549206282801
-1.1525917054652368
-1.3553044660074913
-1.5059336359845785
-1.5986906208680918
-1.630010821747673
-1.5986906208680911
-1.5059336359845783
-1.3553044660074913
-1.1525917054652368
-0.90558549206282768
-0.62377813605863985
-0.31799933610452757
-1.9474108389671752e-16
0.31799933610452713
0.62377813605863941
0.90558549206282746
1.1525917054652364
1.3553044660074909
1.5059336359845779
1.5986906208680915
1.6300108217476743
1.5986906208680927
1.5059336359845785
1.3553044660074909
1.1525917054652373
0.90558549206282846
0.62377813605864041
0.31799933610452791
4.6518076260951959e-16
-0.35334193051934221
-0.69310512880526343
-1.0062326856890325
-1.2806912847635639
-1.5059336359845781
-1.6733038021120177
-1.7763698415238758
-1.8111709841256554
-1.7763698415238756
-1.6733038021120177
-1.5059336359845787
-1.2806912847635645
-1.0062326856890327
-0.69310512880526343
-0.35334193051934232
-1.803124778915526e-16
0.35334193051934187
0.69310512880526298
1.0062326856890327
1.2806912847635645
1.5059336359845779
1.6733038021120172
1.776369841523876
1.8111709841256567
1.7763698415238767
1.6733038021120172
1.5059336359845776
1.2806912847635643
1.0062326856890329
0.69310512880526343
0.35334193051934265
4.3883216320931688e-16
-0.3751057927007363
-0.7357964801497352
-1.0682109215059992
-1.3595746162083753
-1.598690620868092
-1.7763698415238767
-1.885784165369583
-1.9227288613000804
-1.8857841653695833
-1.7763698415238773
-1.5986906208680931
-1.3595746162083768
-1.0682109215060005
-0.73579648014973564
-0.37510579270073663
-1.5473702617161175e-16
0.37510579270073607
0.73579648014973498
1.0682109215060001
1.3595746162083768
1.5986906208680922
1.7763698415238764
1.8857841653695837
1.9227288613000817
1.8857841653695839
1.7763698415238762
1.5986906208680915
1.3595746162083757
1.0682109215059996
0.73579648014973542
0.37510579270073685
3.5171156816946791e-16
-0.38245454963039349
-0.75021158540147304
-1.0891384106690778
-1.3862102576105284
-1.630010821747675
-1.8111709841256578
-1.9227288613000819
-1.9603973466135114
-1.9227288613000815
-1.8111709841256576
-1.6300108217476752
-1.3862102576105291
-1.0891384106690782
-0.75021158540147304
-0.3824545496303936
-1.2340008611619127e-16
0.38245454963039305
0.75021158540147215
1.0891384106690778
1.3862102576105291
1.6300108217476743
1.8111709841256567
1.9227288613000819
1.9603973466135127
1.9227288613000824
1.8111709841256574
1.6300108217476745
1.3862102576105289
1.0891384106690782
0.75021158540147348
0.38245454963039405
3.3332754774956298e-16
-0.37510579270073652
-0.73579648014973564
-1.0682109215060003
-1.3595746162083759
-1.5986906208680924
-1.7763698415238773
-1.8857841653695837
-1.9227288613000806
-1.8857841653695833
-1.7763698415238767
-1.598690620868092
-1.3595746162083759
-1.0682109215059998
-0.7357964801497352
-0.37510579270073641
-8.748055240738156e-17
0.37510579270073585
0.73579648014973431
1.0682109215059994
1.3595746162083755
1.5986906208680911
1.7763698415238758
1.8857841653695837
1.9227288613000819
1.8857841653695842
1.7763698415238769
1.5986906208680924
1.3595746162083764
1.0682109215060007
0.73579648014973609
0.37510579270073707
3.4562784744040506e-16
-0.3533419305193421
-0.69310512880526365
-1.0062326856890329
-1.2806912847635641
-1.505933635984579
-1.6733038021120186
-1.7763698415238764
-1.8111709841256562
-1.7763698415238762
-1.6733038021120183
-1.5059336359845792
-1.280691284763565
-1.0062326856890333
-0.69310512880526365
-0.35334193051934226
-9.459694914003458e-17
0.35334193051934171
0.69310512880526276
1.0062326856890329
1.2806912847635645
1.5059336359845779
1.6733038021120175
1.7763698415238771
1.8111709841256576
1.7763698415238769
1.6733038021120181
1.505933635984579
1.2806912847635645
1.0062326856890333
0.69310512880526409
0.35334193051934276
2.2914628396428654e-16
-0.31799933610452724
-0.62377813605863996
-0.90558549206282779
-1.1525917054652364
-1.3553044660074911
-1.5059336359845785
-1.5986906208680918
-1.6300108217476734
-1.5986906208680918
-1.5059336359845787
-1.3553044660074913
-1.1525917054652373
-0.90558549206282846
-0.62377813605864041
-0.31799933610452757
-1.2102474449156374e-16
0.31799933610452702
0.62377813605863952
0.90558549206282823
1.1525917054652373
1.3553044660074909
1.5059336359845783
1.5986906208680927
1.6300108217476748
1.5986906208680918
1.5059336359845785
1.3553044660074911
1.1525917054652364
0.90558549206282801
0.62377813605864041
0.3179993361045278
5.6626298930546049e-17
-0.27043620553929809
-0.53047969936209205
-0.77013715583484366
-0.98019867330675536
-1.152591705465237
-1.280691284763565
-1.3595746162083759
-1.386210257610528
-1.3595746162083757
-1.2806912847635645
-1.152591705465237
-0.98019867330675581
-0.77013715583484388
-0.53047969936209205
-0.2704362055392982
-9.5489422261415064e-17
0.27043620553929776
0.53047969936209138
0.77013715583484366
0.98019867330675603
1.152591705465237
1.2806912847635641
1.3595746162083762
1.3862102576105289
1.3595746162083759
1.2806912847635645
1.152591705465237
0.98019867330675559
0.77013715583484388
0.53047969936209227
0.27043620553929831
8.2765616605039977e-17
-0.21248036325756459
-0.41679522531550145
-0.60509288060601873
-0.77013715583484377
-0.90558549206282868
-1.0062326856890336
-1.0682109215060003
-1.0891384106690778
-1.0682109215060001
-1.0062326856890331
-0.90558549206282857
-0.7701371558348441
-0.60509288060601896
-0.41679522531550145
-0.21248036325756461
-9.6858957741153547e-17
0.21248036325756428
0.41679522531550101
0.60509288060601851
0.77013715583484388
0.90558549206282812
1.0062326856890327
1.0682109215060005
1.0891384106690782
1.0682109215060003
1.0062326856890331
0.90558549206282846
0.77013715583484421
0.60509288060601918
0.41679522531550167
0.21248036325756475
2.4831387936423331e-16
-0.14635901977620333
-0.28709354450149122
-0.41679522531550112
-0.53047969936209183
-0.62377813605864008
-0.69310512880526387
-0.73579648014973542
-0.7502115854014727
-0.73579648014973542
-0.69310512880526387
-0.62377813605864063
-0.53047969936209272
-0.41679522531550162
-0.28709354450149127
-0.14635901977620344
-1.540742095710816e-16
0.14635901977620311
0.28709354450149094
0.41679522531550117
0.53047969936209183
0.62377813605863974
0.69310512880526365
0.73579648014973587
0.75021158540147315
0.73579648014973542
0.69310512880526365
0.6237781360586403
0.53047969936209227
0.41679522531550145
0.28709354450149144
0.14635901977620366
1.9885512519400849e-16
-0.074613181243926852
-0.14635901977620369
-0.2124803632575647
-0.27043620553929826
-0.31799933610452807
-0.35334193051934293
-0.37510579270073691
-0.38245454963039371
-0.37510579270073691
-0.35334193051934298
-0.3179993361045283
-0.2704362055392987
-0.21248036325756489
-0.14635901977620361
-0.074613181243926838
-1.0208101824808231e-16
0.074613181243926671
0.14635901977620361
0.21248036325756495
0.27043620553929848
0.31799933610452796
0.35334193051934309
0.37510579270073735
0.38245454963039394
0.37510579270073691
0.35334193051934293
0.31799933610452819
0.27043620553929848
0.21248036325756481
0.14635901977620364
0.07461318124392699
-4.2407109270904218e-17
-2.2018874396294483e-16
-2.0815327792132836e-16
-2.0119744426465144e-16
-4.1712522325085419e-16
-5.8502534099072175e-16
-5.6384988824322757e-16
-5.0983411849412882e-16
-4.5401523916426192e-16
-4.2893318605685556e-16
-4.6001517841902237e-16
-3.3711753735471962e-16
-6.6671838751060595e-17
3.3545625031046727e-18
-1.2241860086905888e-16
-1.3308439174197809e-16
-1.8097862627312693e-18
1.8126470428151207e-16
4.2276171589687172e-16
6.2157285659564733e-16
6.8899181319976878e-16
6.5288303962095925e-16
5.036044536911438e-16
3.5503493539517876e-16
3.9613464465545548e-16
4.9554531377321252e-16
4.881262046152039e-16
4.9277144497584612e-16
4.4918089340805096e-16
2.0165681719028028e-16
1.5648646646863931e-17
3.9279318491168124e-17
-1.6310518838832173e-16
0.074613181243926657
0.14635901977620347
0.21248036325756453
0.27043620553929798
0.31799933610452741
0.35334193051934226
0.37510579270073624
0.3824545496303931
0.37510579270073624
0.35334193051934226
0.31799933610452774
0.27043620553929837
0.21248036325756475
0.14635901977620344
0.074613181243926699
-7.2829499248273522e-18
-0.074613181243926616
-0.14635901977620316
-0.21248036325756425
-0.27043620553929781
-0.31799933610452741
-0.35334193051934248
-0.37510579270073668
-0.38245454963039333
-0.37510579270073624
-0.35334193051934226
-0.31799933610452752
-0.27043620553929798
-0.21248036325756448
-0.14635901977620347
-0.074613181243926879
-9.4775913702327686e-17
0.14635901977620336
0.2870935445014911
0.41679522531550112
0.53047969936209205
0.62377813605864008
0.69310512880526354
0.7357964801497352
0.75021158540147248
0.73579648014973509
0.69310512880526354
0.62377813605864019
0.53047969936209216
0.41679522531550134
0.28709354450149122
0.14635901977620341
-5.0814659976269171e-17
-0.14635901977620336
-0.28709354450149099
-0.41679522531550134
-0.53047969936209238
-0.62377813605863996
-0.69310512880526332
-0.73579648014973553
-0.75021158540147292
-0.73579648014973498
-0.69310512880526332
-0.62377813605864008
-0.53047969936209205
-0.41679522531550112
-0.2870935445014911
-0.14635901977620352
-1.378030475734917e-16
0.21248036325756431
0.41679522531550101
0.6050928806060184
0.77013715583484332
0.90558549206282823
1.0062326856890331
1.0682109215059998
1.0891384106690776
1.0682109215059998
1.0062326856890329
0.90558549206282801
0.77013715583484366
0.60509288060601851
0.41679522531550101
0.21248036325756439
3.6240511046372597e-17
-0.21248036325756411
-0.41679522531550067
-0.60509288060601851
-0.77013715583484388
-0.90558549206282757
-1.006232685689032
-1.0682109215059998
-1.0891384106690785
-1.0682109215059998
-1.0062326856890327
-0.90558549206282823
-0.77013715583484377
-0.60509288060601862
-0.41679522531550134
-0.21248036325756464
-3.4245160951407823e-16
0.27043620553929781
0.53047969936209194
0.77013715583484332
0.98019867330675481
1.1525917054652368
1.2806912847635645
1.3595746162083757
1.3862102576105277
1.3595746162083755
1.2806912847635643
1.1525917054652368
0.98019867330675525
0.77013715583484355
0.53047969936209172
0.27043620553929787
1.328136453300413e-16
-0.27043620553929743
-0.53047969936209105
-0.7701371558348431
-0.98019867330675503
-1.1525917054652359
-1.2806912847635634
-1.3595746162083759
-1.3862102576105286
-1.3595746162083757
-1.2806912847635641
-1.1525917054652368
-0.98019867330675547
-0.77013715583484377
-0.53047969936209216
-0.27043620553929837
-4.7992682348294176e-16
0.31799933610452752
0.62377813605864041
0.90558549206282801
1.1525917054652368
1.3553044660074915
1.5059336359845792
1.598690620868092
1.6300108217476739
1.5986906208680922
1.5059336359845792
1.355304466007492
1.1525917054652377
0.90558549206282857
0.6237781360586403
0.31799933610452769
1.5657351342600667e-16
-0.31799933610452724
-0.62377813605863963
-0.90558549206282812
-1.1525917054652373
-1.3553044660074911
-1.5059336359845787
-1.5986906208680931
-1.6300108217476752
-1.5986906208680924
-1.5059336359845787
-1.3553044660074915
-1.1525917054652373
-0.90558549206282823
-0.62377813605864041
-0.31799933610452807
-4.2413627660315336e-16
0.35334193051934237
0.69310512880526376
1.0062326856890331
1.2806912847635648
1.5059336359845792
1.6733038021120186
1.7763698415238767
1.8111709841256567
1.7763698415238769
1.6733038021120186
1.5059336359845796
1.2806912847635654
1.0062326856890336
0.69310512880526387
0.35334193051934254
1.7701625321611156e-16
-0.3533419305193421
-0.69310512880526343
-1.0062326856890336
-1.280691284763565
-1.5059336359845787
-1.6733038021120181
-1.7763698415238778
-1.811170984125658
-1.7763698415238771
-1.6733038021120181
-1.5059336359845792
-1.2806912847635648
-1.0062326856890331
-0.69310512880526398
-0.35334193051934293
-3.1433834428469347e-16
0.37510579270073635
0.7357964801497352
1.0682109215059996
1.3595746162083755
1.598690620868092
1.7763698415238767
1.8857841653695828
1.9227288613000799
1.8857841653695826
1.7763698415238764
1.5986906208680924
1.3595746162083762
1.0682109215059998
0.73579648014973498
0.37510579270073635
2.0403376841025289e-16
-0.3751057927007358
-0.73579648014973453
-1.0682109215059998
-1.3595746162083762
-1.5986906208680915
-1.7763698415238756
-1.8857841653695835
-1.9227288613000812
-1.8857841653695833
-1.7763698415238762
-1.598690620868092
-1.3595746162083759
-1.0682109215060001
-0.73579648014973564
-0.37510579270073691
-3.0215070732474396e-16
0.38245454963039299
0.75021158540147248
1.0891384106690774
1.3862102576105275
1.6300108217476739
1.8111709841256567
1.9227288613000804
1.9603973466135098
1.9227288613000799
1.8111709841256565
1.6300108217476741
1.3862102576105284
1.0891384106690778
0.75021158540147237
0.38245454963039321
1.8916746662876194e-16
-0.38245454963039266
-0.7502115854014717
-1.0891384106690774
-1.386210257610528
-1.6300108217476732
-1.8111709841256556
-1.9227288613000804
-1.9603973466135112
-1.9227288613000808
-1.8111709841256562
-1.6300108217476734
-1.386210257610528
-1.0891384106690778
-0.75021158540147292
-0.38245454963039355
-3.4366840464745181e-16
0.37510579270073607
0.73579648014973509
1.0682109215059996
1.3595746162083755
1.598690620868092
1.7763698415238767
1.8857841653695828
1.9227288613000799
1.8857841653695826
1.7763698415238767
1.5986906208680927
1.3595746162083762
1.0682109215060001
0.73579648014973531
0.37510579270073657
1.3132097131405876e-16
-0.37510579270073602
-0.73579648014973442
-1.0682109215059996
-1.3595746162083762
-1.5986906208680918
-1.7763698415238753
-1.885784165369583
-1.9227288613000812
-1.8857841653695837
-1.7763698415238762
-1.5986906208680915
-1.3595746162083759
-1.0682109215060001
-0.73579648014973553
-0.37510579270073674
-3.1599413617857843e-16
0.35334193051934221
0.69310512880526354
1.0062326856890331
1.2806912847635645
1.5059336359845787
1.6733038021120183
1.7763698415238771
1.8111709841256565
1.7763698415238764
1.6733038021120186
1.5059336359845792
1.2806912847635648
1.0062326856890331
0.69310512880526365
0.35334193051934243
6.9602036847218454e-17
-0.35334193051934198
-0.69310512880526276
-1.0062326856890327
-1.2806912847635648
-1.5059336359845783
-1.6733038021120172
-1.7763698415238769
-1.8111709841256578
-1.776369841523878
-1.6733038021120183
-1.5059336359845787
-1.280691284763565
-1.0062326856890336
-0.6931051288052642
-0.35334193051934287
-1.7412163292163088e-16
0.31799933610452763
0.62377813605864041
0.90558549206282846
1.1525917054652373
1.355304466007492
1.5059336359845794
1.5986906208680927
1.6300108217476741
1.5986906208680922
1.5059336359845792
1.355304466007492
1.1525917054652373
0.90558549206282846
0.62377813605864019
0.31799933610452763
3.3482912381593873e-17
-0.31799933610452719
-0.6237781360586393
-0.90558549206282801
-1.1525917054652373
-1.3553044660074915
-1.5059336359845783
-1.5986906208680922
-1.6300108217476754
-1.5986906208680935
-1.505933635984579
-1.3553044660074915
-1.1525917054652373
-0.9055854920628289
-0.62377813605864085
-0.31799933610452807
-4.1484302901109578e-17
0.27043620553929815
0.53047969936209227
0.77013715583484377
0.98019867330675559
1.1525917054652375
1.2806912847635656
1.3595746162083762
1.3862102576105282
1.3595746162083762
1.2806912847635652
1.1525917054652377
0.98019867330675592
0.77013715583484399
0.53047969936209227
0.27043620553929826
4.034700386088923e-17
-0.27043620553929792
-0.53047969936209161
-0.77013715583484355
-0.98019867330675614
-1.1525917054652377
-1.2806912847635648
-1.3595746162083762
-1.3862102576105291
-1.3595746162083771
-1.2806912847635652
-1.152591705465237
-0.98019867330675559
-0.77013715583484421
-0.53047969936209249
-0.27043620553929826
-1.0742970678677266e-16
0.21248036325756456
0.41679522531550128
0.6050928806060184
0.77013715583484366
0.90558549206282857
1.0062326856890331
1.0682109215060003
1.0891384106690778
1.0682109215060001
1.0062326856890333
0.9055854920628289
0.77013715583484421
0.60509288060601873
0.41679522531550156
0.21248036325756489
9.8603838098210384e-17
-0.2124803632575645
-0.41679522531550101
-0.60509288060601851
-0.77013715583484421
-0.90558549206282868
-1.0062326856890329
-1.0682109215060001
-1.0891384106690782
-1.0682109215060007
-1.0062326856890331
-0.90558549206282812
-0.77013715583484388
-0.60509288060601885
-0.41679522531550151
-0.21248036325756472
-2.4942045245706253e-16
0.1463590197762033
0.28709354450149105
0.41679522531550084
0.53047969936209172
0.62377813605864008
0.69310512880526354
0.73579648014973509
0.75021158540147248
0.73579648014973509
0.69310512880526376
0.62377813605864074
0.53047969936209238
0.41679522531550123
0.28709354450149116
0.14635901977620355
1.2976829140339915e-16
-0.14635901977620316
-0.28709354450149072
-0.41679522531550101
-0.53047969936209194
-0.62377813605863985
-0.69310512880526287
-0.73579648014973509
-0.75021158540147315
-0.73579648014973553
-0.69310512880526354
-0.62377813605864008
-0.53047969936209216
-0.41679522531550139
-0.28709354450149127
-0.14635901977620364
-1.5891827910829428e-16
0.074613181243926713
0.14635901977620344
0.21248036325756445
0.27043620553929798
0.31799933610452769
0.35334193051934237
0.37510579270073635
0.38245454963039316
0.37510579270073635
0.35334193051934254
0.31799933610452791
0.2704362055392982
0.21248036325756442
0.14635901977620339
0.074613181243926727
4.3302981780035829e-17
-0.074613181243926505
-0.14635901977620316
-0.21248036325756448
-0.27043620553929809
-0.31799933610452746
-0.35334193051934221
-0.37510579270073657
-0.3824545496303936
-0.37510579270073657
-0.35334193051934237
-0.31799933610452769
-0.27043620553929831
-0.21248036325756467
-0.14635901977620344
-0.074613181243926852
4.2792369884247099e-17
3.3348775343589496e-17
4.9012814753595813e-17
1.4781433581703767e-16
2.6674627179330027e-16
2.205326308211e-16
8.8381955471167784e-17
4.5549053687630703e-17
6.2934438111226029e-17
7.4936580797889951e-17
2.6096474407470022e-18
-1.8907236174229553e-16
-2.409788517379956e-16
-2.7987437710003998e-17
8.7742792636923511e-17
-1.5464526601824674e-17
-3.0987987471425521e-17
-6.5583378968769793e-18
-1.5992478100351617e-16
-2.953004654814141e-16
-3.0269734251575883e-16
-3.3937188126147338e-16
-2.8544905684638289e-16
-5.190594987471269e-17
6.4232783023542604e-17
-3.1889844940909476e-18
-4.0728185326640989e-17
-9.6934020182472841e-17
-1.8821276801421965e-16
-1.0383331374772604e-16
7.0567500656426431e-17
9.347750338088032e-17
1.28279913402682e-16
-0.074613181243926685
-0.14635901977620336
-0.21248036325756431
-0.2704362055392977
-0.31799933610452724
-0.35334193051934193
-0.37510579270073596
-0.38245454963039272
-0.3751057927007358
-0.35334193051934215
-0.31799933610452763
-0.27043620553929792
-0.21248036325756425
-0.14635901977620319
-0.074613181243926643
-7.4003033386186043e-18
0.07461318124392656
0.14635901977620303
0.21248036325756409
0.27043620553929759
0.31799933610452719
0.35334193051934193
0.37510579270073613
0.38245454963039316
0.37510579270073618
0.35334193051934193
0.31799933610452713
0.27043620553929781
0.21248036325756436
0.1463590197762033
0.074613181243926796
1.7213979804800928e-16
-0.14635901977620328
-0.28709354450149099
-0.41679522531550089
-0.53047969936209161
-0.62377813605863952
-0.69310512880526309
-0.73579648014973453
-0.75021158540147159
-0.73579648014973431
-0.69310512880526309
-0.62377813605863963
-0.53047969936209149
-0.41679522531550084
-0.28709354450149088
-0.14635901977620322
3.1479532538252857e-17
0.14635901977620322
0.28709354450149077
0.41679522531550073
0.53047969936209172
0.62377813605863985
0.69310512880526287
0.73579648014973431
0.75021158540147204
0.73579648014973498
0.69310512880526287
0.62377813605863908
0.53047969936209161
0.41679522531550089
0.28709354450149088
0.14635901977620339
3.0879415967008863e-16
-0.21248036325756411
-0.41679522531550101
-0.60509288060601829
-0.77013715583484332
-0.90558549206282801
-1.0062326856890333
-1.0682109215060001
-1.0891384106690774
-1.0682109215059996
-1.0062326856890331
-0.90558549206282823
-0.77013715583484388
-0.60509288060601873
-0.41679522531550123
-0.21248036325756445
-4.7416647571270133e-17
0.21248036325756434
0.41679522531550078
0.60509288060601807
0.77013715583484388
0.90558549206282823
1.0062326856890322
1.0682109215059992
1.0891384106690778
1.0682109215060005
1.0062326856890329
0.90558549206282757
0.77013715583484355
0.60509288060601851
0.41679522531550123
0.21248036325756456
3.9729053326272643e-16
-0.2704362055392977
-0.53047969936209183
-0.77013715583484366
-0.98019867330675514
-1.152591705465237
-1.280691284763565
-1.3595746162083759
-1.3862102576105282
-1.3595746162083757
-1.2806912847635648
-1.1525917054652375
-0.98019867330675581
-0.77013715583484377
-0.53047969936209194
-0.27043620553929815
-1.54173438468669e-16
0.27043620553929781
0.53047969936209127
0.7701371558348431
0.98019867330675536
1.152591705465237
1.2806912847635639
1.3595746162083753
1.3862102576105291
1.3595746162083768
1.2806912847635645
1.1525917054652366
0.98019867330675559
0.7701371558348441
0.53047969936209227
0.27043620553929826
4.2617316715580988e-16
-0.31799933610452746
-0.62377813605864019
-0.90558549206282801
-1.1525917054652368
-1.3553044660074913
-1.5059336359845785
-1.5986906208680918
-1.630010821747673
-1.5986906208680911
-1.5059336359845783
-1.3553044660074913
-1.1525917054652368
-0.90558549206282768
-0.62377813605863985
-0.31799933610452757
-1.9474108389671752e-16
0.31799933610452713
0.62377813605863941
0.90558549206282746
1.1525917054652364
1.3553044660074909
1.5059336359845779
1.5986906208680915
1.6300108217476743
1.5986906208680927
1.5059336359845785
1.3553044660074909
1.1525917054652373
0.90558549206282846
0.62377813605864041
0.31799933610452791
4.6518076260951959e-16
-0.35334193051934221
-0.69310512880526343
-1.0062326856890325
-1.2806912847635639
-1.5059336359845781
-1.6733038021120177
-1.7763698415238758
-1.8111709841256554
-1.7763698415238756
-1.6733038021120177
-1.5059336359845787
-1.2806912847635645
-1.0062326856890327
-0.69310512880526343
-0.35334193051934232
-1.803124778915526e-16
0.35334193051934187
0.69310512880526298
1.0062326856890327
1.2806912847635645
1.5059336359845779
1.6733038021120172
1.776369841523876
1.8111709841256567
1.7763698415238767
1.6733038021120172
1.5059336359845776
1.2806912847635643
1.0062326856890329
0.69310512880526343
0.35334193051934265
4.3883216320931688e-16
-0.3751057927007363
-0.7357964801497352
-1.0682109215059992
-1.3595746162083753
-1.598690620868092
-1.7763698415238767
-1.885784165369583
-1.9227288613000804
-1.8857841653695833
-1.7763698415238773
-1.5986906208680931
-1.3595746162083768
-1.0682109215060005
-0.73579648014973564
-0.37510579270073663
-1.5473702617161175e-16
0.37510579270073607
0.73579648014973498
1.0682109215060001
1.3595746162083768
1.5986906208680922
1.7763698415238764
1.8857841653695837
1.9227288613000817
1.8857841653695839
1.7763698415238762
1.5986906208680915
1.3595746162083757
1.0682109215059996
0.73579648014973542
0.37510579270073685
3.5171156816946791e-16
-0.38245454963039349
-0.75021158540147304
-1.0891384106690778
-1.3862102576105284
-1.630010821747675
-1.8111709841256578
-1.9227288613000819
-1.9603973466135114
-1.9227288613000815
-1.8111709841256576
-1.6300108217476752
-1.3862102576105291
-1.0891384106690782
-0.75021158540147304
-0.3824545496303936
-1.2340008611619127e-16
0.38245454963039305
0.75021158540147215
1.0891384106690778
1.3862102576105291
1.6300108217476743
1.8111709841256567
1.9227288613000819
1.9603973466135127
1.9227288613000824
1.8111709841256574
1.6300108217476745
1.3862102576105289
1.0891384106690782
0.75021158540147348
0.38245454963039405
3.3332754774956298e-16
-0.37510579270073652
-0.73579648014973564
-1.0682109215060003
-1.3595746162083759
-1.5986906208680924
-1.7763698415238773
-1.8857841653695837
-1.9227288613000806
-1.8857841653695833
-1.7763698415238767
-1.598690620868092
-1.3595746162083759
-1.0682109215059998
-0.7357964801497352
-0.37510579270073641
-8.748055240738156e-17
0.37510579270073585
0.73579648014973431
1.0682109215059994
1.3595746162083755
1.5986906208680911
1.7763698415238758
1.8857841653695837
1.9227288613000819
1.8857841653695842
1.7763698415238769
1.5986906208680924
1.3595746162083764
1.0682109215060007
0.73579648014973609
0.37510579270073707
3.4562784744040506e-16
-0.3533419305193421
-0.69310512880526365
-1.0062326856890329
-1.2806912847635641
-1.505933635984579
-1.6733038021120186
-1.7763698415238764
-1.8111709841256562
-1.7763698415238762
-1.6733038021120183
-1.5059336359845792
-1.280691284763565
-1.0062326856890333
-0.69310512880526365
-0.35334193051934226
-9.459694914003458e-17
0.35334193051934171
0.69310512880526276
1.0062326856890329
1.2806912847635645
1.5059336359845779
1.6733038021120175
1.7763698415238771
1.8111709841256576
1.7763698415238769
1.6733038021120181
1.505933635984579
1.2806912847635645
1.0062326856890333
0.69310512880526409
0.35334193051934276
2.2914628396428654e-16
-0.31799933610452724
-0.62377813605863996
-0.90558549206282779
-1.1525917054652364
-1.3553044660074911
-1.5059336359845785
-1.5986906208680918
-1.6300108217476734
-1.5986906208680918
-1.5059336359845787
-1.3553044660074913
-1.1525917054652373
-0.90558549206282846
-0.62377813605864041
-0.31799933610452757
-1.2102474449156374e-16
0.31799933610452702
0.62377813605863952
0.90558549206282823
1.1525917054652373
1.3553044660074909
1.5059336359845783
1.5986906208680927
1.6300108217476748
1.5986906208680918
1.5059336359845785
1.3553044660074911
1.1525917054652364
0.90558549206282801
0.62377813605864041
0.3179993361045278
5.6626298930546049e-17
-0.27043620553929809
-0.53047969936209205
-0.77013715583484366
-0.98019867330675536
-1.152591705465237
-1.280691284763565
-1.3595746162083759
-1.386210257610528
-1.3595746162083757
-1.2806912847635645
-1.152591705465237
-0.98019867330675581
-0.77013715583484388
-0.53047969936209205
-0.2704362055392982
-9.5489422261415064e-17
0.27043620553929776
0.53047969936209138
0.77013715583484366
0.98019867330675603
1.152591705465237
1.2806912847635641
1.3595746162083762
1.3862102576105289
1.3595746162083759
1.2806912847635645
1.152591705465237
0.98019867330675559
0.77013715583484388
0.53047969936209227
0.27043620553929831
8.2765616605039977e-17
-0.21248036325756459
-0.41679522531550145
-0.60509288060601873
-0.77013715583484377
-0.90558549206282868
-1.0062326856890336
-1.0682109215060003
-1.0891384106690778
-1.0682109215060001
-1.0062326856890331
-0.90558549206282857
-0.7701371558348441
-0.60509288060601896
-0.41679522531550145
-0.21248036325756461
-9.6858957741153547e-17
0.21248036325756428
0.41679522531550101
0.60509288060601851
0.77013715583484388
0.90558549206282812
1.0062326856890327
1.0682109215060005
1.0891384106690782
1.0682109215060003
1.0062326856890331
0.90558549206282846
0.77013715583484421
0.60509288060601918
0.41679522531550167
0.21248036325756475
2.4831387936423331e-16
-0.14635901977620333
-0.28709354450149122
-0.41679522531550112
-0.53047969936209183
-0.62377813605864008
-0.69310512880526387
-0.73579648014973542
-0.7502115854014727
-0.73579648014973542
-0.69310512880526387
-0.62377813605864063
-0.53047969936209272
-0.41679522531550162
-0.28709354450149127
-0.14635901977620344
-1.540742095710816e-16
0.14635901977620311
0.28709354450149094
0.41679522531550117
0.53047969936209183
0.62377813605863974
0.69310512880526365
0.73579648014973587
0.75021158540147315
0.73579648014973542
0.69310512880526365
0.6237781360586403
0.53047969936209227
0.41679522531550145
0.28709354450149144
0.14635901977620366
1.9885512519400849e-16
-0.074613181243926852
-0.14635901977620369
-0.2124803632575647
-0.27043620553929826
-0.31799933610452807
-0.35334193051934293
-0.37510579270073691
-0.38245454963039371
-0.37510579270073691
-0.35334193051934298
-0.3179993361045283
-0.2704362055392987
-0.21248036325756489
-0.14635901977620361
-0.074613181243926838
-1.0208101824808231e-16
0.074613181243926671
0.14635901977620361
0.21248036325756495
0.27043620553929848
0.31799933610452796
0.35334193051934309
0.37510579270073735
0.38245454963039394
0.37510579270073691
0.35334193051934293
0.31799933610452819
0.27043620553929848
0.21248036325756481
0.14635901977620364
0.07461318124392699
-4.2407109270904218e-17
-2.2018874396294483e-16
-2.0815327792132836e-16
-2.0119744426465144e-16
-4.1712522325085419e-16
-5.8502534099072175e-16
-5.6384988824322757e-16
-5.0983411849412882e-16
-4.5401523916426192e-16
-4.2893318605685556e-16
-4.6001517841902237e-16
-3.3711753735471962e-16
-6.6671838751060595e-17
3.3545625031046727e-18
-1.2241860086905888e-16
-1.3308439174197809e-16
-1.8097862627312693e-18
1.8126470428151207e-16
4.2276171589687172e-16
6.2157285659564733e-16
6.8899181319976878e-16
6.5288303962095925e-16
5.036044536911438e-16
3.5503493539517876e-16
3.9613464465545548e-16
4.9554531377321252e-16
4.881262046152039e-16
4.9277144497584612e-16
4.4918089340805096e-16
2.0165681719028028e-16
1.5648646646863931e-17
3.9279318491168124e-17
-1.6310518838832173e-16
0.074613181243926657
0.14635901977620347
0.21248036325756453
0.27043620553929798
0.31799933610452741
0.35334193051934226
0.37510579270073624
0.3824545496303931
0.37510579270073624
0.35334193051934226
0.31799933610452774
0.27043620553929837
0.21248036325756475
0.14635901977620344
0.074613181243926699
-7.2829499248273522e-18
-0.074613181243926616
-0.14635901977620316
-0.21248036325756425
-0.27043620553929781
-0.31799933610452741
-0.35334193051934248
-0.37510579270073668
-0.38245454963039333
-0.37510579270073624
-0.35334193051934226
-0.31799933610452752
-0.27043620553929798
-0.21248036325756448
-0.14635901977620347
-0.074613181243926879
-9.4775913702327686e-17
0.14635901977620336
0.2870935445014911
0.41679522531550112
0.53047969936209205
0.62377813605864008
0.69310512880526354
0.7357964801497352
0.75021158540147248
0.73579648014973509
0.69310512880526354
0.62377813605864019
0.53047969936209216
0.41679522531550134
0.28709354450149122
0.14635901977620341
-5.0814659976269171e-17
-0.14635901977620336
-0.28709354450149099
-0.41679522531550134
-0.53047969936209238
-0.62377813605863996
-0.69310512880526332
-0.73579648014973553
-0.75021158540147292
-0.73579648014973498
-0.69310512880526332
-0.62377813605864008
-0.53047969936209205
-0.41679522531550112
-0.2870935445014911
-0.14635901977620352
-1.378030475734917e-16
0.21248036325756431
0.41679522531550101
0.6050928806060184
0.77013715583484332
0.90558549206282823
1.0062326856890331
1.0682109215059998
1.0891384106690776
1.0682109215059998
1.0062326856890329
0.90558549206282801
0.77013715583484366
0.60509288060601851
0.41679522531550101
0.21248036325756439
3.6240511046372597e-17
-0.21248036325756411
-0.41679522531550067
-0.60509288060601851
-0.77013715583484388
-0.90558549206282757
-1.006232685689032
-1.0682109215059998
-1.0891384106690785
-1.0682109215059998
-1.0062326856890327
-0.90558549206282823
-0.77013715583484377
-0.60509288060601862
-0.41679522531550134
-0.21248036325756464
-3.4245160951407823e-16
0.27043620553929781
0.53047969936209194
0.77013715583484332
0.98019867330675481
1.1525917054652368
1.2806912847635645
1.3595746162083757
1.3862102576105277
1.3595746162083755
1.2806912847635643
1.1525917054652368
0.98019867330675525
0.77013715583484355
0.53047969936209172
0.27043620553929787
1.328136453300413e-16
-0.27043620553929743
-0.53047969936209105
-0.7701371558348431
-0.98019867330675503
-1.1525917054652359
-1.2806912847635634
-1.3595746162083759
-1.3862102576105286
-1.3595746162083757
-1.2806912847635641
-1.1525917054652368
-0.98019867330675547
-0.77013715583484377
-0.53047969936209216
-0.27043620553929837
-4.7992682348294176e-16
0.31799933610452752
0.62377813605864041
0.90558549206282801
1.1525917054652368
1.3553044660074915
1.5059336359845792
1.598690620868092
1.6300108217476739
1.5986906208680922
1.5059336359845792
1.355304466007492
1.1525917054652377
0.90558549206282857
0.6237781360586403
0.31799933610452769
1.5657351342600667e-16
-0.31799933610452724
-0.62377813605863963
-0.90558549206282812
-1.1525917054652373
-1.3553044660074911
-1.5059336359845787
-1.5986906208680931
-1.6300108217476752
-1.5986906208680924
-1.5059336359845787
-1.3553044660074915
-1.1525917054652373
-0.90558549206282823
-0.62377813605864041
-0.31799933610452807
-4.2413627660315336e-16
0.35334193051934237
0.69310512880526376
1.0062326856890331
1.2806912847635648
1.5059336359845792
1.6733038021120186
1.7763698415238767
1.8111709841256567
1.7763698415238769
1.6733038021120186
1.5059336359845796
1.2806912847635654
1.0062326856890336
0.69310512880526387
0.35334193051934254
1.7701625321611156e-16
-0.3533419305193421
-0.69310512880526343
-1.0062326856890336
-1.280691284763565
-1.5059336359845787
-1.6733038021120181
-1.7763698415238778
-1.811170984125658
-1.7763698415238771
-1.6733038021120181
-1.5059336359845792
-1.2806912847635648
-1.0062326856890331
-0.69310512880526398
-0.35334193051934293
-3.1433834428469347e-16
0.37510579270073635
0.7357964801497352
1.0682109215059996
1.3595746162083755
1.598690620868092
1.7763698415238767
1.8857841653695828
1.9227288613000799
1.8857841653695826
1.7763698415238764
1.5986906208680924
1.3595746162083762
1.0682109215059998
0.73579648014973498
0.37510579270073635
2.0403376841025289e-16
-0.3751057927007358
-0.73579648014973453
-1.0682109215059998
-1.3595746162083762
-1.5986906208680915
-1.7763698415238756
-1.8857841653695835
-1.9227288613000812
-1.8857841653695833
-1.7763698415238762
-1.598690620868092
-1.3595746162083759
-1.0682109215060001
-0.73579648014973564
-0.37510579270073691
-3.0215070732474396e-16
0.38245454963039299
0.75021158540147248
1.0891384106690774
1.3862102576105275
1.6300108217476739
1.8111709841256567
1.9227288613000804
1.9603973466135098
1.9227288613000799
1.8111709841256565
1.6300108217476741
1.3862102576105284
1.0891384106690778
0.75021158540147237
0.38245454963039321
1.8916746662876194e-16
-0.38245454963039266
-0.7502115854014717
-1.0891384106690774
-1.386210257610528
-1.6300108217476732
-1.8111709841256556
-1.9227288613000804
-1.9603973466135112
-1.9227288613000808
-1.8111709841256562
-1.6300108217476734
-1.386210257610528
-1.0891384106690778
-0.75021158540147292
-0.38245454963039355
-3.4366840464745181e-16
0.37510579270073607
0.73579648014973509
1.0682109215059996
1.3595746162083755
1.598690620868092
1.7763698415238767
1.8857841653695828
1.9227288613000799
1.8857841653695826
1.7763698415238767
1.5986906208680927
1.3595746162083762
1.0682109215060001
0.73579648014973531
0.37510579270073657
1.3132097131405876e-16
-0.37510579270073602
-0.73579648014973442
-1.0682109215059996
-1.3595746162083762
-1.5986906208680918
-1.7763698415238753
-1.885784165369583
-1.9227288613000812
-1.8857841653695837
-1.7763698415238762
-1.5986906208680915
-1.3595746162083759
-1.0682109215060001
-0.73579648014973553
-0.37510579270073674
-3.1599413617857843e-16
0.35334193051934221
0.69310512880526354
1.0062326856890331
1.2806912847635645
1.5059336359845787
1.6733038021120183
1.7763698415238771
1.8111709841256565
1.7763698415238764
1.6733038021120186
1.5059336359845792
1.2806912847635648
1.0062326856890331
0.69310512880526365
0.35334193051934243
6.9602036847218454e-17
-0.35334193051934198
-0.69310512880526276
-1.0062326856890327
-1.2806912847635648
-1.5059336359845783
-1.6733038021120172
-1.7763698415238769
-1.8111709841256578
-1.776369841523878
-1.6733038021120183
-1.5059336359845787
-1.280691284763565
-1.0062326856890336
-0.6931051288052642
-0.35334193051934287
-1.7412163292163088e-16
0.31799933610452763
0.62377813605864041
0.90558549206282846
1.1525917054652373
1.355304466007492
1.5059336359845794
1.5986906208680927
1.6300108217476741
1.5986906208680922
1.5059336359845792
1.355304466007492
1.1525917054652373
0.90558549206282846
0.62377813605864019
0.31799933610452763
3.3482912381593873e-17
-0.31799933610452719
-0.6237781360586393
-0.90558549206282801
-1.1525917054652373
-1.3553044660074915
-1.5059336359845783
-1.5986906208680922
-1.6300108217476754
-1.5986906208680935
-1.505933635984579
-1.3553044660074915
-1.1525917054652373
-0.9055854920628289
-0.62377813605864085
-0.31799933610452807
-4.1484302901109578e-17
0.27043620553929815
0.53047969936209227
0.77013715583484377
0.98019867330675559
1.1525917054652375
1.2806912847635656
1.3595746162083762
1.3862102576105282
1.3595746162083762
1.2806912847635652
1.1525917054652377
0.98019867330675592
0.77013715583484399
0.53047969936209227
0.27043620553929826
4.034700386088923e-17
-0.27043620553929792
-0.53047969936209161
-0.77013715583484355
-0.98019867330675614
-1.1525917054652377
-1.2806912847635648
-1.3595746162083762
-1.3862102576105291
-1.3595746162083771
-1.2806912847635652
-1.152591705465237
-0.98019867330675559
-0.77013715583484421
-0.53047969936209249
-0.27043620553929826
-1.0742970678677266e-16
0.21248036325756456
0.41679522531550128
0.6050928806060184
0.77013715583484366
0.90558549206282857
1.0062326856890331
1.0682109215060003
1.0891384106690778
1.0682109215060001
1.0062326856890333
0.9055854920628289
0.77013715583484421
0.60509288060601873
0.41679522531550156
0.21248036325756489
9.8603838098210384e-17
-0.2124803632575645
-0.41679522531550101
-0.60509288060601851
-0.77013715583484421
-0.90558549206282868
-1.0062326856890329
-1.0682109215060001
-1.0891384106690782
-1.0682109215060007
-1.0062326856890331
-0.90558549206282812
-0.77013715583484388
-0.60509288060601885
-0.41679522531550151
-0.21248036325756472
-2.4942045245706253e-16
0.1463590197762033
0.28709354450149105
0.41679522531550084
0.53047969936209172
0.62377813605864008
0.69310512880526354
0.73579648014973509
0.75021158540147248
0.73579648014973509
0.69310512880526376
0.62377813605864074
0.53047969936209238
0.41679522531550123
0.28709354450149116
0.14635901977620355
1.2976829140339915e-16
-0.14635901977620316
-0.28709354450149072
-0.41679522531550101
-0.53047969936209194
-0.62377813605863985
-0.69310512880526287
-0.73579648014973509
-0.75021158540147315
-0.73579648014973553
-0.69310512880526354
-0.62377813605864008
-0.53047969936209216
-0.41679522531550139
-0.28709354450149127
-0.14635901977620364
-1.5891827910829428e-16
0.074613181243926713
0.14635901977620344
0.21248036325756445
0.27043620553929798
0.31799933610452769
0.35334193051934237
0.37510579270073635
0.38245454963039316
0.37510579270073635
0.35334193051934254
0.31799933610452791
0.2704362055392982
0.21248036325756442
0.14635901977620339
0.074613181243926727
4.3302981780035829e-17
-0.074613181243926505
-0.14635901977620316
-0.21248036325756448
-0.27043620553929809
-0.31799933610452746
-0.35334193051934221
-0.37510579270073657
-0.3824545496303936
-0.37510579270073657
-0.35334193051934237
-0.31799933610452769
-0.27043620553929831
-0.21248036325756467
-0.14635901977620344
-0.074613181243926852
4.2792369884247099e-17
3.3348775343589496e-17
4.9012814753595813e-17
1.4781433581703767e-16
2.6674627179330027e-16
2.205326308211e-16
8.8381955471167784e-17
4.5549053687630703e-17
6.2934438111226029e-17
7.4936580797889951e-17
2.6096474407470022e-18
-1.8907236174229553e-16
-2.409788517379956e-16
-2.7987437710003998e-17
8.7742792636923511e-17
-1.5464526601824674e-17
-3.0987987471425521e-17
-6.5583378968769793e-18
-1.5992478100351617e-16
-2.953004654814141e-16
-3.0269734251575883e-16
-3.3937188126147338e-16
-2.8544905684638289e-16
-5.190594987471269e-17
6.4232783023542604e-17
-3.1889844940909476e-18
-4.0728185326640989e-17
-9.6934020182472841e-17
-1.8821276801421965e-16
-1.0383331374772604e-16
7.0567500656426431e-17
9.347750338088032e-17
1.28279913402682e-16
-0.074613181243926685
-0.14635901977620336
-0.21248036325756431
-0.2704362055392977
-0.31799933610452724
-0.35334193051934193
-0.37510579270073596
-0.38245454963039272
-0.3751057927007358
-0.35334193051934215
-0.31799933610452763
-0.27043620553929792
-0.21248036325756425
-0.14635901977620319
-0.074613181243926643
-7.4003033386186043e-18
0.07461318124392656
0.14635901977620303
0.21248036325756409
0.27043620553929759
0.31799933610452719
0.35334193051934193
0.37510579270073613
0.38245454963039316
0.37510579270073618
0.35334193051934193
0.31799933610452713
0.27043620553929781
0.21248036325756436
0.1463590197762033
0.074613181243926796
1.7213979804800928e-16
-0.14635901977620328
-0.28709354450149099
-0.41679522531550089
-0.53047969936209161
-0.62377813605863952
-0.69310512880526309
-0.73579648014973453
-0.75021158540147159
-0.73579648014973431
-0.69310512880526309
-0.62377813605863963
-0.53047969936209149
-0.41679522531550084
-0.28709354450149088
-0.14635901977620322
3.1479532538252857e-17
0.14635901977620322
0.28709354450149077
0.41679522531550073
0.53047969936209172
0.62377813605863985
0.69310512880526287
0.73579648014973431
0.75021158540147204
0.73579648014973498
0.69310512880526287
0.62377813605863908
0.53047969936209161
0.41679522531550089
0.28709354450149088
0.14635901977620339
3.0879415967008863e-16
-0.21248036325756411
-0.41679522531550101
-0.60509288060601829
-0.77013715583484332
-0.90558549206282801
-1.0062326856890333
-1.0682109215060001
-1.0891384106690774
-1.0682109215059996
-1.0062326856890331
-0.90558549206282823
-0.77013715583484388
-0.60509288060601873
-0.41679522531550123
-0.21248036325756445
-4.7416647571270133e-17
0.21248036325756434
0.41679522531550078
0.60509288060601807
0.77013715583484388
0.90558549206282823
1.0062326856890322
1.0682109215059992
1.0891384106690778
1.0682109215060005
1.0062326856890329
0.90558549206282757
0.77013715583484355
0.60509288060601851
0.41679522531550123
0.21248036325756456
3.9729053326272643e-16
-0.2704362055392977
-0.53047969936209183
-0.77013715583484366
-0.98019867330675514
-1.152591705465237
-1.280691284763565
-1.3595746162083759
-1.3862102576105282
-1.3595746162083757
-1.2806912847635648
-1.1525917054652375
-0.98019867330675581
-0.77013715583484377
-0.53047969936209194
-0.27043620553929815
-1.54173438468669e-16
0.27043620553929781
0.53047969936209127
0.7701371558348431
0.98019867330675536
1.152591705465237
1.2806912847635639
1.3595746162083753
1.3862102576105291
1.3595746162083768
1.2806912847635645
1.1525917054652366
0.98019867330675559
0.7701371558348441
0.53047969936209227
0.27043620553929826
4.2617316715580988e-16
-0.31799933610452746
-0.62377813605864019
-0.90558549206282801
-1.1525917054652368
-1.3553044660074913
-1.5059336359845785
-1.5986906208680918
-1.630010821747673
-1.5986906208680911
-1.5059336359845783
-1.3553044660074913
-1.1525917054652368
-0.90558549206282768
-0.62377813605863985
-0.31799933610452757
-1.9474108389671752e-16
0.31799933610452713
0.62377813605863941
0.90558549206282746
1.1525917054652364
1.3553044660074909
1.5059336359845779
1.5986906208680915
1.6300108217476743
1.5986906208680927
1.5059336359845785
1.3553044660074909
1.1525917054652373
0.90558549206282846
0.62377813605864041
0.31799933610452791
4.6518076260951959e-16
-0.35334193051934221
-0.69310512880526343
-1.0062326856890325
-1.2806912847635639
-1.5059336359845781
-1.6733038021120177
-1.7763698415238758
-1.8111709841256554
-1.7763698415238756
-1.6733038021120177
-1.5059336359845787
-1.2806912847635645
-1.0062326856890327
-0.69310512880526343
-0.35334193051934232
-1.803124778915526e-16
0.35334193051934187
0.69310512880526298
1.0062326856890327
1.2806912847635645
1.5059336359845779
1.6733038021120172
1.776369841523876
1.8111709841256567
1.7763698415238767
1.6733038021120172
1.5059336359845776
1.2806912847635643
1.0062326856890329
0.69310512880526343
0.35334193051934265
4.3883216320931688e-16
-0.3751057927007363
-0.7357964801497352
-1.0682109215059992
-1.3595746162083753
-1.598690620868092
-1.7763698415238767
-1.885784165369583
-1.9227288613000804
-1.8857841653695833
-1.7763698415238773
-1.5986906208680931
-1.3595746162083768
-1.0682109215060005
-0.73579648014973564
-0.37510579270073663
-1.5473702617161175e-16
0.37510579270073607
0.73579648014973498
1.0682109215060001
1.3595746162083768
1.5986906208680922
1.7763698415238764
1.8857841653695837
1.9227288613000817
1.8857841653695839
1.7763698415238762
1.5986906208680915
1.3595746162083757
1.0682109215059996
0.73579648014973542
0.37510579270073685
3.5171156816946791e-16
-0.38245454963039349
-0.75021158540147304
-1.0891384106690778
-1.3862102576105284
-1.630010821747675
-1.8111709841256578
-1.9227288613000819
-1.9603973466135114
-1.9227288613000815
-1.8111709841256576
-1.6300108217476752
-1.3862102576105291
-1.0891384106690782
-0.75021158540147304
-0.3824545496303936
-1.2340008611619127e-16
0.38245454963039305
0.75021158540147215
1.0891384106690778
1.3862102576105291
1.6300108217476743
1.8111709841256567
1.9227288613000819
1.9603973466135127
1.9227288613000824
1.8111709841256574
1.6300108217476745
1.3862102576105289
1.0891384106690782
0.75021158540147348
0.38245454963039405
3.3332754774956298e-16
-0.37510579270073652
-0.73579648014973564
-1.0682109215060003
-1.3595746162083759
-1.5986906208680924
-1.7763698415238773
-1.8857841653695837
-1.9227288613000806
-1.8857841653695833
-1.7763698415238767
-1.598690620868092
-1.3595746162083759
-1.0682109215059998
-0.7357964801497352
-0.37510579270073641
-8.748055240738156e-17
0.37510579270073585
0.73579648014973431
1.0682109215059994
1.3595746162083755
1.5986906208680911
1.7763698415238758
1.8857841653695837
1.9227288613000819
1.8857841653695842
1.7763698415238769
1.5986906208680924
1.3595746162083764
1.0682109215060007
0.73579648014973609
0.37510579270073707
3.4562784744040506e-16
-0.3533419305193421
-0.69310512880526365
-1.0062326856890329
-1.2806912847635641
-1.505933635984579
-1.6733038021120186
-1.7763698415238764
-1.8111709841256562
-1.7763698415238762
-1.6733038021120183
-1.5059336359845792
-1.280691284763565
-1.0062326856890333
-0.69310512880526365
-0.35334193051934226
-9.459694914003458e-17
0.35334193051934171
0.69310512880526276
1.0062326856890329
1.2806912847635645
1.5059336359845779
1.6733038021120175
1.7763698415238771
1.8111709841256576
1.7763698415238769
1.6733038021120181
1.505933635984579
1.2806912847635645
1.0062326856890333
0.69310512880526409
0.35334193051934276
2.2914628396428654e-16
-0.31799933610452724
-0.62377813605863996
-0.90558549206282779
-1.1525917054652364
-1.3553044660074911
-1.5059336359845785
-1.5986906208680918
-1.6300108217476734
-1.5986906208680918
-1.5059336359845787
-1.3553044660074913
-1.1525917054652373
-0.90558549206282846
-0.62377813605864041
-0.31799933610452757
-1.2102474449156374e-16
0.31799933610452702
0.62377813605863952
0.90558549206282823
1.1525917054652373
1.3553044660074909
1.5059336359845783
1.5986906208680927
1.6300108217476748
1.5986906208680918
1.5059336359845785
1.3553044660074911
1.1525917054652364
0.90558549206282801
0.62377813605864041
0.3179993361045278
5.6626298930546049e-17
-0.27043620553929809
-0.53047969936209205
-0.77013715583484366
-0.98019867330675536
-1.152591705465237
-1.280691284763565
-1.3595746162083759
-1.386210257610528
-1.3595746162083757
-1.2806912847635645
-1.152591705465237
-0.98019867330675581
-0.77013715583484388
-0.53047969936209205
-0.2704362055392982
-9.5489422261415064e-17
0.27043620553929776
0.53047969936209138
0.77013715583484366
0.98019867330675603
1.152591705465237
1.2806912847635641
1.3595746162083762
1.3862102576105289
1.3595746162083759
1.2806912847635645
1.152591705465237
0.98019867330675559
0.77013715583484388
0.53047969936209227
0.27043620553929831
8.2765616605039977e-17
-0.21248036325756459
-0.41679522531550145
-0.60509288060601873
-0.77013715583484377
-0.90558549206282868
-1.0062326856890336
-1.0682109215060003
-1.0891384106690778
-1.0682109215060001
-1.0062326856890331
-0.90558549206282857
-0.7701371558348441
-0.60509288060601896
-0.41679522531550145
-0.21248036325756461
-9.6858957741153547e-17
0.21248036325756428
0.41679522531550101
0.60509288060601851
0.77013715583484388
0.90558549206282812
1.0062326856890327
1.0682109215060005
1.0891384106690782
1.0682109215060003
1.0062326856890331
0.90558549206282846
0.77013715583484421
0.60509288060601918
0.41679522531550167
0.21248036325756475
2.4831387936423331e-16
-0.14635901977620333
-0.28709354450149122
-0.41679522531550112
-0.53047969936209183
-0.62377813605864008
-0.69310512880526387
-0.73579648014973542
-0.7502115854014727
-0.73579648014973542
-0.69310512880526387
-0.62377813605864063
-0.53047969936209272
-0.41679522531550162
-0.28709354450149127
-0.14635901977620344
-1.540742095710816e-16
0.14635901977620311
0.28709354450149094
0.41679522531550117
0.53047969936209183
0.62377813605863974
0.69310512880526365
0.73579648014973587
0.75021158540147315
0.73579648014973542
0.69310512880526365
0.6237781360586403
0.53047969936209227
0.41679522531550145
0.28709354450149144
0.14635901977620366
1.9885512519400849e-16
-0.074613181243926852
-0.14635901977620369
-0.2124803632575647
-0.27043620553929826
-0.31799933610452807
-0.35334193051934293
-0.37510579270073691
-0.38245454963039371
-0.37510579270073691
-0.35334193051934298
-0.3179993361045283
-0.2704362055392987
-0.21248036325756489
-0.14635901977620361
-0.074613181243926838
-1.0208101824808231e-16
0.074613181243926671
0.14635901977620361
0.21248036325756495
0.27043620553929848
0.31799933610452796
0.35334193051934309
0.37510579270073735
0.38245454963039394
0.37510579270073691
0.35334193051934293
0.31799933610452819
0.27043620553929848
0.21248036325756481
0.14635901977620364
0.07461318124392699
-4.2407109270904218e-17
-2.2018874396294483e-16
-2.0815327792132836e-16
-2.0119744426465144e-16
-4.1712522325085419e-16
-5.8502534099072175e-16
-5.6384988824322757e-16
-5.0983411849412882e-16
-4.5401523916426192e-16
-4.2893318605685556e-16
-4.6001517841902237e-16
-3.3711753735471962e-16
-6.6671838751060595e-17
3.3545625031046727e-18
-1.2241860086905888e-16
-1.3308439174197809e-16
-1.8097862627312693e-18
1.8126470428151207e-16
4.2276171589687172e-16
6.2157285659564733e-16
6.8899181319976878e-16
6.5288303962095925e-16
5.036044536911438e-16
3.5503493539517876e-16
3.9613464465545548e-16
4.9554531377321252e-16
4.881262046152039e-16
4.9277144497584612e-16
4.4918089340805096e-16
2.0165681719028028e-16
1.5648646646863931e-17
3.9279318491168124e-17
-1.6310518838832173e-16
0.074613181243926657
0.14635901977620347
0.21248036325756453
0.27043620553929798
0.31799933610452741
0.35334193051934226
0.37510579270073624
0.3824545496303931
0.37510579270073624
0.35334193051934226
0.31799933610452774
0.27043620553929837
0.21248036325756475
0.14635901977620344
0.074613181243926699
-7.2829499248273522e-18
-0.074613181243926616
-0.14635901977620316
-0.21248036325756425
-0.27043620553929781
-0.31799933610452741
-0.35334193051934248
-0.37510579270073668
-0.38245454963039333
-0.37510579270073624
-0.35334193051934226
-0.31799933610452752
-0.27043620553929798
-0.21248036325756448
-0.14635901977620347
-0.074613181243926879
-9.4775913702327686e-17
0.14635901977620336
0.2870935445014911
0.41679522531550112
0.53047969936209205
0.62377813605864008
0.69310512880526354
0.7357964801497352
0.75021158540147248
0.73579648014973509
0.69310512880526354
0.62377813605864019
0.53047969936209216
0.41679522531550134
0.28709354450149122
0.14635901977620341
-5.0814659976269171e-17
-0.14635901977620336
-0.28709354450149099
-0.41679522531550134
-0.53047969936209238
-0.62377813605863996
-0.69310512880526332
-0.73579648014973553
-0.75021158540147292
-0.73579648014973498
-0.69310512880526332
-0.62377813605864008
-0.53047969936209205
-0.41679522531550112
-0.2870935445014911
-0.14635901977620352
-1.378030475734917e-16
0.21248036325756431
0.41679522531550101
0.6050928806060184
0.77013715583484332
0.90558549206282823
1.0062326856890331
1.0682109215059998
1.0891384106690776
1.0682109215059998
1.0062326856890329
0.90558549206282801
0.77013715583484366
0.60509288060601851
0.41679522531550101
0.21248036325756439
3.6240511046372597e-17
-0.21248036325756411
-0.41679522531550067
-0.60509288060601851
-0.77013715583484388
-0.90558549206282757
-1.006232685689032
-1.0682109215059998
-1.0891384106690785
-1.0682109215059998
-1.0062326856890327
-0.90558549206282823
-0.77013715583484377
-0.60509288060601862
-0.41679522531550134
-0.21248036325756464
-3.4245160951407823e-16
0.27043620553929781
0.53047969936209194
0.77013715583484332
0.98019867330675481
1.1525917054652368
1.2806912847635645
1.3595746162083757
1.3862102576105277
1.3595746162083755
1.2806912847635643
1.1525917054652368
0.98019867330675525
0.77013715583484355
0.53047969936209172
0.27043620553929787
1.328136453300413e-16
-0.27043620553929743
-0.53047969936209105
-0.7701371558348431
-0.98019867330675503
-1.1525917054652359
-1.2806912847635634
-1.3595746162083759
-1.3862102576105286
-1.3595746162083757
-1.2806912847635641
-1.1525917054652368
-0.98019867330675547
-0.77013715583484377
-0.53047969936209216
-0.27043620553929837
-4.7992682348294176e-16
0.31799933610452752
0.62377813605864041
0.90558549206282801
1.1525917054652368
1.3553044660074915
1.5059336359845792
1.598690620868092
1.6300108217476739
1.5986906208680922
1.5059336359845792
1.355304466007492
1.1525917054652377
0.90558549206282857
0.6237781360586403
0.31799933610452769
1.5657351342600667e-16
-0.31799933610452724
-0.62377813605863963
-0.90558549206282812
-1.1525917054652373
-1.3553044660074911
-1.5059336359845787
-1.5986906208680931
-1.6300108217476752
-1.5986906208680924
-1.5059336359845787
-1.3553044660074915
-1.1525917054652373
-0.90558549206282823
-0.62377813605864041
-0.31799933610452807
-4.2413627660315336e-16
0.35334193051934237
0.69310512880526376
1.0062326856890331
1.2806912847635648
1.5059336359845792
1.6733038021120186
1.7763698415238767
1.8111709841256567
1.7763698415238769
1.6733038021120186
1.5059336359845796
1.2806912847635654
1.0062326856890336
0.69310512880526387
0.35334193051934254
1.7701625321611156e-16
-0.3533419305193421
-0.69310512880526343
-1.0062326856890336
-1.280691284763565
-1.5059336359845787
-1.6733038021120181
-1.7763698415238778
-1.811170984125658
-1.7763698415238771
-1.6733038021120181
-1.5059336359845792
-1.2806912847635648
-1.0062326856890331
-0.69310512880526398
-0.35334193051934293
-3.1433834428469347e-16
0.37510579270073635
0.7357964801497352
1.0682109215059996
1.3595746162083755
1.598690620868092
1.7763698415238767
1.8857841653695828
1.9227288613000799
1.8857841653695826
1.7763698415238764
1.5986906208680924
1.3595746162083762
1.0682109215059998
0.73579648014973498
0.37510579270073635
2.0403376841025289e-16
-0.3751057927007358
-0.73579648014973453
-1.0682109215059998
-1.3595746162083762
-1.5986906208680915
-1.7763698415238756
-1.8857841653695835
-1.9227288613000812
-1.8857841653695833
-1.7763698415238762
-1.598690620868092
-1.3595746162083759
-1.0682109215060001
-0.73579648014973564
-0.37510579270073691
-3.0215070732474396e-16
0.38245454963039299
0.75021158540147248
1.0891384106690774
1.3862102576105275
1.6300108217476739
1.8111709841256567
1.9227288613000804
1.9603973466135098
1.9227288613000799
1.8111709841256565
1.6300108217476741
1.3862102576105284
1.0891384106690778
0.75021158540147237
0.38245454963039321
1.8916746662876194e-16
-0.38245454963039266
-0.7502115854014717
-1.0891384106690774
-1.386210257610528
-1.6300108217476732
-1.8111709841256556
-1.9227288613000804
-1.9603973466135112
-1.9227288613000808
-1.8111709841256562
-1.6300108217476734
-1.386210257610528
-1.0891384106690778
-0.75021158540147292
-0.38245454963039355
-3.4366840464745181e-16
0.37510579270073607
0.73579648014973509
1.0682109215059996
1.3595746162083755
1.598690620868092
1.7763698415238767
1.8857841653695828
1.9227288613000799
1.8857841653695826
1.7763698415238767
1.5986906208680927
1.3595746162083762
1.0682109215060001
0.73579648014973531
0.37510579270073657
1.3132097131405876e-16
-0.37510579270073602
-0.73579648014973442
-1.0682109215059996
-1.3595746162083762
-1.5986906208680918
-1.7763698415238753
-1.885784165369583
-1.9227288613000812
-1.8857841653695837
-1.7763698415238762
-1.5986906208680915
-1.3595746162083759
-1.0682109215060001
-0.73579648014973553
-0.37510579270073674
-3.1599413617857843e-16
0.35334193051934221
0.69310512880526354
1.0062326856890331
1.2806912847635645
1.5059336359845787
1.6733038021120183
1.7763698415238771
1.8111709841256565
1.7763698415238764
1.6733038021120186
1.5059336359845792
1.2806912847635648
1.0062326856890331
0.69310512880526365
0.35334193051934243
6.9602036847218454e-17
-0.35334193051934198
-0.69310512880526276
-1.0062326856890327
-1.2806912847635648
-1.5059336359845783
-1.6733038021120172
-1.7763698415238769
-1.8111709841256578
-1.776369841523878
-1.6733038021120183
-1.5059336359845787
-1.280691284763565
-1.0062326856890336
-0.6931051288052642
-0.35334193051934287
-1.7412163292163088e-16
0.31799933610452763
0.62377813605864041
0.90558549206282846
1.1525917054652373
1.355304466007492
1.5059336359845794
1.5986906208680927
1.6300108217476741
1.5986906208680922
1.5059336359845792
1.355304466007492
1.1525917054652373
0.90558549206282846
0.62377813605864019
0.31799933610452763
3.3482912381593873e-17
-0.31799933610452719
-0.6237781360586393
-0.90558549206282801
-1.1525917054652373
-1.3553044660074915
-1.5059336359845783
-1.5986906208680922
-1.6300108217476754
-1.5986906208680935
-1.505933635984579
-1.3553044660074915
-1.1525917054652373
-0.9055854920628289
-0.62377813605864085
-0.31799933610452807
-4.1484302901109578e-17
0.27043620553929815
0.53047969936209227
0.77013715583484377
0.98019867330675559
1.1525917054652375
1.2806912847635656
1.3595746162083762
1.3862102576105282
1.3595746162083762
1.2806912847635652
1.1525917054652377
0.98019867330675592
0.77013715583484399
0.53047969936209227
0.27043620553929826
4.034700386088923e-17
-0.27043620553929792
-0.53047969936209161
-0.77013715583484355
-0.98019867330675614
-1.1525917054652377
-1.2806912847635648
-1.3595746162083762
-1.3862102576105291
-1.3595746162083771
-1.2806912847635652
-1.152591705465237
-0.98019867330675559
-0.77013715583484421
-0.53047969936209249
-0.27043620553929826
-1.0742970678677266e-16
0.21248036325756456
0.41679522531550128
0.6050928806060184
0.77013715583484366
0.90558549206282857
1.0062326856890331
1.0682109215060003
1.0891384106690778
1.0682109215060001
1.0062326856890333
0.9055854920628289
0.77013715583484421
0.60509288060601873
0.41679522531550156
0.21248036325756489
9.8603838098210384e-17
-0.2124803632575645
-0.41679522531550101
-0.60509288060601851
-0.77013715583484421
-0.90558549206282868
-1.0062326856890329
-1.0682109215060001
-1.0891384106690782
-1.0682109215060007
-1.0062326856890331
-0.90558549206282812
-0.77013715583484388
-0.60509288060601885
-0.41679522531550151
-0.21248036325756472
-2.4942045245706253e-16
0.1463590197762033
0.28709354450149105
0.41679522531550084
0.53047969936209172
0.62377813605864008
0.69310512880526354
0.73579648014973509
0.75021158540147248
0.73579648014973509
0.69310512880526376
0.62377813605864074
0.53047969936209238
0.41679522531550123
0.28709354450149116
0.14635901977620355
1.2976829140339915e-16
-0.14635901977620316
-0.28709354450149072
-0.41679522531550101
-0.53047969936209194
-0.62377813605863985
-0.69310512880526287
-0.73579648014973509
-0.75021158540147315
-0.73579648014973553
-0.69310512880526354
-0.62377813605864008
-0.53047969936209216
-0.41679522531550139
-0.28709354450149127
-0.14635901977620364
-1.5891827910829428e-16
0.074613181243926713
0.14635901977620344
0.21248036325756445
0.27043620553929798
0.31799933610452769
0.35334193051934237
0.37510579270073635
0.38245454963039316
0.37510579270073635
0.35334193051934254
0.31799933610452791
0.2704362055392982
0.21248036325756442
0.14635901977620339
0.074613181243926727
4.3302981780035829e-17
-0.074613181243926505
-0.14635901977620316
-0.21248036325756448
-0.27043620553929809
-0.31799933610452746
-0.35334193051934221
-0.37510579270073657
-0.3824545496303936
-0.37510579270073657
-0.35334193051934237
-0.31799933610452769
-0.27043620553929831
-0.21248036325756467
-0.14635901977620344
-0.074613181243926852
4.2792369884247099e-17
3.3348775343589496e-17
4.9012814753595813e-17
1.4781433581703767e-16
2.6674627179330027e-16
2.205326308211e-16
8.8381955471167784e-17
4.5549053687630703e-17
6.2934438111226029e-17
7.4936580797889951e-17
2.6096474407470022e-18
-1.8907236174229553e-16
-2.409788517379956e-16
-2.7987437710003998e-17
8.7742792636923511e-17
-1.5464526601824674e-17
-3.0987987471425521e-17
-6.5583378968769793e-18
-1.5992478100351617e-16
-2.953004654814141e-16
-3.0269734251575883e-16
-3.3937188126147338e-16
-2.8544905684638289e-16
-5.190594987471269e-17
6.4232783023542604e-17
-3.1889844940909476e-18
-4.0728185326640989e-17
-9.6934020182472841e-17
-1.8821276801421965e-16
-1.0383331374772604e-16
7.0567500656426431e-17
9.347750338088032e-17
1.28279913402682e-16
-0.074613181243926685
-0.14635901977620336
-0.21248036325756431
-0.2704362055392977
-0.31799933610452724
-0.35334193051934193
-0.37510579270073596
-0.38245454963039272
-0.3751057927007358
-0.35334193051934215
-0.31799933610452763
-0.27043620553929792
-0.21248036325756425
-0.14635901977620319
-0.074613181243926643
-7.4003033386186043e-18
0.07461318124392656
0.14635901977620303
0.21248036325756409
0.27043620553929759
0.31799933610452719
0.35334193051934193
0.37510579270073613
0.38245454963039316
0.37510579270073618
0.35334193051934193
0.31799933610452713
0.27043620553929781
0.21248036325756436
0.1463590197762033
0.074613181243926796
1.7213979804800928e-16
-0.14635901977620328
-0.28709354450149099
-0.41679522531550089
-0.53047969936209161
-0.62377813605863952
-0.69310512880526309
-0.73579648014973453
-0.75021158540147159
-0.73579648014973431
-0.69310512880526309
-0.62377813605863963
-0.53047969936209149
-0.41679522531550084
-0.28709354450149088
-0.14635901977620322
3.1479532538252857e-17
0.14635901977620322
0.28709354450149077
0.41679522531550073
0.53047969936209172
0.62377813605863985
0.69310512880526287
0.73579648014973431
0.75021158540147204
0.73579648014973498
0.69310512880526287
0.62377813605863908
0.53047969936209161
0.41679522531550089
0.28709354450149088
0.14635901977620339
3.0879415967008863e-16
-0.21248036325756411
-0.41679522531550101
-0.60509288060601829
-0.77013715583484332
-0.90558549206282801
-1.0062326856890333
-1.0682109215060001
-1.0891384106690774
-1.0682109215059996
-1.0062326856890331
-0.90558549206282823
-0.77013715583484388
-0.60509288060601873
-0.41679522531550123
-0.21248036325756445
-4.7416647571270133e-17
0.21248036325756434
0.41679522531550078
0.60509288060601807
0.77013715583484388
0.90558549206282823
1.0062326856890322
1.0682109215059992
1.0891384106690778
1.0682109215060005
1.0062326856890329
0.90558549206282757
0.77013715583484355
0.60509288060601851
0.41679522531550123
0.21248036325756456
3.9729053326272643e-16
-0.2704362055392977
-0.53047969936209183
-0.77013715583484366
-0.98019867330675514
-1.152591705465237
-1.280691284763565
-1.3595746162083759
-1.3862102576105282
-1.3595746162083757
-1.2806912847635648
-1.1525917054652375
-0.98019867330675581
-0.77013715583484377
-0.53047969936209194
-0.27043620553929815
-1.54173438468669e-16
0.27043620553929781
0.53047969936209127
0.7701371558348431
0.98019867330675536
1.152591705465237
1.2806912847635639
1.3595746162083753
1.3862102576105291
1.3595746162083768
1.2806912847635645
1.1525917054652366
0.98019867330675559
0.7701371558348441
0.53047969936209227
0.27043620553929826
4.2617316715580988e-16
-0.31799933610452746
-0.62377813605864019
-0.90558549206282801
-1.1525917054652368
-1.3553044660074913
-1.5059336359845785
-1.5986906208680918
-1.630010821747673
-1.5986906208680911
-1.5059336359845783
-1.3553044660074913
-1.1525917054652368
-0.90558549206282768
-0.62377813605863985
-0.31799933610452757
-1.9474108389671752e-16
0.31799933610452713
0.62377813605863941
0.90558549206282746
1.1525917054652364
1.3553044660074909
1.5059336359845779
1.5986906208680915
1.6300108217476743
1.5986906208680927
1.5059336359845785
1.3553044660074909
1.1525917054652373
0.90558549206282846
0.62377813605864041
0.31799933610452791
4.6518076260951959e-16
-0.35334193051934221
-0.69310512880526343
-1.0062326856890325
-1.2806912847635639
-1.5059336359845781
-1.6733038021120177
-1.7763698415238758
-1.8111709841256554
-1.7763698415238756
-1.6733038021120177
-1.5059336359845787
-1.2806912847635645
-1.0062326856890327
-0.69310512880526343
-0.35334193051934232
-1.803124778915526e-16
0.35334193051934187
0.69310512880526298
1.0062326856890327
1.2806912847635645
1.5059336359845779
1.6733038021120172
1.776369841523876
1.8111709841256567
1.7763698415238767
1.6733038021120172
1.5059336359845776
1.2806912847635643
1.0062326856890329
0.69310512880526343
0.35334193051934265
4.3883216320931688e-16
-0.3751057927007363
-0.7357964801497352
-1.0682109215059992
-1.3595746162083753
-1.598690620868092
-1.7763698415238767
-1.885784165369583
-1.9227288613000804
-1.8857841653695833
-1.7763698415238773
-1.5986906208680931
-1.3595746162083768
-1.0682109215060005
-0.73579648014973564
-0.37510579270073663
-1.5473702617161175e-16
0.37510579270073607
0.73579648014973498
1.0682109215060001
1.3595746162083768
1.5986906208680922
1.7763698415238764
1.8857841653695837
1.9227288613000817
1.8857841653695839
1.7763698415238762
1.5986906208680915
1.3595746162083757
1.0682109215059996
0.73579648014973542
0.37510579270073685
3.5171156816946791e-16
-0.38245454963039349
-0.75021158540147304
-1.0891384106690778
-1.3862102576105284
-1.630010821747675
-1.8111709841256578
-1.9227288613000819
-1.9603973466135114
-1.9227288613000815
-1.8111709841256576
-1.6300108217476752
-1.3862102576105291
-1.0891384106690782
-0.75021158540147304
-0.3824545496303936
-1.2340008611619127e-16
0.38245454963039305
0.75021158540147215
1.0891384106690778
1.3862102576105291
1.6300108217476743
1.8111709841256567
1.9227288613000819
1.9603973466135127
1.9227288613000824
1.8111709841256574
1.6300108217476745
1.3862102576105289
1.0891384106690782
0.75021158540147348
0.38245454963039405
3.3332754774956298e-16
-0.37510579270073652
-0.73579648014973564
-1.0682109215060003
-1.3595746162083759
-1.5986906208680924
-1.7763698415238773
-1.8857841653695837
-1.9227288613000806
-1.8857841653695833
-1.7763698415238767
-1.598690620868092
-1.3595746162083759
-1.0682109215059998
-0.7357964801497352
-0.37510579270073641
-8.748055240738156e-17
0.37510579270073585
0.73579648014973431
1.0682109215059994
1.3595746162083755
1.5986906208680911
1.7763698415238758
1.8857841653695837
1.9227288613000819
1.8857841653695842
1.7763698415238769
1.5986906208680924
1.3595746162083764
1.0682109215060007
0.73579648014973609
0.37510579270073707
3.4562784744040506e-16
-0.3533419305193421
-0.69310512880526365
-1.0062326856890329
-1.2806912847635641
-1.505933635984579
-1.6733038021120186
-1.7763698415238764
-1.8111709841256562
-1.7763698415238762
-1.6733038021120183
-1.5059336359845792
-1.280691284763565
-1.0062326856890333
-0.69310512880526365
-0.35334193051934226
-9.459694914003458e-17
0.35334193051934171
0.69310512880526276
1.0062326856890329
1.2806912847635645
1.5059336359845779
1.6733038021120175
1.7763698415238771
1.8111709841256576
1.7763698415238769
1.6733038021120181
1.505933635984579
1.2806912847635645
1.0062326856890333
0.69310512880526409
0.35334193051934276
2.2914628396428654e-16
-0.31799933610452724
-0.62377813605863996
-0.90558549206282779
-1.1525917054652364
-1.3553044660074911
-1.5059336359845785
-1.5986906208680918
-1.6300108217476734
-1.5986906208680918
-1.5059336359845787
-1.3553044660074913
-1.1525917054652373
-0.90558549206282846
-0.62377813605864041
-0.31799933610452757
-1.2102474449156374e-16
0.31799933610452702
0.62377813605863952
0.90558549206282823
1.1525917054652373
1.3553044660074909
1.5059336359845783
1.5986906208680927
1.6300108217476748
1.5986906208680918
1.5059336359845785
1.3553044660074911
1.1525917054652364
0.90558549206282801
0.62377813605864041
0.3179993361045278
5.6626298930546049e-17
-0.27043620553929809
-0.53047969936209205
-0.77013715583484366
-0.98019867330675536
-1.152591705465237
-1.280691284763565
-1.3595746162083759
-1.386210257610528
-1.3595746162083757
-1.2806912847635645
-1.152591705465237
-0.98019867330675581
-0.77013715583484388
-0.53047969936209205
-0.2704362055392982
-9.5489422261415064e-17
0.27043620553929776
0.53047969936209138
0.77013715583484366
0.98019867330675603
1.152591705465237
1.2806912847635641
1.3595746162083762
1.3862102576105289
1.3595746162083759
1.2806912847635645
1.152591705465237
0.98019867330675559
0.77013715583484388
0.53047969936209227
0.27043620553929831
8.2765616605039977e-17
-0.21248036325756459
-0.41679522531550145
-0.60509288060601873
-0.77013715583484377
-0.90558549206282868
-1.0062326856890336
-1.0682109215060003
-1.0891384106690778
-1.0682109215060001
-1.0062326856890331
-0.90558549206282857
-0.7701371558348441
-0.60509288060601896
-0.41679522531550145
-0.21248036325756461
-9.6858957741153547e-17
0.21248036325756428
0.41679522531550101
0.60509288060601851
0.77013715583484388
0.90558549206282812
1.0062326856890327
1.0682109215060005
1.0891384106690782
1.0682109215060003
1.0062326856890331
0.90558549206282846
0.77013715583484421
0.60509288060601918
0.41679522531550167
0.21248036325756475
2.4831387936423331e-16
-0.14635901977620333
-0.28709354450149122
-0.41679522531550112
-0.53047969936209183
-0.62377813605864008
-0.69310512880526387
-0.73579648014973542
-0.7502115854014727
-0.73579648014973542
-0.69310512880526387
-0.62377813605864063
-0.53047969936209272
-0.41679522531550162
-0.28709354450149127
-0.14635901977620344
-1.540742095710816e-16
0.14635901977620311
0.28709354450149094
0.41679522531550117
0.53047969936209183
0.62377813605863974
0.69310512880526365
0.73579648014973587
0.75021158540147315
0.73579648014973542
0.69310512880526365
0.6237781360586403
0.53047969936209227
0.41679522531550145
0.28709354450149144
0.14635901977620366
1.9885512519400849e-16
-0.074613181243926852
-0.14635901977620369
-0.2124803632575647
-0.27043620553929826
-0.31799933610452807
-0.35334193051934293
-0.37510579270073691
-0.38245454963039371
-0.37510579270073691
-0.35334193051934298
-0.3179993361045283
-0.2704362055392987
-0.21248036325756489
-0.14635901977620361
-0.074613181243926838
-1.0208101824808231e-16
0.074613181243926671
0.14635901977620361
0.21248036325756495
0.27043620553929848
0.31799933610452796
0.35334193051934309
0.37510579270073735
0.38245454963039394
0.37510579270073691
0.35334193051934293
0.31799933610452819
0.27043620553929848
0.21248036325756481
0.14635901977620364
0.07461318124392699
-4.2407109270904218e-17
-2.2018874396294483e-16
-2.0815327792132836e-16
-2.0119744426465144e-16
-4.1712522325085419e-16
-5.8502534099072175e-16
-5.6384988824322757e-16
-5.0983411849412882e-16
-4.5401523916426192e-16
-4.2893318605685556e-16
-4.6001517841902237e-16
-3.3711753735471962e-16
-6.6671838751060595e-17
3.3545625031046727e-18
-1.2241860086905888e-16
-1.3308439174197809e-16
-1.8097862627312693e-18
1.8126470428151207e-16
4.2276171589687172e-16
6.2157285659564733e-16
6.8899181319976878e-16
6.5288303962095925e-16
5.036044536911438e-16
3.5503493539517876e-16
3.9613464465545548e-16
4.9554531377321252e-16
4.881262046152039e-16
4.9277144497584612e-16
4.4918089340805096e-16
2.0165681719028028e-16
1.5648646646863931e-17
3.9279318491168124e-17
-1.6310518838832173e-16
0.074613181243926657
0.14635901977620347
0.21248036325756453
0.27043620553929798
0.31799933610452741
0.35334193051934226
0.37510579270073624
0.3824545496303931
0.37510579270073624
0.35334193051934226
0.31799933610452774
0.27043620553929837
0.21248036325756475
0.14635901977620344
0.074613181243926699
-7.2829499248273522e-18
-0.074613181243926616
-0.14635901977620316
-0.21248036325756425
-0.27043620553929781
-0.31799933610452741
-0.35334193051934248
-0.37510579270073668
-0.38245454963039333
-0.37510579270073624
-0.35334193051934226
-0.31799933610452752
-0.27043620553929798
-0.21248036325756448
-0.14635901977620347
-0.074613181243926879
-9.4775913702327686e-17
0.14635901977620336
0.2870935445014911
0.41679522531550112
0.53047969936209205
0.62377813605864008
0.69310512880526354
0.7357964801497352
0.75021158540147248
0.73579648014973509
0.69310512880526354
0.62377813605864019
0.53047969936209216
0.41679522531550134
0.28709354450149122
0.14635901977620341
-5.0814659976269171e-17
-0.14635901977620336
-0.28709354450149099
-0.41679522531550134
-0.53047969936209238
-0.62377813605863996
-0.69310512880526332
-0.73579648014973553
-0.75021158540147292
-0.73579648014973498
-0.69310512880526332
-0.62377813605864008
-0.53047969936209205
-0.41679522531550112
-0.2870935445014911
-0.14635901977620352
-1.378030475734917e-16
0.21248036325756431
0.41679522531550101
0.6050928806060184
0.77013715583484332
0.90558549206282823
1.0062326856890331
1.0682109215059998
1.0891384106690776
1.0682109215059998
1.0062326856890329
0.90558549206282801
0.77013715583484366
0.60509288060601851
0.41679522531550101
0.21248036325756439
3.6240511046372597e-17
-0.21248036325756411
-0.41679522531550067
-0.60509288060601851
-0.77013715583484388
-0.90558549206282757
-1.006232685689032
-1.0682109215059998
-1.0891384106690785
-1.0682109215059998
-1.0062326856890327
-0.90558549206282823
-0.77013715583484377
-0.60509288060601862
-0.41679522531550134
-0.21248036325756464
-3.4245160951407823e-16
0.27043620553929781
0.53047969936209194
0.77013715583484332
0.98019867330675481
1.1525917054652368
1.2806912847635645
1.3595746162083757
1.3862102576105277
1.3595746162083755
1.2806912847635643
1.1525917054652368
0.98019867330675525
0.77013715583484355
0.53047969936209172
0.27043620553929787
1.328136453300413e-16
-0.27043620553929743
-0.53047969936209105
-0.7701371558348431
-0.98019867330675503
-1.1525917054652359
-1.2806912847635634
-1.3595746162083759
-1.3862102576105286
-1.3595746162083757
-1.2806912847635641
-1.1525917054652368
-0.98019867330675547
-0.77013715583484377
-0.53047969936209216
-0.27043620553929837
-4.7992682348294176e-16
0.31799933610452752
0.62377813605864041
0.90558549206282801
1.1525917054652368
1.3553044660074915
1.5059336359845792
1.598690620868092
1.6300108217476739
1.5986906208680922
1.5059336359845792
1.355304466007492
1.1525917054652377
0.90558549206282857
0.6237781360586403
0.31799933610452769
1.5657351342600667e-16
-0.31799933610452724
-0.62377813605863963
-0.90558549206282812
-1.1525917054652373
-1.3553044660074911
-1.5059336359845787
-1.5986906208680931
-1.6300108217476752
-1.5986906208680924
-1.5059336359845787
-1.3553044660074915
-1.1525917054652373
-0.90558549206282823
-0.62377813605864041
-0.31799933610452807
-4.2413627660315336e-16
0.35334193051934237
0.69310512880526376
1.0062326856890331
1.2806912847635648
1.5059336359845792
1.6733038021120186
1.7763698415238767
1.8111709841256567
1.7763698415238769
1.6733038021120186
1.5059336359845796
1.2806912847635654
1.0062326856890336
0.69310512880526387
0.35334193051934254
1.7701625321611156e-16
-0.3533419305193421
-0.69310512880526343
-1.0062326856890336
-1.280691284763565
-1.5059336359845787
-1.6733038021120181
-1.7763698415238778
-1.811170984125658
-1.7763698415238771
-1.6733038021120181
-1.5059336359845792
-1.2806912847635648
-1.0062326856890331
-0.69310512880526398
-0.35334193051934293
-3.1433834428469347e-16
0.37510579270073635
0.7357964801497352
1.0682109215059996
1.3595746162083755
1.598690620868092
1.7763698415238767
1.8857841653695828
1.9227288613000799
1.8857841653695826
1.7763698415238764
1.5986906208680924
1.3595746162083762
1.0682109215059998
0.73579648014973498
0.37510579270073635
2.0403376841025289e-16
-0.3751057927007358
-0.73579648014973453
-1.0682109215059998
-1.3595746162083762
-1.5986906208680915
-1.7763698415238756
-1.8857841653695835
-1.9227288613000812
-1.8857841653695833
-1.7763698415238762
-1.598690620868092
-1.3595746162083759
-1.0682109215060001
-0.73579648014973564
-0.37510579270073691
-3.0215070732474396e-16
0.38245454963039299
0.75021158540147248
1.0891384106690774
1.3862102576105275
1.6300108217476739
1.8111709841256567
1.9227288613000804
1.9603973466135098
1.9227288613000799
1.8111709841256565
1.6300108217476741
1.3862102576105284
1.0891384106690778
0.75021158540147237
0.38245454963039321
1.8916746662876194e-16
-0.38245454963039266
-0.7502115854014717
-1.0891384106690774
-1.386210257610528
-1.6300108217476732
-1.8111709841256556
-1.9227288613000804
-1.9603973466135112
-1.9227288613000808
-1.8111709841256562
-1.6300108217476734
-1.386210257610528
-1.0891384106690778
-0.75021158540147292
-0.38245454963039355
-3.4366840464745181e-16
0.37510579270073607
0.73579648014973509
1.0682109215059996
1.3595746162083755
1.598690620868092
1.7763698415238767
1.8857841653695828
1.9227288613000799
1.8857841653695826
1.7763698415238767
1.5986906208680927
1.3595746162083762
1.0682109215060001
0.73579648014973531
0.37510579270073657
1.3132097131405876e-16
-0.37510579270073602
-0.73579648014973442
-1.0682109215059996
-1.3595746162083762
-1.5986906208680918
-1.7763698415238753
-1.885784165369583
-1.9227288613000812
-1.8857841653695837
-1.7763698415238762
-1.5986906208680915
-1.3595746162083759
-1.0682109215060001
-0.73579648014973553
-0.37510579270073674
-3.1599413617857843e-16
0.35334193051934221
0.69310512880526354
1.0062326856890331
1.2806912847635645
1.5059336359845787
1.6733038021120183
1.7763698415238771
1.8111709841256565
1.7763698415238764
1.6733038021120186
1.5059336359845792
1.2806912847635648
1.0062326856890331
0.69310512880526365
0.35334193051934243
6.9602036847218454e-17
-0.35334193051934198
-0.69310512880526276
-1.0062326856890327
-1.2806912847635648
-1.5059336359845783
-1.6733038021120172
-1.7763698415238769
-1.8111709841256578
-1.776369841523878
-1.6733038021120183
-1.5059336359845787
-1.280691284763565
-1.0062326856890336
-0.6931051288052642
-0.35334193051934287
-1.7412163292163088e-16
0.31799933610452763
0.62377813605864041
0.90558549206282846
1.1525917054652373
1.355304466007492
1.5059336359845794
1.5986906208680927
1.6300108217476741
1.5986906208680922
1.5059336359845792
1.355304466007492
1.1525917054652373
0.90558549206282846
0.62377813605864019
0.31799933610452763
3.3482912381593873e-17
-0.31799933610452719
-0.6237781360586393
-0.90558549206282801
-1.1525917054652373
-1.3553044660074915
-1.5059336359845783
-1.5986906208680922
-1.6300108217476754
-1.5986906208680935
-1.505933635984579
-1.3553044660074915
-1.1525917054652373
-0.9055854920628289
-0.62377813605864085
-0.31799933610452807
-4.1484302901109578e-17
0.27043620553929815
0.53047969936209227
0.77013715583484377
0.98019867330675559
1.1525917054652375
1.2806912847635656
1.3595746162083762
1.3862102576105282
1.3595746162083762
1.2806912847635652
1.1525917054652377
0.98019867330675592
0.77013715583484399
0.53047969936209227
0.27043620553929826
4.034700386088923e-17
-0.27043620553929792
-0.53047969936209161
-0.77013715583484355
-0.98019867330675614
-1.1525917054652377
-1.2806912847635648
-1.3595746162083762
-1.3862102576105291
-1.3595746162083771
-1.2806912847635652
-1.152591705465237
-0.98019867330675559
-0.77013715583484421
-0.53047969936209249
-0.27043620553929826
-1.0742970678677266e-16
0.21248036325756456
0.41679522531550128
0.6050928806060184
0.77013715583484366
0.90558549206282857
1.0062326856890331
1.0682109215060003
1.0891384106690778
1.0682109215060001
1.0062326856890333
0.9055854920628289
0.77013715583484421
0.60509288060601873
0.41679522531550156
0.21248036325756489
9.8603838098210384e-17
-0.2124803632575645
-0.41679522531550101
-0.60509288060601851
-0.77013715583484421
-0.90558549206282868
-1.0062326856890329
-1.0682109215060001
-1.0891384106690782
-1.0682109215060007
-1.0062326856890331
-0.90558549206282812
-0.77013715583484388
-0.60509288060601885
-0.41679522531550151
-0.21248036325756472
-2.4942045245706253e-16
0.1463590197762033
0.28709354450149105
0.41679522531550084
0.53047969936209172
0.62377813605864008
0.69310512880526354
0.73579648014973509
0.75021158540147248
0.73579648014973509
0.69310512880526376
0.62377813605864074
0.53047969936209238
0.41679522531550123
0.28709354450149116
0.14635901977620355
1.2976829140339915e-16
-0.14635901977620316
-0.28709354450149072
-0.41679522531550101
-0.53047969936209194
-0.62377813605863985
-0.69310512880526287
-0.73579648014973509
-0.75021158540147315
-0.73579648014973553
-0.69310512880526354
-0.62377813605864008
-0.53047969936209216
-0.41679522531550139
-0.28709354450149127
-0.14635901977620364
-1.5891827910829428e-16
0.074613181243926713
0.14635901977620344
0.21248036325756445
0.27043620553929798
0.31799933610452769
0.35334193051934237
0.37510579270073635
0.38245454963039316
0.37510579270073635
0.35334193051934254
0.31799933610452791
0.2704362055392982
0.21248036325756442
0.14635901977620339
0.074613181243926727
4.3302981780035829e-17
-0.074613181243926505
-0.14635901977620316
-0.21248036325756448
-0.27043620553929809
-0.31799933610452746
-0.35334193051934221
-0.37510579270073657
-0.3824545496303936
-0.37510579270073657
-0.35334193051934237
-0.31799933610452769
-0.27043620553929831
-0.21248036325756467
-0.14635901977620344
-0.074613181243926852
4.2792369884247099e-17
3.3348775343589496e-17
4.9012814753595813e-17
1.4781433581703767e-16
2.6674627179330027e-16
2.205326308211e-16
8.8381955471167784e-17
4.5549053687630703e-17
6.2934438111226029e-17
7.4936580797889951e-17
2.6096474407470022e-18
-1.8907236174229553e-16
-2.409788517379956e-16
-2.7987437710003998e-17
8.7742792636923511e-17
-1.5464526601824674e-17
-3.0987987471425521e-17
-6.5583378968769793e-18
-1.5992478100351617e-16
-2.953004654814141e-16
-3.0269734251575883e-16
-3.3937188126147338e-16
-2.8544905684638289e-16
-5.190594987471269e-17
6.4232783023542604e-17
-3.1889844940909476e-18
-4.0728185326640989e-17
-9.6934020182472841e-17
-1.8821276801421965e-16
-1.0383331374772604e-16
7.0567500656426431e-17
9.347750338088032e-17
1.28279913402682e-16
-0.074613181243926685
-0.14635901977620336
-0.21248036325756431
-0.2704362055392977
-0.31799933610452724
-0.35334193051934193
-0.37510579270073596
-0.38245454963039272
-0.3751057927007358
-0.35334193051934215
-0.31799933610452763
-0.27043620553929792
-0.21248036325756425
-0.14635901977620319
-0.074613181243926643
-7.4003033386186043e-18
0.07461318124392656
0.14635901977620303
0.21248036325756409
0.27043620553929759
0.31799933610452719
0.35334193051934193
0.37510579270073613
0.38245454963039316
0.37510579270073618
0.35334193051934193
0.31799933610452713
0.27043620553929781
0.21248036325756436
0.1463590197762033
0.074613181243926796
1.7213979804800928e-16
-0.14635901977620328
-0.28709354450149099
-0.41679522531550089
-0.53047969936209161
-0.62377813605863952
-0.69310512880526309
-0.73579648014973453
-0.75021158540147159
-0.73579648014973431
-0.69310512880526309
-0.62377813605863963
-0.53047969936209149
-0.41679522531550084
-0.28709354450149088
-0.14635901977620322
3.1479532538252857e-17
0.14635901977620322
0.28709354450149077
0.41679522531550073
0.53047969936209172
0.62377813605863985
0.69310512880526287
0.73579648014973431
0.75021158540147204
0.73579648014973498
0.69310512880526287
0.62377813605863908
0.53047969936209161
0.41679522531550089
0.28709354450149088
0.14635901977620339
3.0879415967008863e-16
-0.21248036325756411
-0.41679522531550101
-0.60509288060601829
-0.77013715583484332
-0.90558549206282801
-1.0062326856890333
-1.0682109215060001
-1.0891384106690774
-1.0682109215059996
-1.0062326856890331
-0.90558549206282823
-0.77013715583484388
-0.60509288060601873
-0.41679522531550123
-0.21248036325756445
-4.7416647571270133e-17
0.21248036325756434
0.41679522531550078
0.60509288060601807
0.77013715583484388
0.90558549206282823
1.0062326856890322
1.0682109215059992
1.0891384106690778
1.0682109215060005
1.0062326856890329
0.90558549206282757
0.77013715583484355
0.60509288060601851
0.41679522531550123
0.21248036325756456
3.9729053326272643e-16
-0.2704362055392977
-0.53047969936209183
-0.77013715583484366
-0.98019867330675514
-1.152591705465237
-1.280691284763565
-1.3595746162083759
-1.3862102576105282
-1.3595746162083757
-1.2806912847635648
-1.1525917054652375
-0.98019867330675581
-0.77013715583484377
-0.53047969936209194
-0.27043620553929815
-1.54173438468669e-16
0.27043620553929781
0.53047969936209127
0.7701371558348431
0.98019867330675536
1.152591705465237
1.2806912847635639
1.3595746162083753
1.3862102576105291
1.3595746162083768
1.2806912847635645
1.1525917054652366
0.98019867330675559
0.7701371558348441
0.53047969936209227
0.27043620553929826
4.2617316715580988e-16
-0.31799933610452746
-0.62377813605864019
-0.90558549206282801
-1.1525917054652368
-1.3553044660074913
-1.5059336359845785
-1.5986906208680918
-1.630010821747673
-1.5986906208680911
-1.5059336359845783
-1.3553044660074913
-1.1525917054652368
-0.90558549206282768
-0.62377813605863985
-0.31799933610452757
-1.9474108389671752e-16
0.31799933610452713
0.62377813605863941
0.90558549206282746
1.1525917054652364
1.3553044660074909
1.5059336359845779
1.5986906208680915
1.6300108217476743
1.5986906208680927
1.5059336359845785
1.3553044660074909
1.1525917054652373
0.90558549206282846
0.62377813605864041
0.31799933610452791
4.6518076260951959e-16
-0.35334193051934221
-0.69310512880526343
-1.0062326856890325
-1.2806912847635639
-1.5059336359845781
-1.6733038021120177
-1.7763698415238758
-1.8111709841256554
-1.7763698415238756
-1.6733038021120177
-1.5059336359845787
-1.2806912847635645
-1.0062326856890327
-0.69310512880526343
-0.35334193051934232
-1.803124778915526e-16
0.35334193051934187
0.69310512880526298
1.0062326856890327
1.2806912847635645
1.5059336359845779
1.6733038021120172
1.776369841523876
1.8111709841256567
1.7763698415238767
1.6733038021120172
1.5059336359845776
1.2806912847635643
1.0062326856890329
0.69310512880526343
0.35334193051934265
4.3883216320931688e-16
-0.3751057927007363
-0.7357964801497352
-1.0682109215059992
-1.3595746162083753
-1.598690620868092
-1.7763698415238767
-1.885784165369583
-1.9227288613000804
-1.8857841653695833
-1.7763698415238773
-1.5986906208680931
-1.3595746162083768
-1.0682109215060005
-0.73579648014973564
-0.37510579270073663
-1.5473702617161175e-16
0.37510579270073607
0.73579648014973498
1.0682109215060001
1.3595746162083768
1.5986906208680922
1.7763698415238764
1.8857841653695837
1.9227288613000817
1.8857841653695839
1.7763698415238762
1.5986906208680915
1.3595746162083757
1.0682109215059996
0.73579648014973542
0.37510579270073685
3.5171156816946791e-16
-0.38245454963039349
-0.75021158540147304
-1.0891384106690778
-1.3862102576105284
-1.630010821747675
-1.8111709841256578
-1.9227288613000819
-1.9603973466135114
-1.9227288613000815
-1.8111709841256576
-1.6300108217476752
-1.3862102576105291
-1.0891384106690782
-0.75021158540147304
-0.3824545496303936
-1.2340008611619127e-16
0.38245454963039305
0.75021158540147215
1.0891384106690778
1.3862102576105291
1.6300108217476743
1.8111709841256567
1.9227288613000819
1.9603973466135127
1.9227288613000824
1.8111709841256574
1.6300108217476745
1.3862102576105289
1.0891384106690782
0.75021158540147348
0.38245454963039405
3.3332754774956298e-16
-0.37510579270073652
-0.73579648014973564
-1.0682109215060003
-1.3595746162083759
-1.5986906208680924
-1.7763698415238773
-1.8857841653695837
-1.9227288613000806
-1.8857841653695833
-1.7763698415238767
-1.598690620868092
-1.3595746162083759
-1.0682109215059998
-0.7357964801497352
-0.37510579270073641
-8.748055240738156e-17
0.37510579270073585
0.73579648014973431
1.0682109215059994
1.3595746162083755
1.5986906208680911
1.7763698415238758
1.8857841653695837
1.9227288613000819
1.8857841653695842
1.7763698415238769
1.5986906208680924
1.3595746162083764
1.0682109215060007
0.73579648014973609
0.37510579270073707
3.4562784744040506e-16
-0.3533419305193421
-0.69310512880526365
-1.0062326856890329
-1.2806912847635641
-1.505933635984579
-1.6733038021120186
-1.7763698415238764
-1.8111709841256562
-1.7763698415238762
-1.6733038021120183
-1.5059336359845792
-1.280691284763565
-1.0062326856890333
-0.69310512880526365
-0.35334193051934226
-9.459694914003458e-17
0.35334193051934171
0.69310512880526276
1.0062326856890329
1.2806912847635645
1.5059336359845779
1.6733038021120175
1.7763698415238771
1.8111709841256576
1.7763698415238769
1.6733038021120181
1.505933635984579
1.2806912847635645
1.0062326856890333
0.69310512880526409
0.35334193051934276
2.2914628396428654e-16
-0.31799933610452724
-0.62377813605863996
-0.90558549206282779
-1.1525917054652364
-1.3553044660074911
-1.5059336359845785
-1.5986906208680918
-1.6300108217476734
-1.5986906208680918
-1.5059336359845787
-1.3553044660074913
-1.1525917054652373
-0.90558549206282846
-0.62377813605864041
-0.31799933610452757
-1.2102474449156374e-16
0.31799933610452702
0.62377813605863952
0.90558549206282823
1.1525917054652373
1.3553044660074909
1.5059336359845783
1.5986906208680927
1.6300108217476748
1.5986906208680918
1.5059336359845785
1.3553044660074911
1.1525917054652364
0.90558549206282801
0.62377813605864041
0.3179993361045278
5.6626298930546049e-17
-0.27043620553929809
-0.53047969936209205
-0.77013715583484366
-0.98019867330675536
-1.152591705465237
-1.280691284763565
-1.3595746162083759
-1.386210257610528
-1.3595746162083757
-1.2806912847635645
-1.152591705465237
-0.98019867330675581
-0.77013715583484388
-0.53047969936209205
-0.2704362055392982
-9.5489422261415064e-17
0.27043620553929776
0.53047969936209138
0.77013715583484366
0.98019867330675603
1.152591705465237
1.2806912847635641
1.3595746162083762
1.3862102576105289
1.3595746162083759
1.2806912847635645
1.152591705465237
0.98019867330675559
0.77013715583484388
0.53047969936209227
0.27043620553929831
8.2765616605039977e-17
-0.21248036325756459
-0.41679522531550145
-0.60509288060601873
-0.77013715583484377
-0.90558549206282868
-1.0062326856890336
-1.0682109215060003
-1.0891384106690778
-1.0682109215060001
-1.0062326856890331
-0.90558549206282857
-0.7701371558348441
-0.60509288060601896
-0.41679522531550145
-0.21248036325756461
-9.6858957741153547e-17
0.21248036325756428
0.41679522531550101
0.60509288060601851
0.77013715583484388
0.90558549206282812
1.0062326856890327
1.0682109215060005
1.0891384106690782
1.0682109215060003
1.0062326856890331
0.90558549206282846
0.77013715583484421
0.60509288060601918
0.41679522531550167
0.21248036325756475
2.4831387936423331e-16
-0.14635901977620333
-0.28709354450149122
-0.41679522531550112
-0.53047969936209183
-0.62377813605864008
-0.69310512880526387
-0.73579648014973542
-0.7502115854014727
-0.73579648014973542
-0.69310512880526387
-0.62377813605864063
-0.53047969936209272
-0.41679522531550162
-0.28709354450149127
-0.14635901977620344
-1.540742095710816e-16
0.14635901977620311
0.28709354450149094
0.41679522531550117
0.53047969936209183
0.62377813605863974
0.69310512880526365
0.73579648014973587
0.75021158540147315
0.73579648014973542
0.69310512880526365
0.6237781360586403
0.53047969936209227
0.41679522531550145
0.28709354450149144
0.14635901977620366
1.9885512519400849e-16
-0.074613181243926852
-0.14635901977620369
-0.2124803632575647
-0.27043620553929826
-0.31799933610452807
-0.35334193051934293
-0.37510579270073691
-0.38245454963039371
-0.37510579270073691
-0.35334193051934298
-0.3179993361045283
-0.2704362055392987
-0.21248036325756489
-0.14635901977620361
-0.074613181243926838
-1.0208101824808231e-16
0.074613181243926671
0.14635901977620361
0.21248036325756495
0.27043620553929848
0.31799933610452796
0.35334193051934309
0.37510579270073735
0.38245454963039394
0.37510579270073691
0.35334193051934293
0.31799933610452819
0.27043620553929848
0.21248036325756481
0.14635901977620364
0.07461318124392699
-4.2407109270904218e-17
-2.2018874396294483e-16
-2.0815327792132836e-16
-2.0119744426465144e-16
-4.1712522325085419e-16
-5.8502534099072175e-16
-5.6384988824322757e-16
-5.0983411849412882e-16
-4.5401523916426192e-16
-4.2893318605685556e-16
-4.6001517841902237e-16
-3.3711753735471962e-16
-6.6671838751060595e-17
3.3545625031046727e-18
-1.2241860086905888e-16
-1.3308439174197809e-16
-1.8097862627312693e-18
1.8126470428151207e-16
4.2276171589687172e-16
6.2157285659564733e-16
6.8899181319976878e-16
6.5288303962095925e-16
5.036044536911438e-16
3.5503493539517876e-16
3.9613464465545548e-16
4.9554531377321252e-16
4.881262046152039e-16
4.9277144497584612e-16
4.4918089340805096e-16
2.0165681719028028e-16
1.5648646646863931e-17
3.9279318491168124e-17
-1.6310518838832173e-16
0.074613181243926657
0.14635901977620347
0.21248036325756453
0.27043620553929798
0.31799933610452741
0.35334193051934226
0.37510579270073624
0.3824545496303931
0.37510579270073624
0.35334193051934226
0.31799933610452774
0.27043620553929837
0.21248036325756475
0.14635901977620344
0.074613181243926699
-7.2829499248273522e-18
-0.074613181243926616
-0.14635901977620316
-0.21248036325756425
-0.27043620553929781
-0.31799933610452741
-0.35334193051934248
-0.37510579270073668
-0.38245454963039333
-0.37510579270073624
-0.35334193051934226
-0.31799933610452752
-0.27043620553929798
-0.21248036325756448
-0.14635901977620347
-0.074613181243926879
-9.4775913702327686e-17
0.14635901977620336
0.2870935445014911
0.41679522531550112
0.53047969936209205
0.62377813605864008
0.69310512880526354
0.7357964801497352
0.75021158540147248
0.73579648014973509
0.69310512880526354
0.62377813605864019
0.53047969936209216
0.41679522531550134
0.28709354450149122
0.14635901977620341
-5.0814659976269171e-17
-0.14635901977620336
-0.28709354450149099
-0.41679522531550134
-0.53047969936209238
-0.62377813605863996
-0.69310512880526332
-0.73579648014973553
-0.75021158540147292
-0.73579648014973498
-0.69310512880526332
-0.62377813605864008
-0.53047969936209205
-0.41679522531550112
-0.2870935445014911
-0.14635901977620352
-1.378030475734917e-16
0.21248036325756431
0.41679522531550101
0.6050928806060184
0.77013715583484332
0.90558549206282823
1.0062326856890331
1.0682109215059998
1.0891384106690776
1.0682109215059998
1.0062326856890329
0.90558549206282801
0.77013715583484366
0.60509288060601851
0.41679522531550101
0.21248036325756439
3.6240511046372597e-17
-0.21248036325756411
-0.41679522531550067
-0.60509288060601851
-0.77013715583484388
-0.90558549206282757
-1.006232685689032
-1.0682109215059998
-1.0891384106690785
-1.0682109215059998
-1.0062326856890327
-0.90558549206282823
-0.77013715583484377
-0.60509288060601862
-0.41679522531550134
-0.21248036325756464
-3.4245160951407823e-16
0.27043620553929781
0.53047969936209194
0.77013715583484332
0.98019867330675481
1.1525917054652368
1.2806912847635645
1.3595746162083757
1.3862102576105277
1.3595746162083755
1.2806912847635643
1.1525917054652368
0.98019867330675525
0.77013715583484355
0.53047969936209172
0.27043620553929787
1.328136453300413e-16
-0.27043620553929743
-0.53047969936209105
-0.7701371558348431
-0.98019867330675503
-1.1525917054652359
-1.2806912847635634
-1.3595746162083759
-1.3862102576105286
-1.3595746162083757
-1.2806912847635641
-1.1525917054652368
-0.98019867330675547
-0.77013715583484377
-0.53047969936209216
-0.27043620553929837
-4.7992682348294176e-16
0.31799933610452752
0.62377813605864041
0.90558549206282801
1.1525917054652368
1.3553044660074915
1.5059336359845792
1.598690620868092
1.6300108217476739
1.5986906208680922
1.5059336359845792
1.355304466007492
1.1525917054652377
0.90558549206282857
0.6237781360586403
0.31799933610452769
1.5657351342600667e-16
-0.31799933610452724
-0.62377813605863963
-0.90558549206282812
-1.1525917054652373
-1.3553044660074911
-1.5059336359845787
-1.5986906208680931
-1.6300108217476752
-1.5986906208680924
-1.5059336359845787
-1.3553044660074915
-1.1525917054652373
-0.90558549206282823
-0.62377813605864041
-0.31799933610452807
-4.2413627660315336e-16
0.35334193051934237
0.69310512880526376
1.0062326856890331
1.2806912847635648
1.5059336359845792
1.6733038021120186
1.7763698415238767
1.8111709841256567
1.7763698415238769
1.6733038021120186
1.5059336359845796
1.2806912847635654
1.0062326856890336
0.69310512880526387
0.35334193051934254
1.7701625321611156e-16
-0.3533419305193421
-0.69310512880526343
-1.0062326856890336
-1.280691284763565
-1.5059336359845787
-1.6733038021120181
-1.7763698415238778
-1.811170984125658
-1.7763698415238771
-1.6733038021120181
-1.5059336359845792
-1.2806912847635648
-1.0062326856890331
-0.69310512880526398
-0.35334193051934293
-3.1433834428469347e-16
0.37510579270073635
0.7357964801497352
1.0682109215059996
1.3595746162083755
1.598690620868092
1.7763698415238767
1.8857841653695828
1.9227288613000799
1.8857841653695826
1.7763698415238764
1.5986906208680924
1.3595746162083762
1.0682109215059998
0.73579648014973498
0.37510579270073635
2.0403376841025289e-16
-0.3751057927007358
-0.73579648014973453
-1.0682109215059998
-1.3595746162083762
-1.5986906208680915
-1.7763698415238756
-1.8857841653695835
-1.9227288613000812
-1.8857841653695833
-1.7763698415238762
-1.598690620868092
-1.3595746162083759
-1.0682109215060001
-0.73579648014973564
-0.37510579270073691
-3.0215070732474396e-16
0.38245454963039299
0.75021158540147248
1.0891384106690774
1.3862102576105275
1.6300108217476739
1.8111709841256567
1.9227288613000804
1.9603973466135098
1.9227288613000799
1.8111709841256565
1.6300108217476741
1.3862102576105284
1.0891384106690778
0.75021158540147237
0.38245454963039321
1.8916746662876194e-16
-0.38245454963039266
-0.7502115854014717
-1.0891384106690774
-1.386210257610528
-1.6300108217476732
-1.8111709841256556
-1.9227288613000804
-1.9603973466135112
-1.9227288613000808
-1.8111709841256562
-1.6300108217476734
-1.386210257610528
-1.0891384106690778
-0.75021158540147292
-0.38245454963039355
-3.4366840464745181e-16
0.37510579270073607
0.73579648014973509
1.0682109215059996
1.3595746162083755
1.598690620868092
1.7763698415238767
1.8857841653695828
1.9227288613000799
1.8857841653695826
1.7763698415238767
1.5986906208680927
1.3595746162083762
1.0682109215060001
0.73579648014973531
0.37510579270073657
1.3132097131405876e-16
-0.37510579270073602
-0.73579648014973442
-1.0682109215059996
-1.3595746162083762
-1.5986906208680918
-1.7763698415238753
-1.885784165369583
-1.9227288613000812
-1.8857841653695837
-1.7763698415238762
-1.5986906208680915
-1.3595746162083759
-1.0682109215060001
-0.73579648014973553
-0.37510579270073674
-3.1599413617857843e-16
0.35334193051934221
0.69310512880526354
1.0062326856890331
1.2806912847635645
1.5059336359845787
1.6733038021120183
1.7763698415238771
1.8111709841256565
1.7763698415238764
1.6733038021120186
1.5059336359845792
1.2806912847635648
1.0062326856890331
0.69310512880526365
0.35334193051934243
6.9602036847218454e-17
-0.35334193051934198
-0.69310512880526276
-1.0062326856890327
-1.2806912847635648
-1.5059336359845783
-1.6733038021120172
-1.7763698415238769
-1.8111709841256578
-1.776369841523878
-1.6733038021120183
-1.5059336359845787
-1.280691284763565
-1.0062326856890336
-0.6931051288052642
-0.35334193051934287
-1.7412163292163088e-16
0.31799933610452763
0.62377813605864041
0.90558549206282846
1.1525917054652373
1.355304466007492
1.5059336359845794
1.5986906208680927
1.6300108217476741
1.5986906208680922
1.5059336359845792
1.355304466007492
1.1525917054652373
0.90558549206282846
0.62377813605864019
0.31799933610452763
3.3482912381593873e-17
-0.31799933610452719
-0.6237781360586393
-0.90558549206282801
-1.1525917054652373
-1.3553044660074915
-1.5059336359845783
-1.5986906208680922
-1.6300108217476754
-1.5986906208680935
-1.505933635984579
-1.3553044660074915
-1.1525917054652373
-0.9055854920628289
-0.62377813605864085
-0.31799933610452807
-4.1484302901109578e-17
0.27043620553929815
0.53047969936209227
0.77013715583484377
0.98019867330675559
1.1525917054652375
1.2806912847635656
1.3595746162083762
1.3862102576105282
1.3595746162083762
1.2806912847635652
1.1525917054652377
0.98019867330675592
0.77013715583484399
0.53047969936209227
0.27043620553929826
4.034700386088923e-17
-0.27043620553929792
-0.53047969936209161
-0.77013715583484355
-0.98019867330675614
-1.1525917054652377
-1.2806912847635648
-1.3595746162083762
-1.3862102576105291
-1.3595746162083771
-1.2806912847635652
-1.152591705465237
-0.98019867330675559
-0.77013715583484421
-0.53047969936209249
-0.27043620553929826
-1.0742970678677266e-16
0.21248036325756456
0.41679522531550128
0.6050928806060184
0.77013715583484366
0.90558549206282857
1.0062326856890331
1.0682109215060003
1.0891384106690778
1.0682109215060001
1.0062326856890333
0.9055854920628289
0.77013715583484421
0.60509288060601873
0.41679522531550156
0.21248036325756489
9.8603838098210384e-17
-0.2124803632575645
-0.41679522531550101
-0.60509288060601851
-0.77013715583484421
-0.90558549206282868
-1.0062326856890329
-1.0682109215060001
-1.0891384106690782
-1.0682109215060007
-1.0062326856890331
-0.90558549206282812
-0.77013715583484388
-0.60509288060601885
-0.41679522531550151
-0.21248036325756472
-2.4942045245706253e-16
0.1463590197762033
0.28709354450149105
0.41679522531550084
0.53047969936209172
0.62377813605864008
0.69310512880526354
0.73579648014973509
0.75021158540147248
0.73579648014973509
0.69310512880526376
0.62377813605864074
0.53047969936209238
0.41679522531550123
0.28709354450149116
0.14635901977620355
1.2976829140339915e-16
-0.14635901977620316
-0.28709354450149072
-0.41679522531550101
-0.53047969936209194
-0.62377813605863985
-0.69310512880526287
-0.73579648014973509
-0.75021158540147315
-0.73579648014973553
-0.69310512880526354
-0.62377813605864008
-0.53047969936209216
-0.41679522531550139
-0.28709354450149127
-0.14635901977620364
-1.5891827910829428e-16
0.074613181243926713
0.14635901977620344
0.21248036325756445
0.27043620553929798
0.31799933610452769
0.35334193051934237
0.37510579270073635
0.38245454963039316
0.37510579270073635
0.35334193051934254
0.31799933610452791
0.2704362055392982
0.21248036325756442
0.14635901977620339
0.074613181243926727
4.3302981780035829e-17
-0.074613181243926505
-0.14635901977620316
-0.21248036325756448
-0.27043620553929809
-0.31799933610452746
-0.35334193051934221
-0.37510579270073657
-0.3824545496303936
-0.37510579270073657
-0.35334193051934237
-0.31799933610452769
-0.27043620553929831
-0.21248036325756467
-0.14635901977620344
-0.074613181243926852
4.2792369884247099e-17
3.3348775343589496e-17
4.9012814753595813e-17
1.4781433581703767e-16
2.6674627179330027e-16
2.205326308211e-16
8.8381955471167784e-17
4.5549053687630703e-17
6.2934438111226029e-17
7.4936580797889951e-17
2.6096474407470022e-18
-1.8907236174229553e-16
-2.409788517379956e-16
-2.7987437710003998e-17
8.7742792636923511e-17
-1.5464526601824674e-17
-3.0987987471425521e-17
-6.5583378968769793e-18
-1.5992478100351617e-16
-2.953004654814141e-16
-3.0269734251575883e-16
-3.3937188126147338e-16
-2.8544905684638289e-16
-5.190594987471269e-17
6.4232783023542604e-17
-3.1889844940909476e-18
-4.0728185326640989e-17
-9.6934020182472841e-17
-1.8821276801421965e-16
-1.0383331374772604e-16
7.0567500656426431e-17
9.347750338088032e-17
1.28279913402682e-16
-0.074613181243926685
-0.14635901977620336
-0.21248036325756431
-0.2704362055392977
-0.31799933610452724
-0.35334193051934193
-0.37510579270073596
-0.38245454963039272
-0.3751057927007358
-0.35334193051934215
-0.31799933610452763
-0.27043620553929792
-0.21248036325756425
-0.14635901977620319
-0.074613181243926643
-7.4003033386186043e-18
0.07461318124392656
0.14635901977620303
0.21248036325756409
0.27043620553929759
0.31799933610452719
0.35334193051934193
0.37510579270073613
0.38245454963039316
0.37510579270073618
0.35334193051934193
0.31799933610452713
0.27043620553929781
0.21248036325756436
0.1463590197762033
0.074613181243926796
1.7213979804800928e-16
-0.14635901977620328
-0.28709354450149099
-0.41679522531550089
-0.53047969936209161
-0.62377813605863952
-0.69310512880526309
-0.73579648014973453
-0.75021158540147159
-0.73579648014973431
-0.69310512880526309
-0.62377813605863963
-0.53047969936209149
-0.41679522531550084
-0.28709354450149088
-0.14635901977620322
3.1479532538252857e-17
0.14635901977620322
0.28709354450149077
0.41679522531550073
0.53047969936209172
0.62377813605863985
0.69310512880526287
0.73579648014973431
0.75021158540147204
0.73579648014973498
0.69310512880526287
0.62377813605863908
0.53047969936209161
0.41679522531550089
0.28709354450149088
0.14635901977620339
3.0879415967008863e-16
-0.21248036325756411
-0.41679522531550101
-0.60509288060601829
-0.77013715583484332
-0.90558549206282801
-1.0062326856890333
-1.0682109215060001
-1.0891384106690774
-1.0682109215059996
-1.0062326856890331
-0.90558549206282823
-0.77013715583484388
-0.60509288060601873
-0.41679522531550123
-0.21248036325756445
-4.7416647571270133e-17
0.21248036325756434
0.41679522531550078
0.60509288060601807
0.77013715583484388
0.90558549206282823
1.0062326856890322
1.0682109215059992
1.0891384106690778
1.0682109215060005
1.0062326856890329
0.90558549206282757
0.77013715583484355
0.60509288060601851
0.41679522531550123
0.21248036325756456
3.9729053326272643e-16
-0.2704362055392977
-0.53047969936209183
-0.77013715583484366
-0.98019867330675514
-1.152591705465237
-1.280691284763565
-1.3595746162083759
-1.3862102576105282
-1.3595746162083757
-1.2806912847635648
-1.1525917054652375
-0.98019867330675581
-0.77013715583484377
-0.53047969936209194
-0.27043620553929815
-1.54173438468669e-16
0.27043620553929781
0.53047969936209127
0.7701371558348431
0.98019867330675536
1.152591705465237
1.2806912847635639
1.3595746162083753
1.3862102576105291
1.3595746162083768
1.2806912847635645
1.1525917054652366
0.98019867330675559
0.7701371558348441
0.53047969936209227
0.27043620553929826
4.2617316715580988e-16
-0.31799933610452746
-0.62377813605864019
-0.90558549206282801
-1.1525917054652368
-1.3553044660074913
-1.5059336359845785
-1.5986906208680918
-1.630010821747673
-1.5986906208680911
-1.5059336359845783
-1.3553044660074913
-1.1525917054652368
-0.90558549206282768
-0.62377813605863985
-0.31799933610452757
-1.9474108389671752e-16
0.31799933610452713
0.62377813605863941
0.90558549206282746
1.1525917054652364
1.3553044660074909
1.5059336359845779
1.5986906208680915
1.6300108217476743
1.5986906208680927
1.5059336359845785
1.3553044660074909
1.1525917054652373
0.90558549206282846
0.62377813605864041
0.31799933610452791
4.6518076260951959e-16
-0.35334193051934221
-0.69310512880526343
-1.0062326856890325
-1.2806912847635639
-1.5059336359845781
-1.6733038021120177
-1.7763698415238758
-1.8111709841256554
-1.7763698415238756
-1.6733038021120177
-1.5059336359845787
-1.2806912847635645
-1.0062326856890327
-0.69310512880526343
-0.35334193051934232
-1.803124778915526e-16
0.35334193051934187
0.69310512880526298
1.0062326856890327
1.2806912847635645
1.5059336359845779
1.6733038021120172
1.776369841523876
1.8111709841256567
1.7763698415238767
1.6733038021120172
1.5059336359845776
1.2806912847635643
1.0062326856890329
0.69310512880526343
0.35334193051934265
4.3883216320931688e-16
-0.3751057927007363
-0.7357964801497352
-1.0682109215059992
-1.3595746162083753
-1.598690620868092
-1.7763698415238767
-1.885784165369583
-1.9227288613000804
-1.8857841653695833
-1.7763698415238773
-1.5986906208680931
-1.3595746162083768
-1.0682109215060005
-0.73579648014973564
-0.37510579270073663
-1.5473702617161175e-16
0.37510579270073607
0.73579648014973498
1.0682109215060001
1.3595746162083768
1.5986906208680922
1.7763698415238764
1.8857841653695837
1.9227288613000817
1.8857841653695839
1.7763698415238762
1.5986906208680915
1.3595746162083757
1.0682109215059996
0.73579648014973542
0.37510579270073685
3.5171156816946791e-16
-0.38245454963039349
-0.75021158540147304
-1.0891384106690778
-1.3862102576105284
-1.630010821747675
-1.8111709841256578
-1.9227288613000819
-1.9603973466135114
-1.9227288613000815
-1.8111709841256576
-1.6300108217476752
-1.3862102576105291
-1.0891384106690782
-0.75021158540147304
-0.3824545496303936
-1.2340008611619127e-16
0.38245454963039305
0.75021158540147215
1.0891384106690778
1.3862102576105291
1.6300108217476743
1.8111709841256567
1.9227288613000819
1.9603973466135127
1.9227288613000824
1.8111709841256574
1.6300108217476745
1.3862102576105289
1.0891384106690782
0.75021158540147348
0.38245454963039405
3.3332754774956298e-16
-0.37510579270073652
-0.73579648014973564
-1.0682109215060003
-1.3595746162083759
-1.5986906208680924
-1.7763698415238773
-1.8857841653695837
-1.9227288613000806
-1.8857841653695833
-1.7763698415238767
-1.598690620868092
-1.3595746162083759
-1.0682109215059998
-0.7357964801497352
-0.37510579270073641
-8.748055240738156e-17
0.37510579270073585
0.73579648014973431
1.0682109215059994
1.3595746162083755
1.5986906208680911
1.7763698415238758
1.8857841653695837
1.9227288613000819
1.8857841653695842
1.7763698415238769
1.5986906208680924
1.3595746162083764
1.0682109215060007
0.73579648014973609
0.37510579270073707
3.4562784744040506e-16
-0.3533419305193421
-0.69310512880526365
-1.0062326856890329
-1.2806912847635641
-1.505933635984579
-1.6733038021120186
-1.7763698415238764
-1.8111709841256562
-1.7763698415238762
-1.6733038021120183
-1.5059336359845792
-1.280691284763565
-1.0062326856890333
-0.69310512880526365
-0.35334193051934226
-9.459694914003458e-17
0.35334193051934171
0.69310512880526276
1.0062326856890329
1.2806912847635645
1.5059336359845779
1.6733038021120175
1.7763698415238771
1.8111709841256576
1.7763698415238769
1.6733038021120181
1.505933635984579
1.2806912847635645
1.0062326856890333
0.69310512880526409
0.35334193051934276
2.2914628396428654e-16
-0.31799933610452724
-0.62377813605863996
-0.90558549206282779
-1.1525917054652364
-1.3553044660074911
-1.5059336359845785
-1.5986906208680918
-1.6300108217476734
-1.5986906208680918
-1.5059336359845787
-1.3553044660074913
-1.1525917054652373
-0.90558549206282846
-0.62377813605864041
-0.31799933610452757
-1.2102474449156374e-16
0.31799933610452702
0.62377813605863952
0.90558549206282823
1.1525917054652373
1.3553044660074909
1.5059336359845783
1.5986906208680927
1.6300108217476748
1.5986906208680918
1.5059336359845785
1.3553044660074911
1.1525917054652364
0.90558549206282801
0.62377813605864041
0.3179993361045278
5.6626298930546049e-17
-0.27043620553929809
-0.53047969936209205
-0.77013715583484366
-0.98019867330675536
-1.152591705465237
-1.280691284763565
-1.3595746162083759
-1.386210257610528
-1.3595746162083757
-1.2806912847635645
-1.152591705465237
-0.98019867330675581
-0.77013715583484388
-0.53047969936209205
-0.2704362055392982
-9.5489422261415064e-17
0.27043620553929776
0.53047969936209138
0.77013715583484366
0.98019867330675603
1.152591705465237
1.2806912847635641
1.3595746162083762
1.3862102576105289
1.3595746162083759
1.2806912847635645
1.152591705465237
0.98019867330675559
0.77013715583484388
0.53047969936209227
0.27043620553929831
8.2765616605039977e-17
-0.21248036325756459
-0.41679522531550145
-0.60509288060601873
-0.77013715583484377
-0.90558549206282868
-1.0062326856890336
-1.0682109215060003
-1.0891384106690778
-1.0682109215060001
-1.0062326856890331
-0.90558549206282857
-0.7701371558348441
-0.60509288060601896
-0.41679522531550145
-0.21248036325756461
-9.6858957741153547e-17
0.21248036325756428
0.41679522531550101
0.60509288060601851
0.77013715583484388
0.90558549206282812
1.0062326856890327
1.0682109215060005
1.0891384106690782
1.0682109215060003
1.0062326856890331
0.90558549206282846
0.77013715583484421
0.60509288060601918
0.41679522531550167
0.21248036325756475
2.4831387936423331e-16
-0.14635901977620333
-0.28709354450149122
-0.41679522531550112
-0.53047969936209183
-0.62377813605864008
-0.69310512880526387
-0.73579648014973542
-0.7502115854014727
-0.73579648014973542
-0.69310512880526387
-0.62377813605864063
-0.53047969936209272
-0.41679522531550162
-0.28709354450149127
-0.14635901977620344
-1.540742095710816e-16
0.14635901977620311
0.28709354450149094
0.41679522531550117
0.53047969936209183
0.62377813605863974
0.69310512880526365
0.73579648014973587
0.75021158540147315
0.73579648014973542
0.69310512880526365
0.6237781360586403
0.53047969936209227
0.41679522531550145
0.28709354450149144
0.14635901977620366
1.9885512519400849e-16
-0.074613181243926852
-0.14635901977620369
-0.2124803632575647
-0.27043620553929826
-0.31799933610452807
-0.35334193051934293
-0.37510579270073691
-0.38245454963039371
-0.37510579270073691
-0.35334193051934298
-0.3179993361045283
-0.2704362055392987
-0.21248036325756489
-0.14635901977620361
-0.074613181243926838
-1.0208101824808231e-16
0.074613181243926671
0.14635901977620361
0.21248036325756495
0.27043620553929848
0.31799933610452796
0.35334193051934309
0.37510579270073735
0.38245454963039394
0.37510579270073691
0.35334193051934293
0.31799933610452819
0.27043620553929848
0.21248036325756481
0.14635901977620364
0.07461318124392699
-4.2407109270904218e-17
-2.2018874396294483e-16
-2.0815327792132836e-16
-2.0119744426465144e-16
-4.1712522325085419e-16
-5.8502534099072175e-16
-5.6384988824322757e-16
-5.0983411849412882e-16
-4.5401523916426192e-16
-4.2893318605685556e-16
-4.6001517841902237e-16
-3.3711753735471962e-16
-6.6671838751060595e-17
3.3545625031046727e-18
-1.2241860086905888e-16
-1.3308439174197809e-16
-1.8097862627312693e-18
1.8126470428151207e-16
4.2276171589687172e-16
6.2157285659564733e-16
6.8899181319976878e-16
6.5288303962095925e-16
5.036044536911438e-16
3.5503493539517876e-16
3.9613464465545548e-16
4.9554531377321252e-16
4.881262046152039e-16
4.9277144497584612e-16
4.4918089340805096e-16
2.0165681719028028e-16
1.5648646646863931e-17
3.9279318491168124e-17
-1.6310518838832173e-16
0.074613181243926657
0.14635901977620347
0.21248036325756453
0.27043620553929798
0.31799933610452741
0.35334193051934226
0.37510579270073624
0.3824545496303931
0.37510579270073624
0.35334193051934226
0.31799933610452774
0.27043620553929837
0.21248036325756475
0.14635901977620344
0.074613181243926699
-7.2829499248273522e-18
-0.074613181243926616
-0.14635901977620316
-0.21248036325756425
-0.27043620553929781
-0.31799933610452741
-0.35334193051934248
-0.37510579270073668
-0.38245454963039333
-0.37510579270073624
-0.35334193051934226
-0.31799933610452752
-0.27043620553929798
-0.21248036325756448
-0.14635901977620347
-0.074613181243926879
-9.4775913702327686e-17
0.14635901977620336
0.2870935445014911
0.41679522531550112
0.53047969936209205
0.62377813605864008
0.69310512880526354
0.7357964801497352
0.75021158540147248
0.73579648014973509
0.69310512880526354
0.62377813605864019
0.53047969936209216
0.41679522531550134
0.28709354450149122
0.14635901977620341
-5.0814659976269171e-17
-0.14635901977620336
-0.28709354450149099
-0.41679522531550134
-0.53047969936209238
-0.62377813605863996
-0.69310512880526332
-0.73579648014973553
-0.75021158540147292
-0.73579648014973498
-0.69310512880526332
-0.62377813605864008
-0.53047969936209205
-0.41679522531550112
-0.2870935445014911
-0.14635901977620352
-1.378030475734917e-16
0.21248036325756431
0.41679522531550101
0.6050928806060184
0.77013715583484332
0.90558549206282823
1.0062326856890331
1.0682109215059998
1.0891384106690776
1.0682109215059998
1.0062326856890329
0.90558549206282801
0.77013715583484366
0.60509288060601851
0.41679522531550101
0.21248036325756439
3.6240511046372597e-17
-0.21248036325756411
-0.41679522531550067
-0.60509288060601851
-0.77013715583484388
-0.90558549206282757
-1.006232685689032
-1.0682109215059998
-1.0891384106690785
-1.0682109215059998
-1.0062326856890327
-0.90558549206282823
-0.77013715583484377
-0.60509288060601862
-0.41679522531550134
-0.21248036325756464
-3.4245160951407823e-16
0.27043620553929781
0.53047969936209194
0.77013715583484332
0.98019867330675481
1.1525917054652368
1.2806912847635645
1.3595746162083757
1.3862102576105277
1.3595746162083755
1.2806912847635643
1.1525917054652368
0.98019867330675525
0.77013715583484355
0.53047969936209172
0.27043620553929787
1.328136453300413e-16
-0.27043620553929743
-0.53047969936209105
-0.7701371558348431
-0.98019867330675503
-1.1525917054652359
-1.2806912847635634
-1.3595746162083759
-1.3862102576105286
-1.3595746162083757
-1.2806912847635641
-1.1525917054652368
-0.98019867330675547
-0.77013715583484377
-0.53047969936209216
-0.27043620553929837
-4.7992682348294176e-16
0.31799933610452752
0.62377813605864041
0.90558549206282801
1.1525917054652368
1.3553044660074915
1.5059336359845792
1.598690620868092
1.6300108217476739
1.5986906208680922
1.5059336359845792
1.355304466007492
1.1525917054652377
0.90558549206282857
0.6237781360586403
0.31799933610452769
1.5657351342600667e-16
-0.31799933610452724
-0.62377813605863963
-0.90558549206282812
-1.1525917054652373
-1.3553044660074911
-1.5059336359845787
-1.5986906208680931
-1.6300108217476752
-1.5986906208680924
-1.5059336359845787
-1.3553044660074915
-1.1525917054652373
-0.90558549206282823
-0.62377813605864041
-0.31799933610452807
-4.2413627660315336e-16
0.35334193051934237
0.69310512880526376
1.0062326856890331
1.2806912847635648
1.5059336359845792
1.6733038021120186
1.7763698415238767
1.8111709841256567
1.7763698415238769
1.6733038021120186
1.5059336359845796
1.2806912847635654
1.0062326856890336
0.69310512880526387
0.35334193051934254
1.7701625321611156e-16
-0.3533419305193421
-0.69310512880526343
-1.0062326856890336
-1.280691284763565
-1.5059336359845787
-1.6733038021120181
-1.7763698415238778
-1.811170984125658
-1.7763698415238771
-1.6733038021120181
-1.5059336359845792
-1.2806912847635648
-1.0062326856890331
-0.69310512880526398
-0.35334193051934293
-3.1433834428469347e-16
0.37510579270073635
0.7357964801497352
1.0682109215059996
1.3595746162083755
1.598690620868092
1.7763698415238767
1.8857841653695828
1.9227288613000799
1.8857841653695826
1.7763698415238764
1.5986906208680924
1.3595746162083762
1.0682109215059998
0.73579648014973498
0.37510579270073635
2.0403376841025289e-16
-0.3751057927007358
-0.73579648014973453
-1.0682109215059998
-1.3595746162083762
-1.5986906208680915
-1.7763698415238756
-1.8857841653695835
-1.9227288613000812
-1.8857841653695833
-1.7763698415238762
-1.598690620868092
-1.3595746162083759
-1.0682109215060001
-0.73579648014973564
-0.37510579270073691
-3.0215070732474396e-16
0.38245454963039299
0.75021158540147248
1.0891384106690774
1.3862102576105275
1.6300108217476739
1.8111709841256567
1.9227288613000804
1.9603973466135098
1.9227288613000799
1.8111709841256565
1.6300108217476741
1.3862102576105284
1.0891384106690778
0.75021158540147237
0.38245454963039321
1.8916746662876194e-16
-0.38245454963039266
-0.7502115854014717
-1.0891384106690774
-1.386210257610528
-1.6300108217476732
-1.8111709841256556
-1.9227288613000804
-1.9603973466135112
-1.9227288613000808
-1.8111709841256562
-1.6300108217476734
-1.386210257610528
-1.0891384106690778
-0.75021158540147292
-0.38245454963039355
-3.4366840464745181e-16
0.37510579270073607
0.73579648014973509
1.0682109215059996
1.3595746162083755
1.598690620868092
1.7763698415238767
1.8857841653695828
1.9227288613000799
1.8857841653695826
1.7763698415238767
1.5986906208680927
1.3595746162083762
1.0682109215060001
0.73579648014973531
0.37510579270073657
1.3132097131405876e-16
-0.37510579270073602
-0.73579648014973442
-1.0682109215059996
-1.3595746162083762
-1.5986906208680918
-1.7763698415238753
-1.885784165369583
-1.9227288613000812
-1.8857841653695837
-1.7763698415238762
-1.5986906208680915
-1.3595746162083759
-1.0682109215060001
-0.73579648014973553
-0.37510579270073674
-3.1599413617857843e-16
0.35334193051934221
0.69310512880526354
1.0062326856890331
1.2806912847635645
1.5059336359845787
1.6733038021120183
1.7763698415238771
1.8111709841256565
1.7763698415238764
1.6733038021120186
1.5059336359845792
1.2806912847635648
1.0062326856890331
0.69310512880526365
0.35334193051934243
6.9602036847218454e-17
-0.35334193051934198
-0.69310512880526276
-1.0062326856890327
-1.2806912847635648
-1.5059336359845783
-1.6733038021120172
-1.7763698415238769
-1.8111709841256578
-1.776369841523878
-1.6733038021120183
-1.5059336359845787
-1.280691284763565
-1.0062326856890336
-0.6931051288052642
-0.35334193051934287
-1.7412163292163088e-16
0.31799933610452763
0.62377813605864041
0.90558549206282846
1.1525917054652373
1.355304466007492
1.5059336359845794
1.5986906208680927
1.6300108217476741
1.5986906208680922
1.5059336359845792
1.355304466007492
1.1525917054652373
0.90558549206282846
0.62377813605864019
0.31799933610452763
3.3482912381593873e-17
-0.31799933610452719
-0.6237781360586393
-0.90558549206282801
-1.1525917054652373
-1.3553044660074915
-1.5059336359845783
-1.5986906208680922
-1.6300108217476754
-1.5986906208680935
-1.505933635984579
-1.3553044660074915
-1.1525917054652373
-0.9055854920628289
-0.62377813605864085
-0.31799933610452807
-4.1484302901109578e-17
0.27043620553929815
0.53047969936209227
0.77013715583484377
0.98019867330675559
1.1525917054652375
1.2806912847635656
1.3595746162083762
1.3862102576105282
1.3595746162083762
1.2806912847635652
1.1525917054652377
0.98019867330675592
0.77013715583484399
0.53047969936209227
0.27043620553929826
4.034700386088923e-17
-0.27043620553929792
-0.53047969936209161
-0.77013715583484355
-0.98019867330675614
-1.1525917054652377
-1.2806912847635648
-1.3595746162083762
-1.3862102576105291
-1.3595746162083771
-1.2806912847635652
-1.152591705465237
-0.98019867330675559
-0.77013715583484421
-0.53047969936209249
-0.27043620553929826
-1.0742970678677266e-16
0.21248036325756456
0.41679522531550128
0.6050928806060184
0.77013715583484366
0.90558549206282857
1.0062326856890331
1.0682109215060003
1.0891384106690778
1.0682109215060001
1.0062326856890333
0.9055854920628289
0.77013715583484421
0.60509288060601873
0.41679522531550156
0.21248036325756489
9.8603838098210384e-17
-0.2124803632575645
-0.41679522531550101
-0.60509288060601851
-0.77013715583484421
-0.90558549206282868
-1.0062326856890329
-1.0682109215060001
-1.0891384106690782
-1.0682109215060007
-1.0062326856890331
-0.90558549206282812
-0.77013715583484388
-0.60509288060601885
-0.41679522531550151
-0.21248036325756472
-2.4942045245706253e-16
0.1463590197762033
0.28709354450149105
0.41679522531550084
0.53047969936209172
0.62377813605864008
0.69310512880526354
0.73579648014973509
0.75021158540147248
0.73579648014973509
0.69310512880526376
0.62377813605864074
0.53047969936209238
0.41679522531550123
0.28709354450149116
0.14635901977620355
1.2976829140339915e-16
-0.14635901977620316
-0.28709354450149072
-0.41679522531550101
-0.53047969936209194
-0.62377813605863985
-0.69310512880526287
-0.73579648014973509
-0.75021158540147315
-0.73579648014973553
-0.69310512880526354
-0.62377813605864008
-0.53047969936209216
-0.41679522531550139
-0.28709354450149127
-0.14635901977620364
-1.5891827910829428e-16
0.074613181243926713
0.14635901977620344
0.21248036325756445
0.27043620553929798
0.31799933610452769
0.35334193051934237
0.37510579270073635
0.38245454963039316
0.37510579270073635
0.35334193051934254
0.31799933610452791
0.2704362055392982
0.21248036325756442
0.14635901977620339
0.074613181243926727
4.3302981780035829e-17
-0.074613181243926505
-0.14635901977620316
-0.21248036325756448
-0.27043620553929809
-0.31799933610452746
-0.35334193051934221
-0.37510579270073657
-0.3824545496303936
-0.37510579270073657
-0.35334193051934237
-0.31799933610452769
-0.27043620553929831
-0.21248036325756467
-0.14635901977620344
-0.074613181243926852
4.2792369884247099e-17
3.3348775343589496e-17
4.9012814753595813e-17
1.4781433581703767e-16
2.6674627179330027e-16
2.205326308211e-16
8.8381955471167784e-17
4.5549053687630703e-17
6.2934438111226029e-17
7.4936580797889951e-17
2.6096474407470022e-18
-1.8907236174229553e-16
-2.409788517379956e-16
-2.7987437710003998e-17
8.7742792636923511e-17
-1.5464526601824674e-17
-3.0987987471425521e-17
-6.5583378968769793e-18
-1.5992478100351617e-16
-2.953004654814141e-16
-3.0269734251575883e-16
-3.3937188126147338e-16
-2.8544905684638289e-16
-5.190594987471269e-17
6.4232783023542604e-17
-3.1889844940909476e-18
-4.0728185326640989e-17
-9.6934020182472841e-17
-1.8821276801421965e-16
-1.0383331374772604e-16
7.0567500656426431e-17
9.347750338088032e-17
1.28279913402682e-16
-0.074613181243926685
-0.14635901977620336
-0.21248036325756431
-0.2704362055392977
-0.31799933610452724
-0.35334193051934193
-0.37510579270073596
-0.38245454963039272
-0.3751057927007358
-0.35334193051934215
-0.31799933610452763
-0.27043620553929792
-0.21248036325756425
-0.14635901977620319
-0.074613181243926643
-7.4003033386186043e-18
0.07461318124392656
0.14635901977620303
0.21248036325756409
0.27043620553929759
0.31799933610452719
0.35334193051934193
0.37510579270073613
0.38245454963039316
0.37510579270073618
0.35334193051934193
0.31799933610452713
0.27043620553929781
0.21248036325756436
0.1463590197762033
0.074613181243926796
1.7213979804800928e-16
-0.14635901977620328
-0.28709354450149099
-0.41679522531550089
-0.53047969936209161
-0.62377813605863952
-0.69310512880526309
-0.73579648014973453
-0.75021158540147159
-0.73579648014973431
-0.69310512880526309
-0.62377813605863963
-0.53047969936209149
-0.41679522531550084
-0.28709354450149088
-0.14635901977620322
3.1479532538252857e-17
0.14635901977620322
0.28709354450149077
0.41679522531550073
0.53047969936209172
0.62377813605863985
0.69310512880526287
0.73579648014973431
0.75021158540147204
0.73579648014973498
0.69310512880526287
0.62377813605863908
0.53047969936209161
0.41679522531550089
0.28709354450149088
0.14635901977620339
3.0879415967008863e-16
-0.21248036325756411
-0.41679522531550101
-0.60509288060601829
-0.77013715583484332
-0.90558549206282801
-1.0062326856890333
-1.0682109215060001
-1.0891384106690774
-1.0682109215059996
-1.0062326856890331
-0.90558549206282823
-0.77013715583484388
-0.60509288060601873
-0.41679522531550123
-0.21248036325756445
-4.7416647571270133e-17
0.21248036325756434
0.41679522531550078
0.60509288060601807
0.77013715583484388
0.90558549206282823
1.0062326856890322
1.0682109215059992
1.0891384106690778
1.0682109215060005
1.0062326856890329
0.90558549206282757
0.77013715583484355
0.60509288060601851
0.41679522531550123
0.21248036325756456
3.9729053326272643e-16
-0.2704362055392977
-0.53047969936209183
-0.77013715583484366
-0.98019867330675514
-1.152591705465237
-1.280691284763565
-1.3595746162083759
-1.3862102576105282
-1.3595746162083757
-1.2806912847635648
-1.1525917054652375
-0.98019867330675581
-0.77013715583484377
-0.53047969936209194
-0.27043620553929815
-1.54173438468669e-16
0.27043620553929781
0.53047969936209127
0.7701371558348431
0.98019867330675536
1.152591705465237
1.2806912847635639
1.3595746162083753
1.3862102576105291
1.3595746162083768
1.2806912847635645
1.1525917054652366
0.98019867330675559
0.7701371558348441
0.53047969936209227
0.27043620553929826
4.2617316715580988e-16
-0.31799933610452746
-0.62377813605864019
-0.90558549206282801
-1.1525917054652368
-1.3553044660074913
-1.5059336359845785
-1.5986906208680918
-1.630010821747673
-1.5986906208680911
-1.5059336359845783
-1.3553044660074913
-1.1525917054652368
-0.90558549206282768
-0.62377813605863985
-0.31799933610452757
-1.9474108389671752e-16
0.31799933610452713
0.62377813605863941
0.90558549206282746
1.1525917054652364
1.3553044660074909
1.5059336359845779
1.5986906208680915
1.6300108217476743
1.5986906208680927
1.5059336359845785
1.3553044660074909
1.1525917054652373
0.90558549206282846
0.62377813605864041
0.31799933610452791
4.6518076260951959e-16
-0.35334193051934221
-0.69310512880526343
-1.0062326856890325
-1.2806912847635639
-1.5059336359845781
-1.6733038021120177
-1.7763698415238758
-1.8111709841256554
-1.7763698415238756
-1.6733038021120177
-1.5059336359845787
-1.2806912847635645
-1.0062326856890327
-0.69310512880526343
-0.35334193051934232
-1.803124778915526e-16
0.35334193051934187
0.69310512880526298
1.0062326856890327
1.2806912847635645
1.5059336359845779
1.6733038021120172
1.776369841523876
1.8111709841256567
1.7763698415238767
1.6733038021120172
1.5059336359845776
1.2806912847635643
1.0062326856890329
0.69310512880526343
0.35334193051934265
4.3883216320931688e-16
-0.3751057927007363
-0.7357964801497352
-1.0682109215059992
-1.3595746162083753
-1.598690620868092
-1.7763698415238767
-1.885784165369583
-1.9227288613000804
-1.8857841653695833
-1.7763698415238773
-1.5986906208680931
-1.3595746162083768
-1.0682109215060005
-0.73579648014973564
-0.37510579270073663
-1.5473702617161175e-16
0.37510579270073607
0.73579648014973498
1.0682109215060001
1.3595746162083768
1.5986906208680922
1.7763698415238764
1.8857841653695837
1.9227288613000817
1.8857841653695839
1.7763698415238762
1.5986906208680915
1.3595746162083757
1.0682109215059996
0.73579648014973542
0.37510579270073685
3.5171156816946791e-16
-0.38245454963039349
-0.75021158540147304
-1.0891384106690778
-1.3862102576105284
-1.630010821747675
-1.8111709841256578
-1.9227288613000819
-1.9603973466135114
-1.9227288613000815
-1.8111709841256576
-1.6300108217476752
-1.3862102576105291
-1.0891384106690782
-0.75021158540147304
-0.3824545496303936
-1.2340008611619127e-16
0.38245454963039305
0.75021158540147215
1.0891384106690778
1.3862102576105291
1.6300108217476743
1.8111709841256567
1.9227288613000819
1.9603973466135127
1.9227288613000824
1.8111709841256574
1.6300108217476745
1.3862102576105289
1.0891384106690782
0.75021158540147348
0.38245454963039405
3.3332754774956298e-16
-0.37510579270073652
-0.73579648014973564
-1.0682109215060003
-1.3595746162083759
-1.5986906208680924
-1.7763698415238773
-1.8857841653695837
-1.9227288613000806
-1.8857841653695833
-1.7763698415238767
-1.598690620868092
-1.3595746162083759
-1.0682109215059998
-0.7357964801497352
-0.37510579270073641
-8.748055240738156e-17
0.37510579270073585
0.73579648014973431
1.0682109215059994
1.3595746162083755
1.5986906208680911
1.7763698415238758
1.8857841653695837
1.9227288613000819
1.8857841653695842
1.7763698415238769
1.5986906208680924
1.3595746162083764
1.0682109215060007
0.73579648014973609
0.37510579270073707
3.4562784744040506e-16
-0.3533419305193421
-0.69310512880526365
-1.0062326856890329
-1.2806912847635641
-1.505933635984579
-1.6733038021120186
-1.7763698415238764
-1.8111709841256562
-1.7763698415238762
-1.6733038021120183
-1.5059336359845792
-1.280691284763565
-1.0062326856890333
-0.69310512880526365
-0.35334193051934226
-9.459694914003458e-17
0.35334193051934171
0.69310512880526276
1.0062326856890329
1.2806912847635645
1.5059336359845779
1.6733038021120175
1.7763698415238771
1.8111709841256576
1.7763698415238769
1.6733038021120181
1.505933635984579
1.2806912847635645
1.0062326856890333
0.69310512880526409
0.35334193051934276
2.2914628396428654e-16
-0.31799933610452724
-0.62377813605863996
-0.90558549206282779
-1.1525917054652364
-1.3553044660074911
-1.5059336359845785
-1.5986906208680918
-1.6300108217476734
-1.5986906208680918
-1.5059336359845787
-1.3553044660074913
-1.1525917054652373
-0.90558549206282846
-0.62377813605864041
-0.31799933610452757
-1.2102474449156374e-16
0.31799933610452702
0.62377813605863952
0.90558549206282823
1.1525917054652373
1.3553044660074909
1.5059336359845783
1.5986906208680927
1.6300108217476748
1.5986906208680918
1.5059336359845785
1.3553044660074911
1.1525917054652364
0.90558549206282801
0.62377813605864041
0.3179993361045278
5.6626298930546049e-17
-0.27043620553929809
-0.53047969936209205
-0.77013715583484366
-0.98019867330675536
-1.152591705465237
-1.280691284763565
-1.3595746162083759
-1.386210257610528
-1.3595746162083757
-1.2806912847635645
-1.152591705465237
-0.98019867330675581
-0.77013715583484388
-0.53047969936209205
-0.2704362055392982
-9.5489422261415064e-17
0.27043620553929776
0.53047969936209138
0.77013715583484366
0.98019867330675603
1.152591705465237
1.2806912847635641
1.3595746162083762
1.3862102576105289
1.3595746162083759
1.2806912847635645
1.152591705465237
0.98019867330675559
0.77013715583484388
0.53047969936209227
0.27043620553929831
8.2765616605039977e-17
-0.21248036325756459
-0.41679522531550145
-0.60509288060601873
-0.77013715583484377
-0.90558549206282868
-1.0062326856890336
-1.0682109215060003
-1.0891384106690778
-1.0682109215060001
-1.0062326856890331
-0.90558549206282857
-0.7701371558348441
-0.60509288060601896
-0.41679522531550145
-0.21248036325756461
-9.6858957741153547e-17
0.21248036325756428
0.41679522531550101
0.60509288060601851
0.77013715583484388
0.90558549206282812
1.0062326856890327
1.0682109215060005
1.0891384106690782
1.0682109215060003
1.0062326856890331
0.90558549206282846
0.77013715583484421
0.60509288060601918
0.41679522531550167
0.21248036325756475
2.4831387936423331e-16
-0.14635901977620333
-0.28709354450149122
-0.41679522531550112
-0.53047969936209183
-0.62377813605864008
-0.69310512880526387
-0.73579648014973542
-0.7502115854014727
-0.73579648014973542
-0.69310512880526387
-0.62377813605864063
-0.53047969936209272
-0.41679522531550162
-0.28709354450149127
-0.14635901977620344
-1.540742095710816e-16
0.14635901977620311
0.28709354450149094
0.41679522531550117
0.53047969936209183
0.62377813605863974
0.69310512880526365
0.73579648014973587
0.75021158540147315
0.73579648014973542
0.69310512880526365
0.6237781360586403
0.53047969936209227
0.41679522531550145
0.28709354450149144
0.14635901977620366
1.9885512519400849e-16
-0.074613181243926852
-0.14635901977620369
-0.2124803632575647
-0.27043620553929826
-0.31799933610452807
-0.35334193051934293
-0.37510579270073691
-0.38245454963039371
-0.37510579270073691
-0.35334193051934298
-0.3179993361045283
-0.2704362055392987
-0.21248036325756489
-0.14635901977620361
-0.074613181243926838
-1.0208101824808231e-16
0.074613181243926671
0.14635901977620361
0.21248036325756495
0.27043620553929848
0.31799933610452796
0.35334193051934309
0.37510579270073735
0.38245454963039394
0.37510579270073691
0.35334193051934293
0.31799933610452819
0.27043620553929848
0.21248036325756481
0.14635901977620364
0.07461318124392699
-4.2407109270904218e-17
-2.2018874396294483e-16
-2.0815327792132836e-16
-2.0119744426465144e-16
-4.1712522325085419e-16
-5.8502534099072175e-16
-5.6384988824322757e-16
-5.0983411849412882e-16
-4.5401523916426192e-16
-4.2893318605685556e-16
-4.6001517841902237e-16
-3.3711753735471962e-16
-6.6671838751060595e-17
3.3545625031046727e-18
-1.2241860086905888e-16
-1.3308439174197809e-16
-1.8097862627312693e-18
1.8126470428151207e-16
4.2276171589687172e-16
6.2157285659564733e-16
6.8899181319976878e-16
6.5288303962095925e-16
5.036044536911438e-16
3.5503493539517876e-16
3.9613464465545548e-16
4.9554531377321252e-16
4.881262046152039e-16
4.9277144497584612e-16
4.4918089340805096e-16
2.0165681719028028e-16
1.5648646646863931e-17
3.9279318491168124e-17
-1.6310518838832173e-16
0.074613181243926657
0.14635901977620347
0.21248036325756453
0.27043620553929798
0.31799933610452741
0.35334193051934226
0.37510579270073624
0.3824545496303931
0.37510579270073624
0.35334193051934226
0.31799933610452774
0.27043620553929837
0.21248036325756475
0.14635901977620344
0.074613181243926699
-7.2829499248273522e-18
-0.074613181243926616
-0.14635901977620316
-0.21248036325756425
-0.27043620553929781
-0.31799933610452741
-0.35334193051934248
-0.37510579270073668
-0.38245454963039333
-0.37510579270073624
-0.35334193051934226
-0.31799933610452752
-0.27043620553929798
-0.21248036325756448
-0.14635901977620347
-0.074613181243926879
-9.4775913702327686e-17
0.14635901977620336
0.2870935445014911
0.41679522531550112
0.53047969936209205
0.62377813605864008
0.69310512880526354
0.7357964801497352
0.75021158540147248
0.73579648014973509
0.69310512880526354
0.62377813605864019
0.53047969936209216
0.41679522531550134
0.28709354450149122
0.14635901977620341
-5.0814659976269171e-17
-0.14635901977620336
-0.28709354450149099
-0.41679522531550134
-0.53047969936209238
-0.62377813605863996
-0.69310512880526332
-0.73579648014973553
-0.75021158540147292
-0.73579648014973498
-0.69310512880526332
-0.62377813605864008
-0.53047969936209205
-0.41679522531550112
-0.2870935445014911
-0.14635901977620352
-1.378030475734917e-16
0.21248036325756431
0.41679522531550101
0.6050928806060184
0.77013715583484332
0.90558549206282823
1.0062326856890331
1.0682109215059998
1.0891384106690776
1.0682109215059998
1.0062326856890329
0.90558549206282801
0.77013715583484366
0.60509288060601851
0.41679522531550101
0.21248036325756439
3.6240511046372597e-17
-0.21248036325756411
-0.41679522531550067
-0.60509288060601851
-0.77013715583484388
-0.90558549206282757
-1.006232685689032
-1.0682109215059998
-1.0891384106690785
-1.0682109215059998
-1.0062326856890327
-0.90558549206282823
-0.77013715583484377
-0.60509288060601862
-0.41679522531550134
-0.21248036325756464
-3.4245160951407823e-16
0.27043620553929781
0.53047969936209194
0.77013715583484332
0.98019867330675481
1.1525917054652368
1.2806912847635645
1.3595746162083757
1.3862102576105277
1.3595746162083755
1.2806912847635643
1.1525917054652368
0.98019867330675525
0.77013715583484355
0.53047969936209172
0.27043620553929787
1.328136453300413e-16
-0.27043620553929743
-0.53047969936209105
-0.7701371558348431
-0.98019867330675503
-1.1525917054652359
-1.2806912847635634
-1.3595746162083759
-1.3862102576105286
-1.3595746162083757
-1.2806912847635641
-1.1525917054652368
-0.98019867330675547
-0.77013715583484377
-0.53047969936209216
-0.27043620553929837
-4.7992682348294176e-16
0.31799933610452752
0.62377813605864041
0.90558549206282801
1.1525917054652368
1.3553044660074915
1.5059336359845792
1.598690620868092
1.6300108217476739
1.5986906208680922
1.5059336359845792
1.355304466007492
1.1525917054652377
0.90558549206282857
0.6237781360586403
0.31799933610452769
1.5657351342600667e-16
-0.31799933610452724
-0.62377813605863963
-0.90558549206282812
-1.1525917054652373
-1.3553044660074911
-1.5059336359845787
-1.5986906208680931
-1.6300108217476752
-1.5986906208680924
-1.5059336359845787
-1.3553044660074915
-1.1525917054652373
-0.90558549206282823
-0.62377813605864041
-0.31799933610452807
-4.2413627660315336e-16
0.35334193051934237
0.69310512880526376
1.0062326856890331
1.2806912847635648
1.5059336359845792
1.6733038021120186
1.7763698415238767
1.8111709841256567
1.7763698415238769
1.6733038021120186
1.5059336359845796
1.2806912847635654
1.0062326856890336
0.69310512880526387
0.35334193051934254
1.7701625321611156e-16
-0.3533419305193421
-0.69310512880526343
-1.0062326856890336
-1.280691284763565
-1.5059336359845787
-1.6733038021120181
-1.7763698415238778
-1.811170984125658
-1.7763698415238771
-1.6733038021120181
-1.5059336359845792
-1.2806912847635648
-1.0062326856890331
-0.69310512880526398
-0.35334193051934293
-3.1433834428469347e-16
0.37510579270073635
0.7357964801497352
1.0682109215059996
1.3595746162083755
1.598690620868092
1.7763698415238767
1.8857841653695828
1.9227288613000799
1.8857841653695826
1.7763698415238764
1.5986906208680924
1.3595746162083762
1.0682109215059998
0.73579648014973498
0.37510579270073635
2.0403376841025289e-16
-0.3751057927007358
-0.73579648014973453
-1.0682109215059998
-1.3595746162083762
-1.5986906208680915
-1.7763698415238756
-1.8857841653695835
-1.9227288613000812
-1.8857841653695833
-1.7763698415238762
-1.598690620868092
-1.3595746162083759
-1.0682109215060001
-0.73579648014973564
-0.37510579270073691
-3.0215070732474396e-16
0.38245454963039299
0.75021158540147248
1.0891384106690774
1.3862102576105275
1.6300108217476739
1.8111709841256567
1.9227288613000804
1.9603973466135098
1.9227288613000799
1.8111709841256565
1.6300108217476741
1.3862102576105284
1.0891384106690778
0.75021158540147237
0.38245454963039321
1.8916746662876194e-16
-0.38245454963039266
-0.7502115854014717
-1.0891384106690774
-1.386210257610528
-1.6300108217476732
-1.8111709841256556
-1.9227288613000804
-1.9603973466135112
-1.9227288613000808
-1.8111709841256562
-1.6300108217476734
-1.386210257610528
-1.0891384106690778
-0.75021158540147292
-0.38245454963039355
-3.4366840464745181e-16
0.37510579270073607
0.73579648014973509
1.0682109215059996
1.3595746162083755
1.598690620868092
1.7763698415238767
1.8857841653695828
1.9227288613000799
1.8857841653695826
1.7763698415238767
1.5986906208680927
1.3595746162083762
1.0682109215060001
0.73579648014973531
0.37510579270073657
1.3132097131405876e-16
-0.37510579270073602
-0.73579648014973442
-1.0682109215059996
-1.3595746162083762
-1.5986906208680918
-1.7763698415238753
-1.885784165369583
-1.9227288613000812
-1.8857841653695837
-1.7763698415238762
-1.5986906208680915
-1.3595746162083759
-1.0682109215060001
-0.73579648014973553
-0.37510579270073674
-3.1599413617857843e-16
0.35334193051934221
0.69310512880526354
1.0062326856890331
1.2806912847635645
1.5059336359845787
1.6733038021120183
1.7763698415238771
1.8111709841256565
1.7763698415238764
1.6733038021120186
1.5059336359845792
1.2806912847635648
1.0062326856890331
0.69310512880526365
0.35334193051934243
6.9602036847218454e-17
-0.35334193051934198
-0.69310512880526276
-1.0062326856890327
-1.2806912847635648
-1.5059336359845783
-1.6733038021120172
-1.7763698415238769
-1.8111709841256578
-1.776369841523878
-1.6733038021120183
-1.5059336359845787
-1.280691284763565
-1.0062326856890336
-0.6931051288052642
-0.35334193051934287
-1.7412163292163088e-16
0.31799933610452763
0.62377813605864041
0.90558549206282846
1.1525917054652373
1.355304466007492
1.5059336359845794
1.5986906208680927
1.6300108217476741
1.5986906208680922
1.5059336359845792
1.355304466007492
1.1525917054652373
0.90558549206282846
0.62377813605864019
0.31799933610452763
3.3482912381593873e-17
-0.31799933610452719
-0.6237781360586393
-0.90558549206282801
-1.1525917054652373
-1.3553044660074915
-1.5059336359845783
-1.5986906208680922
-1.6300108217476754
-1.5986906208680935
-1.505933635984579
-1.3553044660074915
-1.1525917054652373
-0.9055854920628289
-0.62377813605864085
-0.31799933610452807
-4.1484302901109578e-17
0.27043620553929815
0.53047969936209227
0.77013715583484377
0.98019867330675559
1.1525917054652375
1.2806912847635656
1.3595746162083762
1.3862102576105282
1.3595746162083762
1.2806912847635652
1.1525917054652377
0.98019867330675592
0.77013715583484399
0.53047969936209227
0.27043620553929826
4.034700386088923e-17
-0.27043620553929792
-0.53047969936209161
-0.77013715583484355
-0.98019867330675614
-1.1525917054652377
-1.2806912847635648
-1.3595746162083762
-1.3862102576105291
-1.3595746162083771
-1.2806912847635652
-1.152591705465237
-0.98019867330675559
-0.77013715583484421
-0.53047969936209249
-0.27043620553929826
-1.0742970678677266e-16
0.21248036325756456
0.41679522531550128
0.6050928806060184
0.77013715583484366
0.90558549206282857
1.0062326856890331
1.0682109215060003
1.0891384106690778
1.0682109215060001
1.0062326856890333
0.9055854920628289
0.77013715583484421
0.60509288060601873
0.41679522531550156
0.21248036325756489
9.8603838098210384e-17
-0.2124803632575645
-0.41679522531550101
-0.60509288060601851
-0.77013715583484421
-0.90558549206282868
-1.0062326856890329
-1.0682109215060001
-1.0891384106690782
-1.0682109215060007
-1.0062326856890331
-0.90558549206282812
-0.77013715583484388
-0.60509288060601885
-0.41679522531550151
-0.21248036325756472
-2.4942045245706253e-16
0.1463590197762033
0.28709354450149105
0.41679522531550084
0.53047969936209172
0.62377813605864008
0.69310512880526354
0.73579648014973509
0.75021158540147248
0.73579648014973509
0.69310512880526376
0.62377813605864074
0.53047969936209238
0.41679522531550123
0.28709354450149116
0.14635901977620355
1.2976829140339915e-16
-0.14635901977620316
-0.28709354450149072
-0.41679522531550101
-0.53047969936209194
-0.62377813605863985
-0.69310512880526287
-0.73579648014973509
-0.75021158540147315
-0.73579648014973553
-0.69310512880526354
-0.62377813605864008
-0.53047969936209216
-0.41679522531550139
-0.28709354450149127
-0.14635901977620364
-1.5891827910829428e-16
0.074613181243926713
0.14635901977620344
0.21248036325756445
0.27043620553929798
0.31799933610452769
0.35334193051934237
0.37510579270073635
0.38245454963039316
0.37510579270073635
0.35334193051934254
0.31799933610452791
0.2704362055392982
0.21248036325756442
0.14635901977620339
0.074613181243926727
4.3302981780035829e-17
-0.074613181243926505
-0.14635901977620316
-0.21248036325756448
-0.27043620553929809
-0.31799933610452746
-0.35334193051934221
-0.37510579270073657
-0.3824545496303936
-0.37510579270073657
-0.35334193051934237
-0.31799933610452769
-0.27043620553929831
-0.21248036325756467
-0.14635901977620344
-0.074613181243926852
4.2792369884247099e-17
3.3348775343589496e-17
4.9012814753595813e-17
1.4781433581703767e-16
2.6674627179330027e-16
2.205326308211e-16
8.8381955471167784e-17
4.5549053687630703e-17
6.2934438111226029e-17
7.4936580797889951e-17
2.6096474407470022e-18
-1.8907236174229553e-16
-2.409788517379956e-16
-2.7987437710003998e-17
8.7742792636923511e-17
-1.5464526601824674e-17
-3.0987987471425521e-17
-6.5583378968769793e-18
-1.5992478100351617e-16
-2.953004654814141e-16
-3.0269734251575883e-16
-3.3937188126147338e-16
-2.8544905684638289e-16
-5.190594987471269e-17
6.4232783023542604e-17
-3.1889844940909476e-18
-4.0728185326640989e-17
-9.6934020182472841e-17
-1.8821276801421965e-16
-1.0383331374772604e-16
7.0567500656426431e-17
9.347750338088032e-17
1.28279913402682e-16
-0.074613181243926685
-0.14635901977620336
-0.21248036325756431
-0.2704362055392977
-0.31799933610452724
-0.35334193051934193
-0.37510579270073596
-0.38245454963039272
-0.3751057927007358
-0.35334193051934215
-0.31799933610452763
-0.27043620553929792
-0.21248036325756425
-0.14635901977620319
-0.074613181243926643
-7.4003033386186043e-18
0.07461318124392656
0.14635901977620303
0.21248036325756409
0.27043620553929759
0.31799933610452719
0.35334193051934193
0.37510579270073613
0.38245454963039316
0.37510579270073618
0.35334193051934193
0.31799933610452713
0.27043620553929781
0.21248036325756436
0.1463590197762033
0.074613181243926796
1.7213979804800928e-16
-0.14635901977620328
-0.28709354450149099
-0.41679522531550089
-0.53047969936209161
-0.62377813605863952
-0.69310512880526309
-0.73579648014973453
-0.75021158540147159
-0.73579648014973431
-0.69310512880526309
-0.62377813605863963
-0.53047969936209149
-0.41679522531550084
-0.28709354450149088
-0.14635901977620322
3.1479532538252857e-17
0.14635901977620322
0.28709354450149077
0.41679522531550073
0.53047969936209172
0.62377813605863985
0.69310512880526287
0.73579648014973431
0.75021158540147204
0.73579648014973498
0.69310512880526287
0.62377813605863908
0.53047969936209161
0.41679522531550089
0.28709354450149088
0.14635901977620339
3.0879415967008863e-16
-0.21248036325756411
-0.41679522531550101
-0.60509288060601829
-0.77013715583484332
-0.90558549206282801
-1.0062326856890333
-1.0682109215060001
-1.0891384106690774
-1.0682109215059996
-1.0062326856890331
-0.90558549206282823
-0.77013715583484388
-0.60509288060601873
-0.41679522531550123
-0.21248036325756445
-4.7416647571270133e-17
0.21248036325756434
0.41679522531550078
0.60509288060601807
0.77013715583484388
0.90558549206282823
1.0062326856890322
1.0682109215059992
1.0891384106690778
1.0682109215060005
1.0062326856890329
0.90558549206282757
0.77013715583484355
0.60509288060601851
0.41679522531550123
0.21248036325756456
3.9729053326272643e-16
-0.2704362055392977
-0.53047969936209183
-0.77013715583484366
-0.98019867330675514
-1.152591705465237
-1.280691284763565
-1.3595746162083759
-1.3862102576105282
-1.3595746162083757
-1.2806912847635648
-1.1525917054652375
-0.98019867330675581
-0.77013715583484377
-0.53047969936209194
-0.27043620553929815
-1.54173438468669e-16
0.27043620553929781
0.53047969936209127
0.7701371558348431
0.98019867330675536
1.152591705465237
1.2806912847635639
1.3595746162083753
1.3862102576105291
1.3595746162083768
1.2806912847635645
1.1525917054652366
0.98019867330675559
0.7701371558348441
0.53047969936209227
0.27043620553929826
4.2617316715580988e-16
-0.31799933610452746
-0.62377813605864019
-0.90558549206282801
-1.1525917054652368
-1.3553044660074913
-1.5059336359845785
-1.5986906208680918
-1.630010821747673
-1.5986906208680911
-1.5059336359845783
-1.3553044660074913
-1.1525917054652368
-0.90558549206282768
-0.62377813605863985
-0.31799933610452757
-1.9474108389671752e-16
0.31799933610452713
0.62377813605863941
0.90558549206282746
1.1525917054652364
1.3553044660074909
1.5059336359845779
1.5986906208680915
1.6300108217476743
1.5986906208680927
1.5059336359845785
1.3553044660074909
1.1525917054652373
0.90558549206282846
0.62377813605864041
0.31799933610452791
4.6518076260951959e-16
-0.35334193051934221
-0.69310512880526343
-1.0062326856890325
-1.2806912847635639
-1.5059336359845781
-1.6733038021120177
-1.7763698415238758
-1.8111709841256554
-1.7763698415238756
-1.6733038021120177
-1.5059336359845787
-1.2806912847635645
-1.0062326856890327
-0.69310512880526343
-0.35334193051934232
-1.803124778915526e-16
0.35334193051934187
0.69310512880526298
1.0062326856890327
1.2806912847635645
1.5059336359845779
1.6733038021120172
1.776369841523876
1.8111709841256567
1.7763698415238767
1.6733038021120172
1.5059336359845776
1.2806912847635643
1.0062326856890329
0.69310512880526343
0.35334193051934265
4.3883216320931688e-16
-0.3751057927007363
-0.7357964801497352
-1.0682109215059992
-1.3595746162083753
-1.598690620868092
-1.7763698415238767
-1.885784165369583
-1.9227288613000804
-1.8857841653695833
-1.7763698415238773
-1.5986906208680931
-1.3595746162083768
-1.0682109215060005
-0.73579648014973564
-0.37510579270073663
-1.5473702617161175e-16
0.37510579270073607
0.73579648014973498
1.0682109215060001
1.3595746162083768
1.5986906208680922
1.7763698415238764
1.8857841653695837
1.9227288613000817
1.8857841653695839
1.7763698415238762
1.5986906208680915
1.3595746162083757
1.0682109215059996
0.73579648014973542
0.37510579270073685
3.5171156816946791e-16
-0.38245454963039349
-0.75021158540147304
-1.0891384106690778
-1.3862102576105284
-1.630010821747675
-1.8111709841256578
-1.9227288613000819
-1.9603973466135114
-1.9227288613000815
-1.8111709841256576
-1.6300108217476752
-1.3862102576105291
-1.0891384106690782
-0.75021158540147304
-0.3824545496303936
-1.2340008611619127e-16
0.38245454963039305
0.75021158540147215
1.0891384106690778
1.3862102576105291
1.6300108217476743
1.8111709841256567
1.9227288613000819
1.9603973466135127
1.9227288613000824
1.8111709841256574
1.6300108217476745
1.3862102576105289
1.0891384106690782
0.75021158540147348
0.38245454963039405
3.3332754774956298e-16
-0.37510579270073652
-0.73579648014973564
-1.0682109215060003
-1.3595746162083759
-1.5986906208680924
-1.7763698415238773
-1.8857841653695837
-1.9227288613000806
-1.8857841653695833
-1.7763698415238767
-1.598690620868092
-1.3595746162083759
-1.0682109215059998
-0.7357964801497352
-0.37510579270073641
-8.748055240738156e-17
0.37510579270073585
0.73579648014973431
1.0682109215059994
1.3595746162083755
1.5986906208680911
1.7763698415238758
1.8857841653695837
1.9227288613000819
1.8857841653695842
1.7763698415238769
1.5986906208680924
1.3595746162083764
1.0682109215060007
0.73579648014973609
0.37510579270073707
3.4562784744040506e-16
-0.3533419305193421
-0.69310512880526365
-1.0062326856890329
-1.2806912847635641
-1.505933635984579
-1.6733038021120186
-1.7763698415238764
-1.8111709841256562
-1.7763698415238762
-1.6733038021120183
-1.5059336359845792
-1.280691284763565
-1.0062326856890333
-0.69310512880526365
-0.35334193051934226
-9.459694914003458e-17
0.35334193051934171
0.69310512880526276
1.0062326856890329
1.2806912847635645
1.5059336359845779
1.6733038021120175
1.7763698415238771
1.8111709841256576
1.7763698415238769
1.6733038021120181
1.505933635984579
1.2806912847635645
1.0062326856890333
0.69310512880526409
0.35334193051934276
2.2914628396428654e-16
-0.31799933610452724
-0.62377813605863996
-0.90558549206282779
-1.1525917054652364
-1.3553044660074911
-1.5059336359845785
-1.5986906208680918
-1.6300108217476734
-1.5986906208680918
-1.5059336359845787
-1.3553044660074913
-1.1525917054652373
-0.90558549206282846
-0.62377813605864041
-0.31799933610452757
-1.2102474449156374e-16
0.31799933610452702
0.62377813605863952
0.90558549206282823
1.1525917054652373
1.3553044660074909
1.5059336359845783
1.5986906208680927
1.6300108217476748
1.5986906208680918
1.5059336359845785
1.3553044660074911
1.1525917054652364
0.90558549206282801
0.62377813605864041
0.3179993361045278
5.6626298930546049e-17
-0.27043620553929809
-0.53047969936209205
-0.77013715583484366
-0.98019867330675536
-1.152591705465237
-1.280691284763565
-1.3595746162083759
-1.386210257610528
-1.3595746162083757
-1.2806912847635645
-1.152591705465237
-0.98019867330675581
-0.77013715583484388
-0.53047969936209205
-0.2704362055392982
-9.5489422261415064e-17
0.27043620553929776
0.53047969936209138
0.77013715583484366
0.98019867330675603
1.152591705465237
1.2806912847635641
1.3595746162083762
1.3862102576105289
1.3595746162083759
1.2806912847635645
1.152591705465237
0.98019867330675559
0.77013715583484388
0.53047969936209227
0.27043620553929831
8.2765616605039977e-17
-0.21248036325756459
-0.41679522531550145
-0.60509288060601873
-0.77013715583484377
-0.90558549206282868
-1.0062326856890336
-1.0682109215060003
-1.0891384106690778
-1.0682109215060001
-1.0062326856890331
-0.90558549206282857
-0.7701371558348441
-0.60509288060601896
-0.41679522531550145
-0.21248036325756461
-9.6858957741153547e-17
0.21248036325756428
0.41679522531550101
0.60509288060601851
0.77013715583484388
0.90558549206282812
1.0062326856890327
1.0682109215060005
1.0891384106690782
1.0682109215060003
1.0062326856890331
0.90558549206282846
0.77013715583484421
0.60509288060601918
0.41679522531550167
0.21248036325756475
2.4831387936423331e-16
-0.14635901977620333
-0.28709354450149122
-0.41679522531550112
-0.53047969936209183
-0.62377813605864008
-0.69310512880526387
-0.73579648014973542
-0.7502115854014727
-0.73579648014973542
-0.69310512880526387
-0.62377813605864063
-0.53047969936209272
-0.41679522531550162
-0.28709354450149127
-0.14635901977620344
-1.540742095710816e-16
0.14635901977620311
0.28709354450149094
0.41679522531550117
0.53047969936209183
0.62377813605863974
0.69310512880526365
0.73579648014973587
0.75021158540147315
0.73579648014973542
0.69310512880526365
0.6237781360586403
0.53047969936209227
0.41679522531550145
0.28709354450149144
0.14635901977620366
1.9885512519400849e-16
-0.074613181243926852
-0.14635901977620369
-0.2124803632575647
-0.27043620553929826
-0.31799933610452807
-0.35334193051934293
-0.37510579270073691
-0.38245454963039371
-0.37510579270073691
-0.35334193051934298
-0.3179993361045283
-0.2704362055392987
-0.21248036325756489
-0.14635901977620361
-0.074613181243926838
-1.0208101824808231e-16
0.074613181243926671
0.14635901977620361
0.21248036325756495
0.27043620553929848
0.31799933610452796
0.35334193051934309
0.37510579270073735
0.38245454963039394
0.37510579270073691
0.35334193051934293
0.31799933610452819
0.27043620553929848
0.21248036325756481
0.14635901977620364
0.07461318124392699
SCALARS velocity_error double 1
LOOKUP_TABLE default
2.0910783365634471e-16
1.9465246476344319e-16
2.0454787917408223e-16
1.6181093264909667e-16
1.1483002572294697e-16
1.4186680962270995e-16
2.2831270284697708e-16
1.133116757226777e-16
1.110667370364886e-16
1.1388450334680073e-16
1.2408753609912186e-16
1.4433691042157196e-16
1.5601961600137566e-16
1.542967390998879e-16
1.267303641606978e-16
2.5927568055747014e-16
1.5351429249646797e-16
2.9889653216921555e-16
1.6688808282046376e-16
1.6837467239254485e-16
9.0858962193456961e-17
1.2708613674028814e-16
1.1692600104440556e-16
2.065249635634229e-17
1.1132401129929503e-16
1.1237032459520316e-16
1.2150694992761238e-16
1.3588974435708378e-16
1.1098392017865244e-16
1.748345195455978e-16
5.7171114822348836e-16
3.3496540669209243e-16
2.0236825594334691e-16
1.9626155733547189e-16
1.7772239894833365e-16
2.4825341532472731e-16
8.3266726846886741e-17
2.4236514457283391e-16
2.2887833992611187e-16
1.1443916996305594e-16
1.1137467468267813e-16
1.1857187100668868e-16
1.5700924586837752e-16
2.3714374201337736e-16
1.5700924586837752e-16
1.6653345369377348e-16
1.6653345369377348e-16
2.7755575615628914e-16
1.9515530841674978e-16
3.0022245318650411e-16
1.6653345369377348e-16
1.9428902930940239e-16
1.1102230246251565e-16
2.2887833992611187e-16
1.1102230246251565e-16
6.2450045135165055e-17
1.1613422259844351e-16
1.1631705747361534e-16
1.2490009027033011e-16
2.2591401799415137e-16
1.1102230246251565e-16
1.6653345369377348e-16
5.1851694305630762e-16
3.4777636565401969e-16
1.9380185069124726e-16
1.8619006149354548e-16
1.5700924586837752e-16
1.5700924586837752e-16
5.5511151231257827e-17
1.3877787807814457e-16
1.2412670766236366e-16
2.7755575615628914e-17
1.1169529381549848e-16
4.163336342344337e-17
1.7772239894833365e-16
2.2887833992611187e-16
1.1102230246251565e-16
2.2204460492503131e-16
1.7554167342883506e-16
2.7755575615628914e-16
1.6786299533775842e-16
2.3551386880256624e-16
2.2887833992611187e-16
2.0014830212433605e-16
1.5700924586837752e-16
2.7755575615628914e-17
2.2377260456559048e-16
1.2412670766236366e-16
1.1797713822676285e-16
4.163336342344337e-17
1.9428902930940239e-16
1.1443916996305594e-16
5.5511151231257827e-17
2.4825341532472731e-16
4.7428748402675471e-16
3.2368285245694688e-16
2.5018305410208001e-16
2.2887833992611187e-16
2.4825341532472731e-16
2.0014830212433605e-16
1.1102230246251565e-16
1.5700924586837752e-16
1.3877787807814457e-16
4.163336342344337e-17
1.3906828728987776e-17
5.5511151231257827e-17
1.7772239894833365e-16
1.2412670766236366e-16
2.0014830212433605e-16
3.3306690738754696e-16
2.2204460492503131e-16
2.9504581591051765e-16
2.2204619341753055e-16
3.1401849173675503e-16
2.2204460492503131e-16
2.9893669801409083e-16
1.6653345369377348e-16
1.2412670766236366e-16
2.4980018054066022e-16
1.3092278833360675e-16
3.8773017605969976e-17
5.5511151231257827e-17
2.7755575615628914e-16
1.1102230246251565e-16
1.1102230246251565e-16
2.2887833992611187e-16
4.0412728104402651e-16
2.4825341532472731e-16
1.5666045011682057e-16
1.5700924586837752e-16
2.4825341532472731e-16
1.2412670766236366e-16
5.5511151231257827e-17
0
0
2.7755575615628914e-17
1.9107264789347511e-17
2.7755575615628914e-17
1.6653345369377348e-16
1.1102230246251565e-16
7.8504622934188758e-17
3.3766115072321297e-16
2.2204460492503131e-16
2.0014830212433605e-16
1.1126200476881452e-16
1.7772239894833365e-16
2.2887833992611187e-16
2.4825341532472731e-16
1.2412670766236366e-16
5.5511151231257827e-17
2.9893669801409083e-16
2.7755575615628914e-17
4.6106661376808807e-17
0
2.2204460492503131e-16
1.2412670766236366e-16
0
1.2412670766236366e-16
3.3306690738754696e-16
2.2377260456559048e-16
2.3874838053862656e-16
2.3714374201337736e-16
1.7772239894833365e-16
1.5700924586837752e-16
5.5511151231257827e-17
1.5700924586837752e-16
2.2887833992611187e-16
1.1443916996305594e-16
1.1465561310592803e-16
1.2412670766236366e-16
2.7755575615628914e-16
1.2412670766236366e-16
1.2412670766236366e-16
4.4408920985006262e-16
2.2887833992611187e-16
2.5476231888929306e-16
2.222665813697895e-16
2.5476231888929306e-16
3.3766115072321297e-16
3.3306690738754696e-16
1.2412670766236366e-16
1.2412670766236366e-16
3.5108334685767012e-16
1.1102230246251565e-16
1.2566061761130654e-16
1.2412670766236366e-16
2.9893669801409083e-16
1.1102230246251565e-16
1.1102230246251565e-16
3.3306690738754696e-16
3.7751664318895328e-16
1.8875832159447664e-16
1.2146596857287017e-16
1.1857187100668868e-16
1.2412670766236366e-16
1.1443916996305594e-16
0
0
5.5511151231257827e-17
5.5511151231257827e-17
3.2509690224538617e-17
5.5511151231257827e-17
1.6653345369377348e-16
0
1.1102230246251565e-16
2.2887833992611187e-16
2.2377260456559048e-16
1.3877787807814457e-16
3.3307655177121091e-16
1.3877787807814457e-16
3.3306690738754696e-16
1.3877787807814457e-16
1.2412670766236366e-16
1.1102230246251565e-16
2.8305244335018379e-16
1.0007415106216802e-16
5.6946952195814471e-17
6.2063353831181828e-17
2.9893669801409083e-16
1.1102230246251565e-16
5.5511151231257827e-17
1.3877787807814457e-16
2.2377260456559048e-16
1.1102230246251565e-16
1.1257103436794365e-16
2.2301825219878386e-16
1.1857187100668868e-16
1.1443916996305594e-16
2.7755575615628914e-17
1.1443916996305594e-16
7.8504622934188758e-17
6.2063353831181828e-17
4.0864040635818894e-17
8.7770836714417531e-17
2.2204460492503131e-16
2.7755575615628914e-17
1.1443916996305594e-16
4.4430599737083413e-16
3.3422138886441676e-16
2.3065952118587559e-16
3.33101959012213e-16
2.2887833992611187e-16
2.2591401799415137e-16
3.3306690738754696e-16
1.1443916996305594e-16
2.7755575615628914e-17
3.8956806801599406e-16
1.1102230246251565e-16
4.3633934118961832e-17
5.5511151231257827e-17
3.3306690738754696e-16
1.1443916996305594e-16
0
3.3422138886441676e-16
2.4236514457283391e-16
1.2738115944464653e-16
1.110465929120305e-16
2.2204994477571042e-16
1.1171541869363491e-16
2.7507121847700553e-17
3.0542038838361828e-17
1.1414429551578517e-16
6.3473166053083772e-17
4.8290935717205682e-17
5.1540665708565008e-17
1.1914407159285005e-16
2.2666833815487515e-16
3.9529428781564811e-17
1.1385535319751097e-16
3.3343437022125525e-16
3.3330730053266199e-16
2.2209482150813639e-16
3.3319708174626569e-16
2.2248389037731622e-16
2.221189181553457e-16
2.2220521552533402e-16
1.1566139638907754e-16
4.597183671390179e-17
3.8981283976406082e-16
8.6508335639255595e-17
4.6394609781840969e-17
8.4109041378199684e-17
3.3658717090906805e-16
1.1517857144472148e-16
3.1296989658715733e-17
2.2420409736799372e-16
1.1208061354631363e-16
1.1102261887345355e-16
1.1444086776084278e-16
2.2591401799415137e-16
1.3092278833360675e-16
1.3092278833360675e-16
5.5511151231257827e-17
1.2412670766236366e-16
1.0007415106216802e-16
8.7770836714417531e-17
8.7295964974674553e-17
1.3877787807814457e-16
2.3714374201337736e-16
8.3266726846886741e-17
1.1443916996305594e-16
4.4430599737083413e-16
2.2247786310271853e-16
2.2887833992611187e-16
3.3324868075174814e-16
2.3065952118587559e-16
3.3335590258932494e-16
3.3306690738754696e-16
1.2412670766236366e-16
8.3266726846886741e-17
3.8956806801599406e-16
1.0007415106216802e-16
8.6135137892039507e-17
1.0007415106216802e-16
3.3766115072321297e-16
1.5700924586837752e-16
5.5511151231257827e-17
3.3335590258932494e-16
2.6184557666721351e-16
1.3092278833360675e-16
5.7989436026641242e-17
8.3266726846886741e-17
1.3877787807814457e-16
1.5700924586837752e-16
2.0014830212433605e-16
1.1102230246251565e-16
1.6653345369377348e-16
1.6883057536160649e-16
1.6714609614368243e-16
1.7554167342883506e-16
1.7554167342883506e-16
1.1102230246251565e-16
5.5511151231257827e-17
2.2887833992611187e-16
1.3877787807814457e-16
1.2490009027033011e-16
2.2206903938236042e-16
1.1102230246251565e-16
2.2887833992611187e-16
1.1443916996305594e-16
1.6653345369377348e-16
2.0014830212433605e-16
2.9893669801409083e-16
1.6883057536160649e-16
1.7157829088639195e-16
1.6653345369377348e-16
2.3551386880256624e-16
2.0014830212433605e-16
1.5700924586837752e-16
1.2412670766236366e-16
2.4980018054066022e-16
1.7772239894833365e-16
1.3839996722967768e-16
2.3263411494723067e-16
3.3766115072321297e-16
1.2412670766236366e-16
0
2.2887833992611187e-16
1.1102230246251565e-16
0
7.9956983841820979e-18
5.5511151231257827e-17
2.2204460492503131e-16
1.2412670766236366e-16
2.2887833992611187e-16
4.4754520913118096e-16
3.3766115072321297e-16
2.6945789820192466e-16
3.3312250864150053e-16
2.5476231888929306e-16
4.4495572620543707e-16
2.4825341532472731e-16
1.1102230246251565e-16
1.2412670766236366e-16
4.0412728104402651e-16
1.2412670766236366e-16
4.9318714193110138e-17
5.5511151231257827e-17
2.9893669801409083e-16
5.5511151231257827e-17
1.1102230246251565e-16
3.3766115072321297e-16
2.9893669801409083e-16
1.8875832159447664e-16
9.788844433132963e-17
8.3266726846886741e-17
1.1102230246251565e-16
1.2412670766236366e-16
7.8504622934188758e-17
1.2412670766236366e-16
2.2887833992611187e-16
1.1102230246251565e-16
1.1197972265568471e-16
1.1443916996305594e-16
2.4825341532472731e-16
3.5108334685767012e-16
0
2.2887833992611187e-16
1.1102230246251565e-16
2.2204460492503131e-16
5.4194529584787324e-19
2.2204460492503131e-16
2.0014830212433605e-16
0
7.8504622934188758e-17
1.2412670766236366e-16
2.7755575615628914e-16
1.1443916996305594e-16
1.2126395311914577e-16
1.1443916996305594e-16
2.0014830212433605e-16
3.7238012298709097e-16
1.5700924586837752e-16
1.2412670766236366e-16
3.5108334685767012e-16
2.2204460492503131e-16
1.0681423262457423e-16
1.6653345369377348e-16
2.9893669801409083e-16
3.5108334685767012e-16
2.2887833992611187e-16
3.3306690738754696e-16
3.3422138886441676e-16
3.3422138886441676e-16
3.336930159329111e-16
3.3422138886441676e-16
3.5108334685767012e-16
5.5788016545937291e-16
1.1102230246251565e-16
1.5700924586837752e-16
1.5700924586837752e-16
2.4980018054066022e-16
1.3510780372711144e-17
2.7755575615628914e-16
2.0014830212433605e-16
1.2412670766236366e-16
2.2204460492503131e-16
3.3766115072321297e-16
2.9893669801409083e-16
2.2591401799415137e-16
3.3583845823597255e-16
3.3335590258932494e-16
2.4825341532472731e-16
5.6610488670036757e-16
2.2887833992611187e-16
1.1102230246251565e-16
5.5511151231257827e-16
3.5108334685767012e-16
1.5359141029379726e-16
1.4946834900704541e-16
1.7554167342883506e-16
1.1102230246251565e-16
1.2412670766236366e-16
1.1443916996305594e-16
3.3422138886441676e-16
2.2247786310271853e-16
2.2273150320817725e-16
1.1857187100668868e-16
2.4825341532472731e-16
1.2412670766236366e-16
0
1.5700924586837752e-16
1.1102230246251565e-16
2.0206364052201326e-16
6.8197486088738293e-17
2.5589376332604516e-16
1.2412670766236366e-16
5.5511151231257827e-17
1.2412670766236366e-16
1.1443916996305594e-16
1.9428902930940239e-16
2.7755575615628914e-17
2.2369220057216869e-16
2.7755575615628914e-17
8.3266726846886741e-17
1.3877787807814457e-16
1.1102230246251565e-16
1.1102230246251565e-16
4.9960036108132044e-16
2.7755575615628914e-16
2.8180376106552934e-16
2.7755575615628914e-16
2.7755575615628914e-16
2.9504581591051765e-16
1.7772239894833365e-16
3.5571561302006606e-16
3.4331750988916778e-16
3.3565890684838572e-16
2.2231400474078585e-16
2.3263411494723067e-16
1.6711069443220838e-16
3.5108334685767012e-16
1.3877787807814457e-16
2.2204460492503131e-16
2.5589376332604516e-16
3.554447978966673e-16
2.4989492962650893e-16
3.3422138886441676e-16
2.2887833992611187e-16
1.9428902930940239e-16
2.2377260456559048e-16
3.5571561302006606e-16
2.6945789820192466e-16
1.2118257228641695e-16
2.2221266538273444e-16
1.2738115944464653e-16
1.7772239894833365e-16
3.4694469519536142e-16
2.0014830212433605e-16
1.9428902930940239e-16
5.8813010296357691e-16
4.002966042486721e-16
1.4927952194812555e-16
1.944899384517818e-16
2.2236220863651632e-16
2.2278464247701496e-16
2.2255721521341263e-16
3.3309760724453343e-16
4.4409157975933352e-16
4.4410826948604169e-16
3.3307987346345195e-16
3.3309155063737557e-16
3.3339265439812422e-16
3.3343919606690208e-16
1.110223028468829e-16
8.2865260716154671e-18
1.1109938401024463e-16
2.7787335424856813e-16
2.0718998637748485e-17
3.0642404681597335e-16
1.1654054128926355e-16
2.3962206193112635e-17
2.2224819330742886e-16
3.3308341143638763e-16
1.1110644040466868e-16
2.2215148910194319e-16
3.3307075653505047e-16
2.2216749616754671e-16
1.1123590793005936e-16
3.3307933723545865e-16
2.2238126752339169e-16
2.8851846666398272e-17
6.1121852051709307e-16
3.6114076667569759e-16
2.943143718149913e-16
3.0022245318650411e-16
2.7755575615628914e-16
2.9504581591051765e-16
2.0014830212433605e-16
3.6638411145107034e-16
3.4694469519536142e-16
3.3659000130511772e-16
2.2216339116155905e-16
2.3714374201337736e-16
2.6945789820192466e-16
3.6082248300317588e-16
1.6653345369377348e-16
2.4980018054066022e-16
2.5589376332604516e-16
3.7341307954279784e-16
3.0595455405618398e-16
3.9252311467094378e-16
2.8305244335018379e-16
2.7755575615628914e-16
2.4825341532472731e-16
3.5571561302006606e-16
2.118352371637509e-16
1.2738115944464653e-16
2.2218163127957705e-16
1.2412670766236366e-16
1.7772239894833365e-16
3.4694469519536142e-16
2.0014830212433605e-16
2.4980018054066022e-16
6.0872729633235947e-16
4.335559509131367e-16
1.2664681719042054e-16
1.4946834900704541e-16
2.2204460492503131e-16
2.2204460492503131e-16
2.2204460492503131e-16
1.3877787807814457e-16
3.3422138886441676e-16
2.2204460492503131e-16
3.3341913774115079e-16
2.2591401799415137e-16
3.4331750988916778e-16
3.3422138886441676e-16
1.2412670766236366e-16
1.6653345369377348e-16
7.8504622934188758e-17
2.8305244335018379e-16
5.8111520822734796e-17
2.2887833992611187e-16
1.5700924586837752e-16
1.1102230246251565e-16
2.2204460492503131e-16
1.1102230246251565e-16
2.4825341532472731e-16
1.1443916996305594e-16
3.3506145721594889e-16
2.2377260456559048e-16
2.3714374201337736e-16
3.3422138886441676e-16
1.1102230246251565e-16
1.1102230246251565e-16
5.5788016545937291e-16
3.3766115072321297e-16
1.1904620485511189e-16
1.3877787807814457e-16
1.6653345369377348e-16
2.8305244335018379e-16
2.2887833992611187e-16
3.3306690738754696e-16
4.4495572620543707e-16
2.2204460492503131e-16
2.2248012713715001e-16
2.2591401799415137e-16
3.5108334685767012e-16
2.4825341532472731e-16
0
1.2412670766236366e-16
5.5511151231257827e-17
2.2204460492503131e-16
6.6336597732556792e-18
2.2204460492503131e-16
1.5700924586837752e-16
7.8504622934188758e-17
2.2204460492503131e-16
3.3766115072321297e-16
2.9893669801409083e-16
1.1443916996305594e-16
2.316934391615153e-16
2.2591401799415137e-16
1.5700924586837752e-16
2.7755575615628914e-16
1.2412670766236366e-16
7.8504622934188758e-17
5.1178752665209032e-16
2.9893669801409083e-16
1.5084711216750862e-16
1.5700924586837752e-16
2.7755575615628914e-16
1.6653345369377348e-16
5.5511151231257827e-17
2.2887833992611187e-16
2.4825341532472731e-16
1.1443916996305594e-16
1.1113827312682136e-16
1.2412670766236366e-16
2.0014830212433605e-16
2.2887833992611187e-16
5.5511151231257827e-17
2.2204460492503131e-16
2.2887833992611187e-16
2.2377260456559048e-16
1.1193561029735506e-16
2.0014830212433605e-16
2.2887833992611187e-16
3.3766115072321297e-16
1.2412670766236366e-16
1.1102230246251565e-16
3.8857805861880479e-16
1.2412670766236366e-16
1.3201675095779083e-16
1.2412670766236366e-16
2.2204460492503131e-16
1.5700924586837752e-16
1.1102230246251565e-16
2.2887833992611187e-16
3.8857805861880479e-16
2.4825341532472731e-16
2.3752420393517873e-16
2.2591401799415137e-16
2.4825341532472731e-16
1.2412670766236366e-16
0
2.2204460492503131e-16
2.0014830212433605e-16
5.5511151231257827e-17
7.9219114674868828e-18
1.1102230246251565e-16
2.4825341532472731e-16
1.2412670766236366e-16
1.2412670766236366e-16
4.4754520913118096e-16
2.2377260456559048e-16
2.4825341532472731e-16
2.2256239864953676e-16
2.6184557666721351e-16
3.3306690738754696e-16
3.3766115072321297e-16
1.1102230246251565e-16
1.1102230246251565e-16
3.8857805861880479e-16
1.5700924586837752e-16
5.0071035824767466e-17
8.3266726846886741e-17
2.7755575615628914e-16
5.5511151231257827e-17
0
3.3766115072321297e-16
2.9893669801409083e-16
1.6711069443220838e-16
1.2344796504034638e-16
1.1102230246251565e-16
1.6653345369377348e-16
2.7336071744532853e-16
2.9893669801409083e-16
3.8857805861880479e-16
2.8305244335018379e-16
3.3306690738754696e-16
3.3448535432812316e-16
3.3766115072321297e-16
3.2368285245694688e-16
2.4825341532472731e-16
1.5700924586837752e-16
2.3714374201337736e-16
1.5700924586837752e-16
1.3877787807814457e-16
1.1118640836803152e-16
1.5265566588595902e-16
2.4825341532472731e-16
1.5700924586837752e-16
1.6653345369377348e-16
2.9893669801409083e-16
4.002966042486721e-16
2.8305244335018379e-16
3.3343289898728329e-16
3.3422138886441676e-16
3.554447978966673e-16
4.002966042486721e-16
2.7755575615628914e-16
1.7772239894833365e-16
2.7755575615628914e-16
2.118352371637509e-16
1.1243519085773464e-16
1.1631705747361534e-16
1.3092278833360675e-16
6.9388939039072284e-17
1.3877787807814457e-16
2.7755575615628914e-17
1.0007415106216802e-16
8.3266726846886741e-17
1.1982543076799697e-16
1.1775693440128312e-16
2.3714374201337736e-16
1.5700924586837752e-16
5.5511151231257827e-17
3.3565890684838572e-16
2.2887833992611187e-16
1.3092278833360675e-16
1.1102850027993587e-16
1.3472894910096233e-16
3.4021815010030383e-16
2.2887833992611187e-16
8.3266726846886741e-17
1.5700924586837752e-16
3.3766115072321297e-16
1.0007415106216802e-16
1.1122170613126633e-16
8.7770836714417531e-17
2.8305244335018379e-16
2.3714374201337736e-16
1.2412670766236366e-16
2.2247786310271853e-16
1.6711069443220838e-16
7.6327832942979512e-17
1.1155283080737048e-16
2.2273038463490048e-16
1.1412835394692667e-16
3.5066844400131885e-17
3.6733365227980375e-17
1.1575211284587182e-16
2.272631512162613e-17
2.8336313041027932e-17
3.3733606761529384e-17
1.1842530624187931e-16
1.8008086617731941e-16
8.4498099598808136e-17
1.370769650435435e-16
3.3890049703351317e-16
2.2608158885434932e-16
2.2339600692994827e-16
3.330896344400486e-16
2.2320193209552918e-16
3.3656930778042954e-16
2.3235306106549812e-16
1.3915527019008537e-16
8.4226810256140126e-17
3.3838281200763007e-16
8.8655274219115115e-17
1.8490643604364574e-17
5.6239732538566832e-17
2.777997745875383e-16
1.1600473704368851e-16
4.5692057860523493e-17
2.2669617517374589e-16
1.1487433111628166e-16
1.1112133246408474e-16
1.1582476148505406e-16
1.1631705747361534e-16
1.2412670766236366e-16
1.3092278833360675e-16
2.7755575615628914e-17
1.2412670766236366e-16
5.5511151231257827e-17
1.0007415106216802e-16
5.707524095932936e-17
7.8504622934188758e-17
1.6883057536160649e-16
5.5511151231257827e-17
1.1102230246251565e-16
4.4495572620543707e-16
2.2377260456559048e-16
3.3766115072321297e-16
3.3307213149938035e-16
3.3659000130511772e-16
3.3422138886441676e-16
3.3335590258932494e-16
1.1443916996305594e-16
8.3266726846886741e-17
3.3766115072321297e-16
8.7770836714417531e-17
5.6052859917839381e-17
8.7770836714417531e-17
2.8305244335018379e-16
1.3877787807814457e-16
0
3.3335590258932494e-16
2.5476231888929306e-16
6.2450045135165055e-17
5.7509098210376862e-17
8.3266726846886741e-17
1.1102230246251565e-16
1.7772239894833365e-16
1.5700924586837752e-16
1.6653345369377348e-16
2.2887833992611187e-16
2.7894008272968645e-16
2.782360888076981e-16
2.8305244335018379e-16
2.9893669801409083e-16
2.9893669801409083e-16
1.6653345369377348e-16
1.7772239894833365e-16
1.5700924586837752e-16
1.5265566588595902e-16
2.2210182221092751e-16
1.3877787807814457e-16
2.6184557666721351e-16
1.6653345369377348e-16
2.2204460492503131e-16
3.5108334685767012e-16
3.554447978966673e-16
2.2887833992611187e-16
2.797843326161287e-16
2.7894008272968645e-16
2.7755575615628914e-16
3.1401849173675503e-16
1.5700924586837752e-16
1.1443916996305594e-16
2.4980018054066022e-16
1.7772239894833365e-16
2.3770790940314567e-16
2.2887833992611187e-16
3.3306690738754696e-16
1.1102230246251565e-16
5.5511151231257827e-17
2.2204460492503131e-16
1.2412670766236366e-16
1.1102230246251565e-16
1.1435202705342979e-16
1.2412670766236366e-16
2.4825341532472731e-16
1.1102230246251565e-16
2.4825341532472731e-16
4.5775667985222375e-16
3.3306690738754696e-16
2.5476231888929306e-16
2.2207746406424675e-16
2.5476231888929306e-16
4.4408920985006262e-16
2.7755575615628914e-16
1.2412670766236366e-16
1.1102230246251565e-16
4.4754520913118096e-16
2.2887833992611187e-16
1.2422474860462135e-16
1.2412670766236366e-16
3.5108334685767012e-16
0
1.2412670766236366e-16
3.5108334685767012e-16
2.4825341532472731e-16
1.6711069443220838e-16
1.5339725777901033e-16
1.5700924586837752e-16
2.0014830212433605e-16
1.2412670766236366e-16
0
1.5700924586837752e-16
1.2412670766236366e-16
2.7755575615628914e-17
1.999493740770554e-17
2.7755575615628914e-17
2.0014830212433605e-16
2.2204460492503131e-16
7.8504622934188758e-17
2.2887833992611187e-16
1.1102230246251565e-16
1.7772239894833365e-16
1.1167089746483755e-16
2.2377260456559048e-16
2.2887833992611187e-16
1.5700924586837752e-16
1.1102230246251565e-16
5.5511151231257827e-17
2.9893669801409083e-16
8.3266726846886741e-17
4.9602069912034433e-17
5.5511151231257827e-17
2.7755575615628914e-16
1.5700924586837752e-16
5.5511151231257827e-17
1.2412670766236366e-16
3.3306690738754696e-16
2.2377260456559048e-16
1.1342855081437276e-16
1.3877787807814457e-16
2.4825341532472731e-16
2.9893669801409083e-16
1.2412670766236366e-16
3.3306690738754696e-16
2.2204460492503131e-16
2.2247786310271853e-16
2.2233631816972654e-16
2.2247786310271853e-16
2.3714374201337736e-16
4.4408920985006262e-16
0
1.2412670766236366e-16
1.5700924586837752e-16
2.2204460492503131e-16
2.3349510090100773e-17
2.4980018054066022e-16
1.5700924586837752e-16
7.8504622934188758e-17
1.1102230246251565e-16
2.4825341532472731e-16
2.2377260456559048e-16
1.2412670766236366e-16
2.2620243007938097e-16
2.2204460492503131e-16
1.7772239894833365e-16
3.5108334685767012e-16
1.2412670766236366e-16
5.5511151231257827e-17
4.9960036108132044e-16
3.2487068343022356e-16
5.7359701528412545e-16
5.7219584981527971e-16
5.2662502028650516e-16
4.5775667985222375e-16
3.5108334685767012e-16
2.9893669801409083e-16
2.4825341532472731e-16
8.3266726846886741e-17
1.1136732910610893e-16
1.2490009027033011e-16
2.9893669801409083e-16
2.7336071744532853e-16
4.0412728104402651e-16
4.5775667985222375e-16
5.0267485386043072e-16
5.7955343351681902e-16
5.5699097955542346e-16
6.2063353831181828e-16
5.6610488670036757e-16
5.1178752665209032e-16
3.5108334685767012e-16
2.4825341532472731e-16
3.5108334685767012e-16
2.0014830212433605e-16
1.1944904241838376e-16
1.1102230246251565e-16
3.3306690738754696e-16
2.4825341532472731e-16
3.3306690738754696e-16
4.5775667985222375e-16
6.2803698347351007e-16
5.7152228177742574e-16
3.5809533448724045e-16
3.6082248300317588e-16
4.002966042486721e-16
3.554447978966673e-16
2.4825341532472731e-16
2.8609792490763985e-16
3.5571561302006606e-16
2.3263411494723067e-16
2.2208173865120309e-16
2.3714374201337736e-16
3.7878989011964018e-16
2.7755575615628914e-16
2.2204460492503131e-16
3.0531133177191805e-16
3.7751664318895328e-16
4.236704743275018e-16
3.3331227850361667e-16
3.9448084808579573e-16
3.5108334685767012e-16
3.0531133177191805e-16
2.9893669801409083e-16
2.6945789820192466e-16
2.118352371637509e-16
1.5218182408308987e-16
2.2367579101035114e-16
2.3479724158959924e-16
2.8609792490763985e-16
2.6184557666721351e-16
2.4825341532472731e-16
2.7755575615628914e-16
6.2063353831181828e-16
4.5182803598830274e-16
2.0910783365634471e-16
1.9465246476344319e-16
2.0454787917408223e-16
1.6181093264909667e-16
1.1483002572294697e-16
1.4186680962270995e-16
2.2831270284697708e-16
1.133116757226777e-16
1.110667370364886e-16
1.1388450334680073e-16
1.2408753609912186e-16
1.4433691042157196e-16
1.5601961600137566e-16
1.542967390998879e-16
1.267303641606978e-16
2.5927568055747014e-16
1.5351429249646797e-16
2.9889653216921555e-16
1.6688808282046376e-16
1.6837467239254485e-16
9.0858962193456961e-17
1.2708613674028814e-16
1.1692600104440556e-16
2.065249635634229e-17
1.1132401129929503e-16
1.1237032459520316e-16
1.2150694992761238e-16
1.3588974435708378e-16
1.1098392017865244e-16
1.748345195455978e-16
5.7171114822348836e-16
3.3496540669209243e-16
2.0236825594334691e-16
1.9626155733547189e-16
1.7772239894833365e-16
2.4825341532472731e-16
8.3266726846886741e-17
2.4236514457283391e-16
2.2887833992611187e-16
1.1443916996305594e-16
1.1137467468267813e-16
1.1857187100668868e-16
1.5700924586837752e-16
2.3714374201337736e-16
1.5700924586837752e-16
1.6653345369377348e-16
1.6653345369377348e-16
2.7755575615628914e-16
1.9515530841674978e-16
3.0022245318650411e-16
1.6653345369377348e-16
1.9428902930940239e-16
1.1102230246251565e-16
2.2887833992611187e-16
1.1102230246251565e-16
6.2450045135165055e-17
1.1613422259844351e-16
1.1631705747361534e-16
1.2490009027033011e-16
2.2591401799415137e-16
1.1102230246251565e-16
1.6653345369377348e-16
5.1851694305630762e-16
3.4777636565401969e-16
1.9380185069124726e-16
1.8619006149354548e-16
1.5700924586837752e-16
1.5700924586837752e-16
5.5511151231257827e-17
1.3877787807814457e-16
1.2412670766236366e-16
2.7755575615628914e-17
1.1169529381549848e-16
4.163336342344337e-17
1.7772239894833365e-16
2.2887833992611187e-16
1.1102230246251565e-16
2.2204460492503131e-16
1.7554167342883506e-16
2.7755575615628914e-16
1.6786299533775842e-16
2.3551386880256624e-16
2.2887833992611187e-16
2.0014830212433605e-16
1.5700924586837752e-16
2.7755575615628914e-17
2.2377260456559048e-16
1.2412670766236366e-16
1.1797713822676285e-16
4.163336342344337e-17
1.9428902930940239e-16
1.1443916996305594e-16
5.5511151231257827e-17
2.4825341532472731e-16
4.7428748402675471e-16
3.2368285245694688e-16
2.5018305410208001e-16
2.2887833992611187e-16
2.4825341532472731e-16
2.0014830212433605e-16
1.1102230246251565e-16
1.5700924586837752e-16
1.3877787807814457e-16
4.163336342344337e-17
1.3906828728987776e-17
5.5511151231257827e-17
1.7772239894833365e-16
1.2412670766236366e-16
2.0014830212433605e-16
3.3306690738754696e-16
2.2204460492503131e-16
2.9504581591051765e-16
2.2204619341753055e-16
3.1401849173675503e-16
2.2204460492503131e-16
2.9893669801409083e-16
1.6653345369377348e-16
1.2412670766236366e-16
2.4980018054066022e-16
1.3092278833360675e-16
3.8773017605969976e-17
5.5511151231257827e-17
2.7755575615628914e-16
1.1102230246251565e-16
1.1102230246251565e-16
2.2887833992611187e-16
4.0412728104402651e-16
2.4825341532472731e-16
1.5666045011682057e-16
1.5700924586837752e-16
2.4825341532472731e-16
1.2412670766236366e-16
5.5511151231257827e-17
0
0
2.7755575615628914e-17
1.9107264789347511e-17
2.7755575615628914e-17
1.6653345369377348e-16
1.1102230246251565e-16
7.8504622934188758e-17
3.3766115072321297e-16
2.2204460492503131e-16
2.0014830212433605e-16
1.1126200476881452e-16
1.7772239894833365e-16
2.2887833992611187e-16
2.4825341532472731e-16
1.2412670766236366e-16
5.5511151231257827e-17
2.9893669801409083e-16
2.7755575615628914e-17
4.6106661376808807e-17
0
2.2204460492503131e-16
1.2412670766236366e-16
0
1.2412670766236366e-16
3.3306690738754696e-16
2.2377260456559048e-16
2.3874838053862656e-16
2.3714374201337736e-16
1.7772239894833365e-16
1.5700924586837752e-16
5.5511151231257827e-17
1.5700924586837752e-16
2.2887833992611187e-16
1.1443916996305594e-16
1.1465561310592803e-16
1.2412670766236366e-16
2.7755575615628914e-16
1.2412670766236366e-16
1.2412670766236366e-16
4.4408920985006262e-16
2.2887833992611187e-16
2.5476231888929306e-16
2.222665813697895e-16
2.5476231888929306e-16
3.3766115072321297e-16
3.3306690738754696e-16
1.2412670766236366e-16
1.2412670766236366e-16
3.5108334685767012e-16
1.1102230246251565e-16
1.2566061761130654e-16
1.2412670766236366e-16
2.9893669801409083e-16
1.1102230246251565e-16
1.1102230246251565e-16
3.3306690738754696e-16
3.7751664318895328e-16
1.8875832159447664e-16
1.2146596857287017e-16
1.1857187100668868e-16
1.2412670766236366e-16
1.1443916996305594e-16
0
0
5.5511151231257827e-17
5.5511151231257827e-17
3.2509690224538617e-17
5.5511151231257827e-17
1.6653345369377348e-16
0
1.1102230246251565e-16
2.2887833992611187e-16
2.2377260456559048e-16
1.3877787807814457e-16
3.3307655177121091e-16
1.3877787807814457e-16
3.3306690738754696e-16
1.3877787807814457e-16
1.2412670766236366e-16
1.1102230246251565e-16
2.8305244335018379e-16
1.0007415106216802e-16
5.6946952195814471e-17
6.2063353831181828e-17
2.9893669801409083e-16
1.1102230246251565e-16
5.5511151231257827e-17
1.3877787807814457e-16
2.2377260456559048e-16
1.1102230246251565e-16
1.1257103436794365e-16
2.2301825219878386e-16
1.1857187100668868e-16
1.1443916996305594e-16
2.7755575615628914e-17
1.1443916996305594e-16
7.8504622934188758e-17
6.2063353831181828e-17
4.0864040635818894e-17
8.7770836714417531e-17
2.2204460492503131e-16
2.7755575615628914e-17
1.1443916996305594e-16
4.4430599737083413e-16
3.3422138886441676e-16
2.3065952118587559e-16
3.33101959012213e-16
2.2887833992611187e-16
2.2591401799415137e-16
3.3306690738754696e-16
1.1443916996305594e-16
2.7755575615628914e-17
3.8956806801599406e-16
1.1102230246251565e-16
4.3633934118961832e-17
5.5511151231257827e-17
3.3306690738754696e-16
1.1443916996305594e-16
0
3.3422138886441676e-16
2.4236514457283391e-16
1.2738115944464653e-16
1.110465929120305e-16
2.2204994477571042e-16
1.1171541869363491e-16
2.7507121847700553e-17
3.0542038838361828e-17
1.1414429551578517e-16
6.3473166053083772e-17
4.8290935717205682e-17
5.1540665708565008e-17
1.1914407159285005e-16
2.2666833815487515e-16
3.9529428781564811e-17
1.1385535319751097e-16
3.3343437022125525e-16
3.3330730053266199e-16
2.2209482150813639e-16
3.3319708174626569e-16
2.2248389037731622e-16
2.221189181553457e-16
2.2220521552533402e-16
1.1566139638907754e-16
4.597183671390179e-17
3.8981283976406082e-16
8.6508335639255595e-17
4.6394609781840969e-17
8.4109041378199684e-17
3.3658717090906805e-16
1.1517857144472148e-16
3.1296989658715733e-17
2.2420409736799372e-16
1.1208061354631363e-16
1.1102261887345355e-16
1.1444086776084278e-16
2.2591401799415137e-16
1.3092278833360675e-16
1.3092278833360675e-16
5.5511151231257827e-17
1.2412670766236366e-16
1.0007415106216802e-16
8.7770836714417531e-17
8.7295964974674553e-17
1.3877787807814457e-16
2.3714374201337736e-16
8.3266726846886741e-17
1.1443916996305594e-16
4.4430599737083413e-16
2.2247786310271853e-16
2.2887833992611187e-16
3.3324868075174814e-16
2.3065952118587559e-16
3.3335590258932494e-16
3.3306690738754696e-16
1.2412670766236366e-16
8.3266726846886741e-17
3.8956806801599406e-16
1.0007415106216802e-16
8.6135137892039507e-17
1.0007415106216802e-16
3.3766115072321297e-16
1.5700924586837752e-16
5.5511151231257827e-17
3.3335590258932494e-16
2.6184557666721351e-16
1.3092278833360675e-16
5.7989436026641242e-17
8.3266726846886741e-17
1.3877787807814457e-16
1.5700924586837752e-16
2.0014830212433605e-16
1.1102230246251565e-16
1.6653345369377348e-16
1.6883057536160649e-16
1.6714609614368243e-16
1.7554167342883506e-16
1.7554167342883506e-16
1.1102230246251565e-16
5.5511151231257827e-17
2.2887833992611187e-16
1.3877787807814457e-16
1.2490009027033011e-16
2.2206903938236042e-16
1.1102230246251565e-16
2.2887833992611187e-16
1.1443916996305594e-16
1.6653345369377348e-16
2.0014830212433605e-16
2.9893669801409083e-16
1.6883057536160649e-16
1.7157829088639195e-16
1.6653345369377348e-16
2.3551386880256624e-16
2.0014830212433605e-16
1.5700924586837752e-16
1.2412670766236366e-16
2.4980018054066022e-16
1.7772239894833365e-16
1.3839996722967768e-16
2.3263411494723067e-16
3.3766115072321297e-16
1.2412670766236366e-16
0
2.2887833992611187e-16
1.1102230246251565e-16
0
7.9956983841820979e-18
5.5511151231257827e-17
2.2204460492503131e-16
1.2412670766236366e-16
2.2887833992611187e-16
4.4754520913118096e-16
3.3766115072321297e-16
2.6945789820192466e-16
3.3312250864150053e-16
2.5476231888929306e-16
4.4495572620543707e-16
2.4825341532472731e-16
1.1102230246251565e-16
1.2412670766236366e-16
4.0412728104402651e-16
1.2412670766236366e-16
4.9318714193110138e-17
5.5511151231257827e-17
2.9893669801409083e-16
5.5511151231257827e-17
1.1102230246251565e-16
3.3766115072321297e-16
2.9893669801409083e-16
1.8875832159447664e-16
9.788844433132963e-17
8.3266726846886741e-17
1.1102230246251565e-16
1.2412670766236366e-16
7.8504622934188758e-17
1.2412670766236366e-16
2.2887833992611187e-16
1.1102230246251565e-16
1.1197972265568471e-16
1.1443916996305594e-16
2.4825341532472731e-16
3.5108334685767012e-16
0
2.2887833992611187e-16
1.1102230246251565e-16
2.2204460492503131e-16
5.4194529584787324e-19
2.2204460492503131e-16
2.0014830212433605e-16
0
7.8504622934188758e-17
1.2412670766236366e-16
2.7755575615628914e-16
1.1443916996305594e-16
1.2126395311914577e-16
1.1443916996305594e-16
2.0014830212433605e-16
3.7238012298709097e-16
1.5700924586837752e-16
1.2412670766236366e-16
3.5108334685767012e-16
2.2204460492503131e-16
1.0681423262457423e-16
1.6653345369377348e-16
2.9893669801409083e-16
3.5108334685767012e-16
2.2887833992611187e-16
3.3306690738754696e-16
3.3422138886441676e-16
3.3422138886441676e-16
3.336930159329111e-16
3.3422138886441676e-16
3.5108334685767012e-16
5.5788016545937291e-16
1.1102230246251565e-16
1.5700924586837752e-16
1.5700924586837752e-16
2.4980018054066022e-16
1.3510780372711144e-17
2.7755575615628914e-16
2.0014830212433605e-16
1.2412670766236366e-16
2.2204460492503131e-16
3.3766115072321297e-16
2.9893669801409083e-16
2.2591401799415137e-16
3.3583845823597255e-16
3.3335590258932494e-16
2.4825341532472731e-16
5.6610488670036757e-16
2.2887833992611187e-16
1.1102230246251565e-16
5.5511151231257827e-16
3.5108334685767012e-16
1.5359141029379726e-16
1.4946834900704541e-16
1.7554167342883506e-16
1.1102230246251565e-16
1.2412670766236366e-16
1.1443916996305594e-16
3.3422138886441676e-16
2.2247786310271853e-16
2.2273150320817725e-16
1.1857187100668868e-16
2.4825341532472731e-16
1.2412670766236366e-16
0
1.5700924586837752e-16
1.1102230246251565e-16
2.0206364052201326e-16
6.8197486088738293e-17
2.5589376332604516e-16
1.2412670766236366e-16
5.5511151231257827e-17
1.2412670766236366e-16
1.1443916996305594e-16
1.9428902930940239e-16
2.7755575615628914e-17
2.2369220057216869e-16
2.7755575615628914e-17
8.3266726846886741e-17
1.3877787807814457e-16
1.1102230246251565e-16
1.1102230246251565e-16
4.9960036108132044e-16
2.7755575615628914e-16
2.8180376106552934e-16
2.7755575615628914e-16
2.7755575615628914e-16
2.9504581591051765e-16
1.7772239894833365e-16
3.5571561302006606e-16
3.4331750988916778e-16
3.3565890684838572e-16
2.2231400474078585e-16
2.3263411494723067e-16
1.6711069443220838e-16
3.5108334685767012e-16
1.3877787807814457e-16
2.2204460492503131e-16
2.5589376332604516e-16
3.554447978966673e-16
2.4989492962650893e-16
3.3422138886441676e-16
2.2887833992611187e-16
1.9428902930940239e-16
2.2377260456559048e-16
3.5571561302006606e-16
2.6945789820192466e-16
1.2118257228641695e-16
2.2221266538273444e-16
1.2738115944464653e-16
1.7772239894833365e-16
3.4694469519536142e-16
2.0014830212433605e-16
1.9428902930940239e-16
5.8813010296357691e-16
4.002966042486721e-16
1.4927952194812555e-16
1.944899384517818e-16
2.2236220863651632e-16
2.2278464247701496e-16
2.2255721521341263e-16
3.3309760724453343e-16
4.4409157975933352e-16
4.4410826948604169e-16
3.3307987346345195e-16
3.3309155063737557e-16
3.3339265439812422e-16
3.3343919606690208e-16
1.110223028468829e-16
8.2865260716154671e-18
1.1109938401024463e-16
2.7787335424856813e-16
2.0718998637748485e-17
3.0642404681597335e-16
1.1654054128926355e-16
2.3962206193112635e-17
2.2224819330742886e-16
3.3308341143638763e-16
1.1110644040466868e-16
2.2215148910194319e-16
3.3307075653505047e-16
2.2216749616754671e-16
1.1123590793005936e-16
3.3307933723545865e-16
2.2238126752339169e-16
2.8851846666398272e-17
6.1121852051709307e-16
3.6114076667569759e-16
2.943143718149913e-16
3.0022245318650411e-16
2.7755575615628914e-16
2.9504581591051765e-16
2.0014830212433605e-16
3.6638411145107034e-16
3.4694469519536142e-16
3.3659000130511772e-16
2.2216339116155905e-16
2.3714374201337736e-16
2.6945789820192466e-16
3.6082248300317588e-16
1.6653345369377348e-16
2.4980018054066022e-16
2.5589376332604516e-16
3.7341307954279784e-16
3.0595455405618398e-16
3.9252311467094378e-16
2.8305244335018379e-16
2.7755575615628914e-16
2.4825341532472731e-16
3.5571561302006606e-16
2.118352371637509e-16
1.2738115944464653e-16
2.2218163127957705e-16
1.2412670766236366e-16
1.7772239894833365e-16
3.4694469519536142e-16
2.0014830212433605e-16
2.4980018054066022e-16
6.0872729633235947e-16
4.335559509131367e-16
1.2664681719042054e-16
1.4946834900704541e-16
2.2204460492503131e-16
2.2204460492503131e-16
2.2204460492503131e-16
1.3877787807814457e-16
3.3422138886441676e-16
2.2204460492503131e-16
3.3341913774115079e-16
2.2591401799415137e-16
3.4331750988916778e-16
3.3422138886441676e-16
1.2412670766236366e-16
1.6653345369377348e-16
7.8504622934188758e-17
2.8305244335018379e-16
5.8111520822734796e-17
2.2887833992611187e-16
1.5700924586837752e-16
1.1102230246251565e-16
2.2204460492503131e-16
1.1102230246251565e-16
2.4825341532472731e-16
1.1443916996305594e-16
3.3506145721594889e-16
2.2377260456559048e-16
2.3714374201337736e-16
3.3422138886441676e-16
1.1102230246251565e-16
1.1102230246251565e-16
5.5788016545937291e-16
3.3766115072321297e-16
1.1904620485511189e-16
1.3877787807814457e-16
1.6653345369377348e-16
2.8305244335018379e-16
2.2887833992611187e-16
3.3306690738754696e-16
4.4495572620543707e-16
2.2204460492503131e-16
2.2248012713715001e-16
2.2591401799415137e-16
3.5108334685767012e-16
2.4825341532472731e-16
0
1.2412670766236366e-16
5.5511151231257827e-17
2.2204460492503131e-16
6.6336597732556792e-18
2.2204460492503131e-16
1.5700924586837752e-16
7.8504622934188758e-17
2.2204460492503131e-16
3.3766115072321297e-16
2.9893669801409083e-16
1.1443916996305594e-16
2.316934391615153e-16
2.2591401799415137e-16
1.5700924586837752e-16
2.7755575615628914e-16
1.2412670766236366e-16
7.8504622934188758e-17
5.1178752665209032e-16
2.9893669801409083e-16
1.5084711216750862e-16
1.5700924586837752e-16
2.7755575615628914e-16
1.6653345369377348e-16
5.5511151231257827e-17
2.2887833992611187e-16
2.4825341532472731e-16
1.1443916996305594e-16
1.1113827312682136e-16
1.2412670766236366e-16
2.0014830212433605e-16
2.2887833992611187e-16
5.5511151231257827e-17
2.2204460492503131e-16
2.2887833992611187e-16
2.2377260456559048e-16
1.1193561029735506e-16
2.0014830212433605e-16
2.2887833992611187e-16
3.3766115072321297e-16
1.2412670766236366e-16
1.1102230246251565e-16
3.8857805861880479e-16
1.2412670766236366e-16
1.3201675095779083e-16
1.2412670766236366e-16
2.2204460492503131e-16
1.5700924586837752e-16
1.1102230246251565e-16
2.2887833992611187e-16
3.8857805861880479e-16
2.4825341532472731e-16
2.3752420393517873e-16
2.2591401799415137e-16
2.4825341532472731e-16
1.2412670766236366e-16
0
2.2204460492503131e-16
2.0014830212433605e-16
5.5511151231257827e-17
7.9219114674868828e-18
1.1102230246251565e-16
2.4825341532472731e-16
1.2412670766236366e-16
1.2412670766236366e-16
4.4754520913118096e-16
2.2377260456559048e-16
2.4825341532472731e-16
2.2256239864953676e-16
2.6184557666721351e-16
3.3306690738754696e-16
3.3766115072321297e-16
1.1102230246251565e-16
1.1102230246251565e-16
3.8857805861880479e-16
1.5700924586837752e-16
5.0071035824767466e-17
8.3266726846886741e-17
2.7755575615628914e-16
5.5511151231257827e-17
0
3.3766115072321297e-16
2.9893669801409083e-16
1.6711069443220838e-16
1.2344796504034638e-16
1.1102230246251565e-16
1.6653345369377348e-16
2.7336071744532853e-16
2.9893669801409083e-16
3.8857805861880479e-16
2.8305244335018379e-16
3.3306690738754696e-16
3.3448535432812316e-16
3.3766115072321297e-16
3.2368285245694688e-16
2.4825341532472731e-16
1.5700924586837752e-16
2.3714374201337736e-16
1.5700924586837752e-16
1.3877787807814457e-16
1.1118640836803152e-16
1.5265566588595902e-16
2.4825341532472731e-16
1.5700924586837752e-16
1.6653345369377348e-16
2.9893669801409083e-16
4.002966042486721e-16
2.8305244335018379e-16
3.3343289898728329e-16
3.3422138886441676e-16
3.554447978966673e-16
4.002966042486721e-16
2.7755575615628914e-16
1.7772239894833365e-16
2.7755575615628914e-16
2.118352371637509e-16
1.1243519085773464e-16
1.1631705747361534e-16
1.3092278833360675e-16
6.9388939039072284e-17
1.3877787807814457e-16
2.7755575615628914e-17
1.0007415106216802e-16
8.3266726846886741e-17
1.1982543076799697e-16
1.1775693440128312e-16
2.3714374201337736e-16
1.5700924586837752e-16
5.5511151231257827e-17
3.3565890684838572e-16
2.2887833992611187e-16
1.3092278833360675e-16
1.1102850027993587e-16
1.3472894910096233e-16
3.4021815010030383e-16
2.2887833992611187e-16
8.3266726846886741e-17
1.5700924586837752e-16
3.3766115072321297e-16
1.0007415106216802e-16
1.1122170613126633e-16
8.7770836714417531e-17
2.8305244335018379e-16
2.3714374201337736e-16
1.2412670766236366e-16
2.2247786310271853e-16
1.6711069443220838e-16
7.6327832942979512e-17
1.1155283080737048e-16
2.2273038463490048e-16
1.1412835394692667e-16
3.5066844400131885e-17
3.6733365227980375e-17
1.1575211284587182e-16
2.272631512162613e-17
2.8336313041027932e-17
3.3733606761529384e-17
1.1842530624187931e-16
1.8008086617731941e-16
8.4498099598808136e-17
1.370769650435435e-16
3.3890049703351317e-16
2.2608158885434932e-16
2.2339600692994827e-16
3.330896344400486e-16
2.2320193209552918e-16
3.3656930778042954e-16
2.3235306106549812e-16
1.3915527019008537e-16
8.4226810256140126e-17
3.3838281200763007e-16
8.8655274219115115e-17
1.8490643604364574e-17
5.6239732538566832e-17
2.777997745875383e-16
1.1600473704368851e-16
4.5692057860523493e-17
2.2669617517374589e-16
1.1487433111628166e-16
1.1112133246408474e-16
1.1582476148505406e-16
1.1631705747361534e-16
1.2412670766236366e-16
1.3092278833360675e-16
2.7755575615628914e-17
1.2412670766236366e-16
5.5511151231257827e-17
1.0007415106216802e-16
5.707524095932936e-17
7.8504622934188758e-17
1.6883057536160649e-16
5.5511151231257827e-17
1.1102230246251565e-16
4.4495572620543707e-16
2.2377260456559048e-16
3.3766115072321297e-16
3.3307213149938035e-16
3.3659000130511772e-16
3.3422138886441676e-16
3.3335590258932494e-16
1.1443916996305594e-16
8.3266726846886741e-17
3.3766115072321297e-16
8.7770836714417531e-17
5.6052859917839381e-17
8.7770836714417531e-17
2.8305244335018379e-16
1.3877787807814457e-16
0
3.3335590258932494e-16
2.5476231888929306e-16
6.2450045135165055e-17
5.7509098210376862e-17
8.3266726846886741e-17
1.1102230246251565e-16
1.7772239894833365e-16
1.5700924586837752e-16
1.6653345369377348e-16
2.2887833992611187e-16
2.7894008272968645e-16
2.782360888076981e-16
2.8305244335018379e-16
2.9893669801409083e-16
2.9893669801409083e-16
1.6653345369377348e-16
1.7772239894833365e-16
1.5700924586837752e-16
1.5265566588595902e-16
2.2210182221092751e-16
1.3877787807814457e-16
2.6184557666721351e-16
1.6653345369377348e-16
2.2204460492503131e-16
3.5108334685767012e-16
3.554447978966673e-16
2.2887833992611187e-16
2.797843326161287e-16
2.7894008272968645e-16
2.7755575615628914e-16
3.1401849173675503e-16
1.5700924586837752e-16
1.1443916996305594e-16
2.4980018054066022e-16
1.7772239894833365e-16
2.3770790940314567e-16
2.2887833992611187e-16
3.3306690738754696e-16
1.1102230246251565e-16
5.5511151231257827e-17
2.2204460492503131e-16
1.2412670766236366e-16
1.1102230246251565e-16
1.1435202705342979e-16
1.2412670766236366e-16
2.4825341532472731e-16
1.1102230246251565e-16
2.4825341532472731e-16
4.5775667985222375e-16
3.3306690738754696e-16
2.5476231888929306e-16
2.2207746406424675e-16
2.5476231888929306e-16
4.4408920985006262e-16
2.7755575615628914e-16
1.2412670766236366e-16
1.1102230246251565e-16
4.4754520913118096e-16
2.2887833992611187e-16
1.2422474860462135e-16
1.2412670766236366e-16
3.5108334685767012e-16
0
1.2412670766236366e-16
3.5108334685767012e-16
2.4825341532472731e-16
1.6711069443220838e-16
1.5339725777901033e-16
1.5700924586837752e-16
2.0014830212433605e-16
1.2412670766236366e-16
0
1.5700924586837752e-16
1.2412670766236366e-16
2.7755575615628914e-17
1.999493740770554e-17
2.7755575615628914e-17
2.0014830212433605e-16
2.2204460492503131e-16
7.8504622934188758e-17
2.2887833992611187e-16
1.1102230246251565e-16
1.7772239894833365e-16
1.1167089746483755e-16
2.2377260456559048e-16
2.2887833992611187e-16
1.5700924586837752e-16
1.1102230246251565e-16
5.5511151231257827e-17
2.9893669801409083e-16
8.3266726846886741e-17
4.9602069912034433e-17
5.5511151231257827e-17
2.7755575615628914e-16
1.5700924586837752e-16
5.5511151231257827e-17
1.2412670766236366e-16
3.3306690738754696e-16
2.2377260456559048e-16
1.1342855081437276e-16
1.3877787807814457e-16
2.4825341532472731e-16
2.9893669801409083e-16
1.2412670766236366e-16
3.3306690738754696e-16
2.2204460492503131e-16
2.2247786310271853e-16
2.2233631816972654e-16
2.2247786310271853e-16
2.3714374201337736e-16
4.4408920985006262e-16
0
1.2412670766236366e-16
1.5700924586837752e-16
2.2204460492503131e-16
2.3349510090100773e-17
2.4980018054066022e-16
1.5700924586837752e-16
7.8504622934188758e-17
1.1102230246251565e-16
2.4825341532472731e-16
2.2377260456559048e-16
1.2412670766236366e-16
2.2620243007938097e-16
2.2204460492503131e-16
1.7772239894833365e-16
3.5108334685767012e-16
1.2412670766236366e-16
5.5511151231257827e-17
4.9960036108132044e-16
3.2487068343022356e-16
5.7359701528412545e-16
5.7219584981527971e-16
5.2662502028650516e-16
4.5775667985222375e-16
3.5108334685767012e-16
2.9893669801409083e-16
2.4825341532472731e-16
8.3266726846886741e-17
1.1136732910610893e-16
1.2490009027033011e-16
2.9893669801409083e-16
2.7336071744532853e-16
4.0412728104402651e-16
4.5775667985222375e-16
5.0267485386043072e-16
5.7955343351681902e-16
5.5699097955542346e-16
6.2063353831181828e-16
5.6610488670036757e-16
5.1178752665209032e-16
3.5108334685767012e-16
2.4825341532472731e-16
3.5108334685767012e-16
2.0014830212433605e-16
1.1944904241838376e-16
1.1102230246251565e-16
3.3306690738754696e-16
2.4825341532472731e-16
3.3306690738754696e-16
4.5775667985222375e-16
6.2803698347351007e-16
5.7152228177742574e-16
3.5809533448724045e-16
3.6082248300317588e-16
4.002966042486721e-16
3.554447978966673e-16
2.4825341532472731e-16
2.8609792490763985e-16
3.5571561302006606e-16
2.3263411494723067e-16
2.2208173865120309e-16
2.3714374201337736e-16
3.7878989011964018e-16
2.7755575615628914e-16
2.2204460492503131e-16
3.0531133177191805e-16
3.7751664318895328e-16
4.236704743275018e-16
3.3331227850361667e-16
3.9448084808579573e-16
3.5108334685767012e-16
3.0531133177191805e-16
2.9893669801409083e-16
2.6945789820192466e-16
2.118352371637509e-16
1.5218182408308987e-16
2.2367579101035114e-16
2.3479724158959924e-16
2.8609792490763985e-16
2.6184557666721351e-16
2.4825341532472731e-16
2.7755575615628914e-16
6.2063353831181828e-16
4.5182803598830274e-16
2.0910783365634471e-16
1.9465246476344319e-16
2.0454787917408223e-16
1.6181093264909667e-16
1.1483002572294697e-16
1.4186680962270995e-16
2.2831270284697708e-16
1.133116757226777e-16
1.110667370364886e-16
1.1388450334680073e-16
1.2408753609912186e-16
1.4433691042157196e-16
1.5601961600137566e-16
1.542967390998879e-16
1.267303641606978e-16
2.5927568055747014e-16
1.5351429249646797e-16
2.9889653216921555e-16
1.6688808282046376e-16
1.6837467239254485e-16
9.0858962193456961e-17
1.2708613674028814e-16
1.1692600104440556e-16
2.065249635634229e-17
1.1132401129929503e-16
1.1237032459520316e-16
1.2150694992761238e-16
1.3588974435708378e-16
1.1098392017865244e-16
1.748345195455978e-16
5.7171114822348836e-16
3.3496540669209243e-16
2.0236825594334691e-16
1.9626155733547189e-16
1.7772239894833365e-16
2.4825341532472731e-16
8.3266726846886741e-17
2.4236514457283391e-16
2.2887833992611187e-16
1.1443916996305594e-16
1.1137467468267813e-16
1.1857187100668868e-16
1.5700924586837752e-16
2.3714374201337736e-16
1.5700924586837752e-16
1.6653345369377348e-16
1.6653345369377348e-16
2.7755575615628914e-16
1.9515530841674978e-16
3.0022245318650411e-16
1.6653345369377348e-16
1.9428902930940239e-16
1.1102230246251565e-16
2.2887833992611187e-16
1.1102230246251565e-16
6.2450045135165055e-17
1.1613422259844351e-16
1.1631705747361534e-16
1.2490009027033011e-16
2.2591401799415137e-16
1.1102230246251565e-16
1.6653345369377348e-16
5.1851694305630762e-16
3.4777636565401969e-16
1.9380185069124726e-16
1.8619006149354548e-16
1.5700924586837752e-16
1.5700924586837752e-16
5.5511151231257827e-17
1.3877787807814457e-16
1.2412670766236366e-16
2.7755575615628914e-17
1.1169529381549848e-16
4.163336342344337e-17
1.7772239894833365e-16
2.2887833992611187e-16
1.1102230246251565e-16
2.2204460492503131e-16
1.7554167342883506e-16
2.7755575615628914e-16
1.6786299533775842e-16
2.3551386880256624e-16
2.2887833992611187e-16
2.0014830212433605e-16
1.5700924586837752e-16
2.7755575615628914e-17
2.2377260456559048e-16
1.2412670766236366e-16
1.1797713822676285e-16
4.163336342344337e-17
1.9428902930940239e-16
1.1443916996305594e-16
5.5511151231257827e-17
2.4825341532472731e-16
4.7428748402675471e-16
3.2368285245694688e-16
2.5018305410208001e-16
2.2887833992611187e-16
2.4825341532472731e-16
2.0014830212433605e-16
1.1102230246251565e-16
1.5700924586837752e-16
1.3877787807814457e-16
4.163336342344337e-17
1.3906828728987776e-17
5.5511151231257827e-17
1.7772239894833365e-16
1.2412670766236366e-16
2.0014830212433605e-16
3.3306690738754696e-16
2.2204460492503131e-16
2.9504581591051765e-16
2.2204619341753055e-16
3.1401849173675503e-16
2.2204460492503131e-16
2.9893669801409083e-16
1.6653345369377348e-16
1.2412670766236366e-16
2.4980018054066022e-16
1.3092278833360675e-16
3.8773017605969976e-17
5.5511151231257827e-17
2.7755575615628914e-16
1.1102230246251565e-16
1.1102230246251565e-16
2.2887833992611187e-16
4.0412728104402651e-16
2.4825341532472731e-16
1.5666045011682057e-16
1.5700924586837752e-16
2.4825341532472731e-16
1.2412670766236366e-16
5.5511151231257827e-17
0
0
2.7755575615628914e-17
1.9107264789347511e-17
2.7755575615628914e-17
1.6653345369377348e-16
1.1102230246251565e-16
7.8504622934188758e-17
3.3766115072321297e-16
2.2204460492503131e-16
2.0014830212433605e-16
1.1126200476881452e-16
1.7772239894833365e-16
2.2887833992611187e-16
2.4825341532472731e-16
1.2412670766236366e-16
5.5511151231257827e-17
2.9893669801409083e-16
2.7755575615628914e-17
4.6106661376808807e-17
0
2.2204460492503131e-16
1.2412670766236366e-16
0
1.2412670766236366e-16
3.3306690738754696e-16
2.2377260456559048e-16
2.3874838053862656e-16
2.3714374201337736e-16
1.7772239894833365e-16
1.5700924586837752e-16
5.5511151231257827e-17
1.5700924586837752e-16
2.2887833992611187e-16
1.1443916996305594e-16
1.1465561310592803e-16
1.2412670766236366e-16
2.7755575615628914e-16
1.2412670766236366e-16
1.2412670766236366e-16
4.4408920985006262e-16
2.2887833992611187e-16
2.5476231888929306e-16
2.222665813697895e-16
2.5476231888929306e-16
3.3766115072321297e-16
3.3306690738754696e-16
1.2412670766236366e-16
1.2412670766236366e-16
3.5108334685767012e-16
1.1102230246251565e-16
1.2566061761130654e-16
1.2412670766236366e-16
2.9893669801409083e-16
1.1102230246251565e-16
1.1102230246251565e-16
3.3306690738754696e-16
3.7751664318895328e-16
1.8875832159447664e-16
1.2146596857287017e-16
1.1857187100668868e-16
1.2412670766236366e-16
1.1443916996305594e-16
0
0
5.5511151231257827e-17
5.5511151231257827e-17
3.2509690224538617e-17
5.5511151231257827e-17
1.6653345369377348e-16
0
1.1102230246251565e-16
2.2887833992611187e-16
2.2377260456559048e-16
1.3877787807814457e-16
3.3307655177121091e-16
1.3877787807814457e-16
3.3306690738754696e-16
1.3877787807814457e-16
1.2412670766236366e-16
1.1102230246251565e-16
2.8305244335018379e-16
1.0007415106216802e-16
5.6946952195814471e-17
6.2063353831181828e-17
2.9893669801409083e-16
1.1102230246251565e-16
5.5511151231257827e-17
1.3877787807814457e-16
2.2377260456559048e-16
1.1102230246251565e-16
1.1257103436794365e-16
2.2301825219878386e-16
1.1857187100668868e-16
1.1443916996305594e-16
2.7755575615628914e-17
1.1443916996305594e-16
7.8504622934188758e-17
6.2063353831181828e-17
4.0864040635818894e-17
8.7770836714417531e-17
2.2204460492503131e-16
2.7755575615628914e-17
1.1443916996305594e-16
4.4430599737083413e-16
3.3422138886441676e-16
2.3065952118587559e-16
3.33101959012213e-16
2.2887833992611187e-16
2.2591401799415137e-16
3.3306690738754696e-16
1.1443916996305594e-16
2.7755575615628914e-17
3.8956806801599406e-16
1.1102230246251565e-16
4.3633934118961832e-17
5.5511151231257827e-17
3.3306690738754696e-16
1.1443916996305594e-16
0
3.3422138886441676e-16
2.4236514457283391e-16
1.2738115944464653e-16
1.110465929120305e-16
2.2204994477571042e-16
1.1171541869363491e-16
2.7507121847700553e-17
3.0542038838361828e-17
1.1414429551578517e-16
6.3473166053083772e-17
4.8290935717205682e-17
5.1540665708565008e-17
1.1914407159285005e-16
2.2666833815487515e-16
3.9529428781564811e-17
1.1385535319751097e-16
3.3343437022125525e-16
3.3330730053266199e-16
2.2209482150813639e-16
3.3319708174626569e-16
2.2248389037731622e-16
2.221189181553457e-16
2.2220521552533402e-16
1.1566139638907754e-16
4.597183671390179e-17
3.8981283976406082e-16
8.6508335639255595e-17
4.6394609781840969e-17
8.4109041378199684e-17
3.3658717090906805e-16
1.1517857144472148e-16
3.1296989658715733e-17
2.2420409736799372e-16
1.1208061354631363e-16
1.1102261887345355e-16
1.1444086776084278e-16
2.2591401799415137e-16
1.3092278833360675e-16
1.3092278833360675e-16
5.5511151231257827e-17
1.2412670766236366e-16
1.0007415106216802e-16
8.7770836714417531e-17
8.7295964974674553e-17
1.3877787807814457e-16
2.3714374201337736e-16
8.3266726846886741e-17
1.1443916996305594e-16
4.4430599737083413e-16
2.2247786310271853e-16
2.2887833992611187e-16
3.3324868075174814e-16
2.3065952118587559e-16
3.3335590258932494e-16
3.3306690738754696e-16
1.2412670766236366e-16
8.3266726846886741e-17
3.8956806801599406e-16
1.0007415106216802e-16
8.6135137892039507e-17
1.0007415106216802e-16
3.3766115072321297e-16
1.5700924586837752e-16
5.5511151231257827e-17
3.3335590258932494e-16
2.6184557666721351e-16
1.3092278833360675e-16
5.7989436026641242e-17
8.3266726846886741e-17
1.3877787807814457e-16
1.5700924586837752e-16
2.0014830212433605e-16
1.1102230246251565e-16
1.6653345369377348e-16
1.6883057536160649e-16
1.6714609614368243e-16
1.7554167342883506e-16
1.7554167342883506e-16
1.1102230246251565e-16
5.5511151231257827e-17
2.2887833992611187e-16
1.3877787807814457e-16
1.2490009027033011e-16
2.2206903938236042e-16
1.1102230246251565e-16
2.2887833992611187e-16
1.1443916996305594e-16
1.6653345369377348e-16
2.0014830212433605e-16
2.9893669801409083e-16
1.6883057536160649e-16
1.7157829088639195e-16
1.6653345369377348e-16
2.3551386880256624e-16
2.0014830212433605e-16
1.5700924586837752e-16
1.2412670766236366e-16
2.4980018054066022e-16
1.7772239894833365e-16
1.3839996722967768e-16
2.3263411494723067e-16
3.3766115072321297e-16
1.2412670766236366e-16
0
2.2887833992611187e-16
1.1102230246251565e-16
0
7.9956983841820979e-18
5.5511151231257827e-17
2.2204460492503131e-16
1.2412670766236366e-16
2.2887833992611187e-16
4.4754520913118096e-16
3.3766115072321297e-16
2.6945789820192466e-16
3.3312250864150053e-16
2.5476231888929306e-16
4.4495572620543707e-16
2.4825341532472731e-16
1.1102230246251565e-16
1.2412670766236366e-16
4.0412728104402651e-16
1.2412670766236366e-16
4.9318714193110138e-17
5.5511151231257827e-17
2.9893669801409083e-16
5.5511151231257827e-17
1.1102230246251565e-16
3.3766115072321297e-16
2.9893669801409083e-16
1.8875832159447664e-16
9.788844433132963e-17
8.3266726846886741e-17
1.1102230246251565e-16
1.2412670766236366e-16
7.8504622934188758e-17
1.2412670766236366e-16
2.2887833992611187e-16
1.1102230246251565e-16
1.1197972265568471e-16
1.1443916996305594e-16
2.4825341532472731e-16
3.5108334685767012e-16
0
2.2887833992611187e-16
1.1102230246251565e-16
2.2204460492503131e-16
5.4194529584787324e-19
2.2204460492503131e-16
2.0014830212433605e-16
0
7.8504622934188758e-17
1.2412670766236366e-16
2.7755575615628914e-16
1.1443916996305594e-16
1.2126395311914577e-16
1.1443916996305594e-16
2.0014830212433605e-16
3.7238012298709097e-16
1.5700924586837752e-16
1.2412670766236366e-16
3.5108334685767012e-16
2.2204460492503131e-16
1.0681423262457423e-16
1.6653345369377348e-16
2.9893669801409083e-16
3.5108334685767012e-16
2.2887833992611187e-16
3.3306690738754696e-16
3.3422138886441676e-16
3.3422138886441676e-16
3.336930159329111e-16
3.3422138886441676e-16
3.5108334685767012e-16
5.5788016545937291e-16
1.1102230246251565e-16
1.5700924586837752e-16
1.5700924586837752e-16
2.4980018054066022e-16
1.3510780372711144e-17
2.7755575615628914e-16
2.0014830212433605e-16
1.2412670766236366e-16
2.2204460492503131e-16
3.3766115072321297e-16
2.9893669801409083e-16
2.2591401799415137e-16
3.3583845823597255e-16
3.3335590258932494e-16
2.4825341532472731e-16
5.6610488670036757e-16
2.2887833992611187e-16
1.1102230246251565e-16
5.5511151231257827e-16
3.5108334685767012e-16
1.5359141029379726e-16
1.4946834900704541e-16
1.7554167342883506e-16
1.1102230246251565e-16
1.2412670766236366e-16
1.1443916996305594e-16
3.3422138886441676e-16
2.2247786310271853e-16
2.2273150320817725e-16
1.1857187100668868e-16
2.4825341532472731e-16
1.2412670766236366e-16
0
1.5700924586837752e-16
1.1102230246251565e-16
2.0206364052201326e-16
6.8197486088738293e-17
2.5589376332604516e-16
1.2412670766236366e-16
5.5511151231257827e-17
1.2412670766236366e-16
1.1443916996305594e-16
1.9428902930940239e-16
2.7755575615628914e-17
2.2369220057216869e-16
2.7755575615628914e-17
8.3266726846886741e-17
1.3877787807814457e-16
1.1102230246251565e-16
1.1102230246251565e-16
4.9960036108132044e-16
2.7755575615628914e-16
2.8180376106552934e-16
2.7755575615628914e-16
2.7755575615628914e-16
2.9504581591051765e-16
1.7772239894833365e-16
3.5571561302006606e-16
3.4331750988916778e-16
3.3565890684838572e-16
2.2231400474078585e-16
2.3263411494723067e-16
1.6711069443220838e-16
3.5108334685767012e-16
1.3877787807814457e-16
2.2204460492503131e-16
2.5589376332604516e-16
3.554447978966673e-16
2.4989492962650893e-16
3.3422138886441676e-16
2.2887833992611187e-16
1.9428902930940239e-16
2.2377260456559048e-16
3.5571561302006606e-16
2.6945789820192466e-16
1.2118257228641695e-16
2.2221266538273444e-16
1.2738115944464653e-16
1.7772239894833365e-16
3.4694469519536142e-16
2.0014830212433605e-16
1.9428902930940239e-16
5.8813010296357691e-16
4.002966042486721e-16
1.4927952194812555e-16
1.944899384517818e-16
2.2236220863651632e-16
2.2278464247701496e-16
2.2255721521341263e-16
3.3309760724453343e-16
4.4409157975933352e-16
4.4410826948604169e-16
3.3307987346345195e-16
3.3309155063737557e-16
3.3339265439812422e-16
3.3343919606690208e-16
1.110223028468829e-16
8.2865260716154671e-18
1.1109938401024463e-16
2.7787335424856813e-16
2.0718998637748485e-17
3.0642404681597335e-16
1.1654054128926355e-16
2.3962206193112635e-17
2.2224819330742886e-16
3.3308341143638763e-16
1.1110644040466868e-16
2.2215148910194319e-16
3.3307075653505047e-16
2.2216749616754671e-16
1.1123590793005936e-16
3.3307933723545865e-16
2.2238126752339169e-16
2.8851846666398272e-17
6.1121852051709307e-16
3.6114076667569759e-16
2.943143718149913e-16
3.0022245318650411e-16
2.7755575615628914e-16
2.9504581591051765e-16
2.0014830212433605e-16
3.6638411145107034e-16
3.4694469519536142e-16
3.3659000130511772e-16
2.2216339116155905e-16
2.3714374201337736e-16
2.6945789820192466e-16
3.6082248300317588e-16
1.6653345369377348e-16
2.4980018054066022e-16
2.5589376332604516e-16
3.7341307954279784e-16
3.0595455405618398e-16
3.9252311467094378e-16
2.8305244335018379e-16
2.7755575615628914e-16
2.4825341532472731e-16
3.5571561302006606e-16
2.118352371637509e-16
1.2738115944464653e-16
2.2218163127957705e-16
1.2412670766236366e-16
1.7772239894833365e-16
3.4694469519536142e-16
2.0014830212433605e-16
2.4980018054066022e-16
6.0872729633235947e-16
4.335559509131367e-16
1.2664681719042054e-16
1.4946834900704541e-16
2.2204460492503131e-16
2.2204460492503131e-16
2.2204460492503131e-16
1.3877787807814457e-16
3.3422138886441676e-16
2.2204460492503131e-16
3.3341913774115079e-16
2.2591401799415137e-16
3.4331750988916778e-16
3.3422138886441676e-16
1.2412670766236366e-16
1.6653345369377348e-16
7.8504622934188758e-17
2.8305244335018379e-16
5.8111520822734796e-17
2.2887833992611187e-16
1.5700924586837752e-16
1.1102230246251565e-16
2.2204460492503131e-16
1.1102230246251565e-16
2.4825341532472731e-16
1.1443916996305594e-16
3.3506145721594889e-16
2.2377260456559048e-16
2.3714374201337736e-16
3.3422138886441676e-16
1.1102230246251565e-16
1.1102230246251565e-16
5.5788016545937291e-16
3.3766115072321297e-16
1.1904620485511189e-16
1.3877787807814457e-16
1.6653345369377348e-16
2.8305244335018379e-16
2.2887833992611187e-16
3.3306690738754696e-16
4.4495572620543707e-16
2.2204460492503131e-16
2.2248012713715001e-16
2.2591401799415137e-16
3.5108334685767012e-16
2.4825341532472731e-16
0
1.2412670766236366e-16
5.5511151231257827e-17
2.2204460492503131e-16
6.6336597732556792e-18
2.2204460492503131e-16
1.5700924586837752e-16
7.8504622934188758e-17
2.2204460492503131e-16
3.3766115072321297e-16
2.9893669801409083e-16
1.1443916996305594e-16
2.316934391615153e-16
2.2591401799415137e-16
1.5700924586837752e-16
2.7755575615628914e-16
1.2412670766236366e-16
7.8504622934188758e-17
5.1178752665209032e-16
2.9893669801409083e-16
1.5084711216750862e-16
1.5700924586837752e-16
2.7755575615628914e-16
1.6653345369377348e-16
5.5511151231257827e-17
2.2887833992611187e-16
2.4825341532472731e-16
1.1443916996305594e-16
1.1113827312682136e-16
1.2412670766236366e-16
2.0014830212433605e-16
2.2887833992611187e-16
5.5511151231257827e-17
2.2204460492503131e-16
2.2887833992611187e-16
2.2377260456559048e-16
1.1193561029735506e-16
2.0014830212433605e-16
2.2887833992611187e-16
3.3766115072321297e-16
1.2412670766236366e-16
1.1102230246251565e-16
3.8857805861880479e-16
1.2412670766236366e-16
1.3201675095779083e-16
1.2412670766236366e-16
2.2204460492503131e-16
1.5700924586837752e-16
1.1102230246251565e-16
2.2887833992611187e-16
3.8857805861880479e-16
2.4825341532472731e-16
2.3752420393517873e-16
2.2591401799415137e-16
2.4825341532472731e-16
1.2412670766236366e-16
0
2.2204460492503131e-16
2.0014830212433605e-16
5.5511151231257827e-17
7.9219114674868828e-18
1.1102230246251565e-16
2.4825341532472731e-16
1.2412670766236366e-16
1.2412670766236366e-16
4.4754520913118096e-16
2.2377260456559048e-16
2.4825341532472731e-16
2.2256239864953676e-16
2.6184557666721351e-16
3.3306690738754696e-16
3.3766115072321297e-16
1.1102230246251565e-16
1.1102230246251565e-16
3.8857805861880479e-16
1.5700924586837752e-16
5.0071035824767466e-17
8.3266726846886741e-17
2.7755575615628914e-16
5.5511151231257827e-17
0
3.3766115072321297e-16
2.9893669801409083e-16
1.6711069443220838e-16
1.2344796504034638e-16
1.1102230246251565e-16
1.6653345369377348e-16
2.7336071744532853e-16
2.9893669801409083e-16
3.8857805861880479e-16
2.8305244335018379e-16
3.3306690738754696e-16
3.3448535432812316e-16
3.3766115072321297e-16
3.2368285245694688e-16
2.4825341532472731e-16
1.5700924586837752e-16
2.3714374201337736e-16
1.5700924586837752e-16
1.3877787807814457e-16
1.1118640836803152e-16
1.5265566588595902e-16
2.4825341532472731e-16
1.5700924586837752e-16
1.6653345369377348e-16
2.9893669801409083e-16
4.002966042486721e-16
2.8305244335018379e-16
3.3343289898728329e-16
3.3422138886441676e-16
3.554447978966673e-16
4.002966042486721e-16
2.7755575615628914e-16
1.7772239894833365e-16
2.7755575615628914e-16
2.118352371637509e-16
1.1243519085773464e-16
1.1631705747361534e-16
1.3092278833360675e-16
6.9388939039072284e-17
1.3877787807814457e-16
2.7755575615628914e-17
1.0007415106216802e-16
8.3266726846886741e-17
1.1982543076799697e-16
1.1775693440128312e-16
2.3714374201337736e-16
1.5700924586837752e-16
5.5511151231257827e-17
3.3565890684838572e-16
2.2887833992611187e-16
1.3092278833360675e-16
1.1102850027993587e-16
1.3472894910096233e-16
3.4021815010030383e-16
2.2887833992611187e-16
8.3266726846886741e-17
1.5700924586837752e-16
3.3766115072321297e-16
1.0007415106216802e-16
1.1122170613126633e-16
8.7770836714417531e-17
2.8305244335018379e-16
2.3714374201337736e-16
1.2412670766236366e-16
2.2247786310271853e-16
1.6711069443220838e-16
7.6327832942979512e-17
1.1155283080737048e-16
2.2273038463490048e-16
1.1412835394692667e-16
3.5066844400131885e-17
3.6733365227980375e-17
1.1575211284587182e-16
2.272631512162613e-17
2.8336313041027932e-17
3.3733606761529384e-17
1.1842530624187931e-16
1.8008086617731941e-16
8.4498099598808136e-17
1.370769650435435e-16
3.3890049703351317e-16
2.2608158885434932e-16
2.2339600692994827e-16
3.330896344400486e-16
2.2320193209552918e-16
3.3656930778042954e-16
2.3235306106549812e-16
1.3915527019008537e-16
8.4226810256140126e-17
3.3838281200763007e-16
8.8655274219115115e-17
1.8490643604364574e-17
5.6239732538566832e-17
2.777997745875383e-16
1.1600473704368851e-16
4.5692057860523493e-17
2.2669617517374589e-16
1.1487433111628166e-16
1.1112133246408474e-16
1.1582476148505406e-16
1.1631705747361534e-16
1.2412670766236366e-16
1.3092278833360675e-16
2.7755575615628914e-17
1.2412670766236366e-16
5.5511151231257827e-17
1.0007415106216802e-16
5.707524095932936e-17
7.8504622934188758e-17
1.6883057536160649e-16
5.5511151231257827e-17
1.1102230246251565e-16
4.4495572620543707e-16
2.2377260456559048e-16
3.3766115072321297e-16
3.3307213149938035e-16
3.3659000130511772e-16
3.3422138886441676e-16
3.3335590258932494e-16
1.1443916996305594e-16
8.3266726846886741e-17
3.3766115072321297e-16
8.7770836714417531e-17
5.6052859917839381e-17
8.7770836714417531e-17
2.8305244335018379e-16
1.3877787807814457e-16
0
3.3335590258932494e-16
2.5476231888929306e-16
6.2450045135165055e-17
5.7509098210376862e-17
8.3266726846886741e-17
1.1102230246251565e-16
1.7772239894833365e-16
1.5700924586837752e-16
1.6653345369377348e-16
2.2887833992611187e-16
2.7894008272968645e-16
2.782360888076981e-16
2.8305244335018379e-16
2.9893669801409083e-16
2.9893669801409083e-16
1.6653345369377348e-16
1.7772239894833365e-16
1.5700924586837752e-16
1.5265566588595902e-16
2.2210182221092751e-16
1.3877787807814457e-16
2.6184557666721351e-16
1.6653345369377348e-16
2.2204460492503131e-16
3.5108334685767012e-16
3.554447978966673e-16
2.2887833992611187e-16
2.797843326161287e-16
2.7894008272968645e-16
2.7755575615628914e-16
3.1401849173675503e-16
1.5700924586837752e-16
1.1443916996305594e-16
2.4980018054066022e-16
1.7772239894833365e-16
2.3770790940314567e-16
2.2887833992611187e-16
3.3306690738754696e-16
1.1102230246251565e-16
5.5511151231257827e-17
2.2204460492503131e-16
1.2412670766236366e-16
1.1102230246251565e-16
1.1435202705342979e-16
1.2412670766236366e-16
2.4825341532472731e-16
1.1102230246251565e-16
2.4825341532472731e-16
4.5775667985222375e-16
3.3306690738754696e-16
2.5476231888929306e-16
2.2207746406424675e-16
2.5476231888929306e-16
4.4408920985006262e-16
2.7755575615628914e-16
1.2412670766236366e-16
1.1102230246251565e-16
4.4754520913118096e-16
2.2887833992611187e-16
1.2422474860462135e-16
1.2412670766236366e-16
3.5108334685767012e-16
0
1.2412670766236366e-16
3.5108334685767012e-16
2.4825341532472731e-16
1.6711069443220838e-16
1.5339725777901033e-16
1.5700924586837752e-16
2.0014830212433605e-16
1.2412670766236366e-16
0
1.5700924586837752e-16
1.2412670766236366e-16
2.7755575615628914e-17
1.999493740770554e-17
2.7755575615628914e-17
2.0014830212433605e-16
2.2204460492503131e-16
7.8504622934188758e-17
2.2887833992611187e-16
1.1102230246251565e-16
1.7772239894833365e-16
1.1167089746483755e-16
2.2377260456559048e-16
2.2887833992611187e-16
1.5700924586837752e-16
1.1102230246251565e-16
5.5511151231257827e-17
2.9893669801409083e-16
8.3266726846886741e-17
4.9602069912034433e-17
5.5511151231257827e-17
2.7755575615628914e-16
1.5700924586837752e-16
5.5511151231257827e-17
1.2412670766236366e-16
3.3306690738754696e-16
2.2377260456559048e-16
1.1342855081437276e-16
1.3877787807814457e-16
2.4825341532472731e-16
2.9893669801409083e-16
1.2412670766236366e-16
3.3306690738754696e-16
2.2204460492503131e-16
2.2247786310271853e-16
2.2233631816972654e-16
2.2247786310271853e-16
2.3714374201337736e-16
4.4408920985006262e-16
0
1.2412670766236366e-16
1.5700924586837752e-16
2.2204460492503131e-16
2.3349510090100773e-17
2.4980018054066022e-16
1.5700924586837752e-16
7.8504622934188758e-17
1.1102230246251565e-16
2.4825341532472731e-16
2.2377260456559048e-16
1.2412670766236366e-16
2.2620243007938097e-16
2.2204460492503131e-16
1.7772239894833365e-16
3.5108334685767012e-16
1.2412670766236366e-16
5.5511151231257827e-17
4.9960036108132044e-16
3.2487068343022356e-16
5.7359701528412545e-16
5.7219584981527971e-16
5.2662502028650516e-16
4.5775667985222375e-16
3.5108334685767012e-16
2.9893669801409083e-16
2.4825341532472731e-16
8.3266726846886741e-17
1.1136732910610893e-16
1.2490009027033011e-16
2.9893669801409083e-16
2.7336071744532853e-16
4.0412728104402651e-16
4.5775667985222375e-16
5.0267485386043072e-16
5.7955343351681902e-16
5.5699097955542346e-16
6.2063353831181828e-16
5.6610488670036757e-16
5.1178752665209032e-16
3.5108334685767012e-16
2.4825341532472731e-16
3.5108334685767012e-16
2.0014830212433605e-16
1.1944904241838376e-16
1.1102230246251565e-16
3.3306690738754696e-16
2.4825341532472731e-16
3.3306690738754696e-16
4.5775667985222375e-16
6.2803698347351007e-16
5.7152228177742574e-16
3.5809533448724045e-16
3.6082248300317588e-16
4.002966042486721e-16
3.554447978966673e-16
2.4825341532472731e-16
2.8609792490763985e-16
3.5571561302006606e-16
2.3263411494723067e-16
2.2208173865120309e-16
2.3714374201337736e-16
3.7878989011964018e-16
2.7755575615628914e-16
2.2204460492503131e-16
3.0531133177191805e-16
3.7751664318895328e-16
4.236704743275018e-16
3.3331227850361667e-16
3.9448084808579573e-16
3.5108334685767012e-16
3.0531133177191805e-16
2.9893669801409083e-16
2.6945789820192466e-16
2.118352371637509e-16
1.5218182408308987e-16
2.2367579101035114e-16
2.3479724158959924e-16
2.8609792490763985e-16
2.6184557666721351e-16
2.4825341532472731e-16
2.7755575615628914e-16
6.2063353831181828e-16
4.5182803598830274e-16
2.0910783365634471e-16
1.9465246476344319e-16
2.0454787917408223e-16
1.6181093264909667e-16
1.1483002572294697e-16
1.4186680962270995e-16
2.2831270284697708e-16
1.133116757226777e-16
1.110667370364886e-16
1.1388450334680073e-16
1.2408753609912186e-16
1.4433691042157196e-16
1.5601961600137566e-16
1.542967390998879e-16
1.267303641606978e-16
2.5927568055747014e-16
1.5351429249646797e-16
2.9889653216921555e-16
1.6688808282046376e-16
1.6837467239254485e-16
9.0858962193456961e-17
1.2708613674028814e-16
1.1692600104440556e-16
2.065249635634229e-17
1.1132401129929503e-16
1.1237032459520316e-16
1.2150694992761238e-16
1.3588974435708378e-16
1.1098392017865244e-16
1.748345195455978e-16
5.7171114822348836e-16
3.3496540669209243e-16
2.0236825594334691e-16
1.9626155733547189e-16
1.7772239894833365e-16
2.4825341532472731e-16
8.3266726846886741e-17
2.4236514457283391e-16
2.2887833992611187e-16
1.1443916996305594e-16
1.1137467468267813e-16
1.1857187100668868e-16
1.5700924586837752e-16
2.3714374201337736e-16
1.5700924586837752e-16
1.6653345369377348e-16
1.6653345369377348e-16
2.7755575615628914e-16
1.9515530841674978e-16
3.0022245318650411e-16
1.6653345369377348e-16
1.9428902930940239e-16
1.1102230246251565e-16
2.2887833992611187e-16
1.1102230246251565e-16
6.2450045135165055e-17
1.1613422259844351e-16
1.1631705747361534e-16
1.2490009027033011e-16
2.2591401799415137e-16
1.1102230246251565e-16
1.6653345369377348e-16
5.1851694305630762e-16
3.4777636565401969e-16
1.9380185069124726e-16
1.8619006149354548e-16
1.5700924586837752e-16
1.5700924586837752e-16
5.5511151231257827e-17
1.3877787807814457e-16
1.2412670766236366e-16
2.7755575615628914e-17
1.1169529381549848e-16
4.163336342344337e-17
1.7772239894833365e-16
2.2887833992611187e-16
1.1102230246251565e-16
2.2204460492503131e-16
1.7554167342883506e-16
2.7755575615628914e-16
1.6786299533775842e-16
2.3551386880256624e-16
2.2887833992611187e-16
2.0014830212433605e-16
1.5700924586837752e-16
2.7755575615628914e-17
2.2377260456559048e-16
1.2412670766236366e-16
1.1797713822676285e-16
4.163336342344337e-17
1.9428902930940239e-16
1.1443916996305594e-16
5.5511151231257827e-17
2.4825341532472731e-16
4.7428748402675471e-16
3.2368285245694688e-16
2.5018305410208001e-16
2.2887833992611187e-16
2.4825341532472731e-16
2.0014830212433605e-16
1.1102230246251565e-16
1.5700924586837752e-16
1.3877787807814457e-16
4.163336342344337e-17
1.3906828728987776e-17
5.5511151231257827e-17
1.7772239894833365e-16
1.2412670766236366e-16
2.0014830212433605e-16
3.3306690738754696e-16
2.2204460492503131e-16
2.9504581591051765e-16
2.2204619341753055e-16
3.1401849173675503e-16
2.2204460492503131e-16
2.9893669801409083e-16
1.6653345369377348e-16
1.2412670766236366e-16
2.4980018054066022e-16
1.3092278833360675e-16
3.8773017605969976e-17
5.5511151231257827e-17
2.7755575615628914e-16
1.1102230246251565e-16
1.1102230246251565e-16
2.2887833992611187e-16
4.0412728104402651e-16
2.4825341532472731e-16
1.5666045011682057e-16
1.5700924586837752e-16
2.4825341532472731e-16
1.2412670766236366e-16
5.5511151231257827e-17
0
0
2.7755575615628914e-17
1.9107264789347511e-17
2.7755575615628914e-17
1.6653345369377348e-16
1.1102230246251565e-16
7.8504622934188758e-17
3.3766115072321297e-16
2.2204460492503131e-16
2.0014830212433605e-16
1.1126200476881452e-16
1.7772239894833365e-16
2.2887833992611187e-16
2.4825341532472731e-16
1.2412670766236366e-16
5.5511151231257827e-17
2.9893669801409083e-16
2.7755575615628914e-17
4.6106661376808807e-17
0
2.2204460492503131e-16
1.2412670766236366e-16
0
1.2412670766236366e-16
3.3306690738754696e-16
2.2377260456559048e-16
2.3874838053862656e-16
2.3714374201337736e-16
1.7772239894833365e-16
1.5700924586837752e-16
5.5511151231257827e-17
1.5700924586837752e-16
2.2887833992611187e-16
1.1443916996305594e-16
1.1465561310592803e-16
1.2412670766236366e-16
2.7755575615628914e-16
1.2412670766236366e-16
1.2412670766236366e-16
4.4408920985006262e-16
2.2887833992611187e-16
2.5476231888929306e-16
2.222665813697895e-16
2.5476231888929306e-16
3.3766115072321297e-16
3.3306690738754696e-16
1.2412670766236366e-16
1.2412670766236366e-16
3.5108334685767012e-16
1.1102230246251565e-16
1.2566061761130654e-16
1.2412670766236366e-16
2.9893669801409083e-16
1.1102230246251565e-16
1.1102230246251565e-16
3.3306690738754696e-16
3.7751664318895328e-16
1.8875832159447664e-16
1.2146596857287017e-16
1.1857187100668868e-16
1.2412670766236366e-16
1.1443916996305594e-16
0
0
5.5511151231257827e-17
5.5511151231257827e-17
3.2509690224538617e-17
5.5511151231257827e-17
1.6653345369377348e-16
0
1.1102230246251565e-16
2.2887833992611187e-16
2.2377260456559048e-16
1.3877787807814457e-16
3.3307655177121091e-16
1.3877787807814457e-16
3.3306690738754696e-16
1.3877787807814457e-16
1.2412670766236366e-16
1.1102230246251565e-16
2.8305244335018379e-16
1.0007415106216802e-16
5.6946952195814471e-17
6.2063353831181828e-17
2.9893669801409083e-16
1.1102230246251565e-16
5.5511151231257827e-17
1.3877787807814457e-16
2.2377260456559048e-16
1.1102230246251565e-16
1.1257103436794365e-16
2.2301825219878386e-16
1.1857187100668868e-16
1.1443916996305594e-16
2.7755575615628914e-17
1.1443916996305594e-16
7.8504622934188758e-17
6.2063353831181828e-17
4.0864040635818894e-17
8.7770836714417531e-17
2.2204460492503131e-16
2.7755575615628914e-17
1.1443916996305594e-16
4.4430599737083413e-16
3.3422138886441676e-16
2.3065952118587559e-16
3.33101959012213e-16
2.2887833992611187e-16
2.2591401799415137e-16
3.3306690738754696e-16
1.1443916996305594e-16
2.7755575615628914e-17
3.8956806801599406e-16
1.1102230246251565e-16
4.3633934118961832e-17
5.5511151231257827e-17
3.3306690738754696e-16
1.1443916996305594e-16
0
3.3422138886441676e-16
2.4236514457283391e-16
1.2738115944464653e-16
1.110465929120305e-16
2.2204994477571042e-16
1.1171541869363491e-16
2.7507121847700553e-17
3.0542038838361828e-17
1.1414429551578517e-16
6.3473166053083772e-17
4.8290935717205682e-17
5.1540665708565008e-17
1.1914407159285005e-16
2.2666833815487515e-16
3.9529428781564811e-17
1.1385535319751097e-16
3.3343437022125525e-16
3.3330730053266199e-16
2.2209482150813639e-16
3.3319708174626569e-16
2.2248389037731622e-16
2.221189181553457e-16
2.2220521552533402e-16
1.1566139638907754e-16
4.597183671390179e-17
3.8981283976406082e-16
8.6508335639255595e-17
4.6394609781840969e-17
8.4109041378199684e-17
3.3658717090906805e-16
1.1517857144472148e-16
3.1296989658715733e-17
2.2420409736799372e-16
1.1208061354631363e-16
1.1102261887345355e-16
1.1444086776084278e-16
2.2591401799415137e-16
1.3092278833360675e-16
1.3092278833360675e-16
5.5511151231257827e-17
1.2412670766236366e-16
1.0007415106216802e-16
8.7770836714417531e-17
8.7295964974674553e-17
1.3877787807814457e-16
2.3714374201337736e-16
8.3266726846886741e-17
1.1443916996305594e-16
4.4430599737083413e-16
2.2247786310271853e-16
2.2887833992611187e-16
3.3324868075174814e-16
2.3065952118587559e-16
3.3335590258932494e-16
3.3306690738754696e-16
1.2412670766236366e-16
8.3266726846886741e-17
3.8956806801599406e-16
1.0007415106216802e-16
8.6135137892039507e-17
1.0007415106216802e-16
3.3766115072321297e-16
1.5700924586837752e-16
5.5511151231257827e-17
3.3335590258932494e-16
2.6184557666721351e-16
1.3092278833360675e-16
5.7989436026641242e-17
8.3266726846886741e-17
1.3877787807814457e-16
1.5700924586837752e-16
2.0014830212433605e-16
1.1102230246251565e-16
1.6653345369377348e-16
1.6883057536160649e-16
1.6714609614368243e-16
1.7554167342883506e-16
1.7554167342883506e-16
1.1102230246251565e-16
5.5511151231257827e-17
2.2887833992611187e-16
1.3877787807814457e-16
1.2490009027033011e-16
2.2206903938236042e-16
1.1102230246251565e-16
2.2887833992611187e-16
1.1443916996305594e-16
1.6653345369377348e-16
2.0014830212433605e-16
2.9893669801409083e-16
1.6883057536160649e-16
1.7157829088639195e-16
1.6653345369377348e-16
2.3551386880256624e-16
2.0014830212433605e-16
1.5700924586837752e-16
1.2412670766236366e-16
2.4980018054066022e-16
1.7772239894833365e-16
1.3839996722967768e-16
2.3263411494723067e-16
3.3766115072321297e-16
1.2412670766236366e-16
0
2.2887833992611187e-16
1.1102230246251565e-16
0
7.9956983841820979e-18
5.5511151231257827e-17
2.2204460492503131e-16
1.2412670766236366e-16
2.2887833992611187e-16
4.4754520913118096e-16
3.3766115072321297e-16
2.6945789820192466e-16
3.3312250864150053e-16
2.5476231888929306e-16
4.4495572620543707e-16
2.4825341532472731e-16
1.1102230246251565e-16
1.2412670766236366e-16
4.0412728104402651e-16
1.2412670766236366e-16
4.9318714193110138e-17
5.5511151231257827e-17
2.9893669801409083e-16
5.5511151231257827e-17
1.1102230246251565e-16
3.3766115072321297e-16
2.9893669801409083e-16
1.8875832159447664e-16
9.788844433132963e-17
8.3266726846886741e-17
1.1102230246251565e-16
1.2412670766236366e-16
7.8504622934188758e-17
1.2412670766236366e-16
2.2887833992611187e-16
1.1102230246251565e-16
1.1197972265568471e-16
1.1443916996305594e-16
2.4825341532472731e-16
3.5108334685767012e-16
0
2.2887833992611187e-16
1.1102230246251565e-16
2.2204460492503131e-16
5.4194529584787324e-19
2.2204460492503131e-16
2.0014830212433605e-16
0
7.8504622934188758e-17
1.2412670766236366e-16
2.7755575615628914e-16
1.1443916996305594e-16
1.2126395311914577e-16
1.1443916996305594e-16
2.0014830212433605e-16
3.7238012298709097e-16
1.5700924586837752e-16
1.2412670766236366e-16
3.5108334685767012e-16
2.2204460492503131e-16
1.0681423262457423e-16
1.6653345369377348e-16
2.9893669801409083e-16
3.5108334685767012e-16
2.2887833992611187e-16
3.3306690738754696e-16
3.3422138886441676e-16
3.3422138886441676e-16
3.336930159329111e-16
3.3422138886441676e-16
3.5108334685767012e-16
5.5788016545937291e-16
1.1102230246251565e-16
1.5700924586837752e-16
1.5700924586837752e-16
2.4980018054066022e-16
1.3510780372711144e-17
2.7755575615628914e-16
2.0014830212433605e-16
1.2412670766236366e-16
2.2204460492503131e-16
3.3766115072321297e-16
2.9893669801409083e-16
2.2591401799415137e-16
3.3583845823597255e-16
3.3335590258932494e-16
2.4825341532472731e-16
5.6610488670036757e-16
2.2887833992611187e-16
1.1102230246251565e-16
5.5511151231257827e-16
3.5108334685767012e-16
1.5359141029379726e-16
1.4946834900704541e-16
1.7554167342883506e-16
1.1102230246251565e-16
1.2412670766236366e-16
1.1443916996305594e-16
3.3422138886441676e-16
2.2247786310271853e-16
2.2273150320817725e-16
1.1857187100668868e-16
2.4825341532472731e-16
1.2412670766236366e-16
0
1.5700924586837752e-16
1.1102230246251565e-16
2.0206364052201326e-16
6.8197486088738293e-17
2.5589376332604516e-16
1.2412670766236366e-16
5.5511151231257827e-17
1.2412670766236366e-16
1.1443916996305594e-16
1.9428902930940239e-16
2.7755575615628914e-17
2.2369220057216869e-16
2.7755575615628914e-17
8.3266726846886741e-17
1.3877787807814457e-16
1.1102230246251565e-16
1.1102230246251565e-16
4.9960036108132044e-16
2.7755575615628914e-16
2.8180376106552934e-16
2.7755575615628914e-16
2.7755575615628914e-16
2.9504581591051765e-16
1.7772239894833365e-16
3.5571561302006606e-16
3.4331750988916778e-16
3.3565890684838572e-16
2.2231400474078585e-16
2.3263411494723067e-16
1.6711069443220838e-16
3.5108334685767012e-16
1.3877787807814457e-16
2.2204460492503131e-16
2.5589376332604516e-16
3.554447978966673e-16
2.4989492962650893e-16
3.3422138886441676e-16
2.2887833992611187e-16
1.9428902930940239e-16
2.2377260456559048e-16
3.5571561302006606e-16
2.6945789820192466e-16
1.2118257228641695e-16
2.2221266538273444e-16
1.2738115944464653e-16
1.7772239894833365e-16
3.4694469519536142e-16
2.0014830212433605e-16
1.9428902930940239e-16
5.8813010296357691e-16
4.002966042486721e-16
1.4927952194812555e-16
1.944899384517818e-16
2.2236220863651632e-16
2.2278464247701496e-16
2.2255721521341263e-16
3.3309760724453343e-16
4.4409157975933352e-16
4.4410826948604169e-16
3.3307987346345195e-16
3.3309155063737557e-16
3.3339265439812422e-16
3.3343919606690208e-16
1.110223028468829e-16
8.2865260716154671e-18
1.1109938401024463e-16
2.7787335424856813e-16
2.0718998637748485e-17
3.0642404681597335e-16
1.1654054128926355e-16
2.3962206193112635e-17
2.2224819330742886e-16
3.3308341143638763e-16
1.1110644040466868e-16
2.2215148910194319e-16
3.3307075653505047e-16
2.2216749616754671e-16
1.1123590793005936e-16
3.3307933723545865e-16
2.2238126752339169e-16
2.8851846666398272e-17
6.1121852051709307e-16
3.6114076667569759e-16
2.943143718149913e-16
3.0022245318650411e-16
2.7755575615628914e-16
2.9504581591051765e-16
2.0014830212433605e-16
3.6638411145107034e-16
3.4694469519536142e-16
3.3659000130511772e-16
2.2216339116155905e-16
2.3714374201337736e-16
2.6945789820192466e-16
3.6082248300317588e-16
1.6653345369377348e-16
2.4980018054066022e-16
2.5589376332604516e-16
3.7341307954279784e-16
3.0595455405618398e-16
3.9252311467094378e-16
2.8305244335018379e-16
2.7755575615628914e-16
2.4825341532472731e-16
3.5571561302006606e-16
2.118352371637509e-16
1.2738115944464653e-16
2.2218163127957705e-16
1.2412670766236366e-16
1.7772239894833365e-16
3.4694469519536142e-16
2.0014830212433605e-16
2.4980018054066022e-16
6.0872729633235947e-16
4.335559509131367e-16
1.2664681719042054e-16
1.4946834900704541e-16
2.2204460492503131e-16
2.2204460492503131e-16
2.2204460492503131e-16
1.3877787807814457e-16
3.3422138886441676e-16
2.2204460492503131e-16
3.3341913774115079e-16
2.2591401799415137e-16
3.4331750988916778e-16
3.3422138886441676e-16
1.2412670766236366e-16
1.6653345369377348e-16
7.8504622934188758e-17
2.8305244335018379e-16
5.8111520822734796e-17
2.2887833992611187e-16
1.5700924586837752e-16
1.1102230246251565e-16
2.2204460492503131e-16
1.1102230246251565e-16
2.4825341532472731e-16
1.1443916996305594e-16
3.3506145721594889e-16
2.2377260456559048e-16
2.3714374201337736e-16
3.3422138886441676e-16
1.1102230246251565e-16
1.1102230246251565e-16
5.5788016545937291e-16
3.3766115072321297e-16
1.1904620485511189e-16
1.3877787807814457e-16
1.6653345369377348e-16
2.8305244335018379e-16
2.2887833992611187e-16
3.3306690738754696e-16
4.4495572620543707e-16
2.2204460492503131e-16
2.2248012713715001e-16
2.2591401799415137e-16
3.5108334685767012e-16
2.4825341532472731e-16
0
1.2412670766236366e-16
5.5511151231257827e-17
2.2204460492503131e-16
6.6336597732556792e-18
2.2204460492503131e-16
1.5700924586837752e-16
7.8504622934188758e-17
2.2204460492503131e-16
3.3766115072321297e-16
2.9893669801409083e-16
1.1443916996305594e-16
2.316934391615153e-16
2.2591401799415137e-16
1.5700924586837752e-16
2.7755575615628914e-16
1.2412670766236366e-16
7.8504622934188758e-17
5.1178752665209032e-16
2.9893669801409083e-16
1.5084711216750862e-16
1.5700924586837752e-16
2.7755575615628914e-16
1.6653345369377348e-16
5.5511151231257827e-17
2.2887833992611187e-16
2.4825341532472731e-16
1.1443916996305594e-16
1.1113827312682136e-16
1.2412670766236366e-16
2.0014830212433605e-16
2.2887833992611187e-16
5.5511151231257827e-17
2.2204460492503131e-16
2.2887833992611187e-16
2.2377260456559048e-16
1.1193561029735506e-16
2.0014830212433605e-16
2.2887833992611187e-16
3.3766115072321297e-16
1.2412670766236366e-16
1.1102230246251565e-16
3.8857805861880479e-16
1.2412670766236366e-16
1.3201675095779083e-16
1.2412670766236366e-16
2.2204460492503131e-16
1.5700924586837752e-16
1.1102230246251565e-16
2.2887833992611187e-16
3.8857805861880479e-16
2.4825341532472731e-16
2.3752420393517873e-16
2.2591401799415137e-16
2.4825341532472731e-16
1.2412670766236366e-16
0
2.2204460492503131e-16
2.0014830212433605e-16
5.5511151231257827e-17
7.9219114674868828e-18
1.1102230246251565e-16
2.4825341532472731e-16
1.2412670766236366e-16
1.2412670766236366e-16
4.4754520913118096e-16
2.2377260456559048e-16
2.4825341532472731e-16
2.2256239864953676e-16
2.6184557666721351e-16
3.3306690738754696e-16
3.3766115072321297e-16
1.1102230246251565e-16
1.1102230246251565e-16
3.8857805861880479e-16
1.5700924586837752e-16
5.0071035824767466e-17
8.3266726846886741e-17
2.7755575615628914e-16
5.5511151231257827e-17
0
3.3766115072321297e-16
2.9893669801409083e-16
1.6711069443220838e-16
1.2344796504034638e-16
1.1102230246251565e-16
1.6653345369377348e-16
2.7336071744532853e-16
2.9893669801409083e-16
3.8857805861880479e-16
2.8305244335018379e-16
3.3306690738754696e-16
3.3448535432812316e-16
3.3766115072321297e-16
3.2368285245694688e-16
2.4825341532472731e-16
1.5700924586837752e-16
2.3714374201337736e-16
1.5700924586837752e-16
1.3877787807814457e-16
1.1118640836803152e-16
1.5265566588595902e-16
2.4825341532472731e-16
1.5700924586837752e-16
1.6653345369377348e-16
2.9893669801409083e-16
4.002966042486721e-16
2.8305244335018379e-16
3.3343289898728329e-16
3.3422138886441676e-16
3.554447978966673e-16
4.002966042486721e-16
2.7755575615628914e-16
1.7772239894833365e-16
2.7755575615628914e-16
2.118352371637509e-16
1.1243519085773464e-16
1.1631705747361534e-16
1.3092278833360675e-16
6.9388939039072284e-17
1.3877787807814457e-16
2.7755575615628914e-17
1.0007415106216802e-16
8.3266726846886741e-17
1.1982543076799697e-16
1.1775693440128312e-16
2.3714374201337736e-16
1.5700924586837752e-16
5.5511151231257827e-17
3.3565890684838572e-16
2.2887833992611187e-16
1.3092278833360675e-16
1.1102850027993587e-16
1.3472894910096233e-16
3.4021815010030383e-16
2.2887833992611187e-16
8.3266726846886741e-17
1.5700924586837752e-16
3.3766115072321297e-16
1.0007415106216802e-16
1.1122170613126633e-16
8.7770836714417531e-17
2.8305244335018379e-16
2.3714374201337736e-16
1.2412670766236366e-16
2.2247786310271853e-16
1.6711069443220838e-16
7.6327832942979512e-17
1.1155283080737048e-16
2.2273038463490048e-16
1.1412835394692667e-16
3.5066844400131885e-17
3.6733365227980375e-17
1.1575211284587182e-16
2.272631512162613e-17
2.8336313041027932e-17
3.3733606761529384e-17
1.1842530624187931e-16
1.8008086617731941e-16
8.4498099598808136e-17
1.370769650435435e-16
3.3890049703351317e-16
2.2608158885434932e-16
2.2339600692994827e-16
3.330896344400486e-16
2.2320193209552918e-16
3.3656930778042954e-16
2.3235306106549812e-16
1.3915527019008537e-16
8.4226810256140126e-17
3.3838281200763007e-16
8.8655274219115115e-17
1.8490643604364574e-17
5.6239732538566832e-17
2.777997745875383e-16
1.1600473704368851e-16
4.5692057860523493e-17
2.2669617517374589e-16
1.1487433111628166e-16
1.1112133246408474e-16
1.1582476148505406e-16
1.1631705747361534e-16
1.2412670766236366e-16
1.3092278833360675e-16
2.7755575615628914e-17
1.2412670766236366e-16
5.5511151231257827e-17
1.0007415106216802e-16
5.707524095932936e-17
7.8504622934188758e-17
1.6883057536160649e-16
5.5511151231257827e-17
1.1102230246251565e-16
4.4495572620543707e-16
2.2377260456559048e-16
3.3766115072321297e-16
3.3307213149938035e-16
3.3659000130511772e-16
3.3422138886441676e-16
3.3335590258932494e-16
1.1443916996305594e-16
8.3266726846886741e-17
3.3766115072321297e-16
8.7770836714417531e-17
5.6052859917839381e-17
8.7770836714417531e-17
2.8305244335018379e-16
1.3877787807814457e-16
0
3.3335590258932494e-16
2.5476231888929306e-16
6.2450045135165055e-17
5.7509098210376862e-17
8.3266726846886741e-17
1.1102230246251565e-16
1.7772239894833365e-16
1.5700924586837752e-16
1.6653345369377348e-16
2.2887833992611187e-16
2.7894008272968645e-16
2.782360888076981e-16
2.8305244335018379e-16
2.9893669801409083e-16
2.9893669801409083e-16
1.6653345369377348e-16
1.7772239894833365e-16
1.5700924586837752e-16
1.5265566588595902e-16
2.2210182221092751e-16
1.3877787807814457e-16
2.6184557666721351e-16
1.6653345369377348e-16
2.2204460492503131e-16
3.5108334685767012e-16
3.554447978966673e-16
2.2887833992611187e-16
2.797843326161287e-16
2.7894008272968645e-16
2.7755575615628914e-16
3.1401849173675503e-16
1.5700924586837752e-16
1.1443916996305594e-16
2.4980018054066022e-16
1.7772239894833365e-16
2.3770790940314567e-16
2.2887833992611187e-16
3.3306690738754696e-16
1.1102230246251565e-16
5.5511151231257827e-17
2.2204460492503131e-16
1.2412670766236366e-16
1.1102230246251565e-16
1.1435202705342979e-16
1.2412670766236366e-16
2.4825341532472731e-16
1.1102230246251565e-16
2.4825341532472731e-16
4.5775667985222375e-16
3.3306690738754696e-16
2.5476231888929306e-16
2.2207746406424675e-16
2.5476231888929306e-16
4.4408920985006262e-16
2.7755575615628914e-16
1.2412670766236366e-16
1.1102230246251565e-16
4.4754520913118096e-16
2.2887833992611187e-16
1.2422474860462135e-16
1.2412670766236366e-16
3.5108334685767012e-16
0
1.2412670766236366e-16
3.5108334685767012e-16
2.4825341532472731e-16
1.6711069443220838e-16
1.5339725777901033e-16
1.5700924586837752e-16
2.0014830212433605e-16
1.2412670766236366e-16
0
1.5700924586837752e-16
1.2412670766236366e-16
2.7755575615628914e-17
1.999493740770554e-17
2.7755575615628914e-17
2.0014830212433605e-16
2.2204460492503131e-16
7.8504622934188758e-17
2.2887833992611187e-16
1.1102230246251565e-16
1.7772239894833365e-16
1.1167089746483755e-16
2.2377260456559048e-16
2.2887833992611187e-16
1.5700924586837752e-16
1.1102230246251565e-16
5.5511151231257827e-17
2.9893669801409083e-16
8.3266726846886741e-17
4.9602069912034433e-17
5.5511151231257827e-17
2.7755575615628914e-16
1.5700924586837752e-16
5.5511151231257827e-17
1.2412670766236366e-16
3.3306690738754696e-16
2.2377260456559048e-16
1.1342855081437276e-16
1.3877787807814457e-16
2.4825341532472731e-16
2.9893669801409083e-16
1.2412670766236366e-16
3.3306690738754696e-16
2.2204460492503131e-16
2.2247786310271853e-16
2.2233631816972654e-16
2.2247786310271853e-16
2.3714374201337736e-16
4.4408920985006262e-16
0
1.2412670766236366e-16
1.5700924586837752e-16
2.2204460492503131e-16
2.3349510090100773e-17
2.4980018054066022e-16
1.5700924586837752e-16
7.8504622934188758e-17
1.1102230246251565e-16
2.4825341532472731e-16
2.2377260456559048e-16
1.2412670766236366e-16
2.2620243007938097e-16
2.2204460492503131e-16
1.7772239894833365e-16
3.5108334685767012e-16
1.2412670766236366e-16
5.5511151231257827e-17
4.9960036108132044e-16
3.2487068343022356e-16
5.7359701528412545e-16
5.7219584981527971e-16
5.2662502028650516e-16
4.5775667985222375e-16
3.5108334685767012e-16
2.9893669801409083e-16
2.4825341532472731e-16
8.3266726846886741e-17
1.1136732910610893e-16
1.2490009027033011e-16
2.9893669801409083e-16
2.7336071744532853e-16
4.0412728104402651e-16
4.5775667985222375e-16
5.0267485386043072e-16
5.7955343351681902e-16
5.5699097955542346e-16
6.2063353831181828e-16
5.6610488670036757e-16
5.1178752665209032e-16
3.5108334685767012e-16
2.4825341532472731e-16
3.5108334685767012e-16
2.0014830212433605e-16
1.1944904241838376e-16
1.1102230246251565e-16
3.3306690738754696e-16
2.4825341532472731e-16
3.3306690738754696e-16
4.5775667985222375e-16
6.2803698347351007e-16
5.7152228177742574e-16
3.5809533448724045e-16
3.6082248300317588e-16
4.002966042486721e-16
3.554447978966673e-16
2.4825341532472731e-16
2.8609792490763985e-16
3.5571561302006606e-16
2.3263411494723067e-16
2.2208173865120309e-16
2.3714374201337736e-16
3.7878989011964018e-16
2.7755575615628914e-16
2.2204460492503131e-16
3.0531133177191805e-16
3.7751664318895328e-16
4.236704743275018e-16
3.3331227850361667e-16
3.9448084808579573e-16
3.5108334685767012e-16
3.0531133177191805e-16
2.9893669801409083e-16
2.6945789820192466e-16
2.118352371637509e-16
1.5218182408308987e-16
2.2367579101035114e-16
2.3479724158959924e-16
2.8609792490763985e-16
2.6184557666721351e-16
2.4825341532472731e-16
2.7755575615628914e-16
6.2063353831181828e-16
4.5182803598830274e-16
2.0910783365634471e-16
1.9465246476344319e-16
2.0454787917408223e-16
1.6181093264909667e-16
1.1483002572294697e-16
1.4186680962270995e-16
2.2831270284697708e-16
1.133116757226777e-16
1.110667370364886e-16
1.1388450334680073e-16
1.2408753609912186e-16
1.4433691042157196e-16
1.5601961600137566e-16
1.542967390998879e-16
1.267303641606978e-16
2.5927568055747014e-16
1.5351429249646797e-16
2.9889653216921555e-16
1.6688808282046376e-16
1.6837467239254485e-16
9.0858962193456961e-17
1.2708613674028814e-16
1.1692600104440556e-16
2.065249635634229e-17
1.1132401129929503e-16
1.1237032459520316e-16
1.2150694992761238e-16
1.3588974435708378e-16
1.1098392017865244e-16
1.748345195455978e-16
5.7171114822348836e-16
3.3496540669209243e-16
2.0236825594334691e-16
1.9626155733547189e-16
1.7772239894833365e-16
2.4825341532472731e-16
8.3266726846886741e-17
2.4236514457283391e-16
2.2887833992611187e-16
1.1443916996305594e-16
1.1137467468267813e-16
1.1857187100668868e-16
1.5700924586837752e-16
2.3714374201337736e-16
1.5700924586837752e-16
1.6653345369377348e-16
1.6653345369377348e-16
2.7755575615628914e-16
1.9515530841674978e-16
3.0022245318650411e-16
1.6653345369377348e-16
1.9428902930940239e-16
1.1102230246251565e-16
2.2887833992611187e-16
1.1102230246251565e-16
6.2450045135165055e-17
1.1613422259844351e-16
1.1631705747361534e-16
1.2490009027033011e-16
2.2591401799415137e-16
1.1102230246251565e-16
1.6653345369377348e-16
5.1851694305630762e-16
3.4777636565401969e-16
1.9380185069124726e-16
1.8619006149354548e-16
1.5700924586837752e-16
1.5700924586837752e-16
5.5511151231257827e-17
1.3877787807814457e-16
1.2412670766236366e-16
2.7755575615628914e-17
1.1169529381549848e-16
4.163336342344337e-17
1.7772239894833365e-16
2.2887833992611187e-16
1.1102230246251565e-16
2.2204460492503131e-16
1.7554167342883506e-16
2.7755575615628914e-16
1.6786299533775842e-16
2.3551386880256624e-16
2.2887833992611187e-16
2.0014830212433605e-16
1.5700924586837752e-16
2.7755575615628914e-17
2.2377260456559048e-16
1.2412670766236366e-16
1.1797713822676285e-16
4.163336342344337e-17
1.9428902930940239e-16
1.1443916996305594e-16
5.5511151231257827e-17
2.4825341532472731e-16
4.7428748402675471e-16
3.2368285245694688e-16
2.5018305410208001e-16
2.2887833992611187e-16
2.4825341532472731e-16
2.0014830212433605e-16
1.1102230246251565e-16
1.5700924586837752e-16
1.3877787807814457e-16
4.163336342344337e-17
1.3906828728987776e-17
5.5511151231257827e-17
1.7772239894833365e-16
1.2412670766236366e-16
2.0014830212433605e-16
3.3306690738754696e-16
2.2204460492503131e-16
2.9504581591051765e-16
2.2204619341753055e-16
3.1401849173675503e-16
2.2204460492503131e-16
2.9893669801409083e-16
1.6653345369377348e-16
1.2412670766236366e-16
2.4980018054066022e-16
1.3092278833360675e-16
3.8773017605969976e-17
5.5511151231257827e-17
2.7755575615628914e-16
1.1102230246251565e-16
1.1102230246251565e-16
2.2887833992611187e-16
4.0412728104402651e-16
2.4825341532472731e-16
1.5666045011682057e-16
1.5700924586837752e-16
2.4825341532472731e-16
1.2412670766236366e-16
5.5511151231257827e-17
0
0
2.7755575615628914e-17
1.9107264789347511e-17
2.7755575615628914e-17
1.6653345369377348e-16
1.1102230246251565e-16
7.8504622934188758e-17
3.3766115072321297e-16
2.2204460492503131e-16
2.0014830212433605e-16
1.1126200476881452e-16
1.7772239894833365e-16
2.2887833992611187e-16
2.4825341532472731e-16
1.2412670766236366e-16
5.5511151231257827e-17
2.9893669801409083e-16
2.7755575615628914e-17
4.6106661376808807e-17
0
2.2204460492503131e-16
1.2412670766236366e-16
0
1.2412670766236366e-16
3.3306690738754696e-16
2.2377260456559048e-16
2.3874838053862656e-16
2.3714374201337736e-16
1.7772239894833365e-16
1.5700924586837752e-16
5.5511151231257827e-17
1.5700924586837752e-16
2.2887833992611187e-16
1.1443916996305594e-16
1.1465561310592803e-16
1.2412670766236366e-16
2.7755575615628914e-16
1.2412670766236366e-16
1.2412670766236366e-16
4.4408920985006262e-16
2.2887833992611187e-16
2.5476231888929306e-16
2.222665813697895e-16
2.5476231888929306e-16
3.3766115072321297e-16
3.3306690738754696e-16
1.2412670766236366e-16
1.2412670766236366e-16
3.5108334685767012e-16
1.1102230246251565e-16
1.2566061761130654e-16
1.2412670766236366e-16
2.9893669801409083e-16
1.1102230246251565e-16
1.1102230246251565e-16
3.3306690738754696e-16
3.7751664318895328e-16
1.8875832159447664e-16
1.2146596857287017e-16
1.1857187100668868e-16
1.2412670766236366e-16
1.1443916996305594e-16
0
0
5.5511151231257827e-17
5.5511151231257827e-17
3.2509690224538617e-17
5.5511151231257827e-17
1.6653345369377348e-16
0
1.1102230246251565e-16
2.2887833992611187e-16
2.2377260456559048e-16
1.3877787807814457e-16
3.3307655177121091e-16
1.3877787807814457e-16
3.3306690738754696e-16
1.3877787807814457e-16
1.2412670766236366e-16
1.1102230246251565e-16
2.8305244335018379e-16
1.0007415106216802e-16
5.6946952195814471e-17
6.2063353831181828e-17
2.9893669801409083e-16
1.1102230246251565e-16
5.5511151231257827e-17
1.3877787807814457e-16
2.2377260456559048e-16
1.1102230246251565e-16
1.1257103436794365e-16
2.2301825219878386e-16
1.1857187100668868e-16
1.1443916996305594e-16
2.7755575615628914e-17
1.1443916996305594e-16
7.8504622934188758e-17
6.2063353831181828e-17
4.0864040635818894e-17
8.7770836714417531e-17
2.2204460492503131e-16
2.7755575615628914e-17
1.1443916996305594e-16
4.4430599737083413e-16
3.3422138886441676e-16
2.3065952118587559e-16
3.33101959012213e-16
2.2887833992611187e-16
2.2591401799415137e-16
3.3306690738754696e-16
1.1443916996305594e-16
2.7755575615628914e-17
3.8956806801599406e-16
1.1102230246251565e-16
4.3633934118961832e-17
5.5511151231257827e-17
3.3306690738754696e-16
1.1443916996305594e-16
0
3.3422138886441676e-16
2.4236514457283391e-16
1.2738115944464653e-16
1.110465929120305e-16
2.2204994477571042e-16
1.1171541869363491e-16
2.7507121847700553e-17
3.0542038838361828e-17
1.1414429551578517e-16
6.3473166053083772e-17
4.8290935717205682e-17
5.1540665708565008e-17
1.1914407159285005e-16
2.2666833815487515e-16
3.9529428781564811e-17
1.1385535319751097e-16
3.3343437022125525e-16
3.3330730053266199e-16
2.2209482150813639e-16
3.3319708174626569e-16
2.2248389037731622e-16
2.221189181553457e-16
2.2220521552533402e-16
1.1566139638907754e-16
4.597183671390179e-17
3.8981283976406082e-16
8.6508335639255595e-17
4.6394609781840969e-17
8.4109041378199684e-17
3.3658717090906805e-16
1.1517857144472148e-16
3.1296989658715733e-17
2.2420409736799372e-16
1.1208061354631363e-16
1.1102261887345355e-16
1.1444086776084278e-16
2.2591401799415137e-16
1.3092278833360675e-16
1.3092278833360675e-16
5.5511151231257827e-17
1.2412670766236366e-16
1.0007415106216802e-16
8.7770836714417531e-17
8.7295964974674553e-17
1.3877787807814457e-16
2.3714374201337736e-16
8.3266726846886741e-17
1.1443916996305594e-16
4.4430599737083413e-16
2.2247786310271853e-16
2.2887833992611187e-16
3.3324868075174814e-16
2.3065952118587559e-16
3.3335590258932494e-16
3.3306690738754696e-16
1.2412670766236366e-16
8.3266726846886741e-17
3.8956806801599406e-16
1.0007415106216802e-16
8.6135137892039507e-17
1.0007415106216802e-16
3.3766115072321297e-16
1.5700924586837752e-16
5.5511151231257827e-17
3.3335590258932494e-16
2.6184557666721351e-16
1.3092278833360675e-16
5.7989436026641242e-17
8.3266726846886741e-17
1.3877787807814457e-16
1.5700924586837752e-16
2.0014830212433605e-16
1.1102230246251565e-16
1.6653345369377348e-16
1.6883057536160649e-16
1.6714609614368243e-16
1.7554167342883506e-16
1.7554167342883506e-16
1.1102230246251565e-16
5.5511151231257827e-17
2.2887833992611187e-16
1.3877787807814457e-16
1.2490009027033011e-16
2.2206903938236042e-16
1.1102230246251565e-16
2.2887833992611187e-16
1.1443916996305594e-16
1.6653345369377348e-16
2.0014830212433605e-16
2.9893669801409083e-16
1.6883057536160649e-16
1.7157829088639195e-16
1.6653345369377348e-16
2.3551386880256624e-16
2.0014830212433605e-16
1.5700924586837752e-16
1.2412670766236366e-16
2.4980018054066022e-16
1.7772239894833365e-16
1.3839996722967768e-16
2.3263411494723067e-16
3.3766115072321297e-16
1.2412670766236366e-16
0
2.2887833992611187e-16
1.1102230246251565e-16
0
7.9956983841820979e-18
5.5511151231257827e-17
2.2204460492503131e-16
1.2412670766236366e-16
2.2887833992611187e-16
4.4754520913118096e-16
3.3766115072321297e-16
2.6945789820192466e-16
3.3312250864150053e-16
2.5476231888929306e-16
4.4495572620543707e-16
2.4825341532472731e-16
1.1102230246251565e-16
1.2412670766236366e-16
4.0412728104402651e-16
1.2412670766236366e-16
4.9318714193110138e-17
5.5511151231257827e-17
2.9893669801409083e-16
5.5511151231257827e-17
1.1102230246251565e-16
3.3766115072321297e-16
2.9893669801409083e-16
1.8875832159447664e-16
9.788844433132963e-17
8.3266726846886741e-17
1.1102230246251565e-16
1.2412670766236366e-16
7.8504622934188758e-17
1.2412670766236366e-16
2.2887833992611187e-16
1.1102230246251565e-16
1.1197972265568471e-16
1.1443916996305594e-16
2.4825341532472731e-16
3.5108334685767012e-16
0
2.2887833992611187e-16
1.1102230246251565e-16
2.2204460492503131e-16
5.4194529584787324e-19
2.2204460492503131e-16
2.0014830212433605e-16
0
7.8504622934188758e-17
1.2412670766236366e-16
2.7755575615628914e-16
1.1443916996305594e-16
1.2126395311914577e-16
1.1443916996305594e-16
2.0014830212433605e-16
3.7238012298709097e-16
1.5700924586837752e-16
1.2412670766236366e-16
3.5108334685767012e-16
2.2204460492503131e-16
1.0681423262457423e-16
1.6653345369377348e-16
2.9893669801409083e-16
3.5108334685767012e-16
2.2887833992611187e-16
3.3306690738754696e-16
3.3422138886441676e-16
3.3422138886441676e-16
3.336930159329111e-16
3.3422138886441676e-16
3.5108334685767012e-16
5.5788016545937291e-16
1.1102230246251565e-16
1.5700924586837752e-16
1.5700924586837752e-16
2.4980018054066022e-16
1.3510780372711144e-17
2.7755575615628914e-16
2.0014830212433605e-16
1.2412670766236366e-16
2.2204460492503131e-16
3.3766115072321297e-16
2.9893669801409083e-16
2.2591401799415137e-16
3.3583845823597255e-16
3.3335590258932494e-16
2.4825341532472731e-16
5.6610488670036757e-16
2.2887833992611187e-16
1.1102230246251565e-16
5.5511151231257827e-16
3.5108334685767012e-16
1.5359141029379726e-16
1.4946834900704541e-16
1.7554167342883506e-16
1.1102230246251565e-16
1.2412670766236366e-16
1.1443916996305594e-16
3.3422138886441676e-16
2.2247786310271853e-16
2.2273150320817725e-16
1.1857187100668868e-16
2.4825341532472731e-16
1.2412670766236366e-16
0
1.5700924586837752e-16
1.1102230246251565e-16
2.0206364052201326e-16
6.8197486088738293e-17
2.5589376332604516e-16
1.2412670766236366e-16
5.5511151231257827e-17
1.2412670766236366e-16
1.1443916996305594e-16
1.9428902930940239e-16
2.7755575615628914e-17
2.2369220057216869e-16
2.7755575615628914e-17
8.3266726846886741e-17
1.3877787807814457e-16
1.1102230246251565e-16
1.1102230246251565e-16
4.9960036108132044e-16
2.7755575615628914e-16
2.8180376106552934e-16
2.7755575615628914e-16
2.7755575615628914e-16
2.9504581591051765e-16
1.7772239894833365e-16
3.5571561302006606e-16
3.4331750988916778e-16
3.3565890684838572e-16
2.2231400474078585e-16
2.3263411494723067e-16
1.6711069443220838e-16
3.5108334685767012e-16
1.3877787807814457e-16
2.2204460492503131e-16
2.5589376332604516e-16
3.554447978966673e-16
2.4989492962650893e-16
3.3422138886441676e-16
2.2887833992611187e-16
1.9428902930940239e-16
2.2377260456559048e-16
3.5571561302006606e-16
2.6945789820192466e-16
1.2118257228641695e-16
2.2221266538273444e-16
1.2738115944464653e-16
1.7772239894833365e-16
3.4694469519536142e-16
2.0014830212433605e-16
1.9428902930940239e-16
5.8813010296357691e-16
4.002966042486721e-16
1.4927952194812555e-16
1.944899384517818e-16
2.2236220863651632e-16
2.2278464247701496e-16
2.2255721521341263e-16
3.3309760724453343e-16
4.4409157975933352e-16
4.4410826948604169e-16
3.3307987346345195e-16
3.3309155063737557e-16
3.3339265439812422e-16
3.3343919606690208e-16
1.110223028468829e-16
8.2865260716154671e-18
1.1109938401024463e-16
2.7787335424856813e-16
2.0718998637748485e-17
3.0642404681597335e-16
1.1654054128926355e-16
2.3962206193112635e-17
2.2224819330742886e-16
3.3308341143638763e-16
1.1110644040466868e-16
2.2215148910194319e-16
3.3307075653505047e-16
2.2216749616754671e-16
1.1123590793005936e-16
3.3307933723545865e-16
2.2238126752339169e-16
2.8851846666398272e-17
6.1121852051709307e-16
3.6114076667569759e-16
2.943143718149913e-16
3.0022245318650411e-16
2.7755575615628914e-16
2.9504581591051765e-16
2.0014830212433605e-16
3.6638411145107034e-16
3.4694469519536142e-16
3.3659000130511772e-16
2.2216339116155905e-16
2.3714374201337736e-16
2.6945789820192466e-16
3.6082248300317588e-16
1.6653345369377348e-16
2.4980018054066022e-16
2.5589376332604516e-16
3.7341307954279784e-16
3.0595455405618398e-16
3.9252311467094378e-16
2.8305244335018379e-16
2.7755575615628914e-16
2.4825341532472731e-16
3.5571561302006606e-16
2.118352371637509e-16
1.2738115944464653e-16
2.2218163127957705e-16
1.2412670766236366e-16
1.7772239894833365e-16
3.4694469519536142e-16
2.0014830212433605e-16
2.4980018054066022e-16
6.0872729633235947e-16
4.335559509131367e-16
1.2664681719042054e-16
1.4946834900704541e-16
2.2204460492503131e-16
2.2204460492503131e-16
2.2204460492503131e-16
1.3877787807814457e-16
3.3422138886441676e-16
2.2204460492503131e-16
3.3341913774115079e-16
2.2591401799415137e-16
3.4331750988916778e-16
3.3422138886441676e-16
1.2412670766236366e-16
1.6653345369377348e-16
7.8504622934188758e-17
2.8305244335018379e-16
5.8111520822734796e-17
2.2887833992611187e-16
1.5700924586837752e-16
1.1102230246251565e-16
2.2204460492503131e-16
1.1102230246251565e-16
2.4825341532472731e-16
1.1443916996305594e-16
3.3506145721594889e-16
2.2377260456559048e-16
2.3714374201337736e-16
3.3422138886441676e-16
1.1102230246251565e-16
1.1102230246251565e-16
5.5788016545937291e-16
3.3766115072321297e-16
1.1904620485511189e-16
1.3877787807814457e-16
1.6653345369377348e-16
2.8305244335018379e-16
2.2887833992611187e-16
3.3306690738754696e-16
4.4495572620543707e-16
2.2204460492503131e-16
2.2248012713715001e-16
2.2591401799415137e-16
3.5108334685767012e-16
2.4825341532472731e-16
0
1.2412670766236366e-16
5.5511151231257827e-17
2.2204460492503131e-16
6.6336597732556792e-18
2.2204460492503131e-16
1.5700924586837752e-16
7.8504622934188758e-17
2.2204460492503131e-16
3.3766115072321297e-16
2.9893669801409083e-16
1.1443916996305594e-16
2.316934391615153e-16
2.2591401799415137e-16
1.5700924586837752e-16
2.7755575615628914e-16
1.2412670766236366e-16
7.8504622934188758e-17
5.1178752665209032e-16
2.9893669801409083e-16
1.5084711216750862e-16
1.5700924586837752e-16
2.7755575615628914e-16
1.6653345369377348e-16
5.5511151231257827e-17
2.2887833992611187e-16
2.4825341532472731e-16
1.1443916996305594e-16
1.1113827312682136e-16
1.2412670766236366e-16
2.0014830212433605e-16
2.2887833992611187e-16
5.5511151231257827e-17
2.2204460492503131e-16
2.2887833992611187e-16
2.2377260456559048e-16
1.1193561029735506e-16
2.0014830212433605e-16
2.2887833992611187e-16
3.3766115072321297e-16
1.2412670766236366e-16
1.1102230246251565e-16
3.8857805861880479e-16
1.2412670766236366e-16
1.3201675095779083e-16
1.2412670766236366e-16
2.2204460492503131e-16
1.5700924586837752e-16
1.1102230246251565e-16
2.2887833992611187e-16
3.8857805861880479e-16
2.4825341532472731e-16
2.3752420393517873e-16
2.2591401799415137e-16
2.4825341532472731e-16
1.2412670766236366e-16
0
2.2204460492503131e-16
2.0014830212433605e-16
5.5511151231257827e-17
7.9219114674868828e-18
1.1102230246251565e-16
2.4825341532472731e-16
1.2412670766236366e-16
1.2412670766236366e-16
4.4754520913118096e-16
2.2377260456559048e-16
2.4825341532472731e-16
2.2256239864953676e-16
2.6184557666721351e-16
3.3306690738754696e-16
3.3766115072321297e-16
1.1102230246251565e-16
1.1102230246251565e-16
3.8857805861880479e-16
1.5700924586837752e-16
5.0071035824767466e-17
8.3266726846886741e-17
2.7755575615628914e-16
5.5511151231257827e-17
0
3.3766115072321297e-16
2.9893669801409083e-16
1.6711069443220838e-16
1.2344796504034638e-16
1.1102230246251565e-16
1.6653345369377348e-16
2.7336071744532853e-16
2.9893669801409083e-16
3.8857805861880479e-16
2.8305244335018379e-16
3.3306690738754696e-16
3.3448535432812316e-16
3.3766115072321297e-16
3.2368285245694688e-16
2.4825341532472731e-16
1.5700924586837752e-16
2.3714374201337736e-16
1.5700924586837752e-16
1.3877787807814457e-16
1.1118640836803152e-16
1.5265566588595902e-16
2.4825341532472731e-16
1.5700924586837752e-16
1.6653345369377348e-16
2.9893669801409083e-16
4.002966042486721e-16
2.8305244335018379e-16
3.3343289898728329e-16
3.3422138886441676e-16
3.554447978966673e-16
4.002966042486721e-16
2.7755575615628914e-16
1.7772239894833365e-16
2.7755575615628914e-16
2.118352371637509e-16
1.1243519085773464e-16
1.1631705747361534e-16
1.3092278833360675e-16
6.9388939039072284e-17
1.3877787807814457e-16
2.7755575615628914e-17
1.0007415106216802e-16
8.3266726846886741e-17
1.1982543076799697e-16
1.1775693440128312e-16
2.3714374201337736e-16
1.5700924586837752e-16
5.5511151231257827e-17
3.3565890684838572e-16
2.2887833992611187e-16
1.3092278833360675e-16
1.1102850027993587e-16
1.3472894910096233e-16
3.4021815010030383e-16
2.2887833992611187e-16
8.3266726846886741e-17
1.5700924586837752e-16
3.3766115072321297e-16
1.0007415106216802e-16
1.1122170613126633e-16
8.7770836714417531e-17
2.8305244335018379e-16
2.3714374201337736e-16
1.2412670766236366e-16
2.2247786310271853e-16
1.6711069443220838e-16
7.6327832942979512e-17
1.1155283080737048e-16
2.2273038463490048e-16
1.1412835394692667e-16
3.5066844400131885e-17
3.6733365227980375e-17
1.1575211284587182e-16
2.272631512162613e-17
2.8336313041027932e-17
3.3733606761529384e-17
1.1842530624187931e-16
1.8008086617731941e-16
8.4498099598808136e-17
1.370769650435435e-16
3.3890049703351317e-16
2.2608158885434932e-16
2.2339600692994827e-16
3.330896344400486e-16
2.2320193209552918e-16
3.3656930778042954e-16
2.3235306106549812e-16
1.3915527019008537e-16
8.4226810256140126e-17
3.3838281200763007e-16
8.8655274219115115e-17
1.8490643604364574e-17
5.6239732538566832e-17
2.777997745875383e-16
1.1600473704368851e-16
4.5692057860523493e-17
2.2669617517374589e-16
1.1487433111628166e-16
1.1112133246408474e-16
1.1582476148505406e-16
1.1631705747361534e-16
1.2412670766236366e-16
1.3092278833360675e-16
2.7755575615628914e-17
1.2412670766236366e-16
5.5511151231257827e-17
1.0007415106216802e-16
5.707524095932936e-17
7.8504622934188758e-17
1.6883057536160649e-16
5.5511151231257827e-17
1.1102230246251565e-16
4.4495572620543707e-16
2.2377260456559048e-16
3.3766115072321297e-16
3.3307213149938035e-16
3.3659000130511772e-16
3.3422138886441676e-16
3.3335590258932494e-16
1.1443916996305594e-16
8.3266726846886741e-17
3.3766115072321297e-16
8.7770836714417531e-17
5.6052859917839381e-17
8.7770836714417531e-17
2.8305244335018379e-16
1.3877787807814457e-16
0
3.3335590258932494e-16
2.5476231888929306e-16
6.2450045135165055e-17
5.7509098210376862e-17
8.3266726846886741e-17
1.1102230246251565e-16
1.7772239894833365e-16
1.5700924586837752e-16
1.6653345369377348e-16
2.2887833992611187e-16
2.7894008272968645e-16
2.782360888076981e-16
2.8305244335018379e-16
2.9893669801409083e-16
2.9893669801409083e-16
1.6653345369377348e-16
1.7772239894833365e-16
1.5700924586837752e-16
1.5265566588595902e-16
2.2210182221092751e-16
1.3877787807814457e-16
2.6184557666721351e-16
1.6653345369377348e-16
2.2204460492503131e-16
3.5108334685767012e-16
3.554447978966673e-16
2.2887833992611187e-16
2.797843326161287e-16
2.7894008272968645e-16
2.7755575615628914e-16
3.1401849173675503e-16
1.5700924586837752e-16
1.1443916996305594e-16
2.4980018054066022e-16
1.7772239894833365e-16
2.3770790940314567e-16
2.2887833992611187e-16
3.3306690738754696e-16
1.1102230246251565e-16
5.5511151231257827e-17
2.2204460492503131e-16
1.2412670766236366e-16
1.1102230246251565e-16
1.1435202705342979e-16
1.2412670766236366e-16
2.4825341532472731e-16
1.1102230246251565e-16
2.4825341532472731e-16
4.5775667985222375e-16
3.3306690738754696e-16
2.5476231888929306e-16
2.2207746406424675e-16
2.5476231888929306e-16
4.4408920985006262e-16
2.7755575615628914e-16
1.2412670766236366e-16
1.1102230246251565e-16
4.4754520913118096e-16
2.2887833992611187e-16
1.2422474860462135e-16
1.2412670766236366e-16
3.5108334685767012e-16
0
1.2412670766236366e-16
3.5108334685767012e-16
2.4825341532472731e-16
1.6711069443220838e-16
1.5339725777901033e-16
1.5700924586837752e-16
2.0014830212433605e-16
1.2412670766236366e-16
0
1.5700924586837752e-16
1.2412670766236366e-16
2.7755575615628914e-17
1.999493740770554e-17
2.7755575615628914e-17
2.0014830212433605e-16
2.2204460492503131e-16
7.8504622934188758e-17
2.2887833992611187e-16
1.1102230246251565e-16
1.7772239894833365e-16
1.1167089746483755e-16
2.2377260456559048e-16
2.2887833992611187e-16
1.5700924586837752e-16
1.1102230246251565e-16
5.5511151231257827e-17
2.9893669801409083e-16
8.3266726846886741e-17
4.9602069912034433e-17
5.5511151231257827e-17
2.7755575615628914e-16
1.5700924586837752e-16
5.5511151231257827e-17
1.2412670766236366e-16
3.3306690738754696e-16
2.2377260456559048e-16
1.1342855081437276e-16
1.3877787807814457e-16
2.4825341532472731e-16
2.9893669801409083e-16
1.2412670766236366e-16
3.3306690738754696e-16
2.2204460492503131e-16
2.2247786310271853e-16
2.2233631816972654e-16
2.2247786310271853e-16
2.3714374201337736e-16
4.4408920985006262e-16
0
1.2412670766236366e-16
1.5700924586837752e-16
2.2204460492503131e-16
2.3349510090100773e-17
2.4980018054066022e-16
1.5700924586837752e-16
7.8504622934188758e-17
1.1102230246251565e-16
2.4825341532472731e-16
2.2377260456559048e-16
1.2412670766236366e-16
2.2620243007938097e-16
2.2204460492503131e-16
1.7772239894833365e-16
3.5108334685767012e-16
1.2412670766236366e-16
5.5511151231257827e-17
4.9960036108132044e-16
3.2487068343022356e-16
5.7359701528412545e-16
5.7219584981527971e-16
5.2662502028650516e-16
4.5775667985222375e-16
3.5108334685767012e-16
2.9893669801409083e-16
2.4825341532472731e-16
8.3266726846886741e-17
1.1136732910610893e-16
1.2490009027033011e-16
2.9893669801409083e-16
2.7336071744532853e-16
4.0412728104402651e-16
4.5775667985222375e-16
5.0267485386043072e-16
5.7955343351681902e-16
5.5699097955542346e-16
6.2063353831181828e-16
5.6610488670036757e-16
5.1178752665209032e-16
3.5108334685767012e-16
2.4825341532472731e-16
3.5108334685767012e-16
2.0014830212433605e-16
1.1944904241838376e-16
1.1102230246251565e-16
3.3306690738754696e-16
2.4825341532472731e-16
3.3306690738754696e-16
4.5775667985222375e-16
6.2803698347351007e-16
5.7152228177742574e-16
3.5809533448724045e-16
3.6082248300317588e-16
4.002966042486721e-16
3.554447978966673e-16
2.4825341532472731e-16
2.8609792490763985e-16
3.5571561302006606e-16
2.3263411494723067e-16
2.2208173865120309e-16
2.3714374201337736e-16
3.7878989011964018e-16
2.7755575615628914e-16
2.2204460492503131e-16
3.0531133177191805e-16
3.7751664318895328e-16
4.236704743275018e-16
3.3331227850361667e-16
3.9448084808579573e-16
3.5108334685767012e-16
3.0531133177191805e-16
2.9893669801409083e-16
2.6945789820192466e-16
2.118352371637509e-16
1.5218182408308987e-16
2.2367579101035114e-16
2.3479724158959924e-16
2.8609792490763985e-16
2.6184557666721351e-16
2.4825341532472731e-16
2.7755575615628914e-16
6.2063353831181828e-16
4.5182803598830274e-16
2.0910783365634471e-16
1.9465246476344319e-16
2.0454787917408223e-16
1.6181093264909667e-16
1.1483002572294697e-16
1.4186680962270995e-16
2.2831270284697708e-16
1.133116757226777e-16
1.110667370364886e-16
1.1388450334680073e-16
1.2408753609912186e-16
1.4433691042157196e-16
1.5601961600137566e-16
1.542967390998879e-16
1.267303641606978e-16
2.5927568055747014e-16
1.5351429249646797e-16
2.9889653216921555e-16
1.6688808282046376e-16
1.6837467239254485e-16
9.0858962193456961e-17
1.2708613674028814e-16
1.1692600104440556e-16
2.065249635634229e-17
1.1132401129929503e-16
1.1237032459520316e-16
1.2150694992761238e-16
1.3588974435708378e-16
1.1098392017865244e-16
1.748345195455978e-16
5.7171114822348836e-16
3.3496540669209243e-16
2.0236825594334691e-16
1.9626155733547189e-16
1.7772239894833365e-16
2.4825341532472731e-16
8.3266726846886741e-17
2.4236514457283391e-16
2.2887833992611187e-16
1.1443916996305594e-16
1.1137467468267813e-16
1.1857187100668868e-16
1.5700924586837752e-16
2.3714374201337736e-16
1.5700924586837752e-16
1.6653345369377348e-16
1.6653345369377348e-16
2.7755575615628914e-16
1.9515530841674978e-16
3.0022245318650411e-16
1.6653345369377348e-16
1.9428902930940239e-16
1.1102230246251565e-16
2.2887833992611187e-16
1.1102230246251565e-16
6.2450045135165055e-17
1.1613422259844351e-16
1.1631705747361534e-16
1.2490009027033011e-16
2.2591401799415137e-16
1.1102230246251565e-16
1.6653345369377348e-16
5.1851694305630762e-16
3.4777636565401969e-16
1.9380185069124726e-16
1.8619006149354548e-16
1.5700924586837752e-16
1.5700924586837752e-16
5.5511151231257827e-17
1.3877787807814457e-16
1.2412670766236366e-16
2.7755575615628914e-17
1.1169529381549848e-16
4.163336342344337e-17
1.7772239894833365e-16
2.2887833992611187e-16
1.1102230246251565e-16
2.2204460492503131e-16
1.7554167342883506e-16
2.7755575615628914e-16
1.6786299533775842e-16
2.3551386880256624e-16
2.2887833992611187e-16
2.0014830212433605e-16
1.5700924586837752e-16
2.7755575615628914e-17
2.2377260456559048e-16
1.2412670766236366e-16
1.1797713822676285e-16
4.163336342344337e-17
1.9428902930940239e-16
1.1443916996305594e-16
5.5511151231257827e-17
2.4825341532472731e-16
4.7428748402675471e-16
3.2368285245694688e-16
2.5018305410208001e-16
2.2887833992611187e-16
2.4825341532472731e-16
2.0014830212433605e-16
1.1102230246251565e-16
1.5700924586837752e-16
1.3877787807814457e-16
4.163336342344337e-17
1.3906828728987776e-17
5.5511151231257827e-17
1.7772239894833365e-16
1.2412670766236366e-16
2.0014830212433605e-16
3.3306690738754696e-16
2.2204460492503131e-16
2.9504581591051765e-16
2.2204619341753055e-16
3.1401849173675503e-16
2.2204460492503131e-16
2.9893669801409083e-16
1.6653345369377348e-16
1.2412670766236366e-16
2.4980018054066022e-16
1.3092278833360675e-16
3.8773017605969976e-17
5.5511151231257827e-17
2.7755575615628914e-16
1.1102230246251565e-16
1.1102230246251565e-16
2.2887833992611187e-16
4.0412728104402651e-16
2.4825341532472731e-16
1.5666045011682057e-16
1.5700924586837752e-16
2.4825341532472731e-16
1.2412670766236366e-16
5.5511151231257827e-17
0
0
2.7755575615628914e-17
1.9107264789347511e-17
2.7755575615628914e-17
1.6653345369377348e-16
1.1102230246251565e-16
7.8504622934188758e-17
3.3766115072321297e-16
2.2204460492503131e-16
2.0014830212433605e-16
1.1126200476881452e-16
1.7772239894833365e-16
2.2887833992611187e-16
2.4825341532472731e-16
1.2412670766236366e-16
5.5511151231257827e-17
2.9893669801409083e-16
2.7755575615628914e-17
4.6106661376808807e-17
0
2.2204460492503131e-16
1.2412670766236366e-16
0
1.2412670766236366e-16
3.3306690738754696e-16
2.2377260456559048e-16
2.3874838053862656e-16
2.3714374201337736e-16
1.7772239894833365e-16
1.5700924586837752e-16
5.5511151231257827e-17
1.5700924586837752e-16
2.2887833992611187e-16
1.1443916996305594e-16
1.1465561310592803e-16
1.2412670766236366e-16
2.7755575615628914e-16
1.2412670766236366e-16
1.2412670766236366e-16
4.4408920985006262e-16
2.2887833992611187e-16
2.5476231888929306e-16
2.222665813697895e-16
2.5476231888929306e-16
3.3766115072321297e-16
3.3306690738754696e-16
1.2412670766236366e-16
1.2412670766236366e-16
3.5108334685767012e-16
1.1102230246251565e-16
1.2566061761130654e-16
1.2412670766236366e-16
2.9893669801409083e-16
1.1102230246251565e-16
1.1102230246251565e-16
3.3306690738754696e-16
3.7751664318895328e-16
1.8875832159447664e-16
1.2146596857287017e-16
1.1857187100668868e-16
1.2412670766236366e-16
1.1443916996305594e-16
0
0
5.5511151231257827e-17
5.5511151231257827e-17
3.2509690224538617e-17
5.5511151231257827e-17
1.6653345369377348e-16
0
1.1102230246251565e-16
2.2887833992611187e-16
2.2377260456559048e-16
1.3877787807814457e-16
3.3307655177121091e-16
1.3877787807814457e-16
3.3306690738754696e-16
1.3877787807814457e-16
1.2412670766236366e-16
1.1102230246251565e-16
2.8305244335018379e-16
1.0007415106216802e-16
5.6946952195814471e-17
6.2063353831181828e-17
2.9893669801409083e-16
1.1102230246251565e-16
5.5511151231257827e-17
1.3877787807814457e-16
2.2377260456559048e-16
1.1102230246251565e-16
1.1257103436794365e-16
2.2301825219878386e-16
1.1857187100668868e-16
1.1443916996305594e-16
2.7755575615628914e-17
1.1443916996305594e-16
7.8504622934188758e-17
6.2063353831181828e-17
4.0864040635818894e-17
8.7770836714417531e-17
2.2204460492503131e-16
2.7755575615628914e-17
1.1443916996305594e-16
4.4430599737083413e-16
3.3422138886441676e-16
2.3065952118587559e-16
3.33101959012213e-16
2.2887833992611187e-16
2.2591401799415137e-16
3.3306690738754696e-16
1.1443916996305594e-16
2.7755575615628914e-17
3.8956806801599406e-16
1.1102230246251565e-16
4.3633934118961832e-17
5.5511151231257827e-17
3.3306690738754696e-16
1.1443916996305594e-16
0
3.3422138886441676e-16
2.4236514457283391e-16
1.2738115944464653e-16
1.110465929120305e-16
2.2204994477571042e-16
1.1171541869363491e-16
2.7507121847700553e-17
3.0542038838361828e-17
1.1414429551578517e-16
6.3473166053083772e-17
4.8290935717205682e-17
5.1540665708565008e-17
1.1914407159285005e-16
2.2666833815487515e-16
3.9529428781564811e-17
1.1385535319751097e-16
3.3343437022125525e-16
3.3330730053266199e-16
2.2209482150813639e-16
3.3319708174626569e-16
2.2248389037731622e-16
2.221189181553457e-16
2.2220521552533402e-16
1.1566139638907754e-16
4.597183671390179e-17
3.8981283976406082e-16
8.6508335639255595e-17
4.6394609781840969e-17
8.4109041378199684e-17
3.3658717090906805e-16
1.1517857144472148e-16
3.1296989658715733e-17
2.2420409736799372e-16
1.1208061354631363e-16
1.1102261887345355e-16
1.1444086776084278e-16
2.2591401799415137e-16
1.3092278833360675e-16
1.3092278833360675e-16
5.5511151231257827e-17
1.2412670766236366e-16
1.0007415106216802e-16
8.7770836714417531e-17
8.7295964974674553e-17
1.3877787807814457e-16
2.3714374201337736e-16
8.3266726846886741e-17
1.1443916996305594e-16
4.4430599737083413e-16
2.2247786310271853e-16
2.2887833992611187e-16
3.3324868075174814e-16
2.3065952118587559e-16
3.3335590258932494e-16
3.3306690738754696e-16
1.2412670766236366e-16
8.3266726846886741e-17
3.8956806801599406e-16
1.0007415106216802e-16
8.6135137892039507e-17
1.0007415106216802e-16
3.3766115072321297e-16
1.5700924586837752e-16
5.5511151231257827e-17
3.3335590258932494e-16
2.6184557666721351e-16
1.3092278833360675e-16
5.7989436026641242e-17
8.3266726846886741e-17
1.3877787807814457e-16
1.5700924586837752e-16
2.0014830212433605e-16
1.1102230246251565e-16
1.6653345369377348e-16
1.6883057536160649e-16
1.6714609614368243e-16
1.7554167342883506e-16
1.7554167342883506e-16
1.1102230246251565e-16
5.5511151231257827e-17
2.2887833992611187e-16
1.3877787807814457e-16
1.2490009027033011e-16
2.2206903938236042e-16
1.1102230246251565e-16
2.2887833992611187e-16
1.1443916996305594e-16
1.6653345369377348e-16
2.0014830212433605e-16
2.9893669801409083e-16
1.6883057536160649e-16
1.7157829088639195e-16
1.6653345369377348e-16
2.3551386880256624e-16
2.0014830212433605e-16
1.5700924586837752e-16
1.2412670766236366e-16
2.4980018054066022e-16
1.7772239894833365e-16
1.3839996722967768e-16
2.3263411494723067e-16
3.3766115072321297e-16
1.2412670766236366e-16
0
2.2887833992611187e-16
1.1102230246251565e-16
0
7.9956983841820979e-18
5.5511151231257827e-17
2.2204460492503131e-16
1.2412670766236366e-16
2.2887833992611187e-16
4.4754520913118096e-16
3.3766115072321297e-16
2.6945789820192466e-16
3.3312250864150053e-16
2.5476231888929306e-16
4.4495572620543707e-16
2.4825341532472731e-16
1.1102230246251565e-16
1.2412670766236366e-16
4.0412728104402651e-16
1.2412670766236366e-16
4.9318714193110138e-17
5.5511151231257827e-17
2.9893669801409083e-16
5.5511151231257827e-17
1.1102230246251565e-16
3.3766115072321297e-16
2.9893669801409083e-16
1.8875832159447664e-16
9.788844433132963e-17
8.3266726846886741e-17
1.1102230246251565e-16
1.2412670766236366e-16
7.8504622934188758e-17
1.2412670766236366e-16
2.2887833992611187e-16
1.1102230246251565e-16
1.1197972265568471e-16
1.1443916996305594e-16
2.4825341532472731e-16
3.5108334685767012e-16
0
2.2887833992611187e-16
1.1102230246251565e-16
2.2204460492503131e-16
5.4194529584787324e-19
2.2204460492503131e-16
2.0014830212433605e-16
0
7.8504622934188758e-17
1.2412670766236366e-16
2.7755575615628914e-16
1.1443916996305594e-16
1.2126395311914577e-16
1.1443916996305594e-16
2.0014830212433605e-16
3.7238012298709097e-16
1.5700924586837752e-16
1.2412670766236366e-16
3.5108334685767012e-16
2.2204460492503131e-16
1.0681423262457423e-16
1.6653345369377348e-16
2.9893669801409083e-16
3.5108334685767012e-16
2.2887833992611187e-16
3.3306690738754696e-16
3.3422138886441676e-16
3.3422138886441676e-16
3.336930159329111e-16
3.3422138886441676e-16
3.5108334685767012e-16
5.5788016545937291e-16
1.1102230246251565e-16
1.5700924586837752e-16
1.5700924586837752e-16
2.4980018054066022e-16
1.3510780372711144e-17
2.7755575615628914e-16
2.0014830212433605e-16
1.2412670766236366e-16
2.2204460492503131e-16
3.3766115072321297e-16
2.9893669801409083e-16
2.2591401799415137e-16
3.3583845823597255e-16
3.3335590258932494e-16
2.4825341532472731e-16
5.6610488670036757e-16
2.2887833992611187e-16
1.1102230246251565e-16
5.5511151231257827e-16
3.5108334685767012e-16
1.5359141029379726e-16
1.4946834900704541e-16
1.7554167342883506e-16
1.1102230246251565e-16
1.2412670766236366e-16
1.1443916996305594e-16
3.3422138886441676e-16
2.2247786310271853e-16
2.2273150320817725e-16
1.1857187100668868e-16
2.4825341532472731e-16
1.2412670766236366e-16
0
1.5700924586837752e-16
1.1102230246251565e-16
2.0206364052201326e-16
6.8197486088738293e-17
2.5589376332604516e-16
1.2412670766236366e-16
5.5511151231257827e-17
1.2412670766236366e-16
1.1443916996305594e-16
1.9428902930940239e-16
2.7755575615628914e-17
2.2369220057216869e-16
2.7755575615628914e-17
8.3266726846886741e-17
1.3877787807814457e-16
1.1102230246251565e-16
1.1102230246251565e-16
4.9960036108132044e-16
2.7755575615628914e-16
2.8180376106552934e-16
2.7755575615628914e-16
2.7755575615628914e-16
2.9504581591051765e-16
1.7772239894833365e-16
3.5571561302006606e-16
3.4331750988916778e-16
3.3565890684838572e-16
2.2231400474078585e-16
2.3263411494723067e-16
1.6711069443220838e-16
3.5108334685767012e-16
1.3877787807814457e-16
2.2204460492503131e-16
2.5589376332604516e-16
3.554447978966673e-16
2.4989492962650893e-16
3.3422138886441676e-16
2.2887833992611187e-16
1.9428902930940239e-16
2.2377260456559048e-16
3.5571561302006606e-16
2.6945789820192466e-16
1.2118257228641695e-16
2.2221266538273444e-16
1.2738115944464653e-16
1.7772239894833365e-16
3.4694469519536142e-16
2.0014830212433605e-16
1.9428902930940239e-16
5.8813010296357691e-16
4.002966042486721e-16
1.4927952194812555e-16
1.944899384517818e-16
2.2236220863651632e-16
2.2278464247701496e-16
2.2255721521341263e-16
3.3309760724453343e-16
4.4409157975933352e-16
4.4410826948604169e-16
3.3307987346345195e-16
3.3309155063737557e-16
3.3339265439812422e-16
3.3343919606690208e-16
1.110223028468829e-16
8.2865260716154671e-18
1.1109938401024463e-16
2.7787335424856813e-16
2.0718998637748485e-17
3.0642404681597335e-16
1.1654054128926355e-16
2.3962206193112635e-17
2.2224819330742886e-16
3.3308341143638763e-16
1.1110644040466868e-16
2.2215148910194319e-16
3.3307075653505047e-16
2.2216749616754671e-16
1.1123590793005936e-16
3.3307933723545865e-16
2.2238126752339169e-16
2.8851846666398272e-17
6.1121852051709307e-16
3.6114076667569759e-16
2.943143718149913e-16
3.0022245318650411e-16
2.7755575615628914e-16
2.9504581591051765e-16
2.0014830212433605e-16
3.6638411145107034e-16
3.4694469519536142e-16
3.3659000130511772e-16
2.2216339116155905e-16
2.3714374201337736e-16
2.6945789820192466e-16
3.6082248300317588e-16
1.6653345369377348e-16
2.4980018054066022e-16
2.5589376332604516e-16
3.7341307954279784e-16
3.0595455405618398e-16
3.9252311467094378e-16
2.8305244335018379e-16
2.7755575615628914e-16
2.4825341532472731e-16
3.5571561302006606e-16
2.118352371637509e-16
1.2738115944464653e-16
2.2218163127957705e-16
1.2412670766236366e-16
1.7772239894833365e-16
3.4694469519536142e-16
2.0014830212433605e-16
2.4980018054066022e-16
6.0872729633235947e-16
4.335559509131367e-16
1.2664681719042054e-16
1.4946834900704541e-16
2.2204460492503131e-16
2.2204460492503131e-16
2.2204460492503131e-16
1.3877787807814457e-16
3.3422138886441676e-16
2.2204460492503131e-16
3.3341913774115079e-16
2.2591401799415137e-16
3.4331750988916778e-16
3.3422138886441676e-16
1.2412670766236366e-16
1.6653345369377348e-16
7.8504622934188758e-17
2.8305244335018379e-16
5.8111520822734796e-17
2.2887833992611187e-16
1.5700924586837752e-16
1.1102230246251565e-16
2.2204460492503131e-16
1.1102230246251565e-16
2.4825341532472731e-16
1.1443916996305594e-16
3.3506145721594889e-16
2.2377260456559048e-16
2.3714374201337736e-16
3.3422138886441676e-16
1.1102230246251565e-16
1.1102230246251565e-16
5.5788016545937291e-16
3.3766115072321297e-16
1.1904620485511189e-16
1.3877787807814457e-16
1.6653345369377348e-16
2.8305244335018379e-16
2.2887833992611187e-16
3.3306690738754696e-16
4.4495572620543707e-16
2.2204460492503131e-16
2.2248012713715001e-16
2.2591401799415137e-16
3.5108334685767012e-16
2.4825341532472731e-16
0
1.2412670766236366e-16
5.5511151231257827e-17
2.2204460492503131e-16
6.6336597732556792e-18
2.2204460492503131e-16
1.5700924586837752e-16
7.8504622934188758e-17
2.2204460492503131e-16
3.3766115072321297e-16
2.9893669801409083e-16
1.1443916996305594e-16
2.316934391615153e-16
2.2591401799415137e-16
1.5700924586837752e-16
2.7755575615628914e-16
1.2412670766236366e-16
7.8504622934188758e-17
5.1178752665209032e-16
2.9893669801409083e-16
1.5084711216750862e-16
1.5700924586837752e-16
2.7755575615628914e-16
1.6653345369377348e-16
5.5511151231257827e-17
2.2887833992611187e-16
2.4825341532472731e-16
1.1443916996305594e-16
1.1113827312682136e-16
1.2412670766236366e-16
2.0014830212433605e-16
2.2887833992611187e-16
5.5511151231257827e-17
2.2204460492503131e-16
2.2887833992611187e-16
2.2377260456559048e-16
1.1193561029735506e-16
2.0014830212433605e-16
2.2887833992611187e-16
3.3766115072321297e-16
1.2412670766236366e-16
1.1102230246251565e-16
3.8857805861880479e-16
1.2412670766236366e-16
1.3201675095779083e-16
1.2412670766236366e-16
2.2204460492503131e-16
1.5700924586837752e-16
1.1102230246251565e-16
2.2887833992611187e-16
3.8857805861880479e-16
2.4825341532472731e-16
2.3752420393517873e-16
2.2591401799415137e-16
2.4825341532472731e-16
1.2412670766236366e-16
0
2.2204460492503131e-16
2.0014830212433605e-16
5.5511151231257827e-17
7.9219114674868828e-18
1.1102230246251565e-16
2.4825341532472731e-16
1.2412670766236366e-16
1.2412670766236366e-16
4.4754520913118096e-16
2.2377260456559048e-16
2.4825341532472731e-16
2.2256239864953676e-16
2.6184557666721351e-16
3.3306690738754696e-16
3.3766115072321297e-16
1.1102230246251565e-16
1.1102230246251565e-16
3.8857805861880479e-16
1.5700924586837752e-16
5.0071035824767466e-17
8.3266726846886741e-17
2.7755575615628914e-16
5.5511151231257827e-17
0
3.3766115072321297e-16
2.9893669801409083e-16
1.6711069443220838e-16
1.2344796504034638e-16
1.1102230246251565e-16
1.6653345369377348e-16
2.7336071744532853e-16
2.9893669801409083e-16
3.8857805861880479e-16
2.8305244335018379e-16
3.3306690738754696e-16
3.3448535432812316e-16
3.3766115072321297e-16
3.2368285245694688e-16
2.4825341532472731e-16
1.5700924586837752e-16
2.3714374201337736e-16
1.5700924586837752e-16
1.3877787807814457e-16
1.1118640836803152e-16
1.5265566588595902e-16
2.4825341532472731e-16
1.5700924586837752e-16
1.6653345369377348e-16
2.9893669801409083e-16
4.002966042486721e-16
2.8305244335018379e-16
3.3343289898728329e-16
3.3422138886441676e-16
3.554447978966673e-16
4.002966042486721e-16
2.7755575615628914e-16
1.7772239894833365e-16
2.7755575615628914e-16
2.118352371637509e-16
1.1243519085773464e-16
1.1631705747361534e-16
1.3092278833360675e-16
6.9388939039072284e-17
1.3877787807814457e-16
2.7755575615628914e-17
1.0007415106216802e-16
8.3266726846886741e-17
1.1982543076799697e-16
1.1775693440128312e-16
2.3714374201337736e-16
1.5700924586837752e-16
5.5511151231257827e-17
3.3565890684838572e-16
2.2887833992611187e-16
1.3092278833360675e-16
1.1102850027993587e-16
1.3472894910096233e-16
3.4021815010030383e-16
2.2887833992611187e-16
8.3266726846886741e-17
1.5700924586837752e-16
3.3766115072321297e-16
1.0007415106216802e-16
1.1122170613126633e-16
8.7770836714417531e-17
2.8305244335018379e-16
2.3714374201337736e-16
1.2412670766236366e-16
2.2247786310271853e-16
1.6711069443220838e-16
7.6327832942979512e-17
1.1155283080737048e-16
2.2273038463490048e-16
1.1412835394692667e-16
3.5066844400131885e-17
3.6733365227980375e-17
1.1575211284587182e-16
2.272631512162613e-17
2.8336313041027932e-17
3.3733606761529384e-17
1.1842530624187931e-16
1.8008086617731941e-16
8.4498099598808136e-17
1.370769650435435e-16
3.3890049703351317e-16
2.2608158885434932e-16
2.2339600692994827e-16
3.330896344400486e-16
2.2320193209552918e-16
3.3656930778042954e-16
2.3235306106549812e-16
1.3915527019008537e-16
8.4226810256140126e-17
3.3838281200763007e-16
8.8655274219115115e-17
1.8490643604364574e-17
5.6239732538566832e-17
2.777997745875383e-16
1.1600473704368851e-16
4.5692057860523493e-17
2.2669617517374589e-16
1.1487433111628166e-16
1.1112133246408474e-16
1.1582476148505406e-16
1.1631705747361534e-16
1.2412670766236366e-16
1.3092278833360675e-16
2.7755575615628914e-17
1.2412670766236366e-16
5.5511151231257827e-17
1.0007415106216802e-16
5.707524095932936e-17
7.8504622934188758e-17
1.6883057536160649e-16
5.5511151231257827e-17
1.1102230246251565e-16
4.4495572620543707e-16
2.2377260456559048e-16
3.3766115072321297e-16
3.3307213149938035e-16
3.3659000130511772e-16
3.3422138886441676e-16
3.3335590258932494e-16
1.1443916996305594e-16
8.3266726846886741e-17
3.3766115072321297e-16
8.7770836714417531e-17
5.6052859917839381e-17
8.7770836714417531e-17
2.8305244335018379e-16
1.3877787807814457e-16
0
3.3335590258932494e-16
2.5476231888929306e-16
6.2450045135165055e-17
5.7509098210376862e-17
8.3266726846886741e-17
1.1102230246251565e-16
1.7772239894833365e-16
1.5700924586837752e-16
1.6653345369377348e-16
2.2887833992611187e-16
2.7894008272968645e-16
2.782360888076981e-16
2.8305244335018379e-16
2.9893669801409083e-16
2.9893669801409083e-16
1.6653345369377348e-16
1.7772239894833365e-16
1.5700924586837752e-16
1.5265566588595902e-16
2.2210182221092751e-16
1.3877787807814457e-16
2.6184557666721351e-16
1.6653345369377348e-16
2.2204460492503131e-16
3.5108334685767012e-16
3.554447978966673e-16
2.2887833992611187e-16
2.797843326161287e-16
2.7894008272968645e-16
2.7755575615628914e-16
3.1401849173675503e-16
1.5700924586837752e-16
1.1443916996305594e-16
2.4980018054066022e-16
1.7772239894833365e-16
2.3770790940314567e-16
2.2887833992611187e-16
3.3306690738754696e-16
1.1102230246251565e-16
5.5511151231257827e-17
2.2204460492503131e-16
1.2412670766236366e-16
1.1102230246251565e-16
1.1435202705342979e-16
1.2412670766236366e-16
2.4825341532472731e-16
1.1102230246251565e-16
2.4825341532472731e-16
4.5775667985222375e-16
3.3306690738754696e-16
2.5476231888929306e-16
2.2207746406424675e-16
2.5476231888929306e-16
4.4408920985006262e-16
2.7755575615628914e-16
1.2412670766236366e-16
1.1102230246251565e-16
4.4754520913118096e-16
2.2887833992611187e-16
1.2422474860462135e-16
1.2412670766236366e-16
3.5108334685767012e-16
0
1.2412670766236366e-16
3.5108334685767012e-16
2.4825341532472731e-16
1.6711069443220838e-16
1.5339725777901033e-16
1.5700924586837752e-16
2.0014830212433605e-16
1.2412670766236366e-16
0
1.5700924586837752e-16
1.2412670766236366e-16
2.7755575615628914e-17
1.999493740770554e-17
2.7755575615628914e-17
2.0014830212433605e-16
2.2204460492503131e-16
7.8504622934188758e-17
2.2887833992611187e-16
1.1102230246251565e-16
1.7772239894833365e-16
1.1167089746483755e-16
2.2377260456559048e-16
2.2887833992611187e-16
1.5700924586837752e-16
1.1102230246251565e-16
5.5511151231257827e-17
2.9893669801409083e-16
8.3266726846886741e-17
4.9602069912034433e-17
5.5511151231257827e-17
2.7755575615628914e-16
1.5700924586837752e-16
5.5511151231257827e-17
1.2412670766236366e-16
3.3306690738754696e-16
2.2377260456559048e-16
1.1342855081437276e-16
1.3877787807814457e-16
2.4825341532472731e-16
2.9893669801409083e-16
1.2412670766236366e-16
3.3306690738754696e-16
2.2204460492503131e-16
2.2247786310271853e-16
2.2233631816972654e-16
2.2247786310271853e-16
2.3714374201337736e-16
4.4408920985006262e-16
0
1.2412670766236366e-16
1.5700924586837752e-16
2.2204460492503131e-16
2.3349510090100773e-17
2.4980018054066022e-16
1.5700924586837752e-16
7.8504622934188758e-17
1.1102230246251565e-16
2.4825341532472731e-16
2.2377260456559048e-16
1.2412670766236366e-16
2.2620243007938097e-16
2.2204460492503131e-16
1.7772239894833365e-16
3.5108334685767012e-16
1.2412670766236366e-16
5.5511151231257827e-17
4.9960036108132044e-16
3.2487068343022356e-16
5.7359701528412545e-16
5.7219584981527971e-16
5.2662502028650516e-16
4.5775667985222375e-16
3.5108334685767012e-16
2.9893669801409083e-16
2.4825341532472731e-16
8.3266726846886741e-17
1.1136732910610893e-16
1.2490009027033011e-16
2.9893669801409083e-16
2.7336071744532853e-16
4.0412728104402651e-16
4.5775667985222375e-16
5.0267485386043072e-16
5.7955343351681902e-16
5.5699097955542346e-16
6.2063353831181828e-16
5.6610488670036757e-16
5.1178752665209032e-16
3.5108334685767012e-16
2.4825341532472731e-16
3.5108334685767012e-16
2.0014830212433605e-16
1.1944904241838376e-16
1.1102230246251565e-16
3.3306690738754696e-16
2.4825341532472731e-16
3.3306690738754696e-16
4.5775667985222375e-16
6.2803698347351007e-16
5.7152228177742574e-16
3.5809533448724045e-16
3.6082248300317588e-16
4.002966042486721e-16
3.554447978966673e-16
2.4825341532472731e-16
2.8609792490763985e-16
3.5571561302006606e-16
2.3263411494723067e-16
2.2208173865120309e-16
2.3714374201337736e-16
3.7878989011964018e-16
2.7755575615628914e-16
2.2204460492503131e-16
3.0531133177191805e-16
3.7751664318895328e-16
4.236704743275018e-16
3.3331227850361667e-16
3.9448084808579573e-16
3.5108334685767012e-16
3.0531133177191805e-16
2.9893669801409083e-16
2.6945789820192466e-16
2.118352371637509e-16
1.5218182408308987e-16
2.2367579101035114e-16
2.3479724158959924e-16
2.8609792490763985e-16
2.6184557666721351e-16
2.4825341532472731e-16
2.7755575615628914e-16
6.2063353831181828e-16
4.5182803598830274e-16
2.0910783365634471e-16
1.9465246476344319e-16
2.0454787917408223e-16
1.6181093264909667e-16
1.1483002572294697e-16
1.4186680962270995e-16
2.2831270284697708e-16
1.133116757226777e-16
1.110667370364886e-16
1.1388450334680073e-16
1.2408753609912186e-16
1.4433691042157196e-16
1.5601961600137566e-16
1.542967390998879e-16
1.267303641606978e-16
2.5927568055747014e-16
1.5351429249646797e-16
2.9889653216921555e-16
1.6688808282046376e-16
1.6837467239254485e-16
9.0858962193456961e-17
1.2708613674028814e-16
1.1692600104440556e-16
2.065249635634229e-17
1.1132401129929503e-16
1.1237032459520316e-16
1.2150694992761238e-16
1.3588974435708378e-16
1.1098392017865244e-16
1.748345195455978e-16
5.7171114822348836e-16
3.3496540669209243e-16
2.0236825594334691e-16
1.9626155733547189e-16
1.7772239894833365e-16
2.4825341532472731e-16
8.3266726846886741e-17
2.4236514457283391e-16
2.2887833992611187e-16
1.1443916996305594e-16
1.1137467468267813e-16
1.1857187100668868e-16
1.5700924586837752e-16
2.3714374201337736e-16
1.5700924586837752e-16
1.6653345369377348e-16
1.6653345369377348e-16
2.7755575615628914e-16
1.9515530841674978e-16
3.0022245318650411e-16
1.6653345369377348e-16
1.9428902930940239e-16
1.1102230246251565e-16
2.2887833992611187e-16
1.1102230246251565e-16
6.2450045135165055e-17
1.1613422259844351e-16
1.1631705747361534e-16
1.2490009027033011e-16
2.2591401799415137e-16
1.1102230246251565e-16
1.6653345369377348e-16
5.1851694305630762e-16
3.4777636565401969e-16
1.9380185069124726e-16
1.8619006149354548e-16
1.5700924586837752e-16
1.5700924586837752e-16
5.5511151231257827e-17
1.3877787807814457e-16
1.2412670766236366e-16
2.7755575615628914e-17
1.1169529381549848e-16
4.163336342344337e-17
1.7772239894833365e-16
2.2887833992611187e-16
1.1102230246251565e-16
2.2204460492503131e-16
1.7554167342883506e-16
2.7755575615628914e-16
1.6786299533775842e-16
2.3551386880256624e-16
2.2887833992611187e-16
2.0014830212433605e-16
1.5700924586837752e-16
2.7755575615628914e-17
2.2377260456559048e-16
1.2412670766236366e-16
1.1797713822676285e-16
4.163336342344337e-17
1.9428902930940239e-16
1.1443916996305594e-16
5.5511151231257827e-17
2.4825341532472731e-16
4.7428748402675471e-16
3.2368285245694688e-16
2.5018305410208001e-16
2.2887833992611187e-16
2.4825341532472731e-16
2.0014830212433605e-16
1.1102230246251565e-16
1.5700924586837752e-16
1.3877787807814457e-16
4.163336342344337e-17
1.3906828728987776e-17
5.5511151231257827e-17
1.7772239894833365e-16
1.2412670766236366e-16
2.0014830212433605e-16
3.3306690738754696e-16
2.2204460492503131e-16
2.9504581591051765e-16
2.2204619341753055e-16
3.1401849173675503e-16
2.2204460492503131e-16
2.9893669801409083e-16
1.6653345369377348e-16
1.2412670766236366e-16
2.4980018054066022e-16
1.3092278833360675e-16
3.8773017605969976e-17
5.5511151231257827e-17
2.7755575615628914e-16
1.1102230246251565e-16
1.1102230246251565e-16
2.2887833992611187e-16
4.0412728104402651e-16
2.4825341532472731e-16
1.5666045011682057e-16
1.5700924586837752e-16
2.4825341532472731e-16
1.2412670766236366e-16
5.5511151231257827e-17
0
0
2.7755575615628914e-17
1.9107264789347511e-17
2.7755575615628914e-17
1.6653345369377348e-16
1.1102230246251565e-16
7.8504622934188758e-17
3.3766115072321297e-16
2.2204460492503131e-16
2.0014830212433605e-16
1.1126200476881452e-16
1.7772239894833365e-16
2.2887833992611187e-16
2.4825341532472731e-16
1.2412670766236366e-16
5.5511151231257827e-17
2.9893669801409083e-16
2.7755575615628914e-17
4.6106661376808807e-17
0
2.2204460492503131e-16
1.2412670766236366e-16
0
1.2412670766236366e-16
3.3306690738754696e-16
2.2377260456559048e-16
2.3874838053862656e-16
2.3714374201337736e-16
1.7772239894833365e-16
1.5700924586837752e-16
5.5511151231257827e-17
1.5700924586837752e-16
2.2887833992611187e-16
1.1443916996305594e-16
1.1465561310592803e-16
1.2412670766236366e-16
2.7755575615628914e-16
1.2412670766236366e-16
1.2412670766236366e-16
4.4408920985006262e-16
2.2887833992611187e-16
2.5476231888929306e-16
2.222665813697895e-16
2.5476231888929306e-16
3.3766115072321297e-16
3.3306690738754696e-16
1.2412670766236366e-16
1.2412670766236366e-16
3.5108334685767012e-16
1.1102230246251565e-16
1.2566061761130654e-16
1.2412670766236366e-16
2.9893669801409083e-16
1.1102230246251565e-16
1.1102230246251565e-16
3.3306690738754696e-16
3.7751664318895328e-16
1.8875832159447664e-16
1.2146596857287017e-16
1.1857187100668868e-16
1.2412670766236366e-16
1.1443916996305594e-16
0
0
5.5511151231257827e-17
5.5511151231257827e-17
3.2509690224538617e-17
5.5511151231257827e-17
1.6653345369377348e-16
0
1.1102230246251565e-16
2.2887833992611187e-16
2.2377260456559048e-16
1.3877787807814457e-16
3.3307655177121091e-16
1.3877787807814457e-16
3.3306690738754696e-16
1.3877787807814457e-16
1.2412670766236366e-16
1.1102230246251565e-16
2.8305244335018379e-16
1.0007415106216802e-16
5.6946952195814471e-17
6.2063353831181828e-17
2.9893669801409083e-16
1.1102230246251565e-16
5.5511151231257827e-17
1.3877787807814457e-16
2.2377260456559048e-16
1.1102230246251565e-16
1.1257103436794365e-16
2.2301825219878386e-16
1.1857187100668868e-16
1.1443916996305594e-16
2.7755575615628914e-17
1.1443916996305594e-16
7.8504622934188758e-17
6.2063353831181828e-17
4.0864040635818894e-17
8.7770836714417531e-17
2.2204460492503131e-16
2.7755575615628914e-17
1.1443916996305594e-16
4.4430599737083413e-16
3.3422138886441676e-16
2.3065952118587559e-16
3.33101959012213e-16
2.2887833992611187e-16
2.2591401799415137e-16
3.3306690738754696e-16
1.1443916996305594e-16
2.7755575615628914e-17
3.8956806801599406e-16
1.1102230246251565e-16
4.3633934118961832e-17
5.5511151231257827e-17
3.3306690738754696e-16
1.1443916996305594e-16
0
3.3422138886441676e-16
2.4236514457283391e-16
1.2738115944464653e-16
1.110465929120305e-16
2.2204994477571042e-16
1.1171541869363491e-16
2.7507121847700553e-17
3.0542038838361828e-17
1.1414429551578517e-16
6.3473166053083772e-17
4.8290935717205682e-17
5.1540665708565008e-17
1.1914407159285005e-16
2.2666833815487515e-16
3.9529428781564811e-17
1.1385535319751097e-16
3.3343437022125525e-16
3.3330730053266199e-16
2.2209482150813639e-16
3.3319708174626569e-16
2.2248389037731622e-16
2.221189181553457e-16
2.2220521552533402e-16
1.1566139638907754e-16
4.597183671390179e-17
3.8981283976406082e-16
8.6508335639255595e-17
4.6394609781840969e-17
8.4109041378199684e-17
3.3658717090906805e-16
1.1517857144472148e-16
3.1296989658715733e-17
2.2420409736799372e-16
1.1208061354631363e-16
1.1102261887345355e-16
1.1444086776084278e-16
2.2591401799415137e-16
1.3092278833360675e-16
1.3092278833360675e-16
5.5511151231257827e-17
1.2412670766236366e-16
1.0007415106216802e-16
8.7770836714417531e-17
8.7295964974674553e-17
1.3877787807814457e-16
2.3714374201337736e-16
8.3266726846886741e-17
1.1443916996305594e-16
4.4430599737083413e-16
2.2247786310271853e-16
2.2887833992611187e-16
3.3324868075174814e-16
2.3065952118587559e-16
3.3335590258932494e-16
3.3306690738754696e-16
1.2412670766236366e-16
8.3266726846886741e-17
3.8956806801599406e-16
1.0007415106216802e-16
8.6135137892039507e-17
1.0007415106216802e-16
3.3766115072321297e-16
1.5700924586837752e-16
5.5511151231257827e-17
3.3335590258932494e-16
2.6184557666721351e-16
1.3092278833360675e-16
5.7989436026641242e-17
8.3266726846886741e-17
1.3877787807814457e-16
1.5700924586837752e-16
2.0014830212433605e-16
1.1102230246251565e-16
1.6653345369377348e-16
1.6883057536160649e-16
1.6714609614368243e-16
1.7554167342883506e-16
1.7554167342883506e-16
1.1102230246251565e-16
5.5511151231257827e-17
2.2887833992611187e-16
1.3877787807814457e-16
1.2490009027033011e-16
2.2206903938236042e-16
1.1102230246251565e-16
2.2887833992611187e-16
1.1443916996305594e-16
1.6653345369377348e-16
2.0014830212433605e-16
2.9893669801409083e-16
1.6883057536160649e-16
1.7157829088639195e-16
1.6653345369377348e-16
2.3551386880256624e-16
2.0014830212433605e-16
1.5700924586837752e-16
1.2412670766236366e-16
2.4980018054066022e-16
1.7772239894833365e-16
1.3839996722967768e-16
2.3263411494723067e-16
3.3766115072321297e-16
1.2412670766236366e-16
0
2.2887833992611187e-16
1.1102230246251565e-16
0
7.9956983841820979e-18
5.5511151231257827e-17
2.2204460492503131e-16
1.2412670766236366e-16
2.2887833992611187e-16
4.4754520913118096e-16
3.3766115072321297e-16
2.6945789820192466e-16
3.3312250864150053e-16
2.5476231888929306e-16
4.4495572620543707e-16
2.4825341532472731e-16
1.1102230246251565e-16
1.2412670766236366e-16
4.0412728104402651e-16
1.2412670766236366e-16
4.9318714193110138e-17
5.5511151231257827e-17
2.9893669801409083e-16
5.5511151231257827e-17
1.1102230246251565e-16
3.3766115072321297e-16
2.9893669801409083e-16
1.8875832159447664e-16
9.788844433132963e-17
8.3266726846886741e-17
1.1102230246251565e-16
1.2412670766236366e-16
7.8504622934188758e-17
1.2412670766236366e-16
2.2887833992611187e-16
1.1102230246251565e-16
1.1197972265568471e-16
1.1443916996305594e-16
2.4825341532472731e-16
3.5108334685767012e-16
0
2.2887833992611187e-16
1.1102230246251565e-16
2.2204460492503131e-16
5.4194529584787324e-19
2.2204460492503131e-16
2.0014830212433605e-16
0
7.8504622934188758e-17
1.2412670766236366e-16
2.7755575615628914e-16
1.1443916996305594e-16
1.2126395311914577e-16
1.1443916996305594e-16
2.0014830212433605e-16
3.7238012298709097e-16
1.5700924586837752e-16
1.2412670766236366e-16
3.5108334685767012e-16
2.2204460492503131e-16
1.0681423262457423e-16
1.6653345369377348e-16
2.9893669801409083e-16
3.5108334685767012e-16
2.2887833992611187e-16
3.3306690738754696e-16
3.3422138886441676e-16
3.3422138886441676e-16
3.336930159329111e-16
3.3422138886441676e-16
3.5108334685767012e-16
5.5788016545937291e-16
1.1102230246251565e-16
1.5700924586837752e-16
1.5700924586837752e-16
2.4980018054066022e-16
1.3510780372711144e-17
2.7755575615628914e-16
2.0014830212433605e-16
1.2412670766236366e-16
2.2204460492503131e-16
3.3766115072321297e-16
2.9893669801409083e-16
2.2591401799415137e-16
3.3583845823597255e-16
3.3335590258932494e-16
2.4825341532472731e-16
5.6610488670036757e-16
2.2887833992611187e-16
1.1102230246251565e-16
5.5511151231257827e-16
3.5108334685767012e-16
1.5359141029379726e-16
1.4946834900704541e-16
1.7554167342883506e-16
1.1102230246251565e-16
1.2412670766236366e-16
1.1443916996305594e-16
3.3422138886441676e-16
2.2247786310271853e-16
2.2273150320817725e-16
1.1857187100668868e-16
2.4825341532472731e-16
1.2412670766236366e-16
0
1.5700924586837752e-16
1.1102230246251565e-16
2.0206364052201326e-16
6.8197486088738293e-17
2.5589376332604516e-16
1.2412670766236366e-16
5.5511151231257827e-17
1.2412670766236366e-16
1.1443916996305594e-16
1.9428902930940239e-16
2.7755575615628914e-17
2.2369220057216869e-16
2.7755575615628914e-17
8.3266726846886741e-17
1.3877787807814457e-16
1.1102230246251565e-16
1.1102230246251565e-16
4.9960036108132044e-16
2.7755575615628914e-16
2.8180376106552934e-16
2.7755575615628914e-16
2.7755575615628914e-16
2.9504581591051765e-16
1.7772239894833365e-16
3.5571561302006606e-16
3.4331750988916778e-16
3.3565890684838572e-16
2.2231400474078585e-16
2.3263411494723067e-16
1.6711069443220838e-16
3.5108334685767012e-16
1.3877787807814457e-16
2.2204460492503131e-16
2.5589376332604516e-16
3.554447978966673e-16
2.4989492962650893e-16
3.3422138886441676e-16
2.2887833992611187e-16
1.9428902930940239e-16
2.2377260456559048e-16
3.5571561302006606e-16
2.6945789820192466e-16
1.2118257228641695e-16
2.2221266538273444e-16
1.2738115944464653e-16
1.7772239894833365e-16
3.4694469519536142e-16
2.0014830212433605e-16
1.9428902930940239e-16
5.8813010296357691e-16
4.002966042486721e-16
1.4927952194812555e-16
1.944899384517818e-16
2.2236220863651632e-16
2.2278464247701496e-16
2.2255721521341263e-16
3.3309760724453343e-16
4.4409157975933352e-16
4.4410826948604169e-16
3.3307987346345195e-16
3.3309155063737557e-16
3.3339265439812422e-16
3.3343919606690208e-16
1.110223028468829e-16
8.2865260716154671e-18
1.1109938401024463e-16
2.7787335424856813e-16
2.0718998637748485e-17
3.0642404681597335e-16
1.1654054128926355e-16
2.3962206193112635e-17
2.2224819330742886e-16
3.3308341143638763e-16
1.1110644040466868e-16
2.2215148910194319e-16
3.3307075653505047e-16
2.2216749616754671e-16
1.1123590793005936e-16
3.3307933723545865e-16
2.2238126752339169e-16
2.8851846666398272e-17
6.1121852051709307e-16
3.6114076667569759e-16
2.943143718149913e-16
3.0022245318650411e-16
2.7755575615628914e-16
2.9504581591051765e-16
2.0014830212433605e-16
3.6638411145107034e-16
3.4694469519536142e-16
3.3659000130511772e-16
2.2216339116155905e-16
2.3714374201337736e-16
2.6945789820192466e-16
3.6082248300317588e-16
1.6653345369377348e-16
2.4980018054066022e-16
2.5589376332604516e-16
3.7341307954279784e-16
3.0595455405618398e-16
3.9252311467094378e-16
2.8305244335018379e-16
2.7755575615628914e-16
2.4825341532472731e-16
3.5571561302006606e-16
2.118352371637509e-16
1.2738115944464653e-16
2.2218163127957705e-16
1.2412670766236366e-16
1.7772239894833365e-16
3.4694469519536142e-16
2.0014830212433605e-16
2.4980018054066022e-16
6.0872729633235947e-16
4.335559509131367e-16
1.2664681719042054e-16
1.4946834900704541e-16
2.2204460492503131e-16
2.2204460492503131e-16
2.2204460492503131e-16
1.3877787807814457e-16
3.3422138886441676e-16
2.2204460492503131e-16
3.3341913774115079e-16
2.2591401799415137e-16
3.4331750988916778e-16
3.3422138886441676e-16
1.2412670766236366e-16
1.6653345369377348e-16
7.8504622934188758e-17
2.8305244335018379e-16
5.8111520822734796e-17
2.2887833992611187e-16
1.5700924586837752e-16
1.1102230246251565e-16
2.2204460492503131e-16
1.1102230246251565e-16
2.4825341532472731e-16
1.1443916996305594e-16
3.3506145721594889e-16
2.2377260456559048e-16
2.3714374201337736e-16
3.3422138886441676e-16
1.1102230246251565e-16
1.1102230246251565e-16
5.5788016545937291e-16
3.3766115072321297e-16
1.1904620485511189e-16
1.3877787807814457e-16
1.6653345369377348e-16
2.8305244335018379e-16
2.2887833992611187e-16
3.3306690738754696e-16
4.4495572620543707e-16
2.2204460492503131e-16
2.2248012713715001e-16
2.2591401799415137e-16
3.5108334685767012e-16
2.4825341532472731e-16
0
1.2412670766236366e-16
5.5511151231257827e-17
2.2204460492503131e-16
6.6336597732556792e-18
2.2204460492503131e-16
1.5700924586837752e-16
7.8504622934188758e-17
2.2204460492503131e-16
3.3766115072321297e-16
2.9893669801409083e-16
1.1443916996305594e-16
2.316934391615153e-16
2.2591401799415137e-16
1.5700924586837752e-16
2.7755575615628914e-16
1.2412670766236366e-16
7.8504622934188758e-17
5.1178752665209032e-16
2.9893669801409083e-16
1.5084711216750862e-16
1.5700924586837752e-16
2.7755575615628914e-16
1.6653345369377348e-16
5.5511151231257827e-17
2.2887833992611187e-16
2.4825341532472731e-16
1.1443916996305594e-16
1.1113827312682136e-16
1.2412670766236366e-16
2.0014830212433605e-16
2.2887833992611187e-16
5.5511151231257827e-17
2.2204460492503131e-16
2.2887833992611187e-16
2.2377260456559048e-16
1.1193561029735506e-16
2.0014830212433605e-16
2.2887833992611187e-16
3.3766115072321297e-16
1.2412670766236366e-16
1.1102230246251565e-16
3.8857805861880479e-16
1.2412670766236366e-16
1.3201675095779083e-16
1.2412670766236366e-16
2.2204460492503131e-16
1.5700924586837752e-16
1.1102230246251565e-16
2.2887833992611187e-16
3.8857805861880479e-16
2.4825341532472731e-16
2.3752420393517873e-16
2.2591401799415137e-16
2.4825341532472731e-16
1.2412670766236366e-16
0
2.2204460492503131e-16
2.0014830212433605e-16
5.5511151231257827e-17
7.9219114674868828e-18
1.1102230246251565e-16
2.4825341532472731e-16
1.2412670766236366e-16
1.2412670766236366e-16
4.4754520913118096e-16
2.2377260456559048e-16
2.4825341532472731e-16
2.2256239864953676e-16
2.6184557666721351e-16
3.3306690738754696e-16
3.3766115072321297e-16
1.1102230246251565e-16
1.1102230246251565e-16
3.8857805861880479e-16
1.5700924586837752e-16
5.0071035824767466e-17
8.3266726846886741e-17
2.7755575615628914e-16
5.5511151231257827e-17
0
3.3766115072321297e-16
2.9893669801409083e-16
1.6711069443220838e-16
1.2344796504034638e-16
1.1102230246251565e-16
1.6653345369377348e-16
2.7336071744532853e-16
2.9893669801409083e-16
3.8857805861880479e-16
2.8305244335018379e-16
3.3306690738754696e-16
3.3448535432812316e-16
3.3766115072321297e-16
3.2368285245694688e-16
2.4825341532472731e-16
1.5700924586837752e-16
2.3714374201337736e-16
1.5700924586837752e-16
1.3877787807814457e-16
1.1118640836803152e-16
1.5265566588595902e-16
2.4825341532472731e-16
1.5700924586837752e-16
1.6653345369377348e-16
2.9893669801409083e-16
4.002966042486721e-16
2.8305244335018379e-16
3.3343289898728329e-16
3.3422138886441676e-16
3.554447978966673e-16
4.002966042486721e-16
2.7755575615628914e-16
1.7772239894833365e-16
2.7755575615628914e-16
2.118352371637509e-16
1.1243519085773464e-16
1.1631705747361534e-16
1.3092278833360675e-16
6.9388939039072284e-17
1.3877787807814457e-16
2.7755575615628914e-17
1.0007415106216802e-16
8.3266726846886741e-17
1.1982543076799697e-16
1.1775693440128312e-16
2.3714374201337736e-16
1.5700924586837752e-16
5.5511151231257827e-17
3.3565890684838572e-16
2.2887833992611187e-16
1.3092278833360675e-16
1.1102850027993587e-16
1.3472894910096233e-16
3.4021815010030383e-16
2.2887833992611187e-16
8.3266726846886741e-17
1.5700924586837752e-16
3.3766115072321297e-16
1.0007415106216802e-16
1.1122170613126633e-16
8.7770836714417531e-17
2.8305244335018379e-16
2.3714374201337736e-16
1.2412670766236366e-16
2.2247786310271853e-16
1.6711069443220838e-16
7.6327832942979512e-17
1.1155283080737048e-16
2.2273038463490048e-16
1.1412835394692667e-16
3.5066844400131885e-17
3.6733365227980375e-17
1.1575211284587182e-16
2.272631512162613e-17
2.8336313041027932e-17
3.3733606761529384e-17
1.1842530624187931e-16
1.8008086617731941e-16
8.4498099598808136e-17
1.370769650435435e-16
3.3890049703351317e-16
2.2608158885434932e-16
2.2339600692994827e-16
3.330896344400486e-16
2.2320193209552918e-16
3.3656930778042954e-16
2.3235306106549812e-16
1.3915527019008537e-16
8.4226810256140126e-17
3.3838281200763007e-16
8.8655274219115115e-17
1.8490643604364574e-17
5.6239732538566832e-17
2.777997745875383e-16
1.1600473704368851e-16
4.5692057860523493e-17
2.2669617517374589e-16
1.1487433111628166e-16
1.1112133246408474e-16
1.1582476148505406e-16
1.1631705747361534e-16
1.2412670766236366e-16
1.3092278833360675e-16
2.7755575615628914e-17
1.2412670766236366e-16
5.5511151231257827e-17
1.0007415106216802e-16
5.707524095932936e-17
7.8504622934188758e-17
1.6883057536160649e-16
5.5511151231257827e-17
1.1102230246251565e-16
4.4495572620543707e-16
2.2377260456559048e-16
3.3766115072321297e-16
3.3307213149938035e-16
3.3659000130511772e-16
3.3422138886441676e-16
3.3335590258932494e-16
1.1443916996305594e-16
8.3266726846886741e-17
3.3766115072321297e-16
8.7770836714417531e-17
5.6052859917839381e-17
8.7770836714417531e-17
2.8305244335018379e-16
1.3877787807814457e-16
0
3.3335590258932494e-16
2.5476231888929306e-16
6.2450045135165055e-17
5.7509098210376862e-17
8.3266726846886741e-17
1.1102230246251565e-16
1.7772239894833365e-16
1.5700924586837752e-16
1.6653345369377348e-16
2.2887833992611187e-16
2.7894008272968645e-16
2.782360888076981e-16
2.8305244335018379e-16
2.9893669801409083e-16
2.9893669801409083e-16
1.6653345369377348e-16
1.7772239894833365e-16
1.5700924586837752e-16
1.5265566588595902e-16
2.2210182221092751e-16
1.3877787807814457e-16
2.6184557666721351e-16
1.6653345369377348e-16
2.2204460492503131e-16
3.5108334685767012e-16
3.554447978966673e-16
2.2887833992611187e-16
2.797843326161287e-16
2.7894008272968645e-16
2.7755575615628914e-16
3.1401849173675503e-16
1.5700924586837752e-16
1.1443916996305594e-16
2.4980018054066022e-16
1.7772239894833365e-16
2.3770790940314567e-16
2.2887833992611187e-16
3.3306690738754696e-16
1.1102230246251565e-16
5.5511151231257827e-17
2.2204460492503131e-16
1.2412670766236366e-16
1.1102230246251565e-16
1.1435202705342979e-16
1.2412670766236366e-16
2.4825341532472731e-16
1.1102230246251565e-16
2.4825341532472731e-16
4.5775667985222375e-16
3.3306690738754696e-16
2.5476231888929306e-16
2.2207746406424675e-16
2.5476231888929306e-16
4.4408920985006262e-16
2.7755575615628914e-16
1.2412670766236366e-16
1.1102230246251565e-16
4.4754520913118096e-16
2.2887833992611187e-16
1.2422474860462135e-16
1.2412670766236366e-16
3.5108334685767012e-16
0
1.2412670766236366e-16
3.5108334685767012e-16
2.4825341532472731e-16
1.6711069443220838e-16
1.5339725777901033e-16
1.5700924586837752e-16
2.0014830212433605e-16
1.2412670766236366e-16
0
1.5700924586837752e-16
1.2412670766236366e-16
2.7755575615628914e-17
1.999493740770554e-17
2.7755575615628914e-17
2.0014830212433605e-16
2.2204460492503131e-16
7.8504622934188758e-17
2.2887833992611187e-16
1.1102230246251565e-16
1.7772239894833365e-16
1.1167089746483755e-16
2.2377260456559048e-16
2.2887833992611187e-16
1.5700924586837752e-16
1.1102230246251565e-16
5.5511151231257827e-17
2.9893669801409083e-16
8.3266726846886741e-17
4.9602069912034433e-17
5.5511151231257827e-17
2.7755575615628914e-16
1.5700924586837752e-16
5.5511151231257827e-17
1.2412670766236366e-16
3.3306690738754696e-16
2.2377260456559048e-16
1.1342855081437276e-16
1.3877787807814457e-16
2.4825341532472731e-16
2.9893669801409083e-16
1.2412670766236366e-16
3.3306690738754696e-16
2.2204460492503131e-16
2.2247786310271853e-16
2.2233631816972654e-16
2.2247786310271853e-16
2.3714374201337736e-16
4.4408920985006262e-16
0
1.2412670766236366e-16
1.5700924586837752e-16
2.2204460492503131e-16
2.3349510090100773e-17
2.4980018054066022e-16
1.5700924586837752e-16
7.8504622934188758e-17
1.1102230246251565e-16
2.4825341532472731e-16
2.2377260456559048e-16
1.2412670766236366e-16
2.2620243007938097e-16
2.2204460492503131e-16
1.7772239894833365e-16
3.5108334685767012e-16
1.2412670766236366e-16
5.5511151231257827e-17
4.9960036108132044e-16
3.2487068343022356e-16
5.7359701528412545e-16
5.7219584981527971e-16
5.2662502028650516e-16
4.5775667985222375e-16
3.5108334685767012e-16
2.9893669801409083e-16
2.4825341532472731e-16
8.3266726846886741e-17
1.1136732910610893e-16
1.2490009027033011e-16
2.9893669801409083e-16
2.7336071744532853e-16
4.0412728104402651e-16
4.5775667985222375e-16
5.0267485386043072e-16
5.7955343351681902e-16
5.5699097955542346e-16
6.2063353831181828e-16
5.6610488670036757e-16
5.1178752665209032e-16
3.5108334685767012e-16
2.4825341532472731e-16
3.5108334685767012e-16
2.0014830212433605e-16
1.1944904241838376e-16
1.1102230246251565e-16
3.3306690738754696e-16
2.4825341532472731e-16
3.3306690738754696e-16
4.5775667985222375e-16
6.2803698347351007e-16
5.7152228177742574e-16
3.5809533448724045e-16
3.6082248300317588e-16
4.002966042486721e-16
3.554447978966673e-16
2.4825341532472731e-16
2.8609792490763985e-16
3.5571561302006606e-16
2.3263411494723067e-16
2.2208173865120309e-16
2.3714374201337736e-16
3.7878989011964018e-16
2.7755575615628914e-16
2.2204460492503131e-16
3.0531133177191805e-16
3.7751664318895328e-16
4.236704743275018e-16
3.3331227850361667e-16
3.9448084808579573e-16
3.5108334685767012e-16
3.0531133177191805e-16
2.9893669801409083e-16
2.6945789820192466e-16
2.118352371637509e-16
1.5218182408308987e-16
2.2367579101035114e-16
2.3479724158959924e-16
2.8609792490763985e-16
2.6184557666721351e-16
2.4825341532472731e-16
2.7755575615628914e-16
6.2063353831181828e-16
4.5182803598830274e-16
2.0910783365634471e-16
1.9465246476344319e-16
2.0454787917408223e-16
1.6181093264909667e-16
1.1483002572294697e-16
1.4186680962270995e-16
2.2831270284697708e-16
1.133116757226777e-16
1.110667370364886e-16
1.1388450334680073e-16
1.2408753609912186e-16
1.4433691042157196e-16
1.5601961600137566e-16
1.542967390998879e-16
1.267303641606978e-16
2.5927568055747014e-16
1.5351429249646797e-16
2.9889653216921555e-16
1.6688808282046376e-16
1.6837467239254485e-16
9.0858962193456961e-17
1.2708613674028814e-16
1.1692600104440556e-16
2.065249635634229e-17
1.1132401129929503e-16
1.1237032459520316e-16
1.2150694992761238e-16
1.3588974435708378e-16
1.1098392017865244e-16
1.748345195455978e-16
5.7171114822348836e-16
3.3496540669209243e-16
2.0236825594334691e-16
1.9626155733547189e-16
1.7772239894833365e-16
2.4825341532472731e-16
8.3266726846886741e-17
2.4236514457283391e-16
2.2887833992611187e-16
1.1443916996305594e-16
1.1137467468267813e-16
1.1857187100668868e-16
1.5700924586837752e-16
2.3714374201337736e-16
1.5700924586837752e-16
1.6653345369377348e-16
1.6653345369377348e-16
2.7755575615628914e-16
1.9515530841674978e-16
3.0022245318650411e-16
1.6653345369377348e-16
1.9428902930940239e-16
1.1102230246251565e-16
2.2887833992611187e-16
1.1102230246251565e-16
6.2450045135165055e-17
1.1613422259844351e-16
1.1631705747361534e-16
1.2490009027033011e-16
2.2591401799415137e-16
1.1102230246251565e-16
1.6653345369377348e-16
5.1851694305630762e-16
3.4777636565401969e-16
1.9380185069124726e-16
1.8619006149354548e-16
1.5700924586837752e-16
1.5700924586837752e-16
5.5511151231257827e-17
1.3877787807814457e-16
1.2412670766236366e-16
2.7755575615628914e-17
1.1169529381549848e-16
4.163336342344337e-17
1.7772239894833365e-16
2.2887833992611187e-16
1.1102230246251565e-16
2.2204460492503131e-16
1.7554167342883506e-16
2.7755575615628914e-16
1.6786299533775842e-16
2.3551386880256624e-16
2.2887833992611187e-16
2.0014830212433605e-16
1.5700924586837752e-16
2.7755575615628914e-17
2.2377260456559048e-16
1.2412670766236366e-16
1.1797713822676285e-16
4.163336342344337e-17
1.9428902930940239e-16
1.1443916996305594e-16
5.5511151231257827e-17
2.4825341532472731e-16
4.7428748402675471e-16
3.2368285245694688e-16
2.5018305410208001e-16
2.2887833992611187e-16
2.4825341532472731e-16
2.0014830212433605e-16
1.1102230246251565e-16
1.5700924586837752e-16
1.3877787807814457e-16
4.163336342344337e-17
1.3906828728987776e-17
5.5511151231257827e-17
1.7772239894833365e-16
1.2412670766236366e-16
2.0014830212433605e-16
3.3306690738754696e-16
2.2204460492503131e-16
2.9504581591051765e-16
2.2204619341753055e-16
3.1401849173675503e-16
2.2204460492503131e-16
2.9893669801409083e-16
1.6653345369377348e-16
1.2412670766236366e-16
2.4980018054066022e-16
1.3092278833360675e-16
3.8773017605969976e-17
5.5511151231257827e-17
2.7755575615628914e-16
1.1102230246251565e-16
1.1102230246251565e-16
2.2887833992611187e-16
4.0412728104402651e-16
2.4825341532472731e-16
1.5666045011682057e-16
1.5700924586837752e-16
2.4825341532472731e-16
1.2412670766236366e-16
5.5511151231257827e-17
0
0
2.7755575615628914e-17
1.9107264789347511e-17
2.7755575615628914e-17
1.6653345369377348e-16
1.1102230246251565e-16
7.8504622934188758e-17
3.3766115072321297e-16
2.2204460492503131e-16
2.0014830212433605e-16
1.1126200476881452e-16
1.7772239894833365e-16
2.2887833992611187e-16
2.4825341532472731e-16
1.2412670766236366e-16
5.5511151231257827e-17
2.9893669801409083e-16
2.7755575615628914e-17
4.6106661376808807e-17
0
2.2204460492503131e-16
1.2412670766236366e-16
0
1.2412670766236366e-16
3.3306690738754696e-16
2.2377260456559048e-16
2.3874838053862656e-16
2.3714374201337736e-16
1.7772239894833365e-16
1.5700924586837752e-16
5.5511151231257827e-17
1.5700924586837752e-16
2.2887833992611187e-16
1.1443916996305594e-16
1.1465561310592803e-16
1.2412670766236366e-16
2.7755575615628914e-16
1.2412670766236366e-16
1.2412670766236366e-16
4.4408920985006262e-16
2.2887833992611187e-16
2.5476231888929306e-16
2.222665813697895e-16
2.5476231888929306e-16
3.3766115072321297e-16
3.3306690738754696e-16
1.2412670766236366e-16
1.2412670766236366e-16
3.5108334685767012e-16
1.1102230246251565e-16
1.2566061761130654e-16
1.2412670766236366e-16
2.9893669801409083e-16
1.1102230246251565e-16
1.1102230246251565e-16
3.3306690738754696e-16
3.7751664318895328e-16
1.8875832159447664e-16
1.2146596857287017e-16
1.1857187100668868e-16
1.2412670766236366e-16
1.1443916996305594e-16
0
0
5.5511151231257827e-17
5.5511151231257827e-17
3.2509690224538617e-17
5.5511151231257827e-17
1.6653345369377348e-16
0
1.1102230246251565e-16
2.2887833992611187e-16
2.2377260456559048e-16
1.3877787807814457e-16
3.3307655177121091e-16
1.3877787807814457e-16
3.3306690738754696e-16
1.3877787807814457e-16
1.2412670766236366e-16
1.1102230246251565e-16
2.8305244335018379e-16
1.0007415106216802e-16
5.6946952195814471e-17
6.2063353831181828e-17
2.9893669801409083e-16
1.1102230246251565e-16
5.5511151231257827e-17
1.3877787807814457e-16
2.2377260456559048e-16
1.1102230246251565e-16
1.1257103436794365e-16
2.2301825219878386e-16
1.1857187100668868e-16
1.1443916996305594e-16
2.7755575615628914e-17
1.1443916996305594e-16
7.8504622934188758e-17
6.2063353831181828e-17
4.0864040635818894e-17
8.7770836714417531e-17
2.2204460492503131e-16
2.7755575615628914e-17
1.1443916996305594e-16
4.4430599737083413e-16
3.3422138886441676e-16
2.3065952118587559e-16
3.33101959012213e-16
2.2887833992611187e-16
2.2591401799415137e-16
3.3306690738754696e-16
1.1443916996305594e-16
2.7755575615628914e-17
3.8956806801599406e-16
1.1102230246251565e-16
4.3633934118961832e-17
5.5511151231257827e-17
3.3306690738754696e-16
1.1443916996305594e-16
0
3.3422138886441676e-16
2.4236514457283391e-16
1.2738115944464653e-16
1.110465929120305e-16
2.2204994477571042e-16
1.1171541869363491e-16
2.7507121847700553e-17
3.0542038838361828e-17
1.1414429551578517e-16
6.3473166053083772e-17
4.8290935717205682e-17
5.1540665708565008e-17
1.1914407159285005e-16
2.2666833815487515e-16
3.9529428781564811e-17
1.1385535319751097e-16
3.3343437022125525e-16
3.3330730053266199e-16
2.2209482150813639e-16
3.3319708174626569e-16
2.2248389037731622e-16
2.221189181553457e-16
2.2220521552533402e-16
1.1566139638907754e-16
4.597183671390179e-17
3.8981283976406082e-16
8.6508335639255595e-17
4.6394609781840969e-17
8.4109041378199684e-17
3.3658717090906805e-16
1.1517857144472148e-16
3.1296989658715733e-17
2.2420409736799372e-16
1.1208061354631363e-16
1.1102261887345355e-16
1.1444086776084278e-16
2.2591401799415137e-16
1.3092278833360675e-16
1.3092278833360675e-16
5.5511151231257827e-17
1.2412670766236366e-16
1.0007415106216802e-16
8.7770836714417531e-17
8.7295964974674553e-17
1.3877787807814457e-16
2.3714374201337736e-16
8.3266726846886741e-17
1.1443916996305594e-16
4.4430599737083413e-16
2.2247786310271853e-16
2.2887833992611187e-16
3.3324868075174814e-16
2.3065952118587559e-16
3.3335590258932494e-16
3.3306690738754696e-16
1.2412670766236366e-16
8.3266726846886741e-17
3.8956806801599406e-16
1.0007415106216802e-16
8.6135137892039507e-17
1.0007415106216802e-16
3.3766115072321297e-16
1.5700924586837752e-16
5.5511151231257827e-17
3.3335590258932494e-16
2.6184557666721351e-16
1.3092278833360675e-16
5.7989436026641242e-17
8.3266726846886741e-17
1.3877787807814457e-16
1.5700924586837752e-16
2.0014830212433605e-16
1.1102230246251565e-16
1.6653345369377348e-16
1.6883057536160649e-16
1.6714609614368243e-16
1.7554167342883506e-16
1.7554167342883506e-16
1.1102230246251565e-16
5.5511151231257827e-17
2.2887833992611187e-16
1.3877787807814457e-16
1.2490009027033011e-16
2.2206903938236042e-16
1.1102230246251565e-16
2.2887833992611187e-16
1.1443916996305594e-16
1.6653345369377348e-16
2.0014830212433605e-16
2.9893669801409083e-16
1.6883057536160649e-16
1.7157829088639195e-16
1.6653345369377348e-16
2.3551386880256624e-16
2.0014830212433605e-16
1.5700924586837752e-16
1.2412670766236366e-16
2.4980018054066022e-16
1.7772239894833365e-16
1.3839996722967768e-16
2.3263411494723067e-16
3.3766115072321297e-16
1.2412670766236366e-16
0
2.2887833992611187e-16
1.1102230246251565e-16
0
7.9956983841820979e-18
5.5511151231257827e-17
2.2204460492503131e-16
1.2412670766236366e-16
2.2887833992611187e-16
4.4754520913118096e-16
3.3766115072321297e-16
2.6945789820192466e-16
3.3312250864150053e-16
2.5476231888929306e-16
4.4495572620543707e-16
2.4825341532472731e-16
1.1102230246251565e-16
1.2412670766236366e-16
4.0412728104402651e-16
1.2412670766236366e-16
4.9318714193110138e-17
5.5511151231257827e-17
2.9893669801409083e-16
5.5511151231257827e-17
1.1102230246251565e-16
3.3766115072321297e-16
2.9893669801409083e-16
1.8875832159447664e-16
9.788844433132963e-17
8.3266726846886741e-17
1.1102230246251565e-16
1.2412670766236366e-16
7.8504622934188758e-17
1.2412670766236366e-16
2.2887833992611187e-16
1.1102230246251565e-16
1.1197972265568471e-16
1.1443916996305594e-16
2.4825341532472731e-16
3.5108334685767012e-16
0
2.2887833992611187e-16
1.1102230246251565e-16
2.2204460492503131e-16
5.4194529584787324e-19
2.2204460492503131e-16
2.0014830212433605e-16
0
7.8504622934188758e-17
1.2412670766236366e-16
2.7755575615628914e-16
1.1443916996305594e-16
1.2126395311914577e-16
1.1443916996305594e-16
2.0014830212433605e-16
3.7238012298709097e-16
1.5700924586837752e-16
1.2412670766236366e-16
3.5108334685767012e-16
2.2204460492503131e-16
1.0681423262457423e-16
1.6653345369377348e-16
2.9893669801409083e-16
3.5108334685767012e-16
2.2887833992611187e-16
3.3306690738754696e-16
3.3422138886441676e-16
3.3422138886441676e-16
3.336930159329111e-16
3.3422138886441676e-16
3.5108334685767012e-16
5.5788016545937291e-16
1.1102230246251565e-16
1.5700924586837752e-16
1.5700924586837752e-16
2.4980018054066022e-16
1.3510780372711144e-17
2.7755575615628914e-16
2.0014830212433605e-16
1.2412670766236366e-16
2.2204460492503131e-16
3.3766115072321297e-16
2.9893669801409083e-16
2.2591401799415137e-16
3.3583845823597255e-16
3.3335590258932494e-16
2.4825341532472731e-16
5.6610488670036757e-16
2.2887833992611187e-16
1.1102230246251565e-16
5.5511151231257827e-16
3.5108334685767012e-16
1.5359141029379726e-16
1.4946834900704541e-16
1.7554167342883506e-16
1.1102230246251565e-16
1.2412670766236366e-16
1.1443916996305594e-16
3.3422138886441676e-16
2.2247786310271853e-16
2.2273150320817725e-16
1.1857187100668868e-16
2.4825341532472731e-16
1.2412670766236366e-16
0
1.5700924586837752e-16
1.1102230246251565e-16
2.0206364052201326e-16
6.8197486088738293e-17
2.5589376332604516e-16
1.2412670766236366e-16
5.5511151231257827e-17
1.2412670766236366e-16
1.1443916996305594e-16
1.9428902930940239e-16
2.7755575615628914e-17
2.2369220057216869e-16
2.7755575615628914e-17
8.3266726846886741e-17
1.3877787807814457e-16
1.1102230246251565e-16
1.1102230246251565e-16
4.9960036108132044e-16
2.7755575615628914e-16
2.8180376106552934e-16
2.7755575615628914e-16
2.7755575615628914e-16
2.9504581591051765e-16
1.7772239894833365e-16
3.5571561302006606e-16
3.4331750988916778e-16
3.3565890684838572e-16
2.2231400474078585e-16
2.3263411494723067e-16
1.6711069443220838e-16
3.5108334685767012e-16
1.3877787807814457e-16
2.2204460492503131e-16
2.5589376332604516e-16
3.554447978966673e-16
2.4989492962650893e-16
3.3422138886441676e-16
2.2887833992611187e-16
1.9428902930940239e-16
2.2377260456559048e-16
3.5571561302006606e-16
2.6945789820192466e-16
1.2118257228641695e-16
2.2221266538273444e-16
1.2738115944464653e-16
1.7772239894833365e-16
3.4694469519536142e-16
2.0014830212433605e-16
1.9428902930940239e-16
5.8813010296357691e-16
4.002966042486721e-16
1.4927952194812555e-16
1.944899384517818e-16
2.2236220863651632e-16
2.2278464247701496e-16
2.2255721521341263e-16
3.3309760724453343e-16
4.4409157975933352e-16
4.4410826948604169e-16
3.3307987346345195e-16
3.3309155063737557e-16
3.3339265439812422e-16
3.3343919606690208e-16
1.110223028468829e-16
8.2865260716154671e-18
1.1109938401024463e-16
2.7787335424856813e-16
2.0718998637748485e-17
3.0642404681597335e-16
1.1654054128926355e-16
2.3962206193112635e-17
2.2224819330742886e-16
3.3308341143638763e-16
1.1110644040466868e-16
2.2215148910194319e-16
3.3307075653505047e-16
2.2216749616754671e-16
1.1123590793005936e-16
3.3307933723545865e-16
2.2238126752339169e-16
2.8851846666398272e-17
6.1121852051709307e-16
3.6114076667569759e-16
2.943143718149913e-16
3.0022245318650411e-16
2.7755575615628914e-16
2.9504581591051765e-16
2.0014830212433605e-16
3.6638411145107034e-16
3.4694469519536142e-16
3.3659000130511772e-16
2.2216339116155905e-16
2.3714374201337736e-16
2.6945789820192466e-16
3.6082248300317588e-16
1.6653345369377348e-16
2.4980018054066022e-16
2.5589376332604516e-16
3.7341307954279784e-16
3.0595455405618398e-16
3.9252311467094378e-16
2.8305244335018379e-16
2.7755575615628914e-16
2.4825341532472731e-16
3.5571561302006606e-16
2.118352371637509e-16
1.2738115944464653e-16
2.2218163127957705e-16
1.2412670766236366e-16
1.7772239894833365e-16
3.4694469519536142e-16
2.0014830212433605e-16
2.4980018054066022e-16
6.0872729633235947e-16
4.335559509131367e-16
1.2664681719042054e-16
1.4946834900704541e-16
2.2204460492503131e-16
2.2204460492503131e-16
2.2204460492503131e-16
1.3877787807814457e-16
3.3422138886441676e-16
2.2204460492503131e-16
3.3341913774115079e-16
2.2591401799415137e-16
3.4331750988916778e-16
3.3422138886441676e-16
1.2412670766236366e-16
1.6653345369377348e-16
7.8504622934188758e-17
2.8305244335018379e-16
5.8111520822734796e-17
2.2887833992611187e-16
1.5700924586837752e-16
1.1102230246251565e-16
2.2204460492503131e-16
1.1102230246251565e-16
2.4825341532472731e-16
1.1443916996305594e-16
3.3506145721594889e-16
2.2377260456559048e-16
2.3714374201337736e-16
3.3422138886441676e-16
1.1102230246251565e-16
1.1102230246251565e-16
5.5788016545937291e-16
3.3766115072321297e-16
1.1904620485511189e-16
1.3877787807814457e-16
1.6653345369377348e-16
2.8305244335018379e-16
2.2887833992611187e-16
3.3306690738754696e-16
4.4495572620543707e-16
2.2204460492503131e-16
2.2248012713715001e-16
2.2591401799415137e-16
3.5108334685767012e-16
2.4825341532472731e-16
0
1.2412670766236366e-16
5.5511151231257827e-17
2.2204460492503131e-16
6.6336597732556792e-18
2.2204460492503131e-16
1.5700924586837752e-16
7.8504622934188758e-17
2.2204460492503131e-16
3.3766115072321297e-16
2.9893669801409083e-16
1.1443916996305594e-16
2.316934391615153e-16
2.2591401799415137e-16
1.5700924586837752e-16
2.7755575615628914e-16
1.2412670766236366e-16
7.8504622934188758e-17
5.1178752665209032e-16
2.9893669801409083e-16
1.5084711216750862e-16
1.5700924586837752e-16
2.7755575615628914e-16
1.6653345369377348e-16
5.5511151231257827e-17
2.2887833992611187e-16
2.4825341532472731e-16
1.1443916996305594e-16
1.1113827312682136e-16
1.2412670766236366e-16
2.0014830212433605e-16
2.2887833992611187e-16
5.5511151231257827e-17
2.2204460492503131e-16
2.2887833992611187e-16
2.2377260456559048e-16
1.1193561029735506e-16
2.0014830212433605e-16
2.2887833992611187e-16
3.3766115072321297e-16
1.2412670766236366e-16
1.1102230246251565e-16
3.8857805861880479e-16
1.2412670766236366e-16
1.3201675095779083e-16
1.2412670766236366e-16
2.2204460492503131e-16
1.5700924586837752e-16
1.1102230246251565e-16
2.2887833992611187e-16
3.8857805861880479e-16
2.4825341532472731e-16
2.3752420393517873e-16
2.2591401799415137e-16
2.4825341532472731e-16
1.2412670766236366e-16
0
2.2204460492503131e-16
2.0014830212433605e-16
5.5511151231257827e-17
7.9219114674868828e-18
1.1102230246251565e-16
2.4825341532472731e-16
1.2412670766236366e-16
1.2412670766236366e-16
4.4754520913118096e-16
2.2377260456559048e-16
2.4825341532472731e-16
2.2256239864953676e-16
2.6184557666721351e-16
3.3306690738754696e-16
3.3766115072321297e-16
1.1102230246251565e-16
1.1102230246251565e-16
3.8857805861880479e-16
1.5700924586837752e-16
5.0071035824767466e-17
8.3266726846886741e-17
2.7755575615628914e-16
5.5511151231257827e-17
0
3.3766115072321297e-16
2.9893669801409083e-16
1.6711069443220838e-16
1.2344796504034638e-16
1.1102230246251565e-16
1.6653345369377348e-16
2.7336071744532853e-16
2.9893669801409083e-16
3.8857805861880479e-16
2.8305244335018379e-16
3.3306690738754696e-16
3.3448535432812316e-16
3.3766115072321297e-16
3.2368285245694688e-16
2.4825341532472731e-16
1.5700924586837752e-16
2.3714374201337736e-16
1.5700924586837752e-16
1.3877787807814457e-16
1.1118640836803152e-16
1.5265566588595902e-16
2.4825341532472731e-16
1.5700924586837752e-16
1.6653345369377348e-16
2.9893669801409083e-16
4.002966042486721e-16
2.8305244335018379e-16
3.3343289898728329e-16
3.3422138886441676e-16
3.554447978966673e-16
4.002966042486721e-16
2.7755575615628914e-16
1.7772239894833365e-16
2.7755575615628914e-16
2.118352371637509e-16
1.1243519085773464e-16
1.1631705747361534e-16
1.3092278833360675e-16
6.9388939039072284e-17
1.3877787807814457e-16
2.7755575615628914e-17
1.0007415106216802e-16
8.3266726846886741e-17
1.1982543076799697e-16
1.1775693440128312e-16
2.3714374201337736e-16
1.5700924586837752e-16
5.5511151231257827e-17
3.3565890684838572e-16
2.2887833992611187e-16
1.3092278833360675e-16
1.1102850027993587e-16
1.3472894910096233e-16
3.4021815010030383e-16
2.2887833992611187e-16
8.3266726846886741e-17
1.5700924586837752e-16
3.3766115072321297e-16
1.0007415106216802e-16
1.1122170613126633e-16
8.7770836714417531e-17
2.8305244335018379e-16
2.3714374201337736e-16
1.2412670766236366e-16
2.2247786310271853e-16
1.6711069443220838e-16
7.6327832942979512e-17
1.1155283080737048e-16
2.2273038463490048e-16
1.1412835394692667e-16
3.5066844400131885e-17
3.6733365227980375e-17
1.1575211284587182e-16
2.272631512162613e-17
2.8336313041027932e-17
3.3733606761529384e-17
1.1842530624187931e-16
1.8008086617731941e-16
8.4498099598808136e-17
1.370769650435435e-16
3.3890049703351317e-16
2.2608158885434932e-16
2.2339600692994827e-16
3.330896344400486e-16
2.2320193209552918e-16
3.3656930778042954e-16
2.3235306106549812e-16
1.3915527019008537e-16
8.4226810256140126e-17
3.3838281200763007e-16
8.8655274219115115e-17
1.8490643604364574e-17
5.6239732538566832e-17
2.777997745875383e-16
1.1600473704368851e-16
4.5692057860523493e-17
2.2669617517374589e-16
1.1487433111628166e-16
1.1112133246408474e-16
1.1582476148505406e-16
1.1631705747361534e-16
1.2412670766236366e-16
1.3092278833360675e-16
2.7755575615628914e-17
1.2412670766236366e-16
5.5511151231257827e-17
1.0007415106216802e-16
5.707524095932936e-17
7.8504622934188758e-17
1.6883057536160649e-16
5.5511151231257827e-17
1.1102230246251565e-16
4.4495572620543707e-16
2.2377260456559048e-16
3.3766115072321297e-16
3.3307213149938035e-16
3.3659000130511772e-16
3.3422138886441676e-16
3.3335590258932494e-16
1.1443916996305594e-16
8.3266726846886741e-17
3.3766115072321297e-16
8.7770836714417531e-17
5.6052859917839381e-17
8.7770836714417531e-17
2.8305244335018379e-16
1.3877787807814457e-16
0
3.3335590258932494e-16
2.5476231888929306e-16
6.2450045135165055e-17
5.7509098210376862e-17
8.3266726846886741e-17
1.1102230246251565e-16
1.7772239894833365e-16
1.5700924586837752e-16
1.6653345369377348e-16
2.2887833992611187e-16
2.7894008272968645e-16
2.782360888076981e-16
2.8305244335018379e-16
2.9893669801409083e-16
2.9893669801409083e-16
1.6653345369377348e-16
1.7772239894833365e-16
1.5700924586837752e-16
1.5265566588595902e-16
2.2210182221092751e-16
1.3877787807814457e-16
2.6184557666721351e-16
1.6653345369377348e-16
2.2204460492503131e-16
3.5108334685767012e-16
3.554447978966673e-16
2.2887833992611187e-16
2.797843326161287e-16
2.7894008272968645e-16
2.7755575615628914e-16
3.1401849173675503e-16
1.5700924586837752e-16
1.1443916996305594e-16
2.4980018054066022e-16
1.7772239894833365e-16
2.3770790940314567e-16
2.2887833992611187e-16
3.3306690738754696e-16
1.1102230246251565e-16
5.5511151231257827e-17
2.2204460492503131e-16
1.2412670766236366e-16
1.1102230246251565e-16
1.1435202705342979e-16
1.2412670766236366e-16
2.4825341532472731e-16
1.1102230246251565e-16
2.4825341532472731e-16
4.5775667985222375e-16
3.3306690738754696e-16
2.5476231888929306e-16
2.2207746406424675e-16
2.5476231888929306e-16
4.4408920985006262e-16
2.7755575615628914e-16
1.2412670766236366e-16
1.1102230246251565e-16
4.4754520913118096e-16
2.2887833992611187e-16
1.2422474860462135e-16
1.2412670766236366e-16
3.5108334685767012e-16
0
1.2412670766236366e-16
3.5108334685767012e-16
2.4825341532472731e-16
1.6711069443220838e-16
1.5339725777901033e-16
1.5700924586837752e-16
2.0014830212433605e-16
1.2412670766236366e-16
0
1.5700924586837752e-16
1.2412670766236366e-16
2.7755575615628914e-17
1.999493740770554e-17
2.7755575615628914e-17
2.0014830212433605e-16
2.2204460492503131e-16
7.8504622934188758e-17
2.2887833992611187e-16
1.1102230246251565e-16
1.7772239894833365e-16
1.1167089746483755e-16
2.2377260456559048e-16
2.2887833992611187e-16
1.5700924586837752e-16
1.1102230246251565e-16
5.5511151231257827e-17
2.9893669801409083e-16
8.3266726846886741e-17
4.9602069912034433e-17
5.5511151231257827e-17
2.7755575615628914e-16
1.5700924586837752e-16
5.5511151231257827e-17
1.2412670766236366e-16
3.3306690738754696e-16
2.2377260456559048e-16
1.1342855081437276e-16
1.3877787807814457e-16
2.4825341532472731e-16
2.9893669801409083e-16
1.2412670766236366e-16
3.3306690738754696e-16
2.2204460492503131e-16
2.2247786310271853e-16
2.2233631816972654e-16
2.2247786310271853e-16
2.3714374201337736e-16
4.4408920985006262e-16
0
1.2412670766236366e-16
1.5700924586837752e-16
2.2204460492503131e-16
2.3349510090100773e-17
2.4980018054066022e-16
1.5700924586837752e-16
7.8504622934188758e-17
1.1102230246251565e-16
2.4825341532472731e-16
2.2377260456559048e-16
1.2412670766236366e-16
2.2620243007938097e-16
2.2204460492503131e-16
1.7772239894833365e-16
3.5108334685767012e-16
1.2412670766236366e-16
5.5511151231257827e-17
4.9960036108132044e-16
3.2487068343022356e-16
5.7359701528412545e-16
5.7219584981527971e-16
5.2662502028650516e-16
4.5775667985222375e-16
3.5108334685767012e-16
2.9893669801409083e-16
2.4825341532472731e-16
8.3266726846886741e-17
1.1136732910610893e-16
1.2490009027033011e-16
2.9893669801409083e-16
2.7336071744532853e-16
4.0412728104402651e-16
4.5775667985222375e-16
5.0267485386043072e-16
5.7955343351681902e-16
5.5699097955542346e-16
6.2063353831181828e-16
5.6610488670036757e-16
5.1178752665209032e-16
3.5108334685767012e-16
2.4825341532472731e-16
3.5108334685767012e-16
2.0014830212433605e-16
1.1944904241838376e-16
1.1102230246251565e-16
3.3306690738754696e-16
2.4825341532472731e-16
3.3306690738754696e-16
4.5775667985222375e-16
6.2803698347351007e-16
5.7152228177742574e-16
3.5809533448724045e-16
3.6082248300317588e-16
4.002966042486721e-16
3.554447978966673e-16
2.4825341532472731e-16
2.8609792490763985e-16
3.5571561302006606e-16
2.3263411494723067e-16
2.2208173865120309e-16
2.3714374201337736e-16
3.7878989011964018e-16
2.7755575615628914e-16
2.2204460492503131e-16
3.0531133177191805e-16
3.7751664318895328e-16
4.236704743275018e-16
3.3331227850361667e-16
3.9448084808579573e-16
3.5108334685767012e-16
3.0531133177191805e-16
2.9893669801409083e-16
2.6945789820192466e-16
2.118352371637509e-16
1.5218182408308987e-16
2.2367579101035114e-16
2.3479724158959924e-16
2.8609792490763985e-16
2.6184557666721351e-16
2.4825341532472731e-16
2.7755575615628914e-16
6.2063353831181828e-16
4.5182803598830274e-16
